Datetime,AAL
2017-11-06 14:30:00,47.98500061035156
2017-11-06 15:30:00,47.790000915527344
2017-11-06 16:30:00,47.43000030517578
2017-11-06 17:30:00,47.34000015258789
2017-11-06 18:30:00,47.36000061035156
2017-11-06 19:30:00,47.58000183105469
2017-11-06 20:30:00,47.4900016784668
2017-11-07 14:30:00,47.08000183105469
2017-11-07 15:30:00,46.90999984741211
2017-11-07 16:30:00,46.7400016784668
2017-11-07 17:30:00,46.68000030517578
2017-11-07 18:30:00,46.6150016784668
2017-11-07 19:30:00,46.54999923706055
2017-11-07 20:30:00,46.45000076293945
2017-11-08 14:30:00,46.64500045776367
2017-11-08 15:30:00,46.58000183105469
2017-11-08 16:30:00,46.588600158691406
2017-11-08 17:30:00,46.619998931884766
2017-11-08 18:30:00,46.595001220703125
2017-11-08 19:30:00,46.529998779296875
2017-11-08 20:30:00,46.380001068115234
2017-11-09 14:30:00,46.15999984741211
2017-11-09 15:30:00,45.96500015258789
2017-11-09 16:30:00,45.47999954223633
2017-11-09 17:30:00,45.75
2017-11-09 18:30:00,45.45000076293945
2017-11-09 19:30:00,45.7400016784668
2017-11-09 20:30:00,45.77000045776367
2017-11-10 14:30:00,45.97999954223633
2017-11-10 15:30:00,45.91999816894531
2017-11-10 16:30:00,45.929901123046875
2017-11-10 17:30:00,46.04999923706055
2017-11-10 18:30:00,45.97999954223633
2017-11-10 19:30:00,45.974998474121094
2017-11-10 20:30:00,45.82500076293945
2017-11-13 14:30:00,45.70000076293945
2017-11-13 15:30:00,45.529998779296875
2017-11-13 16:30:00,45.41999816894531
2017-11-13 17:30:00,45.400001525878906
2017-11-13 18:30:00,45.43989944458008
2017-11-13 19:30:00,45.58000183105469
2017-11-13 20:30:00,45.7400016784668
2017-11-14 14:30:00,45.63999938964844
2017-11-14 15:30:00,45.810001373291016
2017-11-14 16:30:00,45.83000183105469
2017-11-14 17:30:00,45.65999984741211
2017-11-14 18:30:00,45.77000045776367
2017-11-14 19:30:00,45.900001525878906
2017-11-14 20:30:00,45.810001373291016
2017-11-15 14:30:00,45.85499954223633
2017-11-15 15:30:00,46.505001068115234
2017-11-15 16:30:00,46.529998779296875
2017-11-15 17:30:00,46.650001525878906
2017-11-15 18:30:00,46.81999969482422
2017-11-15 19:30:00,47.099998474121094
2017-11-15 20:30:00,47.209999084472656
2017-11-16 14:30:00,47.88999938964844
2017-11-16 15:30:00,47.869998931884766
2017-11-16 16:30:00,47.97999954223633
2017-11-16 17:30:00,47.93000030517578
2017-11-16 18:30:00,47.79999923706055
2017-11-16 19:30:00,47.83000183105469
2017-11-16 20:30:00,47.66999816894531
2017-11-17 14:30:00,47.625
2017-11-17 15:30:00,47.27000045776367
2017-11-17 16:30:00,47.5099983215332
2017-11-17 17:30:00,47.400001525878906
2017-11-17 18:30:00,47.41999816894531
2017-11-17 19:30:00,47.36000061035156
2017-11-17 20:30:00,47.380001068115234
2017-11-20 14:30:00,47.27000045776367
2017-11-20 15:30:00,47.459999084472656
2017-11-20 16:30:00,47.349998474121094
2017-11-20 17:30:00,47.4900016784668
2017-11-20 18:30:00,47.77000045776367
2017-11-20 19:30:00,47.71580123901367
2017-11-20 20:30:00,47.689998626708984
2017-11-21 14:30:00,47.79999923706055
2017-11-21 15:30:00,48.150001525878906
2017-11-21 16:30:00,48.18000030517578
2017-11-21 17:30:00,48.32529830932617
2017-11-21 18:30:00,48.29999923706055
2017-11-21 19:30:00,48.689998626708984
2017-11-21 20:30:00,48.65999984741211
2017-11-22 14:30:00,48.77000045776367
2017-11-22 15:30:00,48.54999923706055
2017-11-22 16:30:00,48.619998931884766
2017-11-22 17:30:00,48.755001068115234
2017-11-22 18:30:00,48.619998931884766
2017-11-22 19:30:00,48.689998626708984
2017-11-22 20:30:00,48.67580032348633
2017-11-24 14:30:00,48.5
2017-11-24 15:30:00,48.560001373291016
2017-11-24 16:30:00,48.529998779296875
2017-11-24 18:00:00,48.599998474121094
2017-11-27 14:30:00,48.54999923706055
2017-11-27 15:30:00,48.4900016784668
2017-11-27 16:30:00,48.44499969482422
2017-11-27 17:30:00,48.459999084472656
2017-11-27 18:30:00,48.459999084472656
2017-11-27 19:30:00,48.43000030517578
2017-11-27 20:30:00,48.41999816894531
2017-11-28 14:30:00,48.690399169921875
2017-11-28 15:30:00,48.709999084472656
2017-11-28 16:30:00,49.11000061035156
2017-11-28 17:30:00,49.189998626708984
2017-11-28 18:30:00,49.16999816894531
2017-11-28 19:30:00,49.349998474121094
2017-11-28 20:30:00,49.22999954223633
2017-11-29 14:30:00,50.13949966430664
2017-11-29 15:30:00,50.75559997558594
2017-11-29 16:30:00,49.91999816894531
2017-11-29 17:30:00,50.150001525878906
2017-11-29 18:30:00,49.900001525878906
2017-11-29 19:30:00,49.0099983215332
2017-11-29 20:30:00,49.25
2017-11-30 14:30:00,50.529998779296875
2017-11-30 15:30:00,50.880001068115234
2017-11-30 16:30:00,50.96229934692383
2017-11-30 17:30:00,50.733001708984375
2017-11-30 18:30:00,50.59000015258789
2017-11-30 19:30:00,50.41999816894531
2017-11-30 20:30:00,50.4900016784668
2017-12-01 14:30:00,50.279998779296875
2017-12-01 15:30:00,49.13999938964844
2017-12-01 16:30:00,49.54999923706055
2017-12-01 17:30:00,49.41999816894531
2017-12-01 18:30:00,49.34120178222656
2017-12-01 19:30:00,49.029998779296875
2017-12-01 20:30:00,49.0
2017-12-04 14:30:00,51.13999938964844
2017-12-04 15:30:00,50.63999938964844
2017-12-04 16:30:00,50.40999984741211
2017-12-04 17:30:00,50.4900016784668
2017-12-04 18:30:00,50.34000015258789
2017-12-04 19:30:00,50.400001525878906
2017-12-04 20:30:00,49.93000030517578
2017-12-05 14:30:00,49.560001373291016
2017-12-05 15:30:00,49.79999923706055
2017-12-05 16:30:00,49.70000076293945
2017-12-05 17:30:00,49.810001373291016
2017-12-05 18:30:00,49.68000030517578
2017-12-05 19:30:00,49.630001068115234
2017-12-05 20:30:00,49.470001220703125
2017-12-06 14:30:00,49.349998474121094
2017-12-06 15:30:00,49.400001525878906
2017-12-06 16:30:00,49.4900016784668
2017-12-06 17:30:00,49.47999954223633
2017-12-06 18:30:00,49.564998626708984
2017-12-06 19:30:00,49.564998626708984
2017-12-06 20:30:00,49.61000061035156
2017-12-07 14:30:00,50.20000076293945
2017-12-07 15:30:00,50.54999923706055
2017-12-07 16:30:00,50.689998626708984
2017-12-07 17:30:00,50.720001220703125
2017-12-07 18:30:00,50.779998779296875
2017-12-07 19:30:00,50.77000045776367
2017-12-07 20:30:00,50.880001068115234
2017-12-08 14:30:00,51.369998931884766
2017-12-08 15:30:00,51.52000045776367
2017-12-08 16:30:00,51.41999816894531
2017-12-08 17:30:00,51.41999816894531
2017-12-08 18:30:00,51.18000030517578
2017-12-08 19:30:00,51.119998931884766
2017-12-08 20:30:00,51.02000045776367
2017-12-11 14:30:00,50.93000030517578
2017-12-11 15:30:00,51.095001220703125
2017-12-11 16:30:00,51.04999923706055
2017-12-11 17:30:00,51.36000061035156
2017-12-11 18:30:00,51.279998779296875
2017-12-11 19:30:00,51.35499954223633
2017-12-11 20:30:00,51.29999923706055
2017-12-12 14:30:00,51.16999816894531
2017-12-12 15:30:00,51.130001068115234
2017-12-12 16:30:00,50.814998626708984
2017-12-12 17:30:00,50.970001220703125
2017-12-12 18:30:00,50.810001373291016
2017-12-12 19:30:00,50.54999923706055
2017-12-12 20:30:00,50.4900016784668
2017-12-13 14:30:00,50.45000076293945
2017-12-13 15:30:00,50.16999816894531
2017-12-13 16:30:00,50.1150016784668
2017-12-13 17:30:00,50.130001068115234
2017-12-13 18:30:00,50.06999969482422
2017-12-13 19:30:00,50.220001220703125
2017-12-13 20:30:00,50.09000015258789
2017-12-14 14:30:00,50.97999954223633
2017-12-14 15:30:00,50.790000915527344
2017-12-14 16:30:00,50.54999923706055
2017-12-14 17:30:00,50.439998626708984
2017-12-14 18:30:00,50.11000061035156
2017-12-14 19:30:00,50.27000045776367
2017-12-14 20:30:00,50.209999084472656
2017-12-15 14:30:00,50.849998474121094
2017-12-15 15:30:00,50.900001525878906
2017-12-15 16:30:00,50.95000076293945
2017-12-15 17:30:00,51.27000045776367
2017-12-15 18:30:00,51.43000030517578
2017-12-15 19:30:00,51.279998779296875
2017-12-15 20:30:00,51.06999969482422
2017-12-18 14:30:00,51.45220184326172
2017-12-18 15:30:00,51.470001220703125
2017-12-18 16:30:00,51.310001373291016
2017-12-18 17:30:00,51.54999923706055
2017-12-18 18:30:00,51.47380065917969
2017-12-18 19:30:00,51.459999084472656
2017-12-18 20:30:00,51.4900016784668
2017-12-19 14:30:00,51.4900016784668
2017-12-19 15:30:00,51.51499938964844
2017-12-19 16:30:00,51.5
2017-12-19 17:30:00,51.4900016784668
2017-12-19 18:30:00,51.542598724365234
2017-12-19 19:30:00,51.529998779296875
2017-12-19 20:30:00,51.45000076293945
2017-12-20 14:30:00,51.369998931884766
2017-12-20 15:30:00,51.689998626708984
2017-12-20 16:30:00,51.83000183105469
2017-12-20 17:30:00,52.0
2017-12-20 18:30:00,51.91999816894531
2017-12-20 19:30:00,51.939998626708984
2017-12-20 20:30:00,51.91999816894531
2017-12-21 14:30:00,52.90999984741211
2017-12-21 15:30:00,53.4275016784668
2017-12-21 16:30:00,53.04999923706055
2017-12-21 17:30:00,52.77000045776367
2017-12-21 18:30:00,52.9900016784668
2017-12-21 19:30:00,52.86000061035156
2017-12-21 20:30:00,52.790000915527344
2017-12-22 14:30:00,52.61000061035156
2017-12-22 15:30:00,52.56999969482422
2017-12-22 16:30:00,52.59000015258789
2017-12-22 17:30:00,52.54999923706055
2017-12-22 18:30:00,52.58000183105469
2017-12-22 19:30:00,52.58000183105469
2017-12-22 20:30:00,52.599998474121094
2017-12-26 14:30:00,52.9900016784668
2017-12-26 15:30:00,53.119998931884766
2017-12-26 16:30:00,53.07500076293945
2017-12-26 17:30:00,52.959999084472656
2017-12-26 18:30:00,52.869998931884766
2017-12-26 19:30:00,52.869998931884766
2017-12-26 20:30:00,52.849998474121094
2017-12-27 14:30:00,52.619998931884766
2017-12-27 15:30:00,52.38999938964844
2017-12-27 16:30:00,52.15999984741211
2017-12-27 17:30:00,52.119998931884766
2017-12-27 18:30:00,52.439998626708984
2017-12-27 19:30:00,52.290000915527344
2017-12-27 20:30:00,52.38999938964844
2017-12-28 14:30:00,52.279998779296875
2017-12-28 15:30:00,52.29999923706055
2017-12-28 16:30:00,52.26499938964844
2017-12-28 17:30:00,52.31999969482422
2017-12-28 18:30:00,52.28340148925781
2017-12-28 19:30:00,52.41999816894531
2017-12-28 20:30:00,52.45000076293945
2017-12-29 14:30:00,52.5
2017-12-29 15:30:00,52.374900817871094
2017-12-29 16:30:00,52.369998931884766
2017-12-29 17:30:00,52.2599983215332
2017-12-29 18:30:00,52.209999084472656
2017-12-29 19:30:00,52.214298248291016
2017-12-29 20:30:00,52.029998779296875
2018-01-02 14:30:00,52.15999984741211
2018-01-02 15:30:00,52.29999923706055
2018-01-02 16:30:00,52.52000045776367
2018-01-02 17:30:00,52.7400016784668
2018-01-02 18:30:00,52.75
2018-01-02 19:30:00,52.97999954223633
2018-01-02 20:30:00,53.0
2018-01-03 14:30:00,52.5
2018-01-03 15:30:00,52.36000061035156
2018-01-03 16:30:00,52.38999938964844
2018-01-03 17:30:00,52.290000915527344
2018-01-03 18:30:00,52.20000076293945
2018-01-03 19:30:00,52.15999984741211
2018-01-03 20:30:00,52.33000183105469
2018-01-04 14:30:00,52.40999984741211
2018-01-04 15:30:00,52.470001220703125
2018-01-04 16:30:00,53.0
2018-01-04 17:30:00,53.060001373291016
2018-01-04 18:30:00,52.73500061035156
2018-01-04 19:30:00,52.779998779296875
2018-01-04 20:30:00,52.68000030517578
2018-01-05 14:30:00,52.709999084472656
2018-01-05 15:30:00,52.59000015258789
2018-01-05 16:30:00,52.58000183105469
2018-01-05 17:30:00,52.52000045776367
2018-01-05 18:30:00,52.540000915527344
2018-01-05 19:30:00,52.641700744628906
2018-01-05 20:30:00,52.630001068115234
2018-01-08 14:30:00,52.34000015258789
2018-01-08 15:30:00,52.310001373291016
2018-01-08 16:30:00,52.22999954223633
2018-01-08 17:30:00,52.130001068115234
2018-01-08 18:30:00,52.16790008544922
2018-01-08 19:30:00,52.09000015258789
2018-01-08 20:30:00,52.130001068115234
2018-01-09 14:30:00,53.13999938964844
2018-01-09 15:30:00,52.70000076293945
2018-01-09 16:30:00,52.439998626708984
2018-01-09 17:30:00,52.36000061035156
2018-01-09 18:30:00,52.39500045776367
2018-01-09 19:30:00,52.189998626708984
2018-01-09 20:30:00,52.064998626708984
2018-01-10 14:30:00,53.599998474121094
2018-01-10 15:30:00,53.400001525878906
2018-01-10 16:30:00,53.619998931884766
2018-01-10 17:30:00,53.959999084472656
2018-01-10 18:30:00,53.650001525878906
2018-01-10 19:30:00,53.40999984741211
2018-01-10 20:30:00,53.779998779296875
2018-01-11 14:30:00,55.150001525878906
2018-01-11 15:30:00,54.68000030517578
2018-01-11 16:30:00,54.86000061035156
2018-01-11 17:30:00,55.65999984741211
2018-01-11 18:30:00,56.619998931884766
2018-01-11 19:30:00,56.310001373291016
2018-01-11 20:30:00,56.470001220703125
2018-01-12 14:30:00,57.5968017578125
2018-01-12 15:30:00,57.8135986328125
2018-01-12 16:30:00,58.65999984741211
2018-01-12 17:30:00,58.16999816894531
2018-01-12 18:30:00,58.51499938964844
2018-01-12 19:30:00,58.31999969482422
2018-01-12 20:30:00,58.5099983215332
2018-01-16 14:30:00,58.90999984741211
2018-01-16 15:30:00,58.58000183105469
2018-01-16 16:30:00,58.599998474121094
2018-01-16 17:30:00,58.47100067138672
2018-01-16 18:30:00,57.65999984741211
2018-01-16 19:30:00,58.13999938964844
2018-01-16 20:30:00,57.97999954223633
2018-01-17 14:30:00,58.48899841308594
2018-01-17 15:30:00,58.4900016784668
2018-01-17 16:30:00,58.40999984741211
2018-01-17 17:30:00,58.189998626708984
2018-01-17 18:30:00,58.255001068115234
2018-01-17 19:30:00,58.13999938964844
2018-01-17 20:30:00,58.15999984741211
2018-01-18 14:30:00,58.20000076293945
2018-01-18 15:30:00,58.2400016784668
2018-01-18 16:30:00,58.42499923706055
2018-01-18 17:30:00,58.43000030517578
2018-01-18 18:30:00,58.34000015258789
2018-01-18 19:30:00,58.34000015258789
2018-01-18 20:30:00,58.34000015258789
2018-01-19 14:30:00,58.290000915527344
2018-01-19 15:30:00,58.060001373291016
2018-01-19 16:30:00,57.77000045776367
2018-01-19 17:30:00,57.869998931884766
2018-01-19 18:30:00,58.005001068115234
2018-01-19 19:30:00,58.130001068115234
2018-01-19 20:30:00,58.060001373291016
2018-01-22 14:30:00,58.0
2018-01-22 15:30:00,57.720001220703125
2018-01-22 16:30:00,57.709999084472656
2018-01-22 17:30:00,57.650001525878906
2018-01-22 18:30:00,57.720001220703125
2018-01-22 19:30:00,57.79999923706055
2018-01-22 20:30:00,58.099998474121094
2018-01-23 14:30:00,57.59000015258789
2018-01-23 15:30:00,57.66999816894531
2018-01-23 16:30:00,57.840999603271484
2018-01-23 17:30:00,57.91999816894531
2018-01-23 18:30:00,58.130001068115234
2018-01-23 19:30:00,58.39500045776367
2018-01-23 20:30:00,58.290000915527344
2018-01-24 14:30:00,55.12009811401367
2018-01-24 15:30:00,53.81999969482422
2018-01-24 16:30:00,53.869998931884766
2018-01-24 17:30:00,53.91999816894531
2018-01-24 18:30:00,54.790000915527344
2018-01-24 19:30:00,54.88999938964844
2018-01-24 20:30:00,54.790000915527344
2018-01-25 14:30:00,52.90999984741211
2018-01-25 15:30:00,52.861000061035156
2018-01-25 16:30:00,53.7400016784668
2018-01-25 17:30:00,53.20500183105469
2018-01-25 18:30:00,53.150001525878906
2018-01-25 19:30:00,52.9900016784668
2018-01-25 20:30:00,53.04999923706055
2018-01-26 14:30:00,53.310001373291016
2018-01-26 15:30:00,52.77429962158203
2018-01-26 16:30:00,52.709999084472656
2018-01-26 17:30:00,52.59000015258789
2018-01-26 18:30:00,52.52000045776367
2018-01-26 19:30:00,52.77000045776367
2018-01-26 20:30:00,53.06999969482422
2018-01-29 14:30:00,52.904998779296875
2018-01-29 15:30:00,52.845001220703125
2018-01-29 16:30:00,52.75
2018-01-29 17:30:00,52.84000015258789
2018-01-29 18:30:00,52.720001220703125
2018-01-29 19:30:00,52.70000076293945
2018-01-29 20:30:00,52.689998626708984
2018-01-30 14:30:00,52.83000183105469
2018-01-30 15:30:00,52.73500061035156
2018-01-30 16:30:00,52.790000915527344
2018-01-30 17:30:00,52.652198791503906
2018-01-30 18:30:00,52.61000061035156
2018-01-30 19:30:00,52.68000030517578
2018-01-30 20:30:00,52.58000183105469
2018-01-31 14:30:00,54.369998931884766
2018-01-31 15:30:00,54.189998626708984
2018-01-31 16:30:00,54.29999923706055
2018-01-31 17:30:00,54.43000030517578
2018-01-31 18:30:00,54.31999969482422
2018-01-31 19:30:00,54.2599983215332
2018-01-31 20:30:00,54.33000183105469
2018-02-01 14:30:00,54.150001525878906
2018-02-01 15:30:00,53.849998474121094
2018-02-01 16:30:00,53.94129943847656
2018-02-01 17:30:00,54.11000061035156
2018-02-01 18:30:00,53.88999938964844
2018-02-01 19:30:00,53.75
2018-02-01 20:30:00,53.869998931884766
2018-02-02 14:30:00,53.18000030517578
2018-02-02 15:30:00,53.130001068115234
2018-02-02 16:30:00,53.0
2018-02-02 17:30:00,52.540000915527344
2018-02-02 18:30:00,52.279998779296875
2018-02-02 19:30:00,52.41999816894531
2018-02-02 20:30:00,52.04999923706055
2018-02-05 14:30:00,52.34000015258789
2018-02-05 15:30:00,52.0
2018-02-05 16:30:00,51.7400016784668
2018-02-05 17:30:00,51.400001525878906
2018-02-05 18:30:00,51.130001068115234
2018-02-05 19:30:00,50.869998931884766
2018-02-05 20:30:00,49.75
2018-02-06 14:30:00,50.25
2018-02-06 15:30:00,50.02000045776367
2018-02-06 16:30:00,50.47999954223633
2018-02-06 17:30:00,50.25
2018-02-06 18:30:00,49.939998626708984
2018-02-06 19:30:00,51.029998779296875
2018-02-06 20:30:00,51.20000076293945
2018-02-07 14:30:00,51.630001068115234
2018-02-07 15:30:00,51.869998931884766
2018-02-07 16:30:00,51.970001220703125
2018-02-07 17:30:00,51.61000061035156
2018-02-07 18:30:00,51.7400016784668
2018-02-07 19:30:00,51.880001068115234
2018-02-07 20:30:00,51.40999984741211
2018-02-08 14:30:00,51.08000183105469
2018-02-08 15:30:00,50.5099983215332
2018-02-08 16:30:00,50.119998931884766
2018-02-08 17:30:00,49.529998779296875
2018-02-08 18:30:00,49.599998474121094
2018-02-08 19:30:00,49.119998931884766
2018-02-08 20:30:00,48.599998474121094
2018-02-09 14:30:00,48.470001220703125
2018-02-09 15:30:00,47.869998931884766
2018-02-09 16:30:00,46.79999923706055
2018-02-09 17:30:00,46.52000045776367
2018-02-09 18:30:00,47.779998779296875
2018-02-09 19:30:00,47.72019958496094
2018-02-09 20:30:00,48.33000183105469
2018-02-12 14:30:00,48.86000061035156
2018-02-12 15:30:00,49.29999923706055
2018-02-12 16:30:00,49.91999816894531
2018-02-12 17:30:00,49.97999954223633
2018-02-12 18:30:00,50.2400016784668
2018-02-12 19:30:00,50.470001220703125
2018-02-12 20:30:00,50.06999969482422
2018-02-13 14:30:00,49.810001373291016
2018-02-13 15:30:00,50.25
2018-02-13 16:30:00,50.02000045776367
2018-02-13 17:30:00,50.3849983215332
2018-02-13 18:30:00,50.34000015258789
2018-02-13 19:30:00,50.599998474121094
2018-02-13 20:30:00,50.86000061035156
2018-02-14 14:30:00,51.09000015258789
2018-02-14 15:30:00,51.36000061035156
2018-02-14 16:30:00,51.209999084472656
2018-02-14 17:30:00,51.38999938964844
2018-02-14 18:30:00,51.2599983215332
2018-02-14 19:30:00,51.29999923706055
2018-02-14 20:30:00,51.07500076293945
2018-02-15 14:30:00,51.47999954223633
2018-02-15 15:30:00,51.41999816894531
2018-02-15 16:30:00,51.220298767089844
2018-02-15 17:30:00,51.369998931884766
2018-02-15 18:30:00,51.38999938964844
2018-02-15 19:30:00,51.53499984741211
2018-02-15 20:30:00,51.65999984741211
2018-02-16 14:30:00,51.84000015258789
2018-02-16 15:30:00,51.7400016784668
2018-02-16 16:30:00,51.720001220703125
2018-02-16 17:30:00,51.619998931884766
2018-02-16 18:30:00,51.68000030517578
2018-02-16 19:30:00,51.790000915527344
2018-02-16 20:30:00,51.58000183105469
2018-02-20 14:30:00,51.92499923706055
2018-02-20 15:30:00,52.150001525878906
2018-02-20 16:30:00,52.11000061035156
2018-02-20 17:30:00,52.0
2018-02-20 18:30:00,51.810001373291016
2018-02-20 19:30:00,51.7400016784668
2018-02-20 20:30:00,51.72999954223633
2018-02-21 14:30:00,53.09000015258789
2018-02-21 15:30:00,53.2599983215332
2018-02-21 16:30:00,53.165000915527344
2018-02-21 17:30:00,53.40999984741211
2018-02-21 18:30:00,53.5
2018-02-21 19:30:00,53.279998779296875
2018-02-21 20:30:00,52.779998779296875
2018-02-22 14:30:00,53.13999938964844
2018-02-22 15:30:00,53.29999923706055
2018-02-22 16:30:00,53.15999984741211
2018-02-22 17:30:00,52.84000015258789
2018-02-22 18:30:00,52.97999954223633
2018-02-22 19:30:00,52.959999084472656
2018-02-22 20:30:00,52.970001220703125
2018-02-23 14:30:00,52.880001068115234
2018-02-23 15:30:00,53.0099983215332
2018-02-23 16:30:00,53.02000045776367
2018-02-23 17:30:00,52.90999984741211
2018-02-23 18:30:00,52.959999084472656
2018-02-23 19:30:00,53.33000183105469
2018-02-23 20:30:00,53.3849983215332
2018-02-26 14:30:00,54.15999984741211
2018-02-26 15:30:00,54.61000061035156
2018-02-26 16:30:00,54.65999984741211
2018-02-26 17:30:00,54.84000015258789
2018-02-26 18:30:00,54.95000076293945
2018-02-26 19:30:00,55.0
2018-02-26 20:30:00,55.0
2018-02-27 14:30:00,55.52000045776367
2018-02-27 15:30:00,54.63999938964844
2018-02-27 16:30:00,54.75
2018-02-27 17:30:00,54.93000030517578
2018-02-27 18:30:00,54.560001373291016
2018-02-27 19:30:00,54.43000030517578
2018-02-27 20:30:00,54.2400016784668
2018-02-28 14:30:00,54.599998474121094
2018-02-28 15:30:00,54.06999969482422
2018-02-28 16:30:00,53.900001525878906
2018-02-28 17:30:00,54.25
2018-02-28 18:30:00,54.5099983215332
2018-02-28 19:30:00,54.220001220703125
2018-02-28 20:30:00,54.25
2018-03-01 14:30:00,55.03499984741211
2018-03-01 15:30:00,54.880001068115234
2018-03-01 16:30:00,54.709999084472656
2018-03-01 17:30:00,54.266700744628906
2018-03-01 18:30:00,53.66999816894531
2018-03-01 19:30:00,53.70000076293945
2018-03-01 20:30:00,53.47100067138672
2018-03-02 14:30:00,52.08000183105469
2018-03-02 15:30:00,52.33000183105469
2018-03-02 16:30:00,52.73500061035156
2018-03-02 17:30:00,52.619998931884766
2018-03-02 18:30:00,53.06999969482422
2018-03-02 19:30:00,53.06999969482422
2018-03-02 20:30:00,53.18000030517578
2018-03-05 14:30:00,52.939998626708984
2018-03-05 15:30:00,53.52000045776367
2018-03-05 16:30:00,53.432498931884766
2018-03-05 17:30:00,53.54999923706055
2018-03-05 18:30:00,53.13999938964844
2018-03-05 19:30:00,53.255001068115234
2018-03-05 20:30:00,53.189998626708984
2018-03-06 14:30:00,53.32500076293945
2018-03-06 15:30:00,53.2400016784668
2018-03-06 16:30:00,53.54999923706055
2018-03-06 17:30:00,53.84000015258789
2018-03-06 18:30:00,53.810001373291016
2018-03-06 19:30:00,53.79999923706055
2018-03-06 20:30:00,53.58000183105469
2018-03-07 14:30:00,53.880001068115234
2018-03-07 15:30:00,53.64500045776367
2018-03-07 16:30:00,53.66999816894531
2018-03-07 17:30:00,53.7599983215332
2018-03-07 18:30:00,53.77000045776367
2018-03-07 19:30:00,54.0099983215332
2018-03-07 20:30:00,54.11000061035156
2018-03-08 14:30:00,55.654998779296875
2018-03-08 15:30:00,55.349998474121094
2018-03-08 16:30:00,55.15999984741211
2018-03-08 17:30:00,55.0702018737793
2018-03-08 18:30:00,54.880001068115234
2018-03-08 19:30:00,54.900001525878906
2018-03-08 20:30:00,54.790000915527344
2018-03-09 14:30:00,55.220001220703125
2018-03-09 15:30:00,55.291099548339844
2018-03-09 16:30:00,55.62699890136719
2018-03-09 17:30:00,55.70000076293945
2018-03-09 18:30:00,55.7400016784668
2018-03-09 19:30:00,55.93000030517578
2018-03-09 20:30:00,56.06999969482422
2018-03-12 13:30:00,55.70000076293945
2018-03-12 14:30:00,56.040000915527344
2018-03-12 15:30:00,56.31999969482422
2018-03-12 16:30:00,56.279998779296875
2018-03-12 17:30:00,56.34000015258789
2018-03-12 18:30:00,56.599998474121094
2018-03-12 19:30:00,56.5
2018-03-13 13:30:00,57.16999816894531
2018-03-13 14:30:00,57.150001525878906
2018-03-13 15:30:00,56.810001373291016
2018-03-13 16:30:00,56.790000915527344
2018-03-13 17:30:00,56.52000045776367
2018-03-13 18:30:00,56.25
2018-03-13 19:30:00,56.22999954223633
2018-03-14 13:30:00,56.5
2018-03-14 14:30:00,56.0
2018-03-14 15:30:00,55.31999969482422
2018-03-14 16:30:00,55.7400016784668
2018-03-14 17:30:00,55.920101165771484
2018-03-14 18:30:00,55.34000015258789
2018-03-14 19:30:00,55.26499938964844
2018-03-15 13:30:00,55.040000915527344
2018-03-15 14:30:00,55.400001525878906
2018-03-15 15:30:00,55.4900016784668
2018-03-15 16:30:00,55.439998626708984
2018-03-15 17:30:00,55.369998931884766
2018-03-15 18:30:00,55.19620132446289
2018-03-15 19:30:00,55.16999816894531
2018-03-16 13:30:00,55.630001068115234
2018-03-16 14:30:00,56.20000076293945
2018-03-16 15:30:00,56.209999084472656
2018-03-16 16:30:00,55.959999084472656
2018-03-16 17:30:00,55.91999816894531
2018-03-16 18:30:00,55.599998474121094
2018-03-16 19:30:00,55.400001525878906
2018-03-19 13:30:00,55.459999084472656
2018-03-19 14:30:00,54.79999923706055
2018-03-19 15:30:00,54.77000045776367
2018-03-19 16:30:00,54.29999923706055
2018-03-19 17:30:00,54.459999084472656
2018-03-19 18:30:00,54.40999984741211
2018-03-19 19:30:00,54.619998931884766
2018-03-20 13:30:00,55.18000030517578
2018-03-20 14:30:00,55.290000915527344
2018-03-20 15:30:00,55.380001068115234
2018-03-20 16:30:00,55.369998931884766
2018-03-20 17:30:00,55.380001068115234
2018-03-20 18:30:00,55.560001373291016
2018-03-20 19:30:00,55.31999969482422
2018-03-21 13:30:00,53.31999969482422
2018-03-21 14:30:00,53.77000045776367
2018-03-21 15:30:00,53.86000061035156
2018-03-21 16:30:00,54.06999969482422
2018-03-21 17:30:00,54.20000076293945
2018-03-21 18:30:00,54.31999969482422
2018-03-21 19:30:00,54.09000015258789
2018-03-22 13:30:00,54.060001373291016
2018-03-22 14:30:00,53.34000015258789
2018-03-22 15:30:00,53.599998474121094
2018-03-22 16:30:00,53.5
2018-03-22 17:30:00,53.02000045776367
2018-03-22 18:30:00,52.619998931884766
2018-03-22 19:30:00,52.310001373291016
2018-03-23 13:30:00,52.470001220703125
2018-03-23 14:30:00,52.2599983215332
2018-03-23 15:30:00,52.150001525878906
2018-03-23 16:30:00,52.13999938964844
2018-03-23 17:30:00,51.84000015258789
2018-03-23 18:30:00,51.33000183105469
2018-03-23 19:30:00,51.0099983215332
2018-03-26 13:30:00,51.16999816894531
2018-03-26 14:30:00,50.869998931884766
2018-03-26 15:30:00,51.150001525878906
2018-03-26 16:30:00,51.15999984741211
2018-03-26 17:30:00,51.68000030517578
2018-03-26 18:30:00,51.9099006652832
2018-03-26 19:30:00,51.8650016784668
2018-03-27 13:30:00,51.97999954223633
2018-03-27 14:30:00,51.959999084472656
2018-03-27 15:30:00,52.16999816894531
2018-03-27 16:30:00,52.13999938964844
2018-03-27 17:30:00,51.54999923706055
2018-03-27 18:30:00,50.939998626708984
2018-03-27 19:30:00,50.900001525878906
2018-03-28 13:30:00,50.810001373291016
2018-03-28 14:30:00,50.5099983215332
2018-03-28 15:30:00,50.83000183105469
2018-03-28 16:30:00,50.685001373291016
2018-03-28 17:30:00,50.61000061035156
2018-03-28 18:30:00,50.709999084472656
2018-03-28 19:30:00,50.849998474121094
2018-03-29 13:30:00,51.47999954223633
2018-03-29 14:30:00,51.59000015258789
2018-03-29 15:30:00,51.790000915527344
2018-03-29 16:30:00,51.8849983215332
2018-03-29 17:30:00,51.97999954223633
2018-03-29 18:30:00,52.13999938964844
2018-03-29 19:30:00,51.959999084472656
2018-04-02 13:30:00,50.779998779296875
2018-04-02 14:30:00,50.2400016784668
2018-04-02 15:30:00,49.720001220703125
2018-04-02 16:30:00,49.52000045776367
2018-04-02 17:30:00,49.279998779296875
2018-04-02 18:30:00,49.290000915527344
2018-04-02 19:30:00,49.790000915527344
2018-04-03 13:30:00,49.72999954223633
2018-04-03 14:30:00,50.779998779296875
2018-04-03 15:30:00,50.599998474121094
2018-04-03 16:30:00,50.93000030517578
2018-04-03 17:30:00,50.88999938964844
2018-04-03 18:30:00,51.52000045776367
2018-04-03 19:30:00,51.47999954223633
2018-04-04 13:30:00,50.61000061035156
2018-04-04 14:30:00,51.0099983215332
2018-04-04 15:30:00,51.38999938964844
2018-04-04 16:30:00,51.16999816894531
2018-04-04 17:30:00,51.560001373291016
2018-04-04 18:30:00,51.89929962158203
2018-04-04 19:30:00,52.040000915527344
2018-04-05 13:30:00,52.40999984741211
2018-04-05 14:30:00,53.0
2018-04-05 15:30:00,52.88100051879883
2018-04-05 16:30:00,52.380001068115234
2018-04-05 17:30:00,52.38999938964844
2018-04-05 18:30:00,52.36000061035156
2018-04-05 19:30:00,52.130001068115234
2018-04-06 13:30:00,51.529998779296875
2018-04-06 14:30:00,50.91999816894531
2018-04-06 15:30:00,50.86000061035156
2018-04-06 16:30:00,50.93000030517578
2018-04-06 17:30:00,50.23899841308594
2018-04-06 18:30:00,50.06999969482422
2018-04-06 19:30:00,50.279998779296875
2018-04-09 13:30:00,50.029998779296875
2018-04-09 14:30:00,50.1260986328125
2018-04-09 15:30:00,50.38520050048828
2018-04-09 16:30:00,50.560001373291016
2018-04-09 17:30:00,50.56999969482422
2018-04-09 18:30:00,50.29999923706055
2018-04-09 19:30:00,49.81999969482422
2018-04-10 13:30:00,48.95000076293945
2018-04-10 14:30:00,48.275001525878906
2018-04-10 15:30:00,47.34000015258789
2018-04-10 16:30:00,47.310001373291016
2018-04-10 17:30:00,47.65999984741211
2018-04-10 18:30:00,47.61000061035156
2018-04-10 19:30:00,47.400001525878906
2018-04-11 13:30:00,47.189998626708984
2018-04-11 14:30:00,46.7599983215332
2018-04-11 15:30:00,46.4900016784668
2018-04-11 16:30:00,46.14899826049805
2018-04-11 17:30:00,45.91510009765625
2018-04-11 18:30:00,45.60499954223633
2018-04-11 19:30:00,45.38999938964844
2018-04-12 13:30:00,46.59000015258789
2018-04-12 14:30:00,46.58000183105469
2018-04-12 15:30:00,46.499900817871094
2018-04-12 16:30:00,45.97809982299805
2018-04-12 17:30:00,46.619998931884766
2018-04-12 18:30:00,46.720001220703125
2018-04-12 19:30:00,46.58000183105469
2018-04-13 13:30:00,45.96500015258789
2018-04-13 14:30:00,46.349998474121094
2018-04-13 15:30:00,46.150001525878906
2018-04-13 16:30:00,46.029998779296875
2018-04-13 17:30:00,45.8650016784668
2018-04-13 18:30:00,45.869998931884766
2018-04-13 19:30:00,45.869998931884766
2018-04-16 13:30:00,46.65999984741211
2018-04-16 14:30:00,46.66999816894531
2018-04-16 15:30:00,46.61000061035156
2018-04-16 16:30:00,46.79999923706055
2018-04-16 17:30:00,46.7400016784668
2018-04-16 18:30:00,46.58000183105469
2018-04-16 19:30:00,46.400001525878906
2018-04-17 13:30:00,46.220001220703125
2018-04-17 14:30:00,45.959999084472656
2018-04-17 15:30:00,46.099998474121094
2018-04-17 16:30:00,45.810001373291016
2018-04-17 17:30:00,45.912498474121094
2018-04-17 18:30:00,45.8849983215332
2018-04-17 19:30:00,45.744998931884766
2018-04-18 13:30:00,46.70100021362305
2018-04-18 14:30:00,47.820098876953125
2018-04-18 15:30:00,47.849998474121094
2018-04-18 16:30:00,48.1349983215332
2018-04-18 17:30:00,48.029998779296875
2018-04-18 18:30:00,48.0
2018-04-18 19:30:00,47.77000045776367
2018-04-19 13:30:00,47.68539810180664
2018-04-19 14:30:00,47.09000015258789
2018-04-19 15:30:00,46.58000183105469
2018-04-19 16:30:00,46.45000076293945
2018-04-19 17:30:00,46.59429931640625
2018-04-19 18:30:00,46.630001068115234
2018-04-19 19:30:00,46.869998931884766
2018-04-20 13:30:00,46.68000030517578
2018-04-20 14:30:00,46.75
2018-04-20 15:30:00,46.689998626708984
2018-04-20 16:30:00,46.78499984741211
2018-04-20 17:30:00,46.790000915527344
2018-04-20 18:30:00,46.70000076293945
2018-04-20 19:30:00,46.779998779296875
2018-04-23 13:30:00,46.845298767089844
2018-04-23 14:30:00,47.060001373291016
2018-04-23 15:30:00,46.79999923706055
2018-04-23 16:30:00,46.439998626708984
2018-04-23 17:30:00,46.244998931884766
2018-04-23 18:30:00,46.470001220703125
2018-04-23 19:30:00,46.689998626708984
2018-04-24 13:30:00,46.65999984741211
2018-04-24 14:30:00,46.80009841918945
2018-04-24 15:30:00,46.25
2018-04-24 16:30:00,45.93239974975586
2018-04-24 17:30:00,45.540000915527344
2018-04-24 18:30:00,45.77000045776367
2018-04-24 19:30:00,45.689998626708984
2018-04-25 13:30:00,45.2400016784668
2018-04-25 14:30:00,45.30799865722656
2018-04-25 15:30:00,45.0099983215332
2018-04-25 16:30:00,45.189998626708984
2018-04-25 17:30:00,45.25
2018-04-25 18:30:00,45.77000045776367
2018-04-25 19:30:00,45.27000045776367
2018-04-26 13:30:00,43.41999816894531
2018-04-26 14:30:00,42.97999954223633
2018-04-26 15:30:00,42.689998626708984
2018-04-26 16:30:00,43.16999816894531
2018-04-26 17:30:00,43.11000061035156
2018-04-26 18:30:00,42.36000061035156
2018-04-26 19:30:00,42.40999984741211
2018-04-27 13:30:00,42.92649841308594
2018-04-27 14:30:00,43.290000915527344
2018-04-27 15:30:00,43.16999816894531
2018-04-27 16:30:00,43.20000076293945
2018-04-27 17:30:00,43.209999084472656
2018-04-27 18:30:00,43.28499984741211
2018-04-27 19:30:00,43.404998779296875
2018-04-30 13:30:00,43.150001525878906
2018-04-30 14:30:00,43.369998931884766
2018-04-30 15:30:00,42.9900016784668
2018-04-30 16:30:00,42.91999816894531
2018-04-30 17:30:00,42.95000076293945
2018-04-30 18:30:00,42.809898376464844
2018-04-30 19:30:00,42.91999816894531
2018-05-01 13:30:00,42.650001525878906
2018-05-01 14:30:00,42.83000183105469
2018-05-01 15:30:00,43.06999969482422
2018-05-01 16:30:00,42.66999816894531
2018-05-01 17:30:00,43.11000061035156
2018-05-01 18:30:00,43.16999816894531
2018-05-01 19:30:00,43.349998474121094
2018-05-02 13:30:00,43.130001068115234
2018-05-02 14:30:00,43.224998474121094
2018-05-02 15:30:00,43.189998626708984
2018-05-02 16:30:00,42.970001220703125
2018-05-02 17:30:00,42.970001220703125
2018-05-02 18:30:00,42.5099983215332
2018-05-02 19:30:00,42.22999954223633
2018-05-03 13:30:00,41.95000076293945
2018-05-03 14:30:00,41.689998626708984
2018-05-03 15:30:00,41.59000015258789
2018-05-03 16:30:00,42.11000061035156
2018-05-03 17:30:00,42.22999954223633
2018-05-03 18:30:00,42.349998474121094
2018-05-03 19:30:00,42.119998931884766
2018-05-04 13:30:00,42.48189926147461
2018-05-04 14:30:00,42.864898681640625
2018-05-04 15:30:00,42.93989944458008
2018-05-04 16:30:00,43.099998474121094
2018-05-04 17:30:00,43.43000030517578
2018-05-04 18:30:00,43.380001068115234
2018-05-04 19:30:00,42.869998931884766
2018-05-07 13:30:00,42.63999938964844
2018-05-07 14:30:00,42.630001068115234
2018-05-07 15:30:00,42.28499984741211
2018-05-07 16:30:00,42.310001373291016
2018-05-07 17:30:00,42.279998779296875
2018-05-07 18:30:00,42.42499923706055
2018-05-07 19:30:00,42.45000076293945
2018-05-08 13:30:00,42.65999984741211
2018-05-08 14:30:00,43.939998626708984
2018-05-08 15:30:00,43.16999816894531
2018-05-08 16:30:00,43.08000183105469
2018-05-08 17:30:00,42.810001373291016
2018-05-08 18:30:00,42.880001068115234
2018-05-08 19:30:00,43.0
2018-05-09 13:30:00,42.47999954223633
2018-05-09 14:30:00,42.34000015258789
2018-05-09 15:30:00,42.040000915527344
2018-05-09 16:30:00,41.97999954223633
2018-05-09 17:30:00,42.03499984741211
2018-05-09 18:30:00,41.70000076293945
2018-05-09 19:30:00,41.4900016784668
2018-05-10 13:30:00,42.002498626708984
2018-05-10 14:30:00,42.275001525878906
2018-05-10 15:30:00,42.43000030517578
2018-05-10 16:30:00,42.334999084472656
2018-05-10 17:30:00,42.19499969482422
2018-05-10 18:30:00,42.08000183105469
2018-05-10 19:30:00,42.029998779296875
2018-05-11 13:30:00,42.599998474121094
2018-05-11 14:30:00,42.38999938964844
2018-05-11 15:30:00,42.11000061035156
2018-05-11 16:30:00,42.27000045776367
2018-05-11 17:30:00,42.439998626708984
2018-05-11 18:30:00,42.5
2018-05-11 19:30:00,42.59000015258789
2018-05-14 13:30:00,42.95000076293945
2018-05-14 14:30:00,42.34000015258789
2018-05-14 15:30:00,42.40999984741211
2018-05-14 16:30:00,42.349998474121094
2018-05-14 17:30:00,42.45000076293945
2018-05-14 18:30:00,42.43000030517578
2018-05-14 19:30:00,42.459999084472656
2018-05-15 13:30:00,42.470001220703125
2018-05-15 14:30:00,42.97999954223633
2018-05-15 15:30:00,43.060001373291016
2018-05-15 16:30:00,43.20000076293945
2018-05-15 17:30:00,42.93000030517578
2018-05-15 18:30:00,43.025001525878906
2018-05-15 19:30:00,43.189998626708984
2018-05-16 13:30:00,43.380001068115234
2018-05-16 14:30:00,43.96419906616211
2018-05-16 15:30:00,44.654998779296875
2018-05-16 16:30:00,44.689998626708984
2018-05-16 17:30:00,44.369998931884766
2018-05-16 18:30:00,44.11000061035156
2018-05-16 19:30:00,44.06999969482422
2018-05-17 13:30:00,43.939998626708984
2018-05-17 14:30:00,44.20000076293945
2018-05-17 15:30:00,43.72999954223633
2018-05-17 16:30:00,43.810001373291016
2018-05-17 17:30:00,43.96500015258789
2018-05-17 18:30:00,43.689998626708984
2018-05-17 19:30:00,43.630001068115234
2018-05-18 13:30:00,43.279998779296875
2018-05-18 14:30:00,43.060001373291016
2018-05-18 15:30:00,43.189998626708984
2018-05-18 16:30:00,43.2400016784668
2018-05-18 17:30:00,43.56999969482422
2018-05-18 18:30:00,43.310001373291016
2018-05-18 19:30:00,43.38999938964844
2018-05-21 13:30:00,44.59000015258789
2018-05-21 14:30:00,44.35499954223633
2018-05-21 15:30:00,44.540000915527344
2018-05-21 16:30:00,44.65999984741211
2018-05-21 17:30:00,44.41999816894531
2018-05-21 18:30:00,44.345001220703125
2018-05-21 19:30:00,44.290000915527344
2018-05-22 13:30:00,44.060001373291016
2018-05-22 14:30:00,43.72669982910156
2018-05-22 15:30:00,42.9900016784668
2018-05-22 16:30:00,42.9921989440918
2018-05-22 17:30:00,43.040000915527344
2018-05-22 18:30:00,43.0099983215332
2018-05-22 19:30:00,42.875
2018-05-23 13:30:00,42.5
2018-05-23 14:30:00,42.7400016784668
2018-05-23 15:30:00,42.38999938964844
2018-05-23 16:30:00,42.47999954223633
2018-05-23 17:30:00,42.72999954223633
2018-05-23 18:30:00,42.84000015258789
2018-05-23 19:30:00,42.790000915527344
2018-05-24 13:30:00,43.0
2018-05-24 14:30:00,43.38999938964844
2018-05-24 15:30:00,43.630001068115234
2018-05-24 16:30:00,43.779998779296875
2018-05-24 17:30:00,43.70000076293945
2018-05-24 18:30:00,43.599998474121094
2018-05-24 19:30:00,43.56999969482422
2018-05-25 13:30:00,45.439998626708984
2018-05-25 14:30:00,45.33340072631836
2018-05-25 15:30:00,45.453399658203125
2018-05-25 16:30:00,44.959999084472656
2018-05-25 17:30:00,45.0
2018-05-25 18:30:00,44.83000183105469
2018-05-25 19:30:00,44.90999984741211
2018-05-29 13:30:00,44.29999923706055
2018-05-29 14:30:00,44.20000076293945
2018-05-29 15:30:00,43.559600830078125
2018-05-29 16:30:00,43.599998474121094
2018-05-29 17:30:00,43.400001525878906
2018-05-29 18:30:00,43.400001525878906
2018-05-29 19:30:00,43.619998931884766
2018-05-30 13:30:00,43.2599983215332
2018-05-30 14:30:00,42.939998626708984
2018-05-30 15:30:00,43.220001220703125
2018-05-30 16:30:00,43.08000183105469
2018-05-30 17:30:00,43.380001068115234
2018-05-30 18:30:00,43.314998626708984
2018-05-30 19:30:00,43.310001373291016
2018-05-31 13:30:00,44.34000015258789
2018-05-31 14:30:00,43.939998626708984
2018-05-31 15:30:00,43.72999954223633
2018-05-31 16:30:00,43.75
2018-05-31 17:30:00,43.459999084472656
2018-05-31 18:30:00,43.720001220703125
2018-05-31 19:30:00,43.470001220703125
2018-06-01 13:30:00,43.70000076293945
2018-06-01 14:30:00,43.59000015258789
2018-06-01 15:30:00,43.5099983215332
2018-06-01 16:30:00,43.810001373291016
2018-06-01 17:30:00,43.54999923706055
2018-06-01 18:30:00,43.709999084472656
2018-06-01 19:30:00,44.0
2018-06-04 13:30:00,44.599998474121094
2018-06-04 14:30:00,44.70500183105469
2018-06-04 15:30:00,44.564998626708984
2018-06-04 16:30:00,44.279998779296875
2018-06-04 17:30:00,44.38999938964844
2018-06-04 18:30:00,44.619998931884766
2018-06-04 19:30:00,44.93000030517578
2018-06-05 13:30:00,44.13999938964844
2018-06-05 14:30:00,44.119998931884766
2018-06-05 15:30:00,43.989898681640625
2018-06-05 16:30:00,44.029998779296875
2018-06-05 17:30:00,44.099998474121094
2018-06-05 18:30:00,44.1349983215332
2018-06-05 19:30:00,44.189998626708984
2018-06-06 13:30:00,42.939998626708984
2018-06-06 14:30:00,43.380401611328125
2018-06-06 15:30:00,43.79999923706055
2018-06-06 16:30:00,43.779998779296875
2018-06-06 17:30:00,44.029998779296875
2018-06-06 18:30:00,44.185001373291016
2018-06-06 19:30:00,44.18000030517578
2018-06-07 13:30:00,43.880001068115234
2018-06-07 14:30:00,43.890201568603516
2018-06-07 15:30:00,44.04499816894531
2018-06-07 16:30:00,43.779998779296875
2018-06-07 17:30:00,43.529998779296875
2018-06-07 18:30:00,43.814998626708984
2018-06-07 19:30:00,43.84000015258789
2018-06-08 13:30:00,43.13999938964844
2018-06-08 14:30:00,43.060001373291016
2018-06-08 15:30:00,43.244998931884766
2018-06-08 16:30:00,43.130001068115234
2018-06-08 17:30:00,43.07469940185547
2018-06-08 18:30:00,43.11000061035156
2018-06-08 19:30:00,43.119998931884766
2018-06-11 13:30:00,44.72999954223633
2018-06-11 14:30:00,44.29999923706055
2018-06-11 15:30:00,44.36000061035156
2018-06-11 16:30:00,44.02000045776367
2018-06-11 17:30:00,44.13999938964844
2018-06-11 18:30:00,44.310001373291016
2018-06-11 19:30:00,44.15999984741211
2018-06-12 13:30:00,43.560001373291016
2018-06-12 14:30:00,43.61000061035156
2018-06-12 15:30:00,43.560001373291016
2018-06-12 16:30:00,43.5
2018-06-12 17:30:00,43.5
2018-06-12 18:30:00,43.31999969482422
2018-06-12 19:30:00,43.38999938964844
2018-06-13 13:30:00,43.40999984741211
2018-06-13 14:30:00,43.18000030517578
2018-06-13 15:30:00,43.16999816894531
2018-06-13 16:30:00,43.165000915527344
2018-06-13 17:30:00,42.8849983215332
2018-06-13 18:30:00,42.900001525878906
2018-06-13 19:30:00,42.91999816894531
2018-06-14 13:30:00,42.970001220703125
2018-06-14 14:30:00,42.90620040893555
2018-06-14 15:30:00,43.18000030517578
2018-06-14 16:30:00,43.36000061035156
2018-06-14 17:30:00,43.099998474121094
2018-06-14 18:30:00,43.21009826660156
2018-06-14 19:30:00,43.064998626708984
2018-06-15 13:30:00,42.7400016784668
2018-06-15 14:30:00,42.880001068115234
2018-06-15 15:30:00,42.529998779296875
2018-06-15 16:30:00,42.79999923706055
2018-06-15 17:30:00,43.01940155029297
2018-06-15 18:30:00,42.999900817871094
2018-06-15 19:30:00,42.75
2018-06-18 13:30:00,42.4900016784668
2018-06-18 14:30:00,42.470001220703125
2018-06-18 15:30:00,42.244998931884766
2018-06-18 16:30:00,42.459999084472656
2018-06-18 17:30:00,42.529998779296875
2018-06-18 18:30:00,42.58000183105469
2018-06-18 19:30:00,42.43000030517578
2018-06-19 13:30:00,41.314998626708984
2018-06-19 14:30:00,41.349998474121094
2018-06-19 15:30:00,41.529998779296875
2018-06-19 16:30:00,41.41999816894531
2018-06-19 17:30:00,41.5
2018-06-19 18:30:00,41.599998474121094
2018-06-19 19:30:00,41.5099983215332
2018-06-20 13:30:00,41.61000061035156
2018-06-20 14:30:00,42.02000045776367
2018-06-20 15:30:00,42.220001220703125
2018-06-20 16:30:00,42.224998474121094
2018-06-20 17:30:00,42.13999938964844
2018-06-20 18:30:00,42.04999923706055
2018-06-20 19:30:00,42.040000915527344
2018-06-21 13:30:00,41.7400016784668
2018-06-21 14:30:00,41.79999923706055
2018-06-21 15:30:00,42.0099983215332
2018-06-21 16:30:00,42.130001068115234
2018-06-21 17:30:00,42.06019973754883
2018-06-21 18:30:00,41.81999969482422
2018-06-21 19:30:00,41.5
2018-06-22 13:30:00,41.904998779296875
2018-06-22 14:30:00,41.45000076293945
2018-06-22 15:30:00,41.22999954223633
2018-06-22 16:30:00,41.189998626708984
2018-06-22 17:30:00,41.31999969482422
2018-06-22 18:30:00,41.439998626708984
2018-06-22 19:30:00,41.279998779296875
2018-06-25 13:30:00,40.28839874267578
2018-06-25 14:30:00,39.687198638916016
2018-06-25 15:30:00,39.779998779296875
2018-06-25 16:30:00,39.86000061035156
2018-06-25 17:30:00,39.560001373291016
2018-06-25 18:30:00,39.58000183105469
2018-06-25 19:30:00,39.68000030517578
2018-06-26 13:30:00,39.150001525878906
2018-06-26 14:30:00,39.439998626708984
2018-06-26 15:30:00,39.44499969482422
2018-06-26 16:30:00,39.43000030517578
2018-06-26 17:30:00,39.470001220703125
2018-06-26 18:30:00,39.34000015258789
2018-06-26 19:30:00,39.13999938964844
2018-06-27 13:30:00,39.02000045776367
2018-06-27 14:30:00,38.59000015258789
2018-06-27 15:30:00,38.439998626708984
2018-06-27 16:30:00,38.38999938964844
2018-06-27 17:30:00,38.439998626708984
2018-06-27 18:30:00,38.60499954223633
2018-06-27 19:30:00,38.25
2018-06-28 13:30:00,37.27000045776367
2018-06-28 14:30:00,37.37900161743164
2018-06-28 15:30:00,37.415000915527344
2018-06-28 16:30:00,37.709999084472656
2018-06-28 17:30:00,37.959999084472656
2018-06-28 18:30:00,38.43000030517578
2018-06-28 19:30:00,38.20000076293945
2018-06-29 13:30:00,38.189998626708984
2018-06-29 14:30:00,38.55099868774414
2018-06-29 15:30:00,38.52000045776367
2018-06-29 16:30:00,38.61000061035156
2018-06-29 17:30:00,38.52000045776367
2018-06-29 18:30:00,38.36000061035156
2018-06-29 19:30:00,37.900001525878906
2018-07-02 13:30:00,37.7755012512207
2018-07-02 14:30:00,38.040000915527344
2018-07-02 15:30:00,37.91999816894531
2018-07-02 16:30:00,38.0
2018-07-02 17:30:00,38.290000915527344
2018-07-02 18:30:00,38.34000015258789
2018-07-02 19:30:00,38.349998474121094
2018-07-03 13:30:00,37.880001068115234
2018-07-03 14:30:00,38.220001220703125
2018-07-03 15:30:00,37.97999954223633
2018-07-03 17:00:00,37.75
2018-07-05 13:30:00,37.86000061035156
2018-07-05 14:30:00,37.88999938964844
2018-07-05 15:30:00,38.025001525878906
2018-07-05 16:30:00,38.040000915527344
2018-07-05 17:30:00,37.900001525878906
2018-07-05 18:30:00,37.939998626708984
2018-07-05 19:30:00,38.0
2018-07-06 13:30:00,37.94499969482422
2018-07-06 14:30:00,38.04999923706055
2018-07-06 15:30:00,38.21500015258789
2018-07-06 16:30:00,38.31999969482422
2018-07-06 17:30:00,38.099998474121094
2018-07-06 18:30:00,38.209999084472656
2018-07-06 19:30:00,38.099998474121094
2018-07-09 13:30:00,38.56999969482422
2018-07-09 14:30:00,38.880001068115234
2018-07-09 15:30:00,39.09000015258789
2018-07-09 16:30:00,39.209999084472656
2018-07-09 17:30:00,39.18000030517578
2018-07-09 18:30:00,39.25
2018-07-09 19:30:00,39.34000015258789
2018-07-10 13:30:00,39.058998107910156
2018-07-10 14:30:00,38.73500061035156
2018-07-10 15:30:00,38.82500076293945
2018-07-10 16:30:00,38.65999984741211
2018-07-10 17:30:00,38.70000076293945
2018-07-10 18:30:00,39.040000915527344
2018-07-10 19:30:00,39.130001068115234
2018-07-11 13:30:00,36.70500183105469
2018-07-11 14:30:00,36.70000076293945
2018-07-11 15:30:00,36.58000183105469
2018-07-11 16:30:00,35.970001220703125
2018-07-11 17:30:00,36.06999969482422
2018-07-11 18:30:00,36.13999938964844
2018-07-11 19:30:00,35.959999084472656
2018-07-12 13:30:00,36.369998931884766
2018-07-12 14:30:00,36.5432014465332
2018-07-12 15:30:00,36.369998931884766
2018-07-12 16:30:00,36.33000183105469
2018-07-12 17:30:00,36.064998626708984
2018-07-12 18:30:00,36.31999969482422
2018-07-12 19:30:00,36.31999969482422
2018-07-13 13:30:00,36.290000915527344
2018-07-13 14:30:00,36.599998474121094
2018-07-13 15:30:00,36.47999954223633
2018-07-13 16:30:00,36.81999969482422
2018-07-13 17:30:00,36.869998931884766
2018-07-13 18:30:00,36.98500061035156
2018-07-13 19:30:00,37.099998474121094
2018-07-16 13:30:00,37.11000061035156
2018-07-16 14:30:00,37.250099182128906
2018-07-16 15:30:00,37.36000061035156
2018-07-16 16:30:00,37.220001220703125
2018-07-16 17:30:00,37.27000045776367
2018-07-16 18:30:00,37.2599983215332
2018-07-16 19:30:00,37.28499984741211
2018-07-17 13:30:00,37.900001525878906
2018-07-17 14:30:00,37.83000183105469
2018-07-17 15:30:00,37.599998474121094
2018-07-17 16:30:00,37.540000915527344
2018-07-17 17:30:00,37.470001220703125
2018-07-17 18:30:00,37.619998931884766
2018-07-17 19:30:00,37.38999938964844
2018-07-18 13:30:00,38.4900016784668
2018-07-18 14:30:00,39.029998779296875
2018-07-18 15:30:00,38.849998474121094
2018-07-18 16:30:00,38.59859848022461
2018-07-18 17:30:00,38.619998931884766
2018-07-18 18:30:00,38.5
2018-07-18 19:30:00,38.29999923706055
2018-07-19 13:30:00,37.810001373291016
2018-07-19 14:30:00,37.70000076293945
2018-07-19 15:30:00,37.619998931884766
2018-07-19 16:30:00,37.970001220703125
2018-07-19 17:30:00,38.20500183105469
2018-07-19 18:30:00,38.130001068115234
2018-07-19 19:30:00,38.125
2018-07-20 13:30:00,38.119998931884766
2018-07-20 14:30:00,38.13999938964844
2018-07-20 15:30:00,38.04999923706055
2018-07-20 16:30:00,38.02000045776367
2018-07-20 17:30:00,37.959999084472656
2018-07-20 18:30:00,37.9900016784668
2018-07-20 19:30:00,37.880001068115234
2018-07-23 13:30:00,37.46500015258789
2018-07-23 14:30:00,37.974998474121094
2018-07-23 15:30:00,38.16999816894531
2018-07-23 16:30:00,38.04999923706055
2018-07-23 17:30:00,37.970001220703125
2018-07-23 18:30:00,38.04999923706055
2018-07-23 19:30:00,38.04999923706055
2018-07-24 13:30:00,38.27000045776367
2018-07-24 14:30:00,38.02000045776367
2018-07-24 15:30:00,38.119998931884766
2018-07-24 16:30:00,37.849998474121094
2018-07-24 17:30:00,37.579898834228516
2018-07-24 18:30:00,37.57500076293945
2018-07-24 19:30:00,37.40999984741211
2018-07-25 13:30:00,37.880001068115234
2018-07-25 14:30:00,37.86000061035156
2018-07-25 15:30:00,37.779998779296875
2018-07-25 16:30:00,38.08000183105469
2018-07-25 17:30:00,38.20000076293945
2018-07-25 18:30:00,38.13999938964844
2018-07-25 19:30:00,38.15999984741211
2018-07-26 13:30:00,39.959999084472656
2018-07-26 14:30:00,39.060001373291016
2018-07-26 15:30:00,39.2599983215332
2018-07-26 16:30:00,39.76100158691406
2018-07-26 17:30:00,40.119998931884766
2018-07-26 18:30:00,40.119998931884766
2018-07-26 19:30:00,39.970001220703125
2018-07-27 13:30:00,40.23509979248047
2018-07-27 14:30:00,40.209999084472656
2018-07-27 15:30:00,40.02000045776367
2018-07-27 16:30:00,40.0
2018-07-27 17:30:00,39.650001525878906
2018-07-27 18:30:00,39.6150016784668
2018-07-27 19:30:00,39.70000076293945
2018-07-30 13:30:00,39.83000183105469
2018-07-30 14:30:00,39.400001525878906
2018-07-30 15:30:00,39.33000183105469
2018-07-30 16:30:00,39.369998931884766
2018-07-30 17:30:00,39.45000076293945
2018-07-30 18:30:00,39.08000183105469
2018-07-30 19:30:00,38.970001220703125
2018-07-31 13:30:00,39.459999084472656
2018-07-31 14:30:00,39.529998779296875
2018-07-31 15:30:00,39.68000030517578
2018-07-31 16:30:00,39.5099983215332
2018-07-31 17:30:00,39.40999984741211
2018-07-31 18:30:00,39.45000076293945
2018-07-31 19:30:00,39.560001373291016
2018-08-01 13:30:00,39.25
2018-08-01 14:30:00,39.04499816894531
2018-08-01 15:30:00,38.720001220703125
2018-08-01 16:30:00,38.224998474121094
2018-08-01 17:30:00,37.875
2018-08-01 18:30:00,38.16999816894531
2018-08-01 19:30:00,38.130001068115234
2018-08-02 13:30:00,37.720001220703125
2018-08-02 14:30:00,37.5099983215332
2018-08-02 15:30:00,37.79999923706055
2018-08-02 16:30:00,37.709999084472656
2018-08-02 17:30:00,37.94499969482422
2018-08-02 18:30:00,37.959999084472656
2018-08-02 19:30:00,37.91999816894531
2018-08-03 13:30:00,38.46039962768555
2018-08-03 14:30:00,38.459999084472656
2018-08-03 15:30:00,38.54999923706055
2018-08-03 16:30:00,38.5099983215332
2018-08-03 17:30:00,38.52000045776367
2018-08-03 18:30:00,38.6150016784668
2018-08-03 19:30:00,38.40999984741211
2018-08-06 13:30:00,37.94499969482422
2018-08-06 14:30:00,38.20500183105469
2018-08-06 15:30:00,38.26750183105469
2018-08-06 16:30:00,38.244998931884766
2018-08-06 17:30:00,38.43000030517578
2018-08-06 18:30:00,38.380001068115234
2018-08-06 19:30:00,38.400001525878906
2018-08-07 13:30:00,38.54999923706055
2018-08-07 14:30:00,38.599998474121094
2018-08-07 15:30:00,38.65999984741211
2018-08-07 16:30:00,38.52000045776367
2018-08-07 17:30:00,38.40999984741211
2018-08-07 18:30:00,38.310001373291016
2018-08-07 19:30:00,38.255001068115234
2018-08-08 13:30:00,38.290000915527344
2018-08-08 14:30:00,38.560001373291016
2018-08-08 15:30:00,38.5099983215332
2018-08-08 16:30:00,38.72999954223633
2018-08-08 17:30:00,38.58000183105469
2018-08-08 18:30:00,38.55889892578125
2018-08-08 19:30:00,38.380001068115234
2018-08-09 13:30:00,38.42499923706055
2018-08-09 14:30:00,38.099998474121094
2018-08-09 15:30:00,38.130001068115234
2018-08-09 16:30:00,38.27000045776367
2018-08-09 17:30:00,38.11000061035156
2018-08-09 18:30:00,38.060001373291016
2018-08-09 19:30:00,37.90999984741211
2018-08-10 13:30:00,36.59000015258789
2018-08-10 14:30:00,36.900001525878906
2018-08-10 15:30:00,36.875
2018-08-10 16:30:00,36.96580123901367
2018-08-10 17:30:00,36.91999816894531
2018-08-10 18:30:00,37.209999084472656
2018-08-10 19:30:00,37.279998779296875
2018-08-13 13:30:00,37.0
2018-08-13 14:30:00,36.810001373291016
2018-08-13 15:30:00,36.70500183105469
2018-08-13 16:30:00,36.95000076293945
2018-08-13 17:30:00,37.06999969482422
2018-08-13 18:30:00,36.900001525878906
2018-08-13 19:30:00,36.790000915527344
2018-08-14 13:30:00,37.125
2018-08-14 14:30:00,37.41999816894531
2018-08-14 15:30:00,37.439998626708984
2018-08-14 16:30:00,37.28139877319336
2018-08-14 17:30:00,37.290000915527344
2018-08-14 18:30:00,37.275001525878906
2018-08-14 19:30:00,37.09000015258789
2018-08-15 13:30:00,36.619998931884766
2018-08-15 14:30:00,36.81999969482422
2018-08-15 15:30:00,37.0
2018-08-15 16:30:00,37.0
2018-08-15 17:30:00,36.86000061035156
2018-08-15 18:30:00,37.2400016784668
2018-08-15 19:30:00,37.45000076293945
2018-08-16 13:30:00,38.02519989013672
2018-08-16 14:30:00,38.2599983215332
2018-08-16 15:30:00,38.33449935913086
2018-08-16 16:30:00,38.369998931884766
2018-08-16 17:30:00,38.15999984741211
2018-08-16 18:30:00,38.220001220703125
2018-08-16 19:30:00,38.16999816894531
2018-08-17 13:30:00,37.900001525878906
2018-08-17 14:30:00,37.80009841918945
2018-08-17 15:30:00,37.91999816894531
2018-08-17 16:30:00,37.93000030517578
2018-08-17 17:30:00,38.04999923706055
2018-08-17 18:30:00,37.9900016784668
2018-08-17 19:30:00,37.779998779296875
2018-08-20 13:30:00,38.470001220703125
2018-08-20 14:30:00,38.91999816894531
2018-08-20 15:30:00,39.38999938964844
2018-08-20 16:30:00,39.72999954223633
2018-08-20 17:30:00,39.724998474121094
2018-08-20 18:30:00,39.79999923706055
2018-08-20 19:30:00,39.9900016784668
2018-08-21 13:30:00,40.290000915527344
2018-08-21 14:30:00,40.09000015258789
2018-08-21 15:30:00,40.369998931884766
2018-08-21 16:30:00,40.40999984741211
2018-08-21 17:30:00,40.66999816894531
2018-08-21 18:30:00,40.40999984741211
2018-08-21 19:30:00,40.310001373291016
2018-08-22 13:30:00,39.36000061035156
2018-08-22 14:30:00,39.45000076293945
2018-08-22 15:30:00,39.45000076293945
2018-08-22 16:30:00,39.43000030517578
2018-08-22 17:30:00,39.369998931884766
2018-08-22 18:30:00,39.25
2018-08-22 19:30:00,39.20000076293945
2018-08-23 13:30:00,39.35499954223633
2018-08-23 14:30:00,39.099998474121094
2018-08-23 15:30:00,39.130001068115234
2018-08-23 16:30:00,38.93000030517578
2018-08-23 17:30:00,38.880001068115234
2018-08-23 18:30:00,38.900001525878906
2018-08-23 19:30:00,38.81999969482422
2018-08-24 13:30:00,38.709999084472656
2018-08-24 14:30:00,38.970001220703125
2018-08-24 15:30:00,39.07500076293945
2018-08-24 16:30:00,39.02000045776367
2018-08-24 17:30:00,38.959999084472656
2018-08-24 18:30:00,38.80500030517578
2018-08-24 19:30:00,38.810001373291016
2018-08-27 13:30:00,39.494998931884766
2018-08-27 14:30:00,39.654998779296875
2018-08-27 15:30:00,39.380001068115234
2018-08-27 16:30:00,39.59000015258789
2018-08-27 17:30:00,39.5098991394043
2018-08-27 18:30:00,39.400001525878906
2018-08-27 19:30:00,39.52000045776367
2018-08-28 13:30:00,40.2599983215332
2018-08-28 14:30:00,40.400001525878906
2018-08-28 15:30:00,40.560001373291016
2018-08-28 16:30:00,40.310001373291016
2018-08-28 17:30:00,40.404998779296875
2018-08-28 18:30:00,40.474998474121094
2018-08-28 19:30:00,40.70000076293945
2018-08-29 13:30:00,40.58000183105469
2018-08-29 14:30:00,40.91999816894531
2018-08-29 15:30:00,40.790000915527344
2018-08-29 16:30:00,40.709999084472656
2018-08-29 17:30:00,40.650001525878906
2018-08-29 18:30:00,40.56999969482422
2018-08-29 19:30:00,40.5
2018-08-30 13:30:00,40.435001373291016
2018-08-30 14:30:00,40.4900016784668
2018-08-30 15:30:00,40.46969985961914
2018-08-30 16:30:00,40.575199127197266
2018-08-30 17:30:00,40.40999984741211
2018-08-30 18:30:00,40.29999923706055
2018-08-30 19:30:00,40.40999984741211
2018-08-31 13:30:00,40.29999923706055
2018-08-31 14:30:00,40.349998474121094
2018-08-31 15:30:00,40.290000915527344
2018-08-31 16:30:00,40.279998779296875
2018-08-31 17:30:00,40.400001525878906
2018-08-31 18:30:00,40.380001068115234
2018-08-31 19:30:00,40.470001220703125
2018-09-04 13:30:00,41.03499984741211
2018-09-04 14:30:00,41.130001068115234
2018-09-04 15:30:00,41.02000045776367
2018-09-04 16:30:00,40.720001220703125
2018-09-04 17:30:00,40.58000183105469
2018-09-04 18:30:00,40.54999923706055
2018-09-04 19:30:00,40.810001373291016
2018-09-05 13:30:00,40.275001525878906
2018-09-05 14:30:00,39.39500045776367
2018-09-05 15:30:00,39.459999084472656
2018-09-05 16:30:00,39.52000045776367
2018-09-05 17:30:00,39.59749984741211
2018-09-05 18:30:00,39.53499984741211
2018-09-05 19:30:00,39.63999938964844
2018-09-06 13:30:00,38.959999084472656
2018-09-06 14:30:00,38.720001220703125
2018-09-06 15:30:00,38.44499969482422
2018-09-06 16:30:00,38.4900016784668
2018-09-06 17:30:00,38.4900016784668
2018-09-06 18:30:00,38.4463005065918
2018-09-06 19:30:00,38.470001220703125
2018-09-07 13:30:00,39.19499969482422
2018-09-07 14:30:00,38.86000061035156
2018-09-07 15:30:00,38.38999938964844
2018-09-07 16:30:00,38.2599983215332
2018-09-07 17:30:00,38.349998474121094
2018-09-07 18:30:00,38.53499984741211
2018-09-07 19:30:00,38.43000030517578
2018-09-10 13:30:00,39.040000915527344
2018-09-10 14:30:00,39.290000915527344
2018-09-10 15:30:00,39.2400016784668
2018-09-10 16:30:00,39.209999084472656
2018-09-10 17:30:00,39.40999984741211
2018-09-10 18:30:00,39.47999954223633
2018-09-10 19:30:00,39.43000030517578
2018-09-11 13:30:00,39.709999084472656
2018-09-11 14:30:00,39.869998931884766
2018-09-11 15:30:00,40.0
2018-09-11 16:30:00,39.9900016784668
2018-09-11 17:30:00,40.05659866333008
2018-09-11 18:30:00,40.099998474121094
2018-09-11 19:30:00,40.20000076293945
2018-09-12 13:30:00,39.93000030517578
2018-09-12 14:30:00,39.75
2018-09-12 15:30:00,39.81999969482422
2018-09-12 16:30:00,39.779998779296875
2018-09-12 17:30:00,39.560001373291016
2018-09-12 18:30:00,39.33000183105469
2018-09-12 19:30:00,39.2400016784668
2018-09-13 13:30:00,39.791500091552734
2018-09-13 14:30:00,39.80009841918945
2018-09-13 15:30:00,39.849998474121094
2018-09-13 16:30:00,39.72999954223633
2018-09-13 17:30:00,39.720001220703125
2018-09-13 18:30:00,39.65999984741211
2018-09-13 19:30:00,39.47999954223633
2018-09-14 13:30:00,39.720001220703125
2018-09-14 14:30:00,39.8849983215332
2018-09-14 15:30:00,39.67499923706055
2018-09-14 16:30:00,39.65999984741211
2018-09-14 17:30:00,39.720001220703125
2018-09-14 18:30:00,39.70000076293945
2018-09-14 19:30:00,39.7400016784668
2018-09-17 13:30:00,40.17499923706055
2018-09-17 14:30:00,40.40999984741211
2018-09-17 15:30:00,40.5098991394043
2018-09-17 16:30:00,40.45000076293945
2018-09-17 17:30:00,40.5
2018-09-17 18:30:00,40.44499969482422
2018-09-17 19:30:00,40.34000015258789
2018-09-18 13:30:00,40.13999938964844
2018-09-18 14:30:00,40.36000061035156
2018-09-18 15:30:00,40.584999084472656
2018-09-18 16:30:00,40.560001373291016
2018-09-18 17:30:00,40.665000915527344
2018-09-18 18:30:00,40.685001373291016
2018-09-18 19:30:00,40.790000915527344
2018-09-19 13:30:00,41.36000061035156
2018-09-19 14:30:00,41.40999984741211
2018-09-19 15:30:00,41.59000015258789
2018-09-19 16:30:00,41.599998474121094
2018-09-19 17:30:00,41.64500045776367
2018-09-19 18:30:00,41.52000045776367
2018-09-19 19:30:00,41.630001068115234
2018-09-20 13:30:00,41.560001373291016
2018-09-20 14:30:00,41.369998931884766
2018-09-20 15:30:00,41.439998626708984
2018-09-20 16:30:00,41.7400016784668
2018-09-20 17:30:00,41.75
2018-09-20 18:30:00,41.68000030517578
2018-09-20 19:30:00,41.88999938964844
2018-09-21 13:30:00,43.165000915527344
2018-09-21 14:30:00,43.58000183105469
2018-09-21 15:30:00,43.52000045776367
2018-09-21 16:30:00,43.58810043334961
2018-09-21 17:30:00,43.44499969482422
2018-09-21 18:30:00,43.54999923706055
2018-09-21 19:30:00,43.599998474121094
2018-09-24 13:30:00,42.7234992980957
2018-09-24 14:30:00,42.79999923706055
2018-09-24 15:30:00,42.28499984741211
2018-09-24 16:30:00,42.159400939941406
2018-09-24 17:30:00,42.23500061035156
2018-09-24 18:30:00,41.849998474121094
2018-09-24 19:30:00,41.970001220703125
2018-09-25 13:30:00,40.560001373291016
2018-09-25 14:30:00,40.439998626708984
2018-09-25 15:30:00,40.939998626708984
2018-09-25 16:30:00,40.93000030517578
2018-09-25 17:30:00,40.810001373291016
2018-09-25 18:30:00,40.72999954223633
2018-09-25 19:30:00,40.80649948120117
2018-09-26 13:30:00,40.929901123046875
2018-09-26 14:30:00,41.06999969482422
2018-09-26 15:30:00,41.073299407958984
2018-09-26 16:30:00,41.15999984741211
2018-09-26 17:30:00,41.29999923706055
2018-09-26 18:30:00,41.33000183105469
2018-09-26 19:30:00,41.02000045776367
2018-09-27 13:30:00,42.119998931884766
2018-09-27 14:30:00,41.939998626708984
2018-09-27 15:30:00,41.91999816894531
2018-09-27 16:30:00,41.988399505615234
2018-09-27 17:30:00,41.70000076293945
2018-09-27 18:30:00,41.56999969482422
2018-09-27 19:30:00,41.5099983215332
2018-09-28 13:30:00,41.7599983215332
2018-09-28 14:30:00,41.474998474121094
2018-09-28 15:30:00,41.099998474121094
2018-09-28 16:30:00,40.779998779296875
2018-09-28 17:30:00,40.77000045776367
2018-09-28 18:30:00,41.13999938964844
2018-09-28 19:30:00,41.31999969482422
2018-10-01 13:30:00,41.217498779296875
2018-10-01 14:30:00,41.17499923706055
2018-10-01 15:30:00,40.64500045776367
2018-10-01 16:30:00,40.78499984741211
2018-10-01 17:30:00,40.32500076293945
2018-10-01 18:30:00,39.779998779296875
2018-10-01 19:30:00,39.61000061035156
2018-10-02 13:30:00,38.849998474121094
2018-10-02 14:30:00,38.939998626708984
2018-10-02 15:30:00,38.970001220703125
2018-10-02 16:30:00,39.040000915527344
2018-10-02 17:30:00,38.70000076293945
2018-10-02 18:30:00,38.619998931884766
2018-10-02 19:30:00,38.5
2018-10-03 13:30:00,38.685001373291016
2018-10-03 14:30:00,38.9900016784668
2018-10-03 15:30:00,39.084999084472656
2018-10-03 16:30:00,39.2599983215332
2018-10-03 17:30:00,39.05500030517578
2018-10-03 18:30:00,38.68000030517578
2018-10-03 19:30:00,38.79999923706055
2018-10-04 13:30:00,38.7599983215332
2018-10-04 14:30:00,38.63010025024414
2018-10-04 15:30:00,37.720001220703125
2018-10-04 16:30:00,37.755001068115234
2018-10-04 17:30:00,38.0
2018-10-04 18:30:00,38.0
2018-10-04 19:30:00,37.90999984741211
2018-10-05 13:30:00,37.29999923706055
2018-10-05 14:30:00,36.97850036621094
2018-10-05 15:30:00,36.595001220703125
2018-10-05 16:30:00,36.27000045776367
2018-10-05 17:30:00,36.79999923706055
2018-10-05 18:30:00,36.71500015258789
2018-10-05 19:30:00,36.40999984741211
2018-10-08 13:30:00,36.400001525878906
2018-10-08 14:30:00,36.0
2018-10-08 15:30:00,36.040000915527344
2018-10-08 16:30:00,35.90999984741211
2018-10-08 17:30:00,35.97999954223633
2018-10-08 18:30:00,35.959999084472656
2018-10-08 19:30:00,35.880001068115234
2018-10-09 13:30:00,34.619998931884766
2018-10-09 14:30:00,34.5099983215332
2018-10-09 15:30:00,34.310001373291016
2018-10-09 16:30:00,33.994998931884766
2018-10-09 17:30:00,33.79999923706055
2018-10-09 18:30:00,33.790000915527344
2018-10-09 19:30:00,33.540000915527344
2018-10-10 13:30:00,32.38999938964844
2018-10-10 14:30:00,32.220001220703125
2018-10-10 15:30:00,32.459999084472656
2018-10-10 16:30:00,32.48500061035156
2018-10-10 17:30:00,32.317501068115234
2018-10-10 18:30:00,32.230098724365234
2018-10-10 19:30:00,31.600000381469727
2018-10-11 13:30:00,31.915000915527344
2018-10-11 14:30:00,31.4950008392334
2018-10-11 15:30:00,32.119998931884766
2018-10-11 16:30:00,31.670000076293945
2018-10-11 17:30:00,31.40999984741211
2018-10-11 18:30:00,31.530000686645508
2018-10-11 19:30:00,31.270000457763672
2018-10-12 13:30:00,31.40530014038086
2018-10-12 14:30:00,31.290000915527344
2018-10-12 15:30:00,31.229999542236328
2018-10-12 16:30:00,31.114999771118164
2018-10-12 17:30:00,31.040000915527344
2018-10-12 18:30:00,31.176799774169922
2018-10-12 19:30:00,30.899999618530273
2018-10-15 13:30:00,31.420000076293945
2018-10-15 14:30:00,31.989999771118164
2018-10-15 15:30:00,31.709999084472656
2018-10-15 16:30:00,31.849899291992188
2018-10-15 17:30:00,31.934999465942383
2018-10-15 18:30:00,32.06660079956055
2018-10-15 19:30:00,31.780000686645508
2018-10-16 13:30:00,32.4900016784668
2018-10-16 14:30:00,32.810001373291016
2018-10-16 15:30:00,33.02000045776367
2018-10-16 16:30:00,33.28499984741211
2018-10-16 17:30:00,33.27000045776367
2018-10-16 18:30:00,33.20000076293945
2018-10-16 19:30:00,33.310001373291016
2018-10-17 13:30:00,33.939998626708984
2018-10-17 14:30:00,33.7599983215332
2018-10-17 15:30:00,34.349998474121094
2018-10-17 16:30:00,34.25
2018-10-17 17:30:00,33.869998931884766
2018-10-17 18:30:00,33.75960159301758
2018-10-17 19:30:00,33.560001373291016
2018-10-18 13:30:00,32.970001220703125
2018-10-18 14:30:00,32.73500061035156
2018-10-18 15:30:00,32.630001068115234
2018-10-18 16:30:00,32.22999954223633
2018-10-18 17:30:00,32.04999923706055
2018-10-18 18:30:00,32.053001403808594
2018-10-18 19:30:00,32.060001373291016
2018-10-19 13:30:00,32.435001373291016
2018-10-19 14:30:00,32.25
2018-10-19 15:30:00,32.04999923706055
2018-10-19 16:30:00,32.16999816894531
2018-10-19 17:30:00,32.04499816894531
2018-10-19 18:30:00,32.0
2018-10-19 19:30:00,32.040000915527344
2018-10-22 13:30:00,31.920000076293945
2018-10-22 14:30:00,32.34000015258789
2018-10-22 15:30:00,32.213199615478516
2018-10-22 16:30:00,32.40999984741211
2018-10-22 17:30:00,32.279998779296875
2018-10-22 18:30:00,32.369998931884766
2018-10-22 19:30:00,32.16999816894531
2018-10-23 13:30:00,30.8218994140625
2018-10-23 14:30:00,31.510000228881836
2018-10-23 15:30:00,31.559999465942383
2018-10-23 16:30:00,31.670000076293945
2018-10-23 17:30:00,31.709999084472656
2018-10-23 18:30:00,32.20000076293945
2018-10-23 19:30:00,32.38999938964844
2018-10-24 13:30:00,32.38999938964844
2018-10-24 14:30:00,31.940000534057617
2018-10-24 15:30:00,32.09000015258789
2018-10-24 16:30:00,31.711999893188477
2018-10-24 17:30:00,31.18000030517578
2018-10-24 18:30:00,30.600000381469727
2018-10-24 19:30:00,30.333200454711914
2018-10-25 13:30:00,32.22999954223633
2018-10-25 14:30:00,32.68000030517578
2018-10-25 15:30:00,32.900001525878906
2018-10-25 16:30:00,32.869998931884766
2018-10-25 17:30:00,33.25
2018-10-25 18:30:00,32.880001068115234
2018-10-25 19:30:00,32.33000183105469
2018-10-26 13:30:00,31.510000228881836
2018-10-26 14:30:00,32.400001525878906
2018-10-26 15:30:00,32.57500076293945
2018-10-26 16:30:00,32.84000015258789
2018-10-26 17:30:00,32.790000915527344
2018-10-26 18:30:00,32.49700164794922
2018-10-26 19:30:00,32.45000076293945
2018-10-29 13:30:00,33.97999954223633
2018-10-29 14:30:00,33.540000915527344
2018-10-29 15:30:00,33.06999969482422
2018-10-29 16:30:00,33.38999938964844
2018-10-29 17:30:00,33.150001525878906
2018-10-29 18:30:00,32.279998779296875
2018-10-29 19:30:00,32.599998474121094
2018-10-30 13:30:00,34.16849899291992
2018-10-30 14:30:00,34.34000015258789
2018-10-30 15:30:00,34.244998931884766
2018-10-30 16:30:00,33.90999984741211
2018-10-30 17:30:00,34.09000015258789
2018-10-30 18:30:00,34.560001373291016
2018-10-30 19:30:00,34.68000030517578
2018-10-31 13:30:00,35.279998779296875
2018-10-31 14:30:00,35.4114990234375
2018-10-31 15:30:00,35.05009841918945
2018-10-31 16:30:00,35.165000915527344
2018-10-31 17:30:00,35.470001220703125
2018-10-31 18:30:00,35.40999984741211
2018-10-31 19:30:00,35.08000183105469
2018-11-01 13:30:00,35.5099983215332
2018-11-01 14:30:00,36.07500076293945
2018-11-01 15:30:00,36.150001525878906
2018-11-01 16:30:00,36.09000015258789
2018-11-01 17:30:00,36.41999816894531
2018-11-01 18:30:00,36.380001068115234
2018-11-01 19:30:00,36.380001068115234
2018-11-02 13:30:00,36.650001525878906
2018-11-02 14:30:00,36.349998474121094
2018-11-02 15:30:00,36.220001220703125
2018-11-02 16:30:00,36.119998931884766
2018-11-02 17:30:00,36.5442008972168
2018-11-02 18:30:00,36.43000030517578
2018-11-02 19:30:00,36.349998474121094
