Datetime,ADSK
2017-11-06 14:30:00,123.98999786376953
2017-11-06 15:30:00,124.05999755859375
2017-11-06 16:30:00,123.58000183105469
2017-11-06 17:30:00,123.48999786376953
2017-11-06 18:30:00,123.63999938964844
2017-11-06 19:30:00,123.99500274658203
2017-11-06 20:30:00,123.77999877929688
2017-11-07 14:30:00,123.7699966430664
2017-11-07 15:30:00,122.93000030517578
2017-11-07 16:30:00,122.83999633789062
2017-11-07 17:30:00,123.0
2017-11-07 18:30:00,122.9811019897461
2017-11-07 19:30:00,123.08000183105469
2017-11-07 20:30:00,123.37000274658203
2017-11-08 14:30:00,123.55000305175781
2017-11-08 15:30:00,123.87999725341797
2017-11-08 16:30:00,123.9800033569336
2017-11-08 17:30:00,123.94999694824219
2017-11-08 18:30:00,123.95999908447266
2017-11-08 19:30:00,123.97000122070312
2017-11-08 20:30:00,123.83000183105469
2017-11-09 14:30:00,122.625
2017-11-09 15:30:00,121.73500061035156
2017-11-09 16:30:00,120.560302734375
2017-11-09 17:30:00,121.06999969482422
2017-11-09 18:30:00,121.12999725341797
2017-11-09 19:30:00,121.56999969482422
2017-11-09 20:30:00,122.38999938964844
2017-11-10 14:30:00,122.47000122070312
2017-11-10 15:30:00,122.4000015258789
2017-11-10 16:30:00,122.83999633789062
2017-11-10 17:30:00,122.8499984741211
2017-11-10 18:30:00,123.01000213623047
2017-11-10 19:30:00,122.91000366210938
2017-11-10 20:30:00,123.11000061035156
2017-11-13 14:30:00,123.51000213623047
2017-11-13 15:30:00,123.72000122070312
2017-11-13 16:30:00,124.20999908447266
2017-11-13 17:30:00,124.0
2017-11-13 18:30:00,124.08000183105469
2017-11-13 19:30:00,124.80999755859375
2017-11-13 20:30:00,124.6500015258789
2017-11-14 14:30:00,124.02999877929688
2017-11-14 15:30:00,123.5999984741211
2017-11-14 16:30:00,124.05500030517578
2017-11-14 17:30:00,123.5250015258789
2017-11-14 18:30:00,123.875
2017-11-14 19:30:00,123.63999938964844
2017-11-14 20:30:00,123.87999725341797
2017-11-15 14:30:00,124.2699966430664
2017-11-15 15:30:00,124.97000122070312
2017-11-15 16:30:00,124.18000030517578
2017-11-15 17:30:00,123.91999816894531
2017-11-15 18:30:00,124.23999786376953
2017-11-15 19:30:00,124.04000091552734
2017-11-15 20:30:00,124.05000305175781
2017-11-16 14:30:00,125.3949966430664
2017-11-16 15:30:00,125.87999725341797
2017-11-16 16:30:00,125.96499633789062
2017-11-16 17:30:00,126.08000183105469
2017-11-16 18:30:00,126.41000366210938
2017-11-16 19:30:00,126.38500213623047
2017-11-16 20:30:00,126.98999786376953
2017-11-17 14:30:00,127.18000030517578
2017-11-17 15:30:00,127.25499725341797
2017-11-17 16:30:00,127.11000061035156
2017-11-17 17:30:00,127.27999877929688
2017-11-17 18:30:00,127.38999938964844
2017-11-17 19:30:00,127.29000091552734
2017-11-17 20:30:00,127.51000213623047
2017-11-20 14:30:00,127.2300033569336
2017-11-20 15:30:00,127.58000183105469
2017-11-20 16:30:00,127.36000061035156
2017-11-20 17:30:00,127.08999633789062
2017-11-20 18:30:00,127.1500015258789
2017-11-20 19:30:00,126.45999908447266
2017-11-20 20:30:00,126.29000091552734
2017-11-21 14:30:00,127.33000183105469
2017-11-21 15:30:00,127.22000122070312
2017-11-21 16:30:00,127.62249755859375
2017-11-21 17:30:00,127.5199966430664
2017-11-21 18:30:00,127.66000366210938
2017-11-21 19:30:00,127.5
2017-11-21 20:30:00,127.69999694824219
2017-11-22 14:30:00,127.94999694824219
2017-11-22 15:30:00,127.58499908447266
2017-11-22 16:30:00,127.1500015258789
2017-11-22 17:30:00,127.19999694824219
2017-11-22 18:30:00,127.12000274658203
2017-11-22 19:30:00,127.55000305175781
2017-11-22 20:30:00,127.7699966430664
2017-11-24 14:30:00,128.2550048828125
2017-11-24 15:30:00,128.5500030517578
2017-11-24 16:30:00,128.89999389648438
2017-11-24 18:00:00,129.47999572753906
2017-11-27 14:30:00,129.8800048828125
2017-11-27 15:30:00,129.5240020751953
2017-11-27 16:30:00,129.72999572753906
2017-11-27 17:30:00,129.47999572753906
2017-11-27 18:30:00,129.4199981689453
2017-11-27 19:30:00,129.8699951171875
2017-11-27 20:30:00,130.27000427246094
2017-11-28 14:30:00,128.89999389648438
2017-11-28 15:30:00,129.17999267578125
2017-11-28 16:30:00,129.16000366210938
2017-11-28 17:30:00,128.41000366210938
2017-11-28 18:30:00,129.00990295410156
2017-11-28 19:30:00,130.00999450683594
2017-11-28 20:30:00,129.9600067138672
2017-11-29 14:30:00,108.27010345458984
2017-11-29 15:30:00,110.37000274658203
2017-11-29 16:30:00,109.77999877929688
2017-11-29 17:30:00,108.54969787597656
2017-11-29 18:30:00,106.47000122070312
2017-11-29 19:30:00,108.94000244140625
2017-11-29 20:30:00,109.33000183105469
2017-11-30 14:30:00,107.51000213623047
2017-11-30 15:30:00,108.55999755859375
2017-11-30 16:30:00,109.4000015258789
2017-11-30 17:30:00,108.86000061035156
2017-11-30 18:30:00,111.05999755859375
2017-11-30 19:30:00,110.16000366210938
2017-11-30 20:30:00,109.62999725341797
2017-12-01 14:30:00,108.5
2017-12-01 15:30:00,107.02999877929688
2017-12-01 16:30:00,109.12000274658203
2017-12-01 17:30:00,109.0
2017-12-01 18:30:00,108.26000213623047
2017-12-01 19:30:00,107.19999694824219
2017-12-01 20:30:00,107.05000305175781
2017-12-04 14:30:00,106.37000274658203
2017-12-04 15:30:00,106.55999755859375
2017-12-04 16:30:00,107.08000183105469
2017-12-04 17:30:00,107.98999786376953
2017-12-04 18:30:00,107.69999694824219
2017-12-04 19:30:00,108.1500015258789
2017-12-04 20:30:00,107.94999694824219
2017-12-05 14:30:00,108.30999755859375
2017-12-05 15:30:00,107.4800033569336
2017-12-05 16:30:00,108.27999877929688
2017-12-05 17:30:00,107.77999877929688
2017-12-05 18:30:00,107.51000213623047
2017-12-05 19:30:00,107.05999755859375
2017-12-05 20:30:00,106.56999969482422
2017-12-06 14:30:00,107.16500091552734
2017-12-06 15:30:00,107.05999755859375
2017-12-06 16:30:00,106.5
2017-12-06 17:30:00,106.66000366210938
2017-12-06 18:30:00,107.02999877929688
2017-12-06 19:30:00,106.94999694824219
2017-12-06 20:30:00,106.93000030517578
2017-12-07 14:30:00,107.80000305175781
2017-12-07 15:30:00,108.4000015258789
2017-12-07 16:30:00,109.25
2017-12-07 17:30:00,109.55000305175781
2017-12-07 18:30:00,109.37000274658203
2017-12-07 19:30:00,109.5199966430664
2017-12-07 20:30:00,109.63999938964844
2017-12-08 14:30:00,108.46499633789062
2017-12-08 15:30:00,107.63999938964844
2017-12-08 16:30:00,107.93000030517578
2017-12-08 17:30:00,107.29000091552734
2017-12-08 18:30:00,107.05999755859375
2017-12-08 19:30:00,107.04000091552734
2017-12-08 20:30:00,107.16000366210938
2017-12-11 14:30:00,106.87000274658203
2017-12-11 15:30:00,106.69000244140625
2017-12-11 16:30:00,107.55400085449219
2017-12-11 17:30:00,106.58779907226562
2017-12-11 18:30:00,106.41999816894531
2017-12-11 19:30:00,106.44999694824219
2017-12-11 20:30:00,106.83000183105469
2017-12-12 14:30:00,107.02999877929688
2017-12-12 15:30:00,107.87999725341797
2017-12-12 16:30:00,107.55000305175781
2017-12-12 17:30:00,107.30500030517578
2017-12-12 18:30:00,106.73999786376953
2017-12-12 19:30:00,106.29000091552734
2017-12-12 20:30:00,106.33000183105469
2017-12-13 14:30:00,106.88999938964844
2017-12-13 15:30:00,106.80000305175781
2017-12-13 16:30:00,106.0
2017-12-13 17:30:00,105.80000305175781
2017-12-13 18:30:00,106.41999816894531
2017-12-13 19:30:00,106.25
2017-12-13 20:30:00,106.05000305175781
2017-12-14 14:30:00,106.72000122070312
2017-12-14 15:30:00,106.56999969482422
2017-12-14 16:30:00,106.79000091552734
2017-12-14 17:30:00,106.5
2017-12-14 18:30:00,106.23500061035156
2017-12-14 19:30:00,106.58000183105469
2017-12-14 20:30:00,106.26000213623047
2017-12-15 14:30:00,107.93000030517578
2017-12-15 15:30:00,108.3499984741211
2017-12-15 16:30:00,108.47000122070312
2017-12-15 17:30:00,108.20999908447266
2017-12-15 18:30:00,108.38999938964844
2017-12-15 19:30:00,108.87000274658203
2017-12-15 20:30:00,108.4000015258789
2017-12-18 14:30:00,109.26000213623047
2017-12-18 15:30:00,108.30000305175781
2017-12-18 16:30:00,108.13999938964844
2017-12-18 17:30:00,108.11499786376953
2017-12-18 18:30:00,108.08999633789062
2017-12-18 19:30:00,107.66500091552734
2017-12-18 20:30:00,107.48999786376953
2017-12-19 14:30:00,107.0
2017-12-19 15:30:00,106.7301025390625
2017-12-19 16:30:00,106.0999984741211
2017-12-19 17:30:00,106.12999725341797
2017-12-19 18:30:00,106.08000183105469
2017-12-19 19:30:00,105.63999938964844
2017-12-19 20:30:00,105.38999938964844
2017-12-20 14:30:00,104.2699966430664
2017-12-20 15:30:00,104.69999694824219
2017-12-20 16:30:00,105.25
2017-12-20 17:30:00,105.63999938964844
2017-12-20 18:30:00,105.12740325927734
2017-12-20 19:30:00,105.04000091552734
2017-12-20 20:30:00,105.0199966430664
2017-12-21 14:30:00,104.8949966430664
2017-12-21 15:30:00,104.0199966430664
2017-12-21 16:30:00,104.52999877929688
2017-12-21 17:30:00,104.83000183105469
2017-12-21 18:30:00,104.62999725341797
2017-12-21 19:30:00,104.76000213623047
2017-12-21 20:30:00,104.43000030517578
2017-12-22 14:30:00,104.38999938964844
2017-12-22 15:30:00,104.2300033569336
2017-12-22 16:30:00,104.24009704589844
2017-12-22 17:30:00,104.3499984741211
2017-12-22 18:30:00,104.47000122070312
2017-12-22 19:30:00,103.93499755859375
2017-12-22 20:30:00,103.9000015258789
2017-12-26 14:30:00,103.91000366210938
2017-12-26 15:30:00,103.5999984741211
2017-12-26 16:30:00,103.66500091552734
2017-12-26 17:30:00,103.94999694824219
2017-12-26 18:30:00,104.0199966430664
2017-12-26 19:30:00,103.80000305175781
2017-12-26 20:30:00,103.80000305175781
2017-12-27 14:30:00,104.72000122070312
2017-12-27 15:30:00,104.6449966430664
2017-12-27 16:30:00,104.33000183105469
2017-12-27 17:30:00,104.23999786376953
2017-12-27 18:30:00,104.31999969482422
2017-12-27 19:30:00,104.52300262451172
2017-12-27 20:30:00,104.58000183105469
2017-12-28 14:30:00,104.45999908447266
2017-12-28 15:30:00,104.82990264892578
2017-12-28 16:30:00,104.87999725341797
2017-12-28 17:30:00,104.55999755859375
2017-12-28 18:30:00,104.44999694824219
2017-12-28 19:30:00,104.80000305175781
2017-12-28 20:30:00,105.05999755859375
2017-12-29 14:30:00,104.9800033569336
2017-12-29 15:30:00,105.05000305175781
2017-12-29 16:30:00,105.20999908447266
2017-12-29 17:30:00,105.38999938964844
2017-12-29 18:30:00,105.04000091552734
2017-12-29 19:30:00,105.41000366210938
2017-12-29 20:30:00,104.81999969482422
2018-01-02 14:30:00,105.81999969482422
2018-01-02 15:30:00,106.76000213623047
2018-01-02 16:30:00,106.54000091552734
2018-01-02 17:30:00,106.3499984741211
2018-01-02 18:30:00,106.79499816894531
2018-01-02 19:30:00,107.05000305175781
2018-01-02 20:30:00,107.1500015258789
2018-01-03 14:30:00,108.79000091552734
2018-01-03 15:30:00,108.62999725341797
2018-01-03 16:30:00,108.96939849853516
2018-01-03 17:30:00,108.95500183105469
2018-01-03 18:30:00,109.36000061035156
2018-01-03 19:30:00,109.55999755859375
2018-01-03 20:30:00,109.37999725341797
2018-01-04 14:30:00,110.45999908447266
2018-01-04 15:30:00,111.20099639892578
2018-01-04 16:30:00,111.07250213623047
2018-01-04 17:30:00,110.91999816894531
2018-01-04 18:30:00,111.68000030517578
2018-01-04 19:30:00,111.80000305175781
2018-01-04 20:30:00,112.06999969482422
2018-01-05 14:30:00,112.25
2018-01-05 15:30:00,112.30500030517578
2018-01-05 16:30:00,112.08499908447266
2018-01-05 17:30:00,112.26000213623047
2018-01-05 18:30:00,112.05000305175781
2018-01-05 19:30:00,111.25
2018-01-05 20:30:00,110.81999969482422
2018-01-08 14:30:00,110.51000213623047
2018-01-08 15:30:00,111.11000061035156
2018-01-08 16:30:00,111.02999877929688
2018-01-08 17:30:00,111.29000091552734
2018-01-08 18:30:00,111.62999725341797
2018-01-08 19:30:00,111.6500015258789
2018-01-08 20:30:00,111.41999816894531
2018-01-09 14:30:00,111.72000122070312
2018-01-09 15:30:00,111.66999816894531
2018-01-09 16:30:00,111.6500015258789
2018-01-09 17:30:00,112.1698989868164
2018-01-09 18:30:00,112.0199966430664
2018-01-09 19:30:00,112.04000091552734
2018-01-09 20:30:00,112.12999725341797
2018-01-10 14:30:00,111.0999984741211
2018-01-10 15:30:00,111.08499908447266
2018-01-10 16:30:00,111.04000091552734
2018-01-10 17:30:00,110.91999816894531
2018-01-10 18:30:00,110.95999908447266
2018-01-10 19:30:00,111.4000015258789
2018-01-10 20:30:00,111.44000244140625
2018-01-11 14:30:00,113.1500015258789
2018-01-11 15:30:00,113.0199966430664
2018-01-11 16:30:00,113.08000183105469
2018-01-11 17:30:00,113.37000274658203
2018-01-11 18:30:00,113.00499725341797
2018-01-11 19:30:00,113.0999984741211
2018-01-11 20:30:00,113.25
2018-01-12 14:30:00,114.0
2018-01-12 15:30:00,114.76000213623047
2018-01-12 16:30:00,115.30999755859375
2018-01-12 17:30:00,114.75
2018-01-12 18:30:00,115.6187973022461
2018-01-12 19:30:00,115.5199966430664
2018-01-12 20:30:00,115.91000366210938
2018-01-16 14:30:00,115.19499969482422
2018-01-16 15:30:00,114.86000061035156
2018-01-16 16:30:00,114.44999694824219
2018-01-16 17:30:00,113.94000244140625
2018-01-16 18:30:00,112.56999969482422
2018-01-16 19:30:00,112.27999877929688
2018-01-16 20:30:00,111.9800033569336
2018-01-17 14:30:00,111.15499877929688
2018-01-17 15:30:00,111.72000122070312
2018-01-17 16:30:00,112.0199966430664
2018-01-17 17:30:00,111.80500030517578
2018-01-17 18:30:00,112.22000122070312
2018-01-17 19:30:00,112.6500015258789
2018-01-17 20:30:00,112.9800033569336
2018-01-18 14:30:00,113.47000122070312
2018-01-18 15:30:00,112.97000122070312
2018-01-18 16:30:00,113.11000061035156
2018-01-18 17:30:00,113.05500030517578
2018-01-18 18:30:00,113.33999633789062
2018-01-18 19:30:00,112.9000015258789
2018-01-18 20:30:00,112.54000091552734
2018-01-19 14:30:00,114.41999816894531
2018-01-19 15:30:00,114.45999908447266
2018-01-19 16:30:00,115.52999877929688
2018-01-19 17:30:00,115.87999725341797
2018-01-19 18:30:00,115.3499984741211
2018-01-19 19:30:00,115.31999969482422
2018-01-19 20:30:00,115.29000091552734
2018-01-22 14:30:00,117.30000305175781
2018-01-22 15:30:00,116.43000030517578
2018-01-22 16:30:00,117.0999984741211
2018-01-22 17:30:00,116.80000305175781
2018-01-22 18:30:00,117.0999984741211
2018-01-22 19:30:00,117.19999694824219
2018-01-22 20:30:00,117.41000366210938
2018-01-23 14:30:00,117.3499984741211
2018-01-23 15:30:00,118.33999633789062
2018-01-23 16:30:00,118.0
2018-01-23 17:30:00,118.58000183105469
2018-01-23 18:30:00,118.33999633789062
2018-01-23 19:30:00,118.72000122070312
2018-01-23 20:30:00,118.70999908447266
2018-01-24 14:30:00,118.7300033569336
2018-01-24 15:30:00,117.70999908447266
2018-01-24 16:30:00,117.94000244140625
2018-01-24 17:30:00,117.47000122070312
2018-01-24 18:30:00,117.72000122070312
2018-01-24 19:30:00,116.81999969482422
2018-01-24 20:30:00,116.9800033569336
2018-01-25 14:30:00,117.47000122070312
2018-01-25 15:30:00,118.07499694824219
2018-01-25 16:30:00,118.02999877929688
2018-01-25 17:30:00,117.83999633789062
2018-01-25 18:30:00,117.55999755859375
2018-01-25 19:30:00,116.75
2018-01-25 20:30:00,116.88999938964844
2018-01-26 14:30:00,118.16999816894531
2018-01-26 15:30:00,118.68000030517578
2018-01-26 16:30:00,117.95999908447266
2018-01-26 17:30:00,117.94000244140625
2018-01-26 18:30:00,117.62000274658203
2018-01-26 19:30:00,117.69000244140625
2018-01-26 20:30:00,117.76000213623047
2018-01-29 14:30:00,117.79000091552734
2018-01-29 15:30:00,116.98999786376953
2018-01-29 16:30:00,117.29000091552734
2018-01-29 17:30:00,117.18000030517578
2018-01-29 18:30:00,116.95500183105469
2018-01-29 19:30:00,116.6500015258789
2018-01-29 20:30:00,116.37000274658203
2018-01-30 14:30:00,114.75
2018-01-30 15:30:00,114.7699966430664
2018-01-30 16:30:00,115.16999816894531
2018-01-30 17:30:00,114.87000274658203
2018-01-30 18:30:00,115.0
2018-01-30 19:30:00,115.33999633789062
2018-01-30 20:30:00,115.01000213623047
2018-01-31 14:30:00,116.51000213623047
2018-01-31 15:30:00,115.58999633789062
2018-01-31 16:30:00,115.91000366210938
2018-01-31 17:30:00,116.13999938964844
2018-01-31 18:30:00,115.54000091552734
2018-01-31 19:30:00,115.32520294189453
2018-01-31 20:30:00,115.62999725341797
2018-02-01 14:30:00,116.19999694824219
2018-02-01 15:30:00,116.17500305175781
2018-02-01 16:30:00,116.63999938964844
2018-02-01 17:30:00,117.5999984741211
2018-02-01 18:30:00,116.76000213623047
2018-02-01 19:30:00,116.01000213623047
2018-02-01 20:30:00,115.55999755859375
2018-02-02 14:30:00,114.1449966430664
2018-02-02 15:30:00,113.9000015258789
2018-02-02 16:30:00,114.36000061035156
2018-02-02 17:30:00,113.3499984741211
2018-02-02 18:30:00,112.75
2018-02-02 19:30:00,112.52999877929688
2018-02-02 20:30:00,111.63999938964844
2018-02-05 14:30:00,115.56500244140625
2018-02-05 15:30:00,114.58000183105469
2018-02-05 16:30:00,114.19000244140625
2018-02-05 17:30:00,113.41500091552734
2018-02-05 18:30:00,113.4800033569336
2018-02-05 19:30:00,112.0999984741211
2018-02-05 20:30:00,109.19000244140625
2018-02-06 14:30:00,108.6500015258789
2018-02-06 15:30:00,107.3467025756836
2018-02-06 16:30:00,109.30999755859375
2018-02-06 17:30:00,109.18190002441406
2018-02-06 18:30:00,107.4800033569336
2018-02-06 19:30:00,111.36000061035156
2018-02-06 20:30:00,112.62000274658203
2018-02-07 14:30:00,112.57499694824219
2018-02-07 15:30:00,113.29000091552734
2018-02-07 16:30:00,112.61499786376953
2018-02-07 17:30:00,111.48999786376953
2018-02-07 18:30:00,111.68000030517578
2018-02-07 19:30:00,112.05999755859375
2018-02-07 20:30:00,110.55000305175781
2018-02-08 14:30:00,109.51499938964844
2018-02-08 15:30:00,107.33999633789062
2018-02-08 16:30:00,108.06999969482422
2018-02-08 17:30:00,107.19000244140625
2018-02-08 18:30:00,107.11000061035156
2018-02-08 19:30:00,106.45999908447266
2018-02-08 20:30:00,104.8499984741211
2018-02-09 14:30:00,105.97000122070312
2018-02-09 15:30:00,104.26000213623047
2018-02-09 16:30:00,102.75
2018-02-09 17:30:00,102.36000061035156
2018-02-09 18:30:00,104.98999786376953
2018-02-09 19:30:00,105.30999755859375
2018-02-09 20:30:00,105.94000244140625
2018-02-12 14:30:00,105.45999908447266
2018-02-12 15:30:00,106.12000274658203
2018-02-12 16:30:00,108.08999633789062
2018-02-12 17:30:00,108.0
2018-02-12 18:30:00,108.55999755859375
2018-02-12 19:30:00,109.0250015258789
2018-02-12 20:30:00,108.43000030517578
2018-02-13 14:30:00,107.76000213623047
2018-02-13 15:30:00,107.94499969482422
2018-02-13 16:30:00,108.3750991821289
2018-02-13 17:30:00,109.05000305175781
2018-02-13 18:30:00,109.56999969482422
2018-02-13 19:30:00,109.9000015258789
2018-02-13 20:30:00,109.80000305175781
2018-02-14 14:30:00,109.3499984741211
2018-02-14 15:30:00,108.88500213623047
2018-02-14 16:30:00,107.91999816894531
2018-02-14 17:30:00,109.21060180664062
2018-02-14 18:30:00,109.18000030517578
2018-02-14 19:30:00,109.81999969482422
2018-02-14 20:30:00,109.91999816894531
2018-02-15 14:30:00,113.19999694824219
2018-02-15 15:30:00,113.44000244140625
2018-02-15 16:30:00,113.30500030517578
2018-02-15 17:30:00,114.23999786376953
2018-02-15 18:30:00,113.45999908447266
2018-02-15 19:30:00,113.36000061035156
2018-02-15 20:30:00,113.51000213623047
2018-02-16 14:30:00,113.83000183105469
2018-02-16 15:30:00,113.26000213623047
2018-02-16 16:30:00,114.08999633789062
2018-02-16 17:30:00,113.02999877929688
2018-02-16 18:30:00,112.56500244140625
2018-02-16 19:30:00,113.47000122070312
2018-02-16 20:30:00,112.94999694824219
2018-02-20 14:30:00,113.98999786376953
2018-02-20 15:30:00,114.55000305175781
2018-02-20 16:30:00,114.58000183105469
2018-02-20 17:30:00,114.29000091552734
2018-02-20 18:30:00,114.58999633789062
2018-02-20 19:30:00,113.95999908447266
2018-02-20 20:30:00,114.27999877929688
2018-02-21 14:30:00,114.69000244140625
2018-02-21 15:30:00,114.26000213623047
2018-02-21 16:30:00,113.73999786376953
2018-02-21 17:30:00,114.32009887695312
2018-02-21 18:30:00,114.4000015258789
2018-02-21 19:30:00,113.37000274658203
2018-02-21 20:30:00,112.3499984741211
2018-02-22 14:30:00,113.44000244140625
2018-02-22 15:30:00,114.12000274658203
2018-02-22 16:30:00,114.05000305175781
2018-02-22 17:30:00,113.16000366210938
2018-02-22 18:30:00,113.1449966430664
2018-02-22 19:30:00,112.54000091552734
2018-02-22 20:30:00,112.37999725341797
2018-02-23 14:30:00,112.48999786376953
2018-02-23 15:30:00,113.0
2018-02-23 16:30:00,113.06999969482422
2018-02-23 17:30:00,113.47000122070312
2018-02-23 18:30:00,113.8499984741211
2018-02-23 19:30:00,114.77999877929688
2018-02-23 20:30:00,115.01000213623047
2018-02-26 14:30:00,115.94999694824219
2018-02-26 15:30:00,116.08999633789062
2018-02-26 16:30:00,116.25
2018-02-26 17:30:00,116.94999694824219
2018-02-26 18:30:00,117.11000061035156
2018-02-26 19:30:00,117.26000213623047
2018-02-26 20:30:00,116.91999816894531
2018-02-27 14:30:00,116.18499755859375
2018-02-27 15:30:00,115.8499984741211
2018-02-27 16:30:00,115.91999816894531
2018-02-27 17:30:00,117.13999938964844
2018-02-27 18:30:00,117.26000213623047
2018-02-27 19:30:00,116.97000122070312
2018-02-27 20:30:00,116.1500015258789
2018-02-28 14:30:00,118.76000213623047
2018-02-28 15:30:00,117.95999908447266
2018-02-28 16:30:00,118.7699966430664
2018-02-28 17:30:00,119.51000213623047
2018-02-28 18:30:00,118.91999816894531
2018-02-28 19:30:00,118.27999877929688
2018-02-28 20:30:00,117.4800033569336
2018-03-01 14:30:00,115.74500274658203
2018-03-01 15:30:00,116.02999877929688
2018-03-01 16:30:00,116.41999816894531
2018-03-01 17:30:00,116.41999816894531
2018-03-01 18:30:00,115.04000091552734
2018-03-01 19:30:00,115.2699966430664
2018-03-01 20:30:00,114.7300033569336
2018-03-02 14:30:00,112.72000122070312
2018-03-02 15:30:00,113.62000274658203
2018-03-02 16:30:00,115.37000274658203
2018-03-02 17:30:00,114.87999725341797
2018-03-02 18:30:00,114.88999938964844
2018-03-02 19:30:00,115.91000366210938
2018-03-02 20:30:00,116.26000213623047
2018-03-05 14:30:00,115.7300033569336
2018-03-05 15:30:00,117.88999938964844
2018-03-05 16:30:00,118.32499694824219
2018-03-05 17:30:00,118.75
2018-03-05 18:30:00,118.277099609375
2018-03-05 19:30:00,118.5999984741211
2018-03-05 20:30:00,118.88999938964844
2018-03-06 14:30:00,119.72000122070312
2018-03-06 15:30:00,118.62999725341797
2018-03-06 16:30:00,118.9800033569336
2018-03-06 17:30:00,119.5696029663086
2018-03-06 18:30:00,119.38999938964844
2018-03-06 19:30:00,119.54000091552734
2018-03-06 20:30:00,119.87000274658203
2018-03-07 14:30:00,133.8699951171875
2018-03-07 15:30:00,135.273193359375
2018-03-07 16:30:00,135.3083953857422
2018-03-07 17:30:00,135.91000366210938
2018-03-07 18:30:00,134.58999633789062
2018-03-07 19:30:00,136.6999969482422
2018-03-07 20:30:00,137.7100067138672
2018-03-08 14:30:00,135.9250030517578
2018-03-08 15:30:00,136.1199951171875
2018-03-08 16:30:00,135.631103515625
2018-03-08 17:30:00,134.80999755859375
2018-03-08 18:30:00,136.3699951171875
2018-03-08 19:30:00,136.47000122070312
2018-03-08 20:30:00,137.2899932861328
2018-03-09 14:30:00,139.05999755859375
2018-03-09 15:30:00,138.07000732421875
2018-03-09 16:30:00,138.1699981689453
2018-03-09 17:30:00,138.6750030517578
2018-03-09 18:30:00,138.9600067138672
2018-03-09 19:30:00,139.11000061035156
2018-03-09 20:30:00,139.36000061035156
2018-03-12 13:30:00,140.0800018310547
2018-03-12 14:30:00,139.2899932861328
2018-03-12 15:30:00,140.2899932861328
2018-03-12 16:30:00,140.44000244140625
2018-03-12 17:30:00,139.75999450683594
2018-03-12 18:30:00,139.42999267578125
2018-03-12 19:30:00,138.38999938964844
2018-03-13 13:30:00,139.1999969482422
2018-03-13 14:30:00,137.02999877929688
2018-03-13 15:30:00,135.5399932861328
2018-03-13 16:30:00,136.24000549316406
2018-03-13 17:30:00,136.4199981689453
2018-03-13 18:30:00,136.3000030517578
2018-03-13 19:30:00,136.0
2018-03-14 13:30:00,135.75
2018-03-14 14:30:00,135.84500122070312
2018-03-14 15:30:00,135.94000244140625
2018-03-14 16:30:00,136.50999450683594
2018-03-14 17:30:00,136.99000549316406
2018-03-14 18:30:00,136.0399932861328
2018-03-14 19:30:00,136.22000122070312
2018-03-15 13:30:00,137.25
2018-03-15 14:30:00,137.52999877929688
2018-03-15 15:30:00,137.00999450683594
2018-03-15 16:30:00,136.3300018310547
2018-03-15 17:30:00,135.6999969482422
2018-03-15 18:30:00,136.88499450683594
2018-03-15 19:30:00,136.72999572753906
2018-03-16 13:30:00,138.55999755859375
2018-03-16 14:30:00,136.83999633789062
2018-03-16 15:30:00,135.6699981689453
2018-03-16 16:30:00,135.8300018310547
2018-03-16 17:30:00,136.5
2018-03-16 18:30:00,136.42999267578125
2018-03-16 19:30:00,135.75
2018-03-19 13:30:00,134.8000030517578
2018-03-19 14:30:00,133.5540008544922
2018-03-19 15:30:00,132.91000366210938
2018-03-19 16:30:00,132.91000366210938
2018-03-19 17:30:00,132.99000549316406
2018-03-19 18:30:00,133.69000244140625
2018-03-19 19:30:00,134.3000030517578
2018-03-20 13:30:00,134.67999267578125
2018-03-20 14:30:00,135.22000122070312
2018-03-20 15:30:00,135.6199951171875
2018-03-20 16:30:00,135.4250030517578
2018-03-20 17:30:00,135.74000549316406
2018-03-20 18:30:00,135.74000549316406
2018-03-20 19:30:00,134.6199951171875
2018-03-21 13:30:00,135.77000427246094
2018-03-21 14:30:00,135.6999969482422
2018-03-21 15:30:00,136.1199951171875
2018-03-21 16:30:00,136.1999969482422
2018-03-21 17:30:00,136.49000549316406
2018-03-21 18:30:00,136.25
2018-03-21 19:30:00,135.5399932861328
2018-03-22 13:30:00,135.48500061035156
2018-03-22 14:30:00,134.07000732421875
2018-03-22 15:30:00,134.1199951171875
2018-03-22 16:30:00,134.19000244140625
2018-03-22 17:30:00,132.77000427246094
2018-03-22 18:30:00,132.16000366210938
2018-03-22 19:30:00,131.4199981689453
2018-03-23 13:30:00,131.38999938964844
2018-03-23 14:30:00,130.85000610351562
2018-03-23 15:30:00,130.5399932861328
2018-03-23 16:30:00,131.1699981689453
2018-03-23 17:30:00,130.27000427246094
2018-03-23 18:30:00,129.24000549316406
2018-03-23 19:30:00,128.02000427246094
2018-03-26 13:30:00,130.97000122070312
2018-03-26 14:30:00,131.0749969482422
2018-03-26 15:30:00,132.5
2018-03-26 16:30:00,132.27000427246094
2018-03-26 17:30:00,133.4199981689453
2018-03-26 18:30:00,133.83999633789062
2018-03-26 19:30:00,134.22999572753906
2018-03-27 13:30:00,133.58999633789062
2018-03-27 14:30:00,133.16250610351562
2018-03-27 15:30:00,133.22999572753906
2018-03-27 16:30:00,132.75
2018-03-27 17:30:00,131.1199951171875
2018-03-27 18:30:00,128.8000030517578
2018-03-27 19:30:00,128.33999633789062
2018-03-28 13:30:00,128.02999877929688
2018-03-28 14:30:00,126.26000213623047
2018-03-28 15:30:00,128.08999633789062
2018-03-28 16:30:00,127.01000213623047
2018-03-28 17:30:00,125.95999908447266
2018-03-28 18:30:00,125.08999633789062
2018-03-28 19:30:00,124.51000213623047
2018-03-29 13:30:00,125.3499984741211
2018-03-29 14:30:00,127.43000030517578
2018-03-29 15:30:00,127.75499725341797
2018-03-29 16:30:00,127.19999694824219
2018-03-29 17:30:00,127.32499694824219
2018-03-29 18:30:00,126.87000274658203
2018-03-29 19:30:00,125.58000183105469
2018-04-02 13:30:00,122.25
2018-04-02 14:30:00,122.41999816894531
2018-04-02 15:30:00,121.87999725341797
2018-04-02 16:30:00,122.58000183105469
2018-04-02 17:30:00,121.51000213623047
2018-04-02 18:30:00,122.05000305175781
2018-04-02 19:30:00,122.73999786376953
2018-04-03 13:30:00,123.3499984741211
2018-04-03 14:30:00,124.27999877929688
2018-04-03 15:30:00,122.26000213623047
2018-04-03 16:30:00,123.52999877929688
2018-04-03 17:30:00,122.83999633789062
2018-04-03 18:30:00,124.91999816894531
2018-04-03 19:30:00,124.83000183105469
2018-04-04 13:30:00,123.19999694824219
2018-04-04 14:30:00,123.95500183105469
2018-04-04 15:30:00,124.71499633789062
2018-04-04 16:30:00,124.56999969482422
2018-04-04 17:30:00,126.08999633789062
2018-04-04 18:30:00,127.33000183105469
2018-04-04 19:30:00,127.51000213623047
2018-04-05 13:30:00,127.75
2018-04-05 14:30:00,128.6199951171875
2018-04-05 15:30:00,128.55999755859375
2018-04-05 16:30:00,127.66000366210938
2018-04-05 17:30:00,127.79000091552734
2018-04-05 18:30:00,128.1728973388672
2018-04-05 19:30:00,127.98999786376953
2018-04-06 13:30:00,127.72000122070312
2018-04-06 14:30:00,127.09980010986328
2018-04-06 15:30:00,127.26000213623047
2018-04-06 16:30:00,127.13999938964844
2018-04-06 17:30:00,125.7699966430664
2018-04-06 18:30:00,125.55000305175781
2018-04-06 19:30:00,125.75
2018-04-09 13:30:00,127.33000183105469
2018-04-09 14:30:00,128.0399932861328
2018-04-09 15:30:00,128.3699951171875
2018-04-09 16:30:00,128.8000030517578
2018-04-09 17:30:00,128.5800018310547
2018-04-09 18:30:00,128.19500732421875
2018-04-09 19:30:00,127.58000183105469
2018-04-10 13:30:00,129.47000122070312
2018-04-10 14:30:00,130.75999450683594
2018-04-10 15:30:00,129.58999633789062
2018-04-10 16:30:00,130.52999877929688
2018-04-10 17:30:00,130.75999450683594
2018-04-10 18:30:00,131.74000549316406
2018-04-10 19:30:00,131.7100067138672
2018-04-11 13:30:00,131.89999389648438
2018-04-11 14:30:00,131.82000732421875
2018-04-11 15:30:00,132.4199981689453
2018-04-11 16:30:00,132.00999450683594
2018-04-11 17:30:00,131.7100067138672
2018-04-11 18:30:00,130.7100067138672
2018-04-11 19:30:00,130.9600067138672
2018-04-12 13:30:00,132.80999755859375
2018-04-12 14:30:00,132.74000549316406
2018-04-12 15:30:00,132.39999389648438
2018-04-12 16:30:00,131.85000610351562
2018-04-12 17:30:00,132.4199981689453
2018-04-12 18:30:00,132.75999450683594
2018-04-12 19:30:00,132.16000366210938
2018-04-13 13:30:00,129.6300048828125
2018-04-13 14:30:00,129.89849853515625
2018-04-13 15:30:00,129.97999572753906
2018-04-13 16:30:00,130.32000732421875
2018-04-13 17:30:00,129.67999267578125
2018-04-13 18:30:00,128.1699981689453
2018-04-13 19:30:00,129.14999389648438
2018-04-16 13:30:00,129.6199951171875
2018-04-16 14:30:00,129.76499938964844
2018-04-16 15:30:00,130.91000366210938
2018-04-16 16:30:00,130.32000732421875
2018-04-16 17:30:00,129.94000244140625
2018-04-16 18:30:00,129.13999938964844
2018-04-16 19:30:00,129.74000549316406
2018-04-17 13:30:00,132.4499969482422
2018-04-17 14:30:00,133.10000610351562
2018-04-17 15:30:00,133.47000122070312
2018-04-17 16:30:00,132.8800048828125
2018-04-17 17:30:00,132.72000122070312
2018-04-17 18:30:00,133.08999633789062
2018-04-17 19:30:00,132.57000732421875
2018-04-18 13:30:00,133.25999450683594
2018-04-18 14:30:00,133.44000244140625
2018-04-18 15:30:00,134.02999877929688
2018-04-18 16:30:00,133.91000366210938
2018-04-18 17:30:00,134.30999755859375
2018-04-18 18:30:00,134.32000732421875
2018-04-18 19:30:00,133.8699951171875
2018-04-19 13:30:00,133.58999633789062
2018-04-19 14:30:00,132.36000061035156
2018-04-19 15:30:00,132.2100067138672
2018-04-19 16:30:00,131.57000732421875
2018-04-19 17:30:00,132.3000030517578
2018-04-19 18:30:00,132.2100067138672
2018-04-19 19:30:00,132.3300018310547
2018-04-20 13:30:00,131.02000427246094
2018-04-20 14:30:00,129.11000061035156
2018-04-20 15:30:00,129.36000061035156
2018-04-20 16:30:00,130.0800018310547
2018-04-20 17:30:00,129.57000732421875
2018-04-20 18:30:00,129.3699951171875
2018-04-20 19:30:00,130.11000061035156
2018-04-23 13:30:00,131.00999450683594
2018-04-23 14:30:00,131.57000732421875
2018-04-23 15:30:00,130.02999877929688
2018-04-23 16:30:00,128.91000366210938
2018-04-23 17:30:00,128.74000549316406
2018-04-23 18:30:00,129.08999633789062
2018-04-23 19:30:00,129.17999267578125
2018-04-24 13:30:00,129.0052947998047
2018-04-24 14:30:00,127.48999786376953
2018-04-24 15:30:00,125.19000244140625
2018-04-24 16:30:00,124.62999725341797
2018-04-24 17:30:00,122.68000030517578
2018-04-24 18:30:00,122.94999694824219
2018-04-24 19:30:00,123.66999816894531
2018-04-25 13:30:00,121.44000244140625
2018-04-25 14:30:00,123.55500030517578
2018-04-25 15:30:00,123.44999694824219
2018-04-25 16:30:00,123.62999725341797
2018-04-25 17:30:00,123.43000030517578
2018-04-25 18:30:00,124.0
2018-04-25 19:30:00,123.95999908447266
2018-04-26 13:30:00,126.58000183105469
2018-04-26 14:30:00,127.27999877929688
2018-04-26 15:30:00,127.12999725341797
2018-04-26 16:30:00,126.94999694824219
2018-04-26 17:30:00,127.20999908447266
2018-04-26 18:30:00,127.06999969482422
2018-04-26 19:30:00,126.98999786376953
2018-04-27 13:30:00,126.12999725341797
2018-04-27 14:30:00,126.87999725341797
2018-04-27 15:30:00,126.62999725341797
2018-04-27 16:30:00,126.55000305175781
2018-04-27 17:30:00,126.55000305175781
2018-04-27 18:30:00,126.23999786376953
2018-04-27 19:30:00,126.62999725341797
2018-04-30 13:30:00,127.66000366210938
2018-04-30 14:30:00,127.73999786376953
2018-04-30 15:30:00,126.45999908447266
2018-04-30 16:30:00,126.48999786376953
2018-04-30 17:30:00,126.6500015258789
2018-04-30 18:30:00,126.18499755859375
2018-04-30 19:30:00,125.9000015258789
2018-05-01 13:30:00,126.0
2018-05-01 14:30:00,125.91000366210938
2018-05-01 15:30:00,125.7708969116211
2018-05-01 16:30:00,125.61000061035156
2018-05-01 17:30:00,126.66000366210938
2018-05-01 18:30:00,126.44999694824219
2018-05-01 19:30:00,127.06999969482422
2018-05-02 13:30:00,126.26000213623047
2018-05-02 14:30:00,125.98999786376953
2018-05-02 15:30:00,125.93000030517578
2018-05-02 16:30:00,126.56999969482422
2018-05-02 17:30:00,127.05999755859375
2018-05-02 18:30:00,125.58000183105469
2018-05-02 19:30:00,125.2699966430664
2018-05-03 13:30:00,125.06999969482422
2018-05-03 14:30:00,124.47000122070312
2018-05-03 15:30:00,124.94000244140625
2018-05-03 16:30:00,126.12000274658203
2018-05-03 17:30:00,127.13999938964844
2018-05-03 18:30:00,127.94000244140625
2018-05-03 19:30:00,127.5999984741211
2018-05-04 13:30:00,127.30999755859375
2018-05-04 14:30:00,129.1699981689453
2018-05-04 15:30:00,129.6300048828125
2018-05-04 16:30:00,129.00999450683594
2018-05-04 17:30:00,130.23500061035156
2018-05-04 18:30:00,130.07000732421875
2018-05-04 19:30:00,129.4600067138672
2018-05-07 13:30:00,130.47999572753906
2018-05-07 14:30:00,130.91000366210938
2018-05-07 15:30:00,131.0800018310547
2018-05-07 16:30:00,131.5800018310547
2018-05-07 17:30:00,131.8800048828125
2018-05-07 18:30:00,131.11000061035156
2018-05-07 19:30:00,131.5399932861328
2018-05-08 13:30:00,131.64999389648438
2018-05-08 14:30:00,132.80999755859375
2018-05-08 15:30:00,132.44000244140625
2018-05-08 16:30:00,132.5
2018-05-08 17:30:00,132.47999572753906
2018-05-08 18:30:00,132.6699981689453
2018-05-08 19:30:00,132.77999877929688
2018-05-09 13:30:00,133.7899932861328
2018-05-09 14:30:00,134.1300048828125
2018-05-09 15:30:00,135.38999938964844
2018-05-09 16:30:00,136.27000427246094
2018-05-09 17:30:00,135.7667999267578
2018-05-09 18:30:00,135.22000122070312
2018-05-09 19:30:00,135.3000030517578
2018-05-10 13:30:00,136.1699981689453
2018-05-10 14:30:00,136.58999633789062
2018-05-10 15:30:00,137.32000732421875
2018-05-10 16:30:00,137.35000610351562
2018-05-10 17:30:00,136.8300018310547
2018-05-10 18:30:00,136.32000732421875
2018-05-10 19:30:00,136.47000122070312
2018-05-11 13:30:00,136.0399932861328
2018-05-11 14:30:00,136.39999389648438
2018-05-11 15:30:00,136.22000122070312
2018-05-11 16:30:00,136.30999755859375
2018-05-11 17:30:00,135.88999938964844
2018-05-11 18:30:00,135.99000549316406
2018-05-11 19:30:00,136.19000244140625
2018-05-14 13:30:00,137.4499969482422
2018-05-14 14:30:00,136.1300048828125
2018-05-14 15:30:00,135.66000366210938
2018-05-14 16:30:00,134.02999877929688
2018-05-14 17:30:00,134.10000610351562
2018-05-14 18:30:00,134.0800018310547
2018-05-14 19:30:00,134.10000610351562
2018-05-15 13:30:00,134.9499969482422
2018-05-15 14:30:00,135.7198944091797
2018-05-15 15:30:00,135.61000061035156
2018-05-15 16:30:00,136.3719940185547
2018-05-15 17:30:00,135.5800018310547
2018-05-15 18:30:00,135.4499969482422
2018-05-15 19:30:00,136.1750030517578
2018-05-16 13:30:00,135.52999877929688
2018-05-16 14:30:00,135.5399932861328
2018-05-16 15:30:00,136.25999450683594
2018-05-16 16:30:00,135.68099975585938
2018-05-16 17:30:00,135.6699981689453
2018-05-16 18:30:00,135.6999969482422
2018-05-16 19:30:00,135.92999267578125
2018-05-17 13:30:00,136.1300048828125
2018-05-17 14:30:00,136.4949951171875
2018-05-17 15:30:00,136.17999267578125
2018-05-17 16:30:00,135.6199951171875
2018-05-17 17:30:00,135.375
2018-05-17 18:30:00,136.1699981689453
2018-05-17 19:30:00,136.49000549316406
2018-05-18 13:30:00,138.25
2018-05-18 14:30:00,138.82000732421875
2018-05-18 15:30:00,138.05499267578125
2018-05-18 16:30:00,138.0399932861328
2018-05-18 17:30:00,138.97999572753906
2018-05-18 18:30:00,138.89999389648438
2018-05-18 19:30:00,138.85000610351562
2018-05-21 13:30:00,138.97999572753906
2018-05-21 14:30:00,137.52999877929688
2018-05-21 15:30:00,138.02000427246094
2018-05-21 16:30:00,138.0050048828125
2018-05-21 17:30:00,137.47000122070312
2018-05-21 18:30:00,137.27000427246094
2018-05-21 19:30:00,137.6699981689453
2018-05-22 13:30:00,138.2100067138672
2018-05-22 14:30:00,138.52499389648438
2018-05-22 15:30:00,137.49400329589844
2018-05-22 16:30:00,137.25999450683594
2018-05-22 17:30:00,137.42999267578125
2018-05-22 18:30:00,136.97000122070312
2018-05-22 19:30:00,136.7100067138672
2018-05-23 13:30:00,136.7899932861328
2018-05-23 14:30:00,137.8300018310547
2018-05-23 15:30:00,137.10000610351562
2018-05-23 16:30:00,137.75
2018-05-23 17:30:00,138.6199951171875
2018-05-23 18:30:00,138.89999389648438
2018-05-23 19:30:00,139.3000030517578
2018-05-24 13:30:00,137.3000030517578
2018-05-24 14:30:00,136.8699951171875
2018-05-24 15:30:00,138.19000244140625
2018-05-24 16:30:00,138.36000061035156
2018-05-24 17:30:00,138.9199981689453
2018-05-24 18:30:00,138.97000122070312
2018-05-24 19:30:00,138.91000366210938
2018-05-25 13:30:00,132.0
2018-05-25 14:30:00,131.4199981689453
2018-05-25 15:30:00,133.0500030517578
2018-05-25 16:30:00,132.2100067138672
2018-05-25 17:30:00,133.3000030517578
2018-05-25 18:30:00,132.3000030517578
2018-05-25 19:30:00,132.75
2018-05-29 13:30:00,129.97500610351562
2018-05-29 14:30:00,130.82000732421875
2018-05-29 15:30:00,129.4199981689453
2018-05-29 16:30:00,129.9199981689453
2018-05-29 17:30:00,129.50999450683594
2018-05-29 18:30:00,128.4499969482422
2018-05-29 19:30:00,129.63999938964844
2018-05-30 13:30:00,130.80999755859375
2018-05-30 14:30:00,131.75999450683594
2018-05-30 15:30:00,131.30999755859375
2018-05-30 16:30:00,130.5399932861328
2018-05-30 17:30:00,129.9199981689453
2018-05-30 18:30:00,129.5399932861328
2018-05-30 19:30:00,129.36000061035156
2018-05-31 13:30:00,130.24000549316406
2018-05-31 14:30:00,129.63999938964844
2018-05-31 15:30:00,130.17999267578125
2018-05-31 16:30:00,129.97000122070312
2018-05-31 17:30:00,129.24000549316406
2018-05-31 18:30:00,129.43499755859375
2018-05-31 19:30:00,129.0500030517578
2018-06-01 13:30:00,131.30999755859375
2018-06-01 14:30:00,131.9149932861328
2018-06-01 15:30:00,133.02000427246094
2018-06-01 16:30:00,132.3300018310547
2018-06-01 17:30:00,133.0399932861328
2018-06-01 18:30:00,132.97999572753906
2018-06-01 19:30:00,133.6199951171875
2018-06-04 13:30:00,132.60000610351562
2018-06-04 14:30:00,133.33999633789062
2018-06-04 15:30:00,134.0500030517578
2018-06-04 16:30:00,133.97999572753906
2018-06-04 17:30:00,134.67999267578125
2018-06-04 18:30:00,135.1199951171875
2018-06-04 19:30:00,135.58999633789062
2018-06-05 13:30:00,137.625
2018-06-05 14:30:00,136.88999938964844
2018-06-05 15:30:00,136.00999450683594
2018-06-05 16:30:00,136.4199981689453
2018-06-05 17:30:00,136.3249969482422
2018-06-05 18:30:00,136.6999969482422
2018-06-05 19:30:00,136.7899932861328
2018-06-06 13:30:00,136.11000061035156
2018-06-06 14:30:00,136.49000549316406
2018-06-06 15:30:00,136.57000732421875
2018-06-06 16:30:00,136.02999877929688
2018-06-06 17:30:00,136.6699981689453
2018-06-06 18:30:00,137.14999389648438
2018-06-06 19:30:00,137.9199981689453
2018-06-07 13:30:00,135.80499267578125
2018-06-07 14:30:00,134.1300048828125
2018-06-07 15:30:00,134.27999877929688
2018-06-07 16:30:00,133.0800018310547
2018-06-07 17:30:00,133.41000366210938
2018-06-07 18:30:00,134.4199981689453
2018-06-07 19:30:00,134.13999938964844
2018-06-08 13:30:00,134.3300018310547
2018-06-08 14:30:00,134.25
2018-06-08 15:30:00,134.44000244140625
2018-06-08 16:30:00,134.7899932861328
2018-06-08 17:30:00,134.97000122070312
2018-06-08 18:30:00,135.02999877929688
2018-06-08 19:30:00,135.1300048828125
2018-06-11 13:30:00,135.10000610351562
2018-06-11 14:30:00,135.44000244140625
2018-06-11 15:30:00,136.08999633789062
2018-06-11 16:30:00,135.77999877929688
2018-06-11 17:30:00,136.02099609375
2018-06-11 18:30:00,135.97000122070312
2018-06-11 19:30:00,135.97000122070312
2018-06-12 13:30:00,137.17999267578125
2018-06-12 14:30:00,137.36000061035156
2018-06-12 15:30:00,137.27999877929688
2018-06-12 16:30:00,136.83999633789062
2018-06-12 17:30:00,136.4949951171875
2018-06-12 18:30:00,136.89999389648438
2018-06-12 19:30:00,137.33999633789062
2018-06-13 13:30:00,138.4199981689453
2018-06-13 14:30:00,138.57000732421875
2018-06-13 15:30:00,137.88999938964844
2018-06-13 16:30:00,137.6699981689453
2018-06-13 17:30:00,137.0
2018-06-13 18:30:00,137.6699981689453
2018-06-13 19:30:00,137.16000366210938
2018-06-14 13:30:00,139.40499877929688
2018-06-14 14:30:00,139.02999877929688
2018-06-14 15:30:00,139.1300048828125
2018-06-14 16:30:00,139.08999633789062
2018-06-14 17:30:00,138.75999450683594
2018-06-14 18:30:00,138.3699951171875
2018-06-14 19:30:00,138.41000366210938
2018-06-15 13:30:00,137.82000732421875
2018-06-15 14:30:00,138.02999877929688
2018-06-15 15:30:00,137.5500030517578
2018-06-15 16:30:00,137.8000030517578
2018-06-15 17:30:00,138.25
2018-06-15 18:30:00,138.00999450683594
2018-06-15 19:30:00,137.99000549316406
2018-06-18 13:30:00,139.61000061035156
2018-06-18 14:30:00,140.77999877929688
2018-06-18 15:30:00,141.22000122070312
2018-06-18 16:30:00,142.2100067138672
2018-06-18 17:30:00,141.3699951171875
2018-06-18 18:30:00,141.47000122070312
2018-06-18 19:30:00,141.25
2018-06-19 13:30:00,138.66439819335938
2018-06-19 14:30:00,139.89999389648438
2018-06-19 15:30:00,141.08999633789062
2018-06-19 16:30:00,140.77999877929688
2018-06-19 17:30:00,140.75
2018-06-19 18:30:00,140.52000427246094
2018-06-19 19:30:00,141.0399932861328
2018-06-20 13:30:00,141.34500122070312
2018-06-20 14:30:00,142.36000061035156
2018-06-20 15:30:00,142.38999938964844
2018-06-20 16:30:00,142.49000549316406
2018-06-20 17:30:00,142.44000244140625
2018-06-20 18:30:00,141.75999450683594
2018-06-20 19:30:00,140.9600067138672
2018-06-21 13:30:00,138.32000732421875
2018-06-21 14:30:00,138.30999755859375
2018-06-21 15:30:00,138.13999938964844
2018-06-21 16:30:00,137.85000610351562
2018-06-21 17:30:00,138.0
2018-06-21 18:30:00,138.19000244140625
2018-06-21 19:30:00,137.72999572753906
2018-06-22 13:30:00,134.8300018310547
2018-06-22 14:30:00,135.3350067138672
2018-06-22 15:30:00,135.97000122070312
2018-06-22 16:30:00,136.77000427246094
2018-06-22 17:30:00,136.3809051513672
2018-06-22 18:30:00,136.67999267578125
2018-06-22 19:30:00,136.5
2018-06-25 13:30:00,131.19000244140625
2018-06-25 14:30:00,130.2050018310547
2018-06-25 15:30:00,130.33999633789062
2018-06-25 16:30:00,129.7899932861328
2018-06-25 17:30:00,128.94000244140625
2018-06-25 18:30:00,128.9600067138672
2018-06-25 19:30:00,129.75999450683594
2018-06-26 13:30:00,130.02999877929688
2018-06-26 14:30:00,129.52999877929688
2018-06-26 15:30:00,130.58999633789062
2018-06-26 16:30:00,130.91000366210938
2018-06-26 17:30:00,130.76499938964844
2018-06-26 18:30:00,130.10000610351562
2018-06-26 19:30:00,130.1999969482422
2018-06-27 13:30:00,129.60000610351562
2018-06-27 14:30:00,128.60000610351562
2018-06-27 15:30:00,128.85000610351562
2018-06-27 16:30:00,127.26000213623047
2018-06-27 17:30:00,127.63520050048828
2018-06-27 18:30:00,128.05999755859375
2018-06-27 19:30:00,127.61000061035156
2018-06-28 13:30:00,127.62000274658203
2018-06-28 14:30:00,128.5
2018-06-28 15:30:00,128.17999267578125
2018-06-28 16:30:00,129.3300018310547
2018-06-28 17:30:00,129.99000549316406
2018-06-28 18:30:00,130.30999755859375
2018-06-28 19:30:00,130.25
2018-06-29 13:30:00,131.6999969482422
2018-06-29 14:30:00,131.86000061035156
2018-06-29 15:30:00,131.3000030517578
2018-06-29 16:30:00,131.47999572753906
2018-06-29 17:30:00,131.6999969482422
2018-06-29 18:30:00,131.49000549316406
2018-06-29 19:30:00,131.10000610351562
2018-07-02 13:30:00,131.02000427246094
2018-07-02 14:30:00,130.6300048828125
2018-07-02 15:30:00,130.67999267578125
2018-07-02 16:30:00,130.52999877929688
2018-07-02 17:30:00,131.42999267578125
2018-07-02 18:30:00,131.36000061035156
2018-07-02 19:30:00,131.8699951171875
2018-07-03 13:30:00,132.7899932861328
2018-07-03 14:30:00,131.89999389648438
2018-07-03 15:30:00,131.8300018310547
2018-07-03 17:00:00,132.02389526367188
2018-07-05 13:30:00,131.6300048828125
2018-07-05 14:30:00,132.36000061035156
2018-07-05 15:30:00,132.4499969482422
2018-07-05 16:30:00,132.91000366210938
2018-07-05 17:30:00,132.75999450683594
2018-07-05 18:30:00,132.75
2018-07-05 19:30:00,132.80999755859375
2018-07-06 13:30:00,133.7100067138672
2018-07-06 14:30:00,134.4499969482422
2018-07-06 15:30:00,135.22000122070312
2018-07-06 16:30:00,135.07000732421875
2018-07-06 17:30:00,135.1300048828125
2018-07-06 18:30:00,135.38999938964844
2018-07-06 19:30:00,135.11000061035156
2018-07-09 13:30:00,133.75
2018-07-09 14:30:00,134.83999633789062
2018-07-09 15:30:00,134.6999969482422
2018-07-09 16:30:00,134.66000366210938
2018-07-09 17:30:00,134.75999450683594
2018-07-09 18:30:00,134.77000427246094
2018-07-09 19:30:00,134.9499969482422
2018-07-10 13:30:00,135.52999877929688
2018-07-10 14:30:00,135.8300018310547
2018-07-10 15:30:00,135.67999267578125
2018-07-10 16:30:00,134.72000122070312
2018-07-10 17:30:00,134.27000427246094
2018-07-10 18:30:00,134.52999877929688
2018-07-10 19:30:00,134.3699951171875
2018-07-11 13:30:00,133.3300018310547
2018-07-11 14:30:00,131.85000610351562
2018-07-11 15:30:00,132.32000732421875
2018-07-11 16:30:00,132.4600067138672
2018-07-11 17:30:00,132.33999633789062
2018-07-11 18:30:00,132.3300018310547
2018-07-11 19:30:00,132.22999572753906
2018-07-12 13:30:00,134.3643035888672
2018-07-12 14:30:00,135.5399932861328
2018-07-12 15:30:00,136.5399932861328
2018-07-12 16:30:00,137.42999267578125
2018-07-12 17:30:00,137.43499755859375
2018-07-12 18:30:00,137.41000366210938
2018-07-12 19:30:00,137.4600067138672
2018-07-13 13:30:00,136.36000061035156
2018-07-13 14:30:00,136.72000122070312
2018-07-13 15:30:00,136.57000732421875
2018-07-13 16:30:00,136.8300018310547
2018-07-13 17:30:00,136.5800018310547
2018-07-13 18:30:00,136.97999572753906
2018-07-13 19:30:00,137.1999969482422
2018-07-16 13:30:00,136.4600067138672
2018-07-16 14:30:00,136.11000061035156
2018-07-16 15:30:00,136.6699981689453
2018-07-16 16:30:00,136.1300048828125
2018-07-16 17:30:00,136.3000030517578
2018-07-16 18:30:00,135.9600067138672
2018-07-16 19:30:00,136.24000549316406
2018-07-17 13:30:00,135.44000244140625
2018-07-17 14:30:00,135.8300018310547
2018-07-17 15:30:00,136.9499969482422
2018-07-17 16:30:00,137.22999572753906
2018-07-17 17:30:00,136.50999450683594
2018-07-17 18:30:00,136.47000122070312
2018-07-17 19:30:00,136.58999633789062
2018-07-18 13:30:00,136.61000061035156
2018-07-18 14:30:00,137.25999450683594
2018-07-18 15:30:00,137.30999755859375
2018-07-18 16:30:00,137.22999572753906
2018-07-18 17:30:00,137.47000122070312
2018-07-18 18:30:00,137.3699951171875
2018-07-18 19:30:00,137.41000366210938
2018-07-19 13:30:00,135.5
2018-07-19 14:30:00,135.11500549316406
2018-07-19 15:30:00,135.30999755859375
2018-07-19 16:30:00,135.08999633789062
2018-07-19 17:30:00,135.02769470214844
2018-07-19 18:30:00,134.60000610351562
2018-07-19 19:30:00,134.5
2018-07-20 13:30:00,135.2100067138672
2018-07-20 14:30:00,135.17999267578125
2018-07-20 15:30:00,134.65499877929688
2018-07-20 16:30:00,134.14999389648438
2018-07-20 17:30:00,134.77000427246094
2018-07-20 18:30:00,134.47999572753906
2018-07-20 19:30:00,134.3000030517578
2018-07-23 13:30:00,133.72999572753906
2018-07-23 14:30:00,133.7899932861328
2018-07-23 15:30:00,134.47999572753906
2018-07-23 16:30:00,134.3699951171875
2018-07-23 17:30:00,134.5800018310547
2018-07-23 18:30:00,134.55999755859375
2018-07-23 19:30:00,134.5
2018-07-24 13:30:00,135.5
2018-07-24 14:30:00,134.86000061035156
2018-07-24 15:30:00,133.47999572753906
2018-07-24 16:30:00,132.3300018310547
2018-07-24 17:30:00,131.6750030517578
2018-07-24 18:30:00,132.14500427246094
2018-07-24 19:30:00,132.30999755859375
2018-07-25 13:30:00,133.97000122070312
2018-07-25 14:30:00,135.0800018310547
2018-07-25 15:30:00,135.55999755859375
2018-07-25 16:30:00,135.1300048828125
2018-07-25 17:30:00,135.39999389648438
2018-07-25 18:30:00,134.9499969482422
2018-07-25 19:30:00,135.89999389648438
2018-07-26 13:30:00,135.77000427246094
2018-07-26 14:30:00,137.1199951171875
2018-07-26 15:30:00,136.1199951171875
2018-07-26 16:30:00,136.30999755859375
2018-07-26 17:30:00,136.22000122070312
2018-07-26 18:30:00,136.42999267578125
2018-07-26 19:30:00,136.14999389648438
2018-07-27 13:30:00,134.7100067138672
2018-07-27 14:30:00,133.2324981689453
2018-07-27 15:30:00,132.07000732421875
2018-07-27 16:30:00,130.41000366210938
2018-07-27 17:30:00,130.31500244140625
2018-07-27 18:30:00,130.5399932861328
2018-07-27 19:30:00,131.14999389648438
2018-07-30 13:30:00,127.875
2018-07-30 14:30:00,126.70999908447266
2018-07-30 15:30:00,125.8499984741211
2018-07-30 16:30:00,126.13999938964844
2018-07-30 17:30:00,126.73999786376953
2018-07-30 18:30:00,127.12000274658203
2018-07-30 19:30:00,127.0
2018-07-31 13:30:00,127.30999755859375
2018-07-31 14:30:00,129.24000549316406
2018-07-31 15:30:00,130.25999450683594
2018-07-31 16:30:00,129.6925048828125
2018-07-31 17:30:00,129.1199951171875
2018-07-31 18:30:00,128.77999877929688
2018-07-31 19:30:00,128.47999572753906
2018-08-01 13:30:00,129.1199951171875
2018-08-01 14:30:00,127.94999694824219
2018-08-01 15:30:00,127.16000366210938
2018-08-01 16:30:00,127.2300033569336
2018-08-01 17:30:00,127.63999938964844
2018-08-01 18:30:00,127.37000274658203
2018-08-01 19:30:00,127.16000366210938
2018-08-02 13:30:00,127.43000030517578
2018-08-02 14:30:00,128.32000732421875
2018-08-02 15:30:00,129.42999267578125
2018-08-02 16:30:00,130.4199981689453
2018-08-02 17:30:00,130.4550018310547
2018-08-02 18:30:00,130.59500122070312
2018-08-02 19:30:00,131.1699981689453
2018-08-03 13:30:00,131.17999267578125
2018-08-03 14:30:00,130.91000366210938
2018-08-03 15:30:00,131.1699981689453
2018-08-03 16:30:00,131.33999633789062
2018-08-03 17:30:00,132.0399932861328
2018-08-03 18:30:00,132.0399932861328
2018-08-03 19:30:00,132.05999755859375
2018-08-06 13:30:00,132.9499969482422
2018-08-06 14:30:00,133.11000061035156
2018-08-06 15:30:00,133.77000427246094
2018-08-06 16:30:00,133.77999877929688
2018-08-06 17:30:00,133.97000122070312
2018-08-06 18:30:00,134.49000549316406
2018-08-06 19:30:00,134.33999633789062
2018-08-07 13:30:00,136.32000732421875
2018-08-07 14:30:00,135.25559997558594
2018-08-07 15:30:00,135.45860290527344
2018-08-07 16:30:00,134.94639587402344
2018-08-07 17:30:00,135.44000244140625
2018-08-07 18:30:00,135.39999389648438
2018-08-07 19:30:00,135.14999389648438
2018-08-08 13:30:00,133.99000549316406
2018-08-08 14:30:00,134.2989959716797
2018-08-08 15:30:00,133.69000244140625
2018-08-08 16:30:00,133.67999267578125
2018-08-08 17:30:00,134.27000427246094
2018-08-08 18:30:00,134.1999969482422
2018-08-08 19:30:00,134.1300048828125
2018-08-09 13:30:00,136.5500030517578
2018-08-09 14:30:00,136.25999450683594
2018-08-09 15:30:00,135.97999572753906
2018-08-09 16:30:00,136.0500030517578
2018-08-09 17:30:00,135.3699951171875
2018-08-09 18:30:00,135.14999389648438
2018-08-09 19:30:00,135.11000061035156
2018-08-10 13:30:00,135.3000030517578
2018-08-10 14:30:00,135.83999633789062
2018-08-10 15:30:00,135.8300018310547
2018-08-10 16:30:00,135.27999877929688
2018-08-10 17:30:00,134.5500030517578
2018-08-10 18:30:00,135.00999450683594
2018-08-10 19:30:00,134.8800048828125
2018-08-13 13:30:00,135.97999572753906
2018-08-13 14:30:00,135.0399932861328
2018-08-13 15:30:00,134.13999938964844
2018-08-13 16:30:00,134.2100067138672
2018-08-13 17:30:00,134.3300018310547
2018-08-13 18:30:00,133.60000610351562
2018-08-13 19:30:00,133.38999938964844
2018-08-14 13:30:00,134.10000610351562
2018-08-14 14:30:00,135.08999633789062
2018-08-14 15:30:00,134.85000610351562
2018-08-14 16:30:00,134.25
2018-08-14 17:30:00,134.41000366210938
2018-08-14 18:30:00,134.52999877929688
2018-08-14 19:30:00,134.0
2018-08-15 13:30:00,129.80999755859375
2018-08-15 14:30:00,130.13999938964844
2018-08-15 15:30:00,130.35000610351562
2018-08-15 16:30:00,130.2100067138672
2018-08-15 17:30:00,130.0
2018-08-15 18:30:00,130.8000030517578
2018-08-15 19:30:00,131.05999755859375
2018-08-16 13:30:00,132.14999389648438
2018-08-16 14:30:00,132.7415008544922
2018-08-16 15:30:00,132.99000549316406
2018-08-16 16:30:00,132.9499969482422
2018-08-16 17:30:00,133.14999389648438
2018-08-16 18:30:00,133.3699951171875
2018-08-16 19:30:00,133.74000549316406
2018-08-17 13:30:00,131.1999969482422
2018-08-17 14:30:00,130.1199951171875
2018-08-17 15:30:00,130.38999938964844
2018-08-17 16:30:00,130.01499938964844
2018-08-17 17:30:00,131.55999755859375
2018-08-17 18:30:00,131.83999633789062
2018-08-17 19:30:00,132.3699951171875
2018-08-20 13:30:00,132.43499755859375
2018-08-20 14:30:00,132.74000549316406
2018-08-20 15:30:00,133.74000549316406
2018-08-20 16:30:00,134.0399932861328
2018-08-20 17:30:00,134.00999450683594
2018-08-20 18:30:00,133.9375
2018-08-20 19:30:00,133.72000122070312
2018-08-21 13:30:00,136.2899932861328
2018-08-21 14:30:00,136.33999633789062
2018-08-21 15:30:00,136.5800018310547
2018-08-21 16:30:00,135.97999572753906
2018-08-21 17:30:00,135.86000061035156
2018-08-21 18:30:00,135.72000122070312
2018-08-21 19:30:00,135.52000427246094
2018-08-22 13:30:00,136.0500030517578
2018-08-22 14:30:00,136.58999633789062
2018-08-22 15:30:00,136.52999877929688
2018-08-22 16:30:00,136.4499969482422
2018-08-22 17:30:00,136.88999938964844
2018-08-22 18:30:00,137.2899932861328
2018-08-22 19:30:00,136.94000244140625
2018-08-23 13:30:00,138.3699951171875
2018-08-23 14:30:00,136.52000427246094
2018-08-23 15:30:00,137.55999755859375
2018-08-23 16:30:00,137.1999969482422
2018-08-23 17:30:00,137.31500244140625
2018-08-23 18:30:00,136.70440673828125
2018-08-23 19:30:00,136.17039489746094
2018-08-24 13:30:00,155.97000122070312
2018-08-24 14:30:00,155.53500366210938
2018-08-24 15:30:00,156.5
2018-08-24 16:30:00,156.6999969482422
2018-08-24 17:30:00,155.86500549316406
2018-08-24 18:30:00,156.2899932861328
2018-08-24 19:30:00,157.24000549316406
2018-08-27 13:30:00,156.40499877929688
2018-08-27 14:30:00,154.88999938964844
2018-08-27 15:30:00,154.55999755859375
2018-08-27 16:30:00,154.36000061035156
2018-08-27 17:30:00,154.94000244140625
2018-08-27 18:30:00,154.17999267578125
2018-08-27 19:30:00,154.6699981689453
2018-08-28 13:30:00,156.6154022216797
2018-08-28 14:30:00,156.6699981689453
2018-08-28 15:30:00,156.4600067138672
2018-08-28 16:30:00,157.47000122070312
2018-08-28 17:30:00,157.36000061035156
2018-08-28 18:30:00,156.75
2018-08-28 19:30:00,156.80999755859375
2018-08-29 13:30:00,156.4600067138672
2018-08-29 14:30:00,156.1875
2018-08-29 15:30:00,155.4199981689453
2018-08-29 16:30:00,155.63999938964844
2018-08-29 17:30:00,155.80999755859375
2018-08-29 18:30:00,155.47999572753906
2018-08-29 19:30:00,155.7100067138672
2018-08-30 13:30:00,154.8800048828125
2018-08-30 14:30:00,154.3699951171875
2018-08-30 15:30:00,154.33999633789062
2018-08-30 16:30:00,154.80999755859375
2018-08-30 17:30:00,153.86000061035156
2018-08-30 18:30:00,153.91000366210938
2018-08-30 19:30:00,153.91000366210938
2018-08-31 13:30:00,153.94000244140625
2018-08-31 14:30:00,153.75
2018-08-31 15:30:00,154.17999267578125
2018-08-31 16:30:00,154.14999389648438
2018-08-31 17:30:00,154.3699951171875
2018-08-31 18:30:00,154.22999572753906
2018-08-31 19:30:00,154.3800048828125
2018-09-04 13:30:00,153.02000427246094
2018-09-04 14:30:00,153.58999633789062
2018-09-04 15:30:00,152.82000732421875
2018-09-04 16:30:00,152.9199981689453
2018-09-04 17:30:00,153.4199981689453
2018-09-04 18:30:00,153.30999755859375
2018-09-04 19:30:00,153.55999755859375
2018-09-05 13:30:00,149.44000244140625
2018-09-05 14:30:00,148.85000610351562
2018-09-05 15:30:00,150.47000122070312
2018-09-05 16:30:00,150.52999877929688
2018-09-05 17:30:00,149.80999755859375
2018-09-05 18:30:00,149.40499877929688
2018-09-05 19:30:00,149.35000610351562
2018-09-06 13:30:00,148.9199981689453
2018-09-06 14:30:00,148.33999633789062
2018-09-06 15:30:00,147.89999389648438
2018-09-06 16:30:00,147.83999633789062
2018-09-06 17:30:00,148.07000732421875
2018-09-06 18:30:00,149.14999389648438
2018-09-06 19:30:00,148.8800048828125
2018-09-07 13:30:00,148.94000244140625
2018-09-07 14:30:00,150.6999969482422
2018-09-07 15:30:00,149.41000366210938
2018-09-07 16:30:00,149.7899932861328
2018-09-07 17:30:00,149.85000610351562
2018-09-07 18:30:00,149.27000427246094
2018-09-07 19:30:00,149.25999450683594
2018-09-10 13:30:00,149.55999755859375
2018-09-10 14:30:00,149.64999389648438
2018-09-10 15:30:00,149.64999389648438
2018-09-10 16:30:00,150.41250610351562
2018-09-10 17:30:00,150.74000549316406
2018-09-10 18:30:00,150.83999633789062
2018-09-10 19:30:00,150.72999572753906
2018-09-11 13:30:00,150.39999389648438
2018-09-11 14:30:00,150.27000427246094
2018-09-11 15:30:00,151.10000610351562
2018-09-11 16:30:00,150.6999969482422
2018-09-11 17:30:00,151.08999633789062
2018-09-11 18:30:00,150.47999572753906
2018-09-11 19:30:00,150.89999389648438
2018-09-12 13:30:00,148.5800018310547
2018-09-12 14:30:00,150.0800018310547
2018-09-12 15:30:00,150.24000549316406
2018-09-12 16:30:00,150.66000366210938
2018-09-12 17:30:00,150.4199981689453
2018-09-12 18:30:00,150.47000122070312
2018-09-12 19:30:00,150.72000122070312
2018-09-13 13:30:00,151.94000244140625
2018-09-13 14:30:00,152.15499877929688
2018-09-13 15:30:00,152.33999633789062
2018-09-13 16:30:00,152.1300048828125
2018-09-13 17:30:00,151.47000122070312
2018-09-13 18:30:00,151.4149932861328
2018-09-13 19:30:00,151.3800048828125
2018-09-14 13:30:00,152.71749877929688
2018-09-14 14:30:00,152.3300018310547
2018-09-14 15:30:00,151.11000061035156
2018-09-14 16:30:00,151.44000244140625
2018-09-14 17:30:00,152.25999450683594
2018-09-14 18:30:00,151.35000610351562
2018-09-14 19:30:00,151.30999755859375
2018-09-17 13:30:00,149.41000366210938
2018-09-17 14:30:00,149.6300048828125
2018-09-17 15:30:00,149.58999633789062
2018-09-17 16:30:00,148.61000061035156
2018-09-17 17:30:00,148.4600067138672
2018-09-17 18:30:00,147.3800048828125
2018-09-17 19:30:00,146.74000549316406
2018-09-18 13:30:00,149.22999572753906
2018-09-18 14:30:00,150.5
2018-09-18 15:30:00,149.3419952392578
2018-09-18 16:30:00,149.41000366210938
2018-09-18 17:30:00,149.82000732421875
2018-09-18 18:30:00,149.2100067138672
2018-09-18 19:30:00,148.80999755859375
2018-09-19 13:30:00,146.4600067138672
2018-09-19 14:30:00,147.27999877929688
2018-09-19 15:30:00,146.64999389648438
2018-09-19 16:30:00,147.0
2018-09-19 17:30:00,147.50999450683594
2018-09-19 18:30:00,148.3300018310547
2018-09-19 19:30:00,148.41000366210938
2018-09-20 13:30:00,152.1300048828125
2018-09-20 14:30:00,152.8699951171875
2018-09-20 15:30:00,153.4199981689453
2018-09-20 16:30:00,153.5
2018-09-20 17:30:00,153.67999267578125
2018-09-20 18:30:00,153.51499938964844
2018-09-20 19:30:00,153.22000122070312
2018-09-21 13:30:00,153.2899932861328
2018-09-21 14:30:00,152.57000732421875
2018-09-21 15:30:00,152.77000427246094
2018-09-21 16:30:00,152.74000549316406
2018-09-21 17:30:00,151.94000244140625
2018-09-21 18:30:00,151.97000122070312
2018-09-21 19:30:00,152.41000366210938
2018-09-24 13:30:00,152.80999755859375
2018-09-24 14:30:00,153.0800018310547
2018-09-24 15:30:00,152.75999450683594
2018-09-24 16:30:00,152.72999572753906
2018-09-24 17:30:00,152.75
2018-09-24 18:30:00,152.85000610351562
2018-09-24 19:30:00,152.82000732421875
2018-09-25 13:30:00,154.44000244140625
2018-09-25 14:30:00,154.8800048828125
2018-09-25 15:30:00,154.83999633789062
2018-09-25 16:30:00,155.0500030517578
2018-09-25 17:30:00,155.3699951171875
2018-09-25 18:30:00,155.42999267578125
2018-09-25 19:30:00,155.4199981689453
2018-09-26 13:30:00,155.1999969482422
2018-09-26 14:30:00,155.2899932861328
2018-09-26 15:30:00,155.6649932861328
2018-09-26 16:30:00,155.3800048828125
2018-09-26 17:30:00,155.9149932861328
2018-09-26 18:30:00,155.9600067138672
2018-09-26 19:30:00,154.82000732421875
2018-09-27 13:30:00,155.3300018310547
2018-09-27 14:30:00,155.6699981689453
2018-09-27 15:30:00,155.6699981689453
2018-09-27 16:30:00,155.6199951171875
2018-09-27 17:30:00,155.56100463867188
2018-09-27 18:30:00,155.41799926757812
2018-09-27 19:30:00,156.0
2018-09-28 13:30:00,156.38999938964844
2018-09-28 14:30:00,156.3000030517578
2018-09-28 15:30:00,156.22500610351562
2018-09-28 16:30:00,156.0800018310547
2018-09-28 17:30:00,155.58999633789062
2018-09-28 18:30:00,155.92999267578125
2018-09-28 19:30:00,156.1199951171875
2018-10-01 13:30:00,155.61000061035156
2018-10-01 14:30:00,155.94000244140625
2018-10-01 15:30:00,155.63999938964844
2018-10-01 16:30:00,155.8000030517578
2018-10-01 17:30:00,155.41000366210938
2018-10-01 18:30:00,155.35000610351562
2018-10-01 19:30:00,155.5399932861328
2018-10-02 13:30:00,155.5399932861328
2018-10-02 14:30:00,155.27999877929688
2018-10-02 15:30:00,154.94000244140625
2018-10-02 16:30:00,154.86000061035156
2018-10-02 17:30:00,154.8000030517578
2018-10-02 18:30:00,153.3300018310547
2018-10-02 19:30:00,154.0
2018-10-03 13:30:00,155.36500549316406
2018-10-03 14:30:00,154.91000366210938
2018-10-03 15:30:00,154.85000610351562
2018-10-03 16:30:00,154.77999877929688
2018-10-03 17:30:00,155.0399932861328
2018-10-03 18:30:00,154.9600067138672
2018-10-03 19:30:00,154.85000610351562
2018-10-04 13:30:00,152.72000122070312
2018-10-04 14:30:00,153.05999755859375
2018-10-04 15:30:00,150.72999572753906
2018-10-04 16:30:00,151.0
2018-10-04 17:30:00,150.1199951171875
2018-10-04 18:30:00,151.14500427246094
2018-10-04 19:30:00,152.11000061035156
2018-10-05 13:30:00,153.17999267578125
2018-10-05 14:30:00,152.42999267578125
2018-10-05 15:30:00,151.27000427246094
2018-10-05 16:30:00,150.75
2018-10-05 17:30:00,152.52000427246094
2018-10-05 18:30:00,152.41000366210938
2018-10-05 19:30:00,152.00999450683594
2018-10-08 13:30:00,152.0
2018-10-08 14:30:00,149.9499969482422
2018-10-08 15:30:00,148.10000610351562
2018-10-08 16:30:00,145.22000122070312
2018-10-08 17:30:00,146.35009765625
2018-10-08 18:30:00,146.55999755859375
2018-10-08 19:30:00,146.22000122070312
2018-10-09 13:30:00,146.94000244140625
2018-10-09 14:30:00,146.61000061035156
2018-10-09 15:30:00,145.69000244140625
2018-10-09 16:30:00,144.32000732421875
2018-10-09 17:30:00,143.72999572753906
2018-10-09 18:30:00,143.1699981689453
2018-10-09 19:30:00,142.8699951171875
2018-10-10 13:30:00,136.77000427246094
2018-10-10 14:30:00,135.2899932861328
2018-10-10 15:30:00,135.94000244140625
2018-10-10 16:30:00,136.35000610351562
2018-10-10 17:30:00,136.0800018310547
2018-10-10 18:30:00,135.24000549316406
2018-10-10 19:30:00,133.5
2018-10-11 13:30:00,133.0399932861328
2018-10-11 14:30:00,132.07000732421875
2018-10-11 15:30:00,133.16000366210938
2018-10-11 16:30:00,133.0
2018-10-11 17:30:00,132.0399932861328
2018-10-11 18:30:00,132.08999633789062
2018-10-11 19:30:00,130.9199981689453
2018-10-12 13:30:00,139.02000427246094
2018-10-12 14:30:00,138.47999572753906
2018-10-12 15:30:00,136.24000549316406
2018-10-12 16:30:00,136.2100067138672
2018-10-12 17:30:00,136.41000366210938
2018-10-12 18:30:00,137.50999450683594
2018-10-12 19:30:00,138.1999969482422
2018-10-15 13:30:00,133.8800048828125
2018-10-15 14:30:00,136.3000030517578
2018-10-15 15:30:00,135.08999633789062
2018-10-15 16:30:00,134.7899932861328
2018-10-15 17:30:00,134.66619873046875
2018-10-15 18:30:00,135.27999877929688
2018-10-15 19:30:00,134.61000061035156
2018-10-16 13:30:00,137.875
2018-10-16 14:30:00,140.0399932861328
2018-10-16 15:30:00,140.67999267578125
2018-10-16 16:30:00,140.8000030517578
2018-10-16 17:30:00,140.75999450683594
2018-10-16 18:30:00,141.02999877929688
2018-10-16 19:30:00,141.4199981689453
2018-10-17 13:30:00,139.71499633789062
2018-10-17 14:30:00,140.0399932861328
2018-10-17 15:30:00,140.3291015625
2018-10-17 16:30:00,140.92999267578125
2018-10-17 17:30:00,140.10000610351562
2018-10-17 18:30:00,141.47999572753906
2018-10-17 19:30:00,141.82000732421875
2018-10-18 13:30:00,138.31100463867188
2018-10-18 14:30:00,136.57000732421875
2018-10-18 15:30:00,137.6300048828125
2018-10-18 16:30:00,136.50999450683594
2018-10-18 17:30:00,136.7949981689453
2018-10-18 18:30:00,137.22000122070312
2018-10-18 19:30:00,137.33999633789062
2018-10-19 13:30:00,139.69000244140625
2018-10-19 14:30:00,138.5399932861328
2018-10-19 15:30:00,135.80999755859375
2018-10-19 16:30:00,135.49000549316406
2018-10-19 17:30:00,134.97999572753906
2018-10-19 18:30:00,134.25
2018-10-19 19:30:00,133.1699981689453
2018-10-22 13:30:00,132.22000122070312
2018-10-22 14:30:00,134.97000122070312
2018-10-22 15:30:00,135.14999389648438
2018-10-22 16:30:00,136.60000610351562
2018-10-22 17:30:00,135.74000549316406
2018-10-22 18:30:00,136.28160095214844
2018-10-22 19:30:00,135.67999267578125
2018-10-23 13:30:00,131.47000122070312
2018-10-23 14:30:00,132.11500549316406
2018-10-23 15:30:00,133.5500030517578
2018-10-23 16:30:00,134.875
2018-10-23 17:30:00,134.89999389648438
2018-10-23 18:30:00,134.77999877929688
2018-10-23 19:30:00,134.11000061035156
2018-10-24 13:30:00,131.97000122070312
2018-10-24 14:30:00,130.2100067138672
2018-10-24 15:30:00,130.08999633789062
2018-10-24 16:30:00,128.44000244140625
2018-10-24 17:30:00,128.05999755859375
2018-10-24 18:30:00,125.41000366210938
2018-10-24 19:30:00,124.91999816894531
2018-10-25 13:30:00,127.61000061035156
2018-10-25 14:30:00,128.47000122070312
2018-10-25 15:30:00,128.31320190429688
2018-10-25 16:30:00,128.6999969482422
2018-10-25 17:30:00,129.9600067138672
2018-10-25 18:30:00,130.2899932861328
2018-10-25 19:30:00,130.02000427246094
2018-10-26 13:30:00,125.61000061035156
2018-10-26 14:30:00,125.12999725341797
2018-10-26 15:30:00,126.62999725341797
2018-10-26 16:30:00,127.75080108642578
2018-10-26 17:30:00,126.55000305175781
2018-10-26 18:30:00,124.41000366210938
2018-10-26 19:30:00,124.70999908447266
2018-10-29 13:30:00,126.94999694824219
2018-10-29 14:30:00,126.6500015258789
2018-10-29 15:30:00,123.94000244140625
2018-10-29 16:30:00,124.6500015258789
2018-10-29 17:30:00,123.9800033569336
2018-10-29 18:30:00,121.4800033569336
2018-10-29 19:30:00,124.19999694824219
2018-10-30 13:30:00,125.58000183105469
2018-10-30 14:30:00,125.75
2018-10-30 15:30:00,126.3499984741211
2018-10-30 16:30:00,124.29000091552734
2018-10-30 17:30:00,123.63999938964844
2018-10-30 18:30:00,125.3499984741211
2018-10-30 19:30:00,126.01000213623047
2018-10-31 13:30:00,131.77000427246094
2018-10-31 14:30:00,130.85890197753906
2018-10-31 15:30:00,129.72000122070312
2018-10-31 16:30:00,130.5800018310547
2018-10-31 17:30:00,130.74000549316406
2018-10-31 18:30:00,130.72000122070312
2018-10-31 19:30:00,129.25
2018-11-01 13:30:00,130.22000122070312
2018-11-01 14:30:00,132.16000366210938
2018-11-01 15:30:00,132.17999267578125
2018-11-01 16:30:00,133.89999389648438
2018-11-01 17:30:00,134.94000244140625
2018-11-01 18:30:00,135.1999969482422
2018-11-01 19:30:00,135.22999572753906
2018-11-02 13:30:00,134.72999572753906
2018-11-02 14:30:00,134.22999572753906
2018-11-02 15:30:00,134.97999572753906
2018-11-02 16:30:00,134.08999633789062
2018-11-02 17:30:00,134.27000427246094
2018-11-02 18:30:00,134.0
2018-11-02 19:30:00,134.1300048828125
