Datetime,AMGN
2017-11-06 14:30:00,171.77000427246094
2017-11-06 15:30:00,171.8300018310547
2017-11-06 16:30:00,171.74000549316406
2017-11-06 17:30:00,171.27000427246094
2017-11-06 18:30:00,171.4199981689453
2017-11-06 19:30:00,171.30999755859375
2017-11-06 20:30:00,170.74000549316406
2017-11-07 14:30:00,171.3300018310547
2017-11-07 15:30:00,172.5500030517578
2017-11-07 16:30:00,174.02000427246094
2017-11-07 17:30:00,174.1199951171875
2017-11-07 18:30:00,173.36000061035156
2017-11-07 19:30:00,173.27000427246094
2017-11-07 20:30:00,173.50999450683594
2017-11-08 14:30:00,174.2899932861328
2017-11-08 15:30:00,173.47000122070312
2017-11-08 16:30:00,173.9199981689453
2017-11-08 17:30:00,174.0800018310547
2017-11-08 18:30:00,173.5800018310547
2017-11-08 19:30:00,173.56500244140625
2017-11-08 20:30:00,173.55999755859375
2017-11-09 14:30:00,173.5800018310547
2017-11-09 15:30:00,172.75999450683594
2017-11-09 16:30:00,172.35000610351562
2017-11-09 17:30:00,172.3699951171875
2017-11-09 18:30:00,173.07000732421875
2017-11-09 19:30:00,173.4499969482422
2017-11-09 20:30:00,173.94000244140625
2017-11-10 14:30:00,172.11000061035156
2017-11-10 15:30:00,171.75
2017-11-10 16:30:00,172.35000610351562
2017-11-10 17:30:00,172.02000427246094
2017-11-10 18:30:00,172.32000732421875
2017-11-10 19:30:00,172.9499969482422
2017-11-10 20:30:00,172.30999755859375
2017-11-13 14:30:00,172.68499755859375
2017-11-13 15:30:00,172.6898956298828
2017-11-13 16:30:00,171.8699951171875
2017-11-13 17:30:00,171.2100067138672
2017-11-13 18:30:00,171.4199981689453
2017-11-13 19:30:00,171.42999267578125
2017-11-13 20:30:00,171.5
2017-11-14 14:30:00,168.6199951171875
2017-11-14 15:30:00,168.60499572753906
2017-11-14 16:30:00,168.77000427246094
2017-11-14 17:30:00,168.5800018310547
2017-11-14 18:30:00,169.60000610351562
2017-11-14 19:30:00,169.69000244140625
2017-11-14 20:30:00,170.1300048828125
2017-11-15 14:30:00,168.89500427246094
2017-11-15 15:30:00,170.05999755859375
2017-11-15 16:30:00,169.3699951171875
2017-11-15 17:30:00,168.80999755859375
2017-11-15 18:30:00,169.4499969482422
2017-11-15 19:30:00,169.49000549316406
2017-11-15 20:30:00,169.36000061035156
2017-11-16 14:30:00,169.99850463867188
2017-11-16 15:30:00,170.49049377441406
2017-11-16 16:30:00,170.72999572753906
2017-11-16 17:30:00,170.5399932861328
2017-11-16 18:30:00,170.7100067138672
2017-11-16 19:30:00,171.02000427246094
2017-11-16 20:30:00,170.74000549316406
2017-11-17 14:30:00,170.24000549316406
2017-11-17 15:30:00,169.74000549316406
2017-11-17 16:30:00,170.03900146484375
2017-11-17 17:30:00,170.3300018310547
2017-11-17 18:30:00,170.10000610351562
2017-11-17 19:30:00,169.97999572753906
2017-11-17 20:30:00,169.97000122070312
2017-11-20 14:30:00,168.8000030517578
2017-11-20 15:30:00,168.52000427246094
2017-11-20 16:30:00,168.24000549316406
2017-11-20 17:30:00,168.6199951171875
2017-11-20 18:30:00,168.84500122070312
2017-11-20 19:30:00,168.67999267578125
2017-11-20 20:30:00,168.77999877929688
2017-11-21 14:30:00,169.7899932861328
2017-11-21 15:30:00,169.75999450683594
2017-11-21 16:30:00,169.63999938964844
2017-11-21 17:30:00,169.8800048828125
2017-11-21 18:30:00,169.89999389648438
2017-11-21 19:30:00,169.50999450683594
2017-11-21 20:30:00,169.86000061035156
2017-11-22 14:30:00,169.9600067138672
2017-11-22 15:30:00,169.5399932861328
2017-11-22 16:30:00,169.72999572753906
2017-11-22 17:30:00,169.85000610351562
2017-11-22 18:30:00,169.9149932861328
2017-11-22 19:30:00,170.0800018310547
2017-11-22 20:30:00,169.91000366210938
2017-11-24 14:30:00,170.25
2017-11-24 15:30:00,170.13999938964844
2017-11-24 16:30:00,170.00999450683594
2017-11-24 18:00:00,170.1033935546875
2017-11-27 14:30:00,170.0500030517578
2017-11-27 15:30:00,170.06039428710938
2017-11-27 16:30:00,170.02000427246094
2017-11-27 17:30:00,170.19940185546875
2017-11-27 18:30:00,169.75999450683594
2017-11-27 19:30:00,169.77000427246094
2017-11-27 20:30:00,169.66000366210938
2017-11-28 14:30:00,169.83999633789062
2017-11-28 15:30:00,170.19000244140625
2017-11-28 16:30:00,170.02000427246094
2017-11-28 17:30:00,170.22000122070312
2017-11-28 18:30:00,170.27000427246094
2017-11-28 19:30:00,170.18499755859375
2017-11-28 20:30:00,170.27999877929688
2017-11-29 14:30:00,173.5399932861328
2017-11-29 15:30:00,173.58999633789062
2017-11-29 16:30:00,173.3300018310547
2017-11-29 17:30:00,172.40660095214844
2017-11-29 18:30:00,172.06939697265625
2017-11-29 19:30:00,171.77999877929688
2017-11-29 20:30:00,172.24000549316406
2017-11-30 14:30:00,174.25999450683594
2017-11-30 15:30:00,174.72000122070312
2017-11-30 16:30:00,175.8699951171875
2017-11-30 17:30:00,175.91000366210938
2017-11-30 18:30:00,175.72000122070312
2017-11-30 19:30:00,175.52000427246094
2017-11-30 20:30:00,175.60000610351562
2017-12-01 14:30:00,177.3800048828125
2017-12-01 15:30:00,174.14999389648438
2017-12-01 16:30:00,176.44000244140625
2017-12-01 17:30:00,177.36000061035156
2017-12-01 18:30:00,177.2899932861328
2017-12-01 19:30:00,177.38999938964844
2017-12-01 20:30:00,177.22999572753906
2017-12-04 14:30:00,180.05999755859375
2017-12-04 15:30:00,179.23500061035156
2017-12-04 16:30:00,179.55999755859375
2017-12-04 17:30:00,179.73260498046875
2017-12-04 18:30:00,179.30999755859375
2017-12-04 19:30:00,179.27000427246094
2017-12-04 20:30:00,178.69000244140625
2017-12-05 14:30:00,178.4600067138672
2017-12-05 15:30:00,179.1750030517578
2017-12-05 16:30:00,180.14500427246094
2017-12-05 17:30:00,179.77000427246094
2017-12-05 18:30:00,179.1999969482422
2017-12-05 19:30:00,179.0
2017-12-05 20:30:00,178.6699981689453
2017-12-06 14:30:00,176.6300048828125
2017-12-06 15:30:00,176.22000122070312
2017-12-06 16:30:00,175.05999755859375
2017-12-06 17:30:00,175.3300018310547
2017-12-06 18:30:00,175.75
2017-12-06 19:30:00,175.96499633789062
2017-12-06 20:30:00,176.24000549316406
2017-12-07 14:30:00,175.1699981689453
2017-12-07 15:30:00,175.09500122070312
2017-12-07 16:30:00,175.4199981689453
2017-12-07 17:30:00,175.3000030517578
2017-12-07 18:30:00,175.25999450683594
2017-12-07 19:30:00,174.35000610351562
2017-12-07 20:30:00,173.9600067138672
2017-12-08 14:30:00,174.97000122070312
2017-12-08 15:30:00,175.5399932861328
2017-12-08 16:30:00,175.5399932861328
2017-12-08 17:30:00,175.6999969482422
2017-12-08 18:30:00,175.44000244140625
2017-12-08 19:30:00,175.13999938964844
2017-12-08 20:30:00,175.3699951171875
2017-12-11 14:30:00,176.27999877929688
2017-12-11 15:30:00,176.91000366210938
2017-12-11 16:30:00,177.32000732421875
2017-12-11 17:30:00,177.3699951171875
2017-12-11 18:30:00,176.8800048828125
2017-12-11 19:30:00,176.69000244140625
2017-12-11 20:30:00,176.8300018310547
2017-12-12 14:30:00,174.75999450683594
2017-12-12 15:30:00,174.9199981689453
2017-12-12 16:30:00,175.58999633789062
2017-12-12 17:30:00,175.27000427246094
2017-12-12 18:30:00,175.69000244140625
2017-12-12 19:30:00,176.14999389648438
2017-12-12 20:30:00,176.27999877929688
2017-12-13 14:30:00,176.86000061035156
2017-12-13 15:30:00,177.52000427246094
2017-12-13 16:30:00,176.9199981689453
2017-12-13 17:30:00,177.02000427246094
2017-12-13 18:30:00,177.58799743652344
2017-12-13 19:30:00,177.72999572753906
2017-12-13 20:30:00,177.49000549316406
2017-12-14 14:30:00,175.72000122070312
2017-12-14 15:30:00,175.4499969482422
2017-12-14 16:30:00,175.52999877929688
2017-12-14 17:30:00,175.44000244140625
2017-12-14 18:30:00,174.91000366210938
2017-12-14 19:30:00,174.94000244140625
2017-12-14 20:30:00,174.9199981689453
2017-12-15 14:30:00,176.6999969482422
2017-12-15 15:30:00,176.27000427246094
2017-12-15 16:30:00,176.85000610351562
2017-12-15 17:30:00,176.7100067138672
2017-12-15 18:30:00,176.85000610351562
2017-12-15 19:30:00,177.22999572753906
2017-12-15 20:30:00,176.89999389648438
2017-12-18 14:30:00,176.64559936523438
2017-12-18 15:30:00,176.9600067138672
2017-12-18 16:30:00,177.00999450683594
2017-12-18 17:30:00,177.22000122070312
2017-12-18 18:30:00,176.79620361328125
2017-12-18 19:30:00,176.5800018310547
2017-12-18 20:30:00,176.1999969482422
2017-12-19 14:30:00,176.5800018310547
2017-12-19 15:30:00,176.83999633789062
2017-12-19 16:30:00,176.49229431152344
2017-12-19 17:30:00,176.63999938964844
2017-12-19 18:30:00,177.1300048828125
2017-12-19 19:30:00,177.16000366210938
2017-12-19 20:30:00,176.9499969482422
2017-12-20 14:30:00,179.0500030517578
2017-12-20 15:30:00,178.69000244140625
2017-12-20 16:30:00,178.63999938964844
2017-12-20 17:30:00,178.29359436035156
2017-12-20 18:30:00,177.32000732421875
2017-12-20 19:30:00,177.39999389648438
2017-12-20 20:30:00,177.1199951171875
2017-12-21 14:30:00,177.35670471191406
2017-12-21 15:30:00,176.9600067138672
2017-12-21 16:30:00,176.75
2017-12-21 17:30:00,177.66000366210938
2017-12-21 18:30:00,177.32000732421875
2017-12-21 19:30:00,177.35000610351562
2017-12-21 20:30:00,176.69000244140625
2017-12-22 14:30:00,177.1199951171875
2017-12-22 15:30:00,176.72000122070312
2017-12-22 16:30:00,176.24000549316406
2017-12-22 17:30:00,176.07020568847656
2017-12-22 18:30:00,176.43499755859375
2017-12-22 19:30:00,176.5800018310547
2017-12-22 20:30:00,176.43099975585938
2017-12-26 14:30:00,176.02999877929688
2017-12-26 15:30:00,175.7449951171875
2017-12-26 16:30:00,175.9499053955078
2017-12-26 17:30:00,176.47000122070312
2017-12-26 18:30:00,176.31500244140625
2017-12-26 19:30:00,176.30999755859375
2017-12-26 20:30:00,176.0800018310547
2017-12-27 14:30:00,177.02000427246094
2017-12-27 15:30:00,176.68919372558594
2017-12-27 16:30:00,176.52999877929688
2017-12-27 17:30:00,176.86000061035156
2017-12-27 18:30:00,176.67999267578125
2017-12-27 19:30:00,176.22000122070312
2017-12-27 20:30:00,176.19000244140625
2017-12-28 14:30:00,175.1300048828125
2017-12-28 15:30:00,175.4499969482422
2017-12-28 16:30:00,175.22909545898438
2017-12-28 17:30:00,175.53660583496094
2017-12-28 18:30:00,175.44000244140625
2017-12-28 19:30:00,175.13999938964844
2017-12-28 20:30:00,175.25
2017-12-29 14:30:00,175.6999969482422
2017-12-29 15:30:00,175.0469970703125
2017-12-29 16:30:00,174.98410034179688
2017-12-29 17:30:00,174.85000610351562
2017-12-29 18:30:00,174.5500030517578
2017-12-29 19:30:00,174.6999969482422
2017-12-29 20:30:00,173.88999938964844
2018-01-02 14:30:00,177.11000061035156
2018-01-02 15:30:00,177.39999389648438
2018-01-02 16:30:00,177.0500030517578
2018-01-02 17:30:00,176.77000427246094
2018-01-02 18:30:00,176.75999450683594
2018-01-02 19:30:00,177.0399932861328
2018-01-02 20:30:00,176.97999572753906
2018-01-03 14:30:00,177.56500244140625
2018-01-03 15:30:00,179.75
2018-01-03 16:30:00,180.83450317382812
2018-01-03 17:30:00,181.22799682617188
2018-01-03 18:30:00,180.94000244140625
2018-01-03 19:30:00,180.3000030517578
2018-01-03 20:30:00,180.26499938964844
2018-01-04 14:30:00,180.6699981689453
2018-01-04 15:30:00,179.32000732421875
2018-01-04 16:30:00,179.447998046875
2018-01-04 17:30:00,179.47349548339844
2018-01-04 18:30:00,179.72999572753906
2018-01-04 19:30:00,179.875
2018-01-04 20:30:00,179.55999755859375
2018-01-05 14:30:00,179.39999389648438
2018-01-05 15:30:00,180.3000030517578
2018-01-05 16:30:00,180.4199981689453
2018-01-05 17:30:00,179.82000732421875
2018-01-05 18:30:00,179.89999389648438
2018-01-05 19:30:00,180.36000061035156
2018-01-05 20:30:00,180.55999755859375
2018-01-08 14:30:00,179.3000030517578
2018-01-08 15:30:00,178.7969970703125
2018-01-08 16:30:00,179.08999633789062
2018-01-08 17:30:00,179.52000427246094
2018-01-08 18:30:00,179.8800048828125
2018-01-08 19:30:00,180.08450317382812
2018-01-08 20:30:00,180.52999877929688
2018-01-09 14:30:00,182.07000732421875
2018-01-09 15:30:00,183.20030212402344
2018-01-09 16:30:00,182.55999755859375
2018-01-09 17:30:00,183.17999267578125
2018-01-09 18:30:00,183.4600067138672
2018-01-09 19:30:00,183.41000366210938
2018-01-09 20:30:00,183.41099548339844
2018-01-10 14:30:00,181.97000122070312
2018-01-10 15:30:00,182.11000061035156
2018-01-10 16:30:00,183.0500030517578
2018-01-10 17:30:00,183.4199981689453
2018-01-10 18:30:00,182.68359375
2018-01-10 19:30:00,182.88999938964844
2018-01-10 20:30:00,182.85899353027344
2018-01-11 14:30:00,181.72000122070312
2018-01-11 15:30:00,181.55999755859375
2018-01-11 16:30:00,181.74000549316406
2018-01-11 17:30:00,181.73049926757812
2018-01-11 18:30:00,181.4499969482422
2018-01-11 19:30:00,181.64430236816406
2018-01-11 20:30:00,181.92999267578125
2018-01-12 14:30:00,182.60000610351562
2018-01-12 15:30:00,184.13319396972656
2018-01-12 16:30:00,184.35000610351562
2018-01-12 17:30:00,184.74000549316406
2018-01-12 18:30:00,184.6199951171875
2018-01-12 19:30:00,185.00999450683594
2018-01-12 20:30:00,185.02000427246094
2018-01-16 14:30:00,186.67999267578125
2018-01-16 15:30:00,184.3800048828125
2018-01-16 16:30:00,184.35000610351562
2018-01-16 17:30:00,184.8800048828125
2018-01-16 18:30:00,185.39999389648438
2018-01-16 19:30:00,185.72000122070312
2018-01-16 20:30:00,185.5399932861328
2018-01-17 14:30:00,186.29820251464844
2018-01-17 15:30:00,186.62339782714844
2018-01-17 16:30:00,186.97999572753906
2018-01-17 17:30:00,187.97000122070312
2018-01-17 18:30:00,188.6300048828125
2018-01-17 19:30:00,188.91000366210938
2018-01-17 20:30:00,188.0
2018-01-18 14:30:00,187.1407012939453
2018-01-18 15:30:00,186.9250030517578
2018-01-18 16:30:00,187.04800415039062
2018-01-18 17:30:00,187.19500732421875
2018-01-18 18:30:00,187.7050018310547
2018-01-18 19:30:00,187.2100067138672
2018-01-18 20:30:00,187.58999633789062
2018-01-19 14:30:00,188.43499755859375
2018-01-19 15:30:00,188.67999267578125
2018-01-19 16:30:00,188.5500030517578
2018-01-19 17:30:00,188.47999572753906
2018-01-19 18:30:00,188.6300048828125
2018-01-19 19:30:00,189.52999877929688
2018-01-19 20:30:00,189.27999877929688
2018-01-22 14:30:00,191.4199981689453
2018-01-22 15:30:00,191.10000610351562
2018-01-22 16:30:00,192.1699981689453
2018-01-22 17:30:00,192.3800048828125
2018-01-22 18:30:00,191.91769409179688
2018-01-22 19:30:00,192.41000366210938
2018-01-22 20:30:00,192.33999633789062
2018-01-23 14:30:00,194.19000244140625
2018-01-23 15:30:00,193.1999969482422
2018-01-23 16:30:00,193.77999877929688
2018-01-23 17:30:00,192.9149932861328
2018-01-23 18:30:00,192.92869567871094
2018-01-23 19:30:00,191.97000122070312
2018-01-23 20:30:00,192.02000427246094
2018-01-24 14:30:00,192.2100067138672
2018-01-24 15:30:00,190.9246063232422
2018-01-24 16:30:00,190.61000061035156
2018-01-24 17:30:00,191.5
2018-01-24 18:30:00,192.2899932861328
2018-01-24 19:30:00,190.5399932861328
2018-01-24 20:30:00,190.64999389648438
2018-01-25 14:30:00,189.6300048828125
2018-01-25 15:30:00,190.77999877929688
2018-01-25 16:30:00,190.44000244140625
2018-01-25 17:30:00,190.61000061035156
2018-01-25 18:30:00,190.4499969482422
2018-01-25 19:30:00,190.24000549316406
2018-01-25 20:30:00,190.14999389648438
2018-01-26 14:30:00,192.6999969482422
2018-01-26 15:30:00,195.4199981689453
2018-01-26 16:30:00,194.71690368652344
2018-01-26 17:30:00,195.1199951171875
2018-01-26 18:30:00,195.66000366210938
2018-01-26 19:30:00,196.16000366210938
2018-01-26 20:30:00,195.89999389648438
2018-01-29 14:30:00,196.39480590820312
2018-01-29 15:30:00,196.84500122070312
2018-01-29 16:30:00,199.11160278320312
2018-01-29 17:30:00,200.5399932861328
2018-01-29 18:30:00,200.77499389648438
2018-01-29 19:30:00,198.94000244140625
2018-01-29 20:30:00,198.0
2018-01-30 14:30:00,193.26100158691406
2018-01-30 15:30:00,192.58999633789062
2018-01-30 16:30:00,191.25
2018-01-30 17:30:00,191.0800018310547
2018-01-30 18:30:00,191.88999938964844
2018-01-30 19:30:00,191.5399932861328
2018-01-30 20:30:00,191.24000549316406
2018-01-31 14:30:00,187.86500549316406
2018-01-31 15:30:00,186.1199951171875
2018-01-31 16:30:00,186.61000061035156
2018-01-31 17:30:00,186.7899932861328
2018-01-31 18:30:00,185.8300018310547
2018-01-31 19:30:00,185.55999755859375
2018-01-31 20:30:00,186.05999755859375
2018-02-01 14:30:00,184.8000030517578
2018-02-01 15:30:00,184.35000610351562
2018-02-01 16:30:00,185.8000030517578
2018-02-01 17:30:00,186.60000610351562
2018-02-01 18:30:00,185.08999633789062
2018-02-01 19:30:00,185.07000732421875
2018-02-01 20:30:00,185.55999755859375
2018-02-02 14:30:00,188.91000366210938
2018-02-02 15:30:00,188.97000122070312
2018-02-02 16:30:00,190.36000061035156
2018-02-02 17:30:00,187.75
2018-02-02 18:30:00,189.19000244140625
2018-02-02 19:30:00,187.91000366210938
2018-02-02 20:30:00,187.02000427246094
2018-02-05 14:30:00,184.23500061035156
2018-02-05 15:30:00,183.27999877929688
2018-02-05 16:30:00,181.22500610351562
2018-02-05 17:30:00,179.9550018310547
2018-02-05 18:30:00,178.72999572753906
2018-02-05 19:30:00,178.69000244140625
2018-02-05 20:30:00,174.77999877929688
2018-02-06 14:30:00,174.7949981689453
2018-02-06 15:30:00,173.3300018310547
2018-02-06 16:30:00,176.12539672851562
2018-02-06 17:30:00,174.92999267578125
2018-02-06 18:30:00,173.1864013671875
2018-02-06 19:30:00,175.99000549316406
2018-02-06 20:30:00,176.61000061035156
2018-02-07 14:30:00,178.47000122070312
2018-02-07 15:30:00,180.08999633789062
2018-02-07 16:30:00,179.82000732421875
2018-02-07 17:30:00,178.74000549316406
2018-02-07 18:30:00,178.99000549316406
2018-02-07 19:30:00,178.9149932861328
2018-02-07 20:30:00,177.55999755859375
2018-02-08 14:30:00,178.16000366210938
2018-02-08 15:30:00,176.86500549316406
2018-02-08 16:30:00,176.85000610351562
2018-02-08 17:30:00,175.9499969482422
2018-02-08 18:30:00,176.0
2018-02-08 19:30:00,175.5198974609375
2018-02-08 20:30:00,173.11000061035156
2018-02-09 14:30:00,172.7899932861328
2018-02-09 15:30:00,170.69000244140625
2018-02-09 16:30:00,168.99000549316406
2018-02-09 17:30:00,168.9199981689453
2018-02-09 18:30:00,171.72999572753906
2018-02-09 19:30:00,171.88839721679688
2018-02-09 20:30:00,173.33999633789062
2018-02-12 14:30:00,173.51199340820312
2018-02-12 15:30:00,174.30999755859375
2018-02-12 16:30:00,175.0
2018-02-12 17:30:00,174.6300048828125
2018-02-12 18:30:00,175.5500030517578
2018-02-12 19:30:00,176.125
2018-02-12 20:30:00,174.83999633789062
2018-02-13 14:30:00,174.4600067138672
2018-02-13 15:30:00,173.9521026611328
2018-02-13 16:30:00,174.1999969482422
2018-02-13 17:30:00,174.6300048828125
2018-02-13 18:30:00,175.0850067138672
2018-02-13 19:30:00,176.5500030517578
2018-02-13 20:30:00,175.94000244140625
2018-02-14 14:30:00,177.89999389648438
2018-02-14 15:30:00,177.8874969482422
2018-02-14 16:30:00,177.7899932861328
2018-02-14 17:30:00,178.62660217285156
2018-02-14 18:30:00,179.00999450683594
2018-02-14 19:30:00,179.84249877929688
2018-02-14 20:30:00,179.52000427246094
2018-02-15 14:30:00,181.69000244140625
2018-02-15 15:30:00,181.47000122070312
2018-02-15 16:30:00,181.69000244140625
2018-02-15 17:30:00,182.77000427246094
2018-02-15 18:30:00,183.24000549316406
2018-02-15 19:30:00,183.30999755859375
2018-02-15 20:30:00,183.67999267578125
2018-02-16 14:30:00,184.17999267578125
2018-02-16 15:30:00,184.33999633789062
2018-02-16 16:30:00,184.72999572753906
2018-02-16 17:30:00,183.8300018310547
2018-02-16 18:30:00,183.22999572753906
2018-02-16 19:30:00,184.66000366210938
2018-02-16 20:30:00,183.55999755859375
2018-02-20 14:30:00,183.14500427246094
2018-02-20 15:30:00,184.02999877929688
2018-02-20 16:30:00,183.58999633789062
2018-02-20 17:30:00,183.3300018310547
2018-02-20 18:30:00,183.47999572753906
2018-02-20 19:30:00,182.66000366210938
2018-02-20 20:30:00,183.0
2018-02-21 14:30:00,183.75999450683594
2018-02-21 15:30:00,183.58999633789062
2018-02-21 16:30:00,183.5500030517578
2018-02-21 17:30:00,183.97999572753906
2018-02-21 18:30:00,185.0
2018-02-21 19:30:00,184.00999450683594
2018-02-21 20:30:00,182.5
2018-02-22 14:30:00,183.5
2018-02-22 15:30:00,184.1999969482422
2018-02-22 16:30:00,184.11000061035156
2018-02-22 17:30:00,182.77999877929688
2018-02-22 18:30:00,183.10000610351562
2018-02-22 19:30:00,182.63999938964844
2018-02-22 20:30:00,182.49000549316406
2018-02-23 14:30:00,183.1199951171875
2018-02-23 15:30:00,183.3300018310547
2018-02-23 16:30:00,183.9499969482422
2018-02-23 17:30:00,183.9499969482422
2018-02-23 18:30:00,184.8300018310547
2018-02-23 19:30:00,185.97999572753906
2018-02-23 20:30:00,186.69500732421875
2018-02-26 14:30:00,188.41000366210938
2018-02-26 15:30:00,190.00999450683594
2018-02-26 16:30:00,190.13999938964844
2018-02-26 17:30:00,189.63999938964844
2018-02-26 18:30:00,189.2899932861328
2018-02-26 19:30:00,189.05999755859375
2018-02-26 20:30:00,188.50999450683594
2018-02-27 14:30:00,188.97999572753906
2018-02-27 15:30:00,186.83999633789062
2018-02-27 16:30:00,187.42999267578125
2018-02-27 17:30:00,187.5399932861328
2018-02-27 18:30:00,186.94540405273438
2018-02-27 19:30:00,185.9600067138672
2018-02-27 20:30:00,185.82000732421875
2018-02-28 14:30:00,187.27999877929688
2018-02-28 15:30:00,185.13369750976562
2018-02-28 16:30:00,185.05999755859375
2018-02-28 17:30:00,185.6300048828125
2018-02-28 18:30:00,185.9600067138672
2018-02-28 19:30:00,184.52000427246094
2018-02-28 20:30:00,183.8300018310547
2018-03-01 14:30:00,184.8000030517578
2018-03-01 15:30:00,183.3000030517578
2018-03-01 16:30:00,183.3300018310547
2018-03-01 17:30:00,182.75999450683594
2018-03-01 18:30:00,181.22999572753906
2018-03-01 19:30:00,182.74000549316406
2018-03-01 20:30:00,183.30999755859375
2018-03-02 14:30:00,182.1199951171875
2018-03-02 15:30:00,184.91000366210938
2018-03-02 16:30:00,184.72000122070312
2018-03-02 17:30:00,184.32000732421875
2018-03-02 18:30:00,184.47999572753906
2018-03-02 19:30:00,184.75999450683594
2018-03-02 20:30:00,185.0500030517578
2018-03-05 14:30:00,187.63999938964844
2018-03-05 15:30:00,188.08999633789062
2018-03-05 16:30:00,189.83999633789062
2018-03-05 17:30:00,189.43499755859375
2018-03-05 18:30:00,189.25750732421875
2018-03-05 19:30:00,189.1199951171875
2018-03-05 20:30:00,190.16000366210938
2018-03-06 14:30:00,189.25
2018-03-06 15:30:00,188.1300048828125
2018-03-06 16:30:00,189.1699981689453
2018-03-06 17:30:00,190.8699951171875
2018-03-06 18:30:00,190.14999389648438
2018-03-06 19:30:00,190.72000122070312
2018-03-06 20:30:00,190.6999969482422
2018-03-07 14:30:00,189.7899932861328
2018-03-07 15:30:00,188.5399932861328
2018-03-07 16:30:00,187.23500061035156
2018-03-07 17:30:00,187.33999633789062
2018-03-07 18:30:00,186.50999450683594
2018-03-07 19:30:00,187.14999389648438
2018-03-07 20:30:00,187.52000427246094
2018-03-08 14:30:00,186.27000427246094
2018-03-08 15:30:00,187.22999572753906
2018-03-08 16:30:00,187.0800018310547
2018-03-08 17:30:00,187.1750030517578
2018-03-08 18:30:00,186.77999877929688
2018-03-08 19:30:00,187.5
2018-03-08 20:30:00,187.14999389648438
2018-03-09 14:30:00,186.6300048828125
2018-03-09 15:30:00,187.57000732421875
2018-03-09 16:30:00,187.5399932861328
2018-03-09 17:30:00,187.60000610351562
2018-03-09 18:30:00,188.3000030517578
2018-03-09 19:30:00,189.10000610351562
2018-03-09 20:30:00,191.11000061035156
2018-03-12 13:30:00,189.18499755859375
2018-03-12 14:30:00,189.57000732421875
2018-03-12 15:30:00,189.64999389648438
2018-03-12 16:30:00,189.4499969482422
2018-03-12 17:30:00,189.33639526367188
2018-03-12 18:30:00,189.8000030517578
2018-03-12 19:30:00,189.3000030517578
2018-03-13 13:30:00,190.2100067138672
2018-03-13 14:30:00,189.1199951171875
2018-03-13 15:30:00,189.60000610351562
2018-03-13 16:30:00,189.66000366210938
2018-03-13 17:30:00,189.9499969482422
2018-03-13 18:30:00,189.9199981689453
2018-03-13 19:30:00,189.75
2018-03-14 13:30:00,190.67999267578125
2018-03-14 14:30:00,191.3300018310547
2018-03-14 15:30:00,190.41000366210938
2018-03-14 16:30:00,190.1999969482422
2018-03-14 17:30:00,190.625
2018-03-14 18:30:00,190.4600067138672
2018-03-14 19:30:00,190.5500030517578
2018-03-15 13:30:00,188.57000732421875
2018-03-15 14:30:00,190.6999969482422
2018-03-15 15:30:00,190.3699951171875
2018-03-15 16:30:00,189.8800048828125
2018-03-15 17:30:00,189.1750030517578
2018-03-15 18:30:00,189.60000610351562
2018-03-15 19:30:00,189.75
2018-03-16 13:30:00,190.0500030517578
2018-03-16 14:30:00,189.72000122070312
2018-03-16 15:30:00,189.5800018310547
2018-03-16 16:30:00,188.97000122070312
2018-03-16 17:30:00,189.0
2018-03-16 18:30:00,188.3300018310547
2018-03-16 19:30:00,188.2100067138672
2018-03-19 13:30:00,186.0
2018-03-19 14:30:00,184.2100067138672
2018-03-19 15:30:00,182.8300018310547
2018-03-19 16:30:00,181.6300048828125
2018-03-19 17:30:00,181.27000427246094
2018-03-19 18:30:00,181.72000122070312
2018-03-19 19:30:00,182.55999755859375
2018-03-20 13:30:00,182.88999938964844
2018-03-20 14:30:00,181.80999755859375
2018-03-20 15:30:00,182.4199981689453
2018-03-20 16:30:00,182.27000427246094
2018-03-20 17:30:00,182.4055938720703
2018-03-20 18:30:00,182.5800018310547
2018-03-20 19:30:00,182.05999755859375
2018-03-21 13:30:00,182.60000610351562
2018-03-21 14:30:00,182.88999938964844
2018-03-21 15:30:00,183.10000610351562
2018-03-21 16:30:00,182.82000732421875
2018-03-21 17:30:00,183.0
2018-03-21 18:30:00,182.89999389648438
2018-03-21 19:30:00,181.58999633789062
2018-03-22 13:30:00,179.5
2018-03-22 14:30:00,177.8699951171875
2018-03-22 15:30:00,178.2100067138672
2018-03-22 16:30:00,178.7465057373047
2018-03-22 17:30:00,178.02000427246094
2018-03-22 18:30:00,177.36000061035156
2018-03-22 19:30:00,176.0800018310547
2018-03-23 13:30:00,174.88999938964844
2018-03-23 14:30:00,174.30999755859375
2018-03-23 15:30:00,174.47999572753906
2018-03-23 16:30:00,174.4600067138672
2018-03-23 17:30:00,173.35000610351562
2018-03-23 18:30:00,170.97999572753906
2018-03-23 19:30:00,169.47999572753906
2018-03-26 13:30:00,171.44000244140625
2018-03-26 14:30:00,170.61000061035156
2018-03-26 15:30:00,172.3000030517578
2018-03-26 16:30:00,172.25999450683594
2018-03-26 17:30:00,174.1999969482422
2018-03-26 18:30:00,175.1999969482422
2018-03-26 19:30:00,175.1999969482422
2018-03-27 13:30:00,173.13999938964844
2018-03-27 14:30:00,172.75999450683594
2018-03-27 15:30:00,173.77999877929688
2018-03-27 16:30:00,173.64999389648438
2018-03-27 17:30:00,172.7100067138672
2018-03-27 18:30:00,171.06210327148438
2018-03-27 19:30:00,171.16000366210938
2018-03-28 13:30:00,170.82000732421875
2018-03-28 14:30:00,171.02999877929688
2018-03-28 15:30:00,171.38999938964844
2018-03-28 16:30:00,171.3000030517578
2018-03-28 17:30:00,171.3000030517578
2018-03-28 18:30:00,170.89999389648438
2018-03-28 19:30:00,170.32000732421875
2018-03-29 13:30:00,170.35000610351562
2018-03-29 14:30:00,171.09539794921875
2018-03-29 15:30:00,171.08999633789062
2018-03-29 16:30:00,170.74000549316406
2018-03-29 17:30:00,171.06500244140625
2018-03-29 18:30:00,171.55999755859375
2018-03-29 19:30:00,170.47000122070312
2018-04-02 13:30:00,168.55999755859375
2018-04-02 14:30:00,167.91000366210938
2018-04-02 15:30:00,165.49000549316406
2018-04-02 16:30:00,165.02499389648438
2018-04-02 17:30:00,164.1699981689453
2018-04-02 18:30:00,164.07000732421875
2018-04-02 19:30:00,166.0
2018-04-03 13:30:00,165.4949951171875
2018-04-03 14:30:00,167.37420654296875
2018-04-03 15:30:00,166.1999969482422
2018-04-03 16:30:00,167.14999389648438
2018-04-03 17:30:00,166.6999969482422
2018-04-03 18:30:00,169.02549743652344
2018-04-03 19:30:00,168.19000244140625
2018-04-04 13:30:00,167.5
2018-04-04 14:30:00,169.02000427246094
2018-04-04 15:30:00,171.3300018310547
2018-04-04 16:30:00,170.86000061035156
2018-04-04 17:30:00,172.2899932861328
2018-04-04 18:30:00,174.17999267578125
2018-04-04 19:30:00,173.5399932861328
2018-04-05 13:30:00,172.1999969482422
2018-04-05 14:30:00,172.23500061035156
2018-04-05 15:30:00,171.75999450683594
2018-04-05 16:30:00,171.4499969482422
2018-04-05 17:30:00,171.52000427246094
2018-04-05 18:30:00,172.02999877929688
2018-04-05 19:30:00,171.89999389648438
2018-04-06 13:30:00,171.02000427246094
2018-04-06 14:30:00,168.75
2018-04-06 15:30:00,168.8699951171875
2018-04-06 16:30:00,169.5850067138672
2018-04-06 17:30:00,167.10740661621094
2018-04-06 18:30:00,167.47000122070312
2018-04-06 19:30:00,168.16000366210938
2018-04-09 13:30:00,168.91000366210938
2018-04-09 14:30:00,170.55999755859375
2018-04-09 15:30:00,172.52000427246094
2018-04-09 16:30:00,172.272705078125
2018-04-09 17:30:00,171.3800048828125
2018-04-09 18:30:00,170.72999572753906
2018-04-09 19:30:00,169.5800018310547
2018-04-10 13:30:00,171.3000030517578
2018-04-10 14:30:00,171.92300415039062
2018-04-10 15:30:00,171.5
2018-04-10 16:30:00,172.92999267578125
2018-04-10 17:30:00,172.9600067138672
2018-04-10 18:30:00,173.5500030517578
2018-04-10 19:30:00,173.1300048828125
2018-04-11 13:30:00,173.47000122070312
2018-04-11 14:30:00,173.1204071044922
2018-04-11 15:30:00,173.48500061035156
2018-04-11 16:30:00,173.17999267578125
2018-04-11 17:30:00,172.6699981689453
2018-04-11 18:30:00,172.1999969482422
2018-04-11 19:30:00,172.41000366210938
2018-04-12 13:30:00,173.48980712890625
2018-04-12 14:30:00,173.00999450683594
2018-04-12 15:30:00,172.25
2018-04-12 16:30:00,171.625
2018-04-12 17:30:00,171.24000549316406
2018-04-12 18:30:00,171.5399932861328
2018-04-12 19:30:00,170.99000549316406
2018-04-13 13:30:00,171.3000030517578
2018-04-13 14:30:00,171.7449951171875
2018-04-13 15:30:00,171.8000030517578
2018-04-13 16:30:00,172.2570037841797
2018-04-13 17:30:00,172.0500030517578
2018-04-13 18:30:00,171.13999938964844
2018-04-13 19:30:00,171.47999572753906
2018-04-16 13:30:00,171.8800048828125
2018-04-16 14:30:00,171.97000122070312
2018-04-16 15:30:00,171.53619384765625
2018-04-16 16:30:00,172.10000610351562
2018-04-16 17:30:00,172.23989868164062
2018-04-16 18:30:00,171.9199981689453
2018-04-16 19:30:00,171.3699951171875
2018-04-17 13:30:00,172.39999389648438
2018-04-17 14:30:00,174.72999572753906
2018-04-17 15:30:00,175.5800018310547
2018-04-17 16:30:00,174.75999450683594
2018-04-17 17:30:00,174.50999450683594
2018-04-17 18:30:00,175.3000030517578
2018-04-17 19:30:00,174.91000366210938
2018-04-18 13:30:00,175.14999389648438
2018-04-18 14:30:00,175.4199981689453
2018-04-18 15:30:00,175.30239868164062
2018-04-18 16:30:00,175.44000244140625
2018-04-18 17:30:00,175.57000732421875
2018-04-18 18:30:00,175.4499969482422
2018-04-18 19:30:00,175.14999389648438
2018-04-19 13:30:00,174.13999938964844
2018-04-19 14:30:00,173.46600341796875
2018-04-19 15:30:00,172.52999877929688
2018-04-19 16:30:00,171.8800048828125
2018-04-19 17:30:00,172.2100067138672
2018-04-19 18:30:00,172.75
2018-04-19 19:30:00,172.92999267578125
2018-04-20 13:30:00,173.21499633789062
2018-04-20 14:30:00,172.0800018310547
2018-04-20 15:30:00,171.91000366210938
2018-04-20 16:30:00,171.52999877929688
2018-04-20 17:30:00,171.38999938964844
2018-04-20 18:30:00,171.1699981689453
2018-04-20 19:30:00,171.5399932861328
2018-04-23 13:30:00,174.97999572753906
2018-04-23 14:30:00,176.10000610351562
2018-04-23 15:30:00,175.8000030517578
2018-04-23 16:30:00,174.63999938964844
2018-04-23 17:30:00,174.27000427246094
2018-04-23 18:30:00,174.3000030517578
2018-04-23 19:30:00,174.6699981689453
2018-04-24 13:30:00,173.75
2018-04-24 14:30:00,173.38999938964844
2018-04-24 15:30:00,173.5500030517578
2018-04-24 16:30:00,173.0
2018-04-24 17:30:00,170.8699951171875
2018-04-24 18:30:00,171.77999877929688
2018-04-24 19:30:00,171.91000366210938
2018-04-25 13:30:00,172.8000030517578
2018-04-25 14:30:00,174.53500366210938
2018-04-25 15:30:00,171.44000244140625
2018-04-25 16:30:00,171.97999572753906
2018-04-25 17:30:00,172.22000122070312
2018-04-25 18:30:00,173.55999755859375
2018-04-25 19:30:00,174.8800048828125
2018-04-26 13:30:00,174.52999877929688
2018-04-26 14:30:00,172.6300048828125
2018-04-26 15:30:00,173.80999755859375
2018-04-26 16:30:00,174.77499389648438
2018-04-26 17:30:00,175.81399536132812
2018-04-26 18:30:00,175.7899932861328
2018-04-26 19:30:00,175.4199981689453
2018-04-27 13:30:00,175.7100067138672
2018-04-27 14:30:00,175.9600067138672
2018-04-27 15:30:00,176.17999267578125
2018-04-27 16:30:00,176.0399932861328
2018-04-27 17:30:00,176.7899932861328
2018-04-27 18:30:00,177.5800018310547
2018-04-27 19:30:00,177.5
2018-04-30 13:30:00,177.88999938964844
2018-04-30 14:30:00,177.22000122070312
2018-04-30 15:30:00,175.26499938964844
2018-04-30 16:30:00,175.8800048828125
2018-04-30 17:30:00,175.82000732421875
2018-04-30 18:30:00,175.38999938964844
2018-04-30 19:30:00,174.49000549316406
2018-05-01 13:30:00,169.52999877929688
2018-05-01 14:30:00,168.92999267578125
2018-05-01 15:30:00,169.11000061035156
2018-05-01 16:30:00,168.5800018310547
2018-05-01 17:30:00,168.6999969482422
2018-05-01 18:30:00,168.63999938964844
2018-05-01 19:30:00,169.27999877929688
2018-05-02 13:30:00,169.2449951171875
2018-05-02 14:30:00,170.22500610351562
2018-05-02 15:30:00,170.17999267578125
2018-05-02 16:30:00,169.8300018310547
2018-05-02 17:30:00,170.6699981689453
2018-05-02 18:30:00,170.19000244140625
2018-05-02 19:30:00,169.44000244140625
2018-05-03 13:30:00,167.75999450683594
2018-05-03 14:30:00,167.0500030517578
2018-05-03 15:30:00,166.7899932861328
2018-05-03 16:30:00,167.4600067138672
2018-05-03 17:30:00,166.80499267578125
2018-05-03 18:30:00,166.60000610351562
2018-05-03 19:30:00,166.38999938964844
2018-05-04 13:30:00,166.0
2018-05-04 14:30:00,167.8300018310547
2018-05-04 15:30:00,167.41000366210938
2018-05-04 16:30:00,167.64999389648438
2018-05-04 17:30:00,168.9499969482422
2018-05-04 18:30:00,169.22000122070312
2018-05-04 19:30:00,168.08999633789062
2018-05-07 13:30:00,168.30999755859375
2018-05-07 14:30:00,168.0666961669922
2018-05-07 15:30:00,168.52000427246094
2018-05-07 16:30:00,168.25
2018-05-07 17:30:00,168.27999877929688
2018-05-07 18:30:00,168.13999938964844
2018-05-07 19:30:00,168.05999755859375
2018-05-08 13:30:00,169.9499969482422
2018-05-08 14:30:00,169.67999267578125
2018-05-08 15:30:00,168.41000366210938
2018-05-08 16:30:00,168.5399932861328
2018-05-08 17:30:00,168.27000427246094
2018-05-08 18:30:00,168.35000610351562
2018-05-08 19:30:00,168.5
2018-05-09 13:30:00,167.1199951171875
2018-05-09 14:30:00,167.6199951171875
2018-05-09 15:30:00,168.82000732421875
2018-05-09 16:30:00,170.1199951171875
2018-05-09 17:30:00,170.16000366210938
2018-05-09 18:30:00,169.75999450683594
2018-05-09 19:30:00,169.6199951171875
2018-05-10 13:30:00,170.0399932861328
2018-05-10 14:30:00,170.6199951171875
2018-05-10 15:30:00,171.11000061035156
2018-05-10 16:30:00,170.99000549316406
2018-05-10 17:30:00,170.3468017578125
2018-05-10 18:30:00,171.05999755859375
2018-05-10 19:30:00,170.75999450683594
2018-05-11 13:30:00,172.0500030517578
2018-05-11 14:30:00,171.67999267578125
2018-05-11 15:30:00,170.88999938964844
2018-05-11 16:30:00,171.24000549316406
2018-05-11 17:30:00,172.3800048828125
2018-05-11 18:30:00,173.97999572753906
2018-05-11 19:30:00,173.89999389648438
2018-05-14 13:30:00,176.74000549316406
2018-05-14 14:30:00,176.1300048828125
2018-05-14 15:30:00,176.6300048828125
2018-05-14 16:30:00,175.94200134277344
2018-05-14 17:30:00,175.35000610351562
2018-05-14 18:30:00,175.97000122070312
2018-05-14 19:30:00,175.9600067138672
2018-05-15 13:30:00,173.67999267578125
2018-05-15 14:30:00,173.16000366210938
2018-05-15 15:30:00,171.9600067138672
2018-05-15 16:30:00,171.80499267578125
2018-05-15 17:30:00,172.2050018310547
2018-05-15 18:30:00,171.24000549316406
2018-05-15 19:30:00,172.4499969482422
2018-05-16 13:30:00,172.02000427246094
2018-05-16 14:30:00,172.11000061035156
2018-05-16 15:30:00,173.5800018310547
2018-05-16 16:30:00,173.8000030517578
2018-05-16 17:30:00,174.17999267578125
2018-05-16 18:30:00,174.0399932861328
2018-05-16 19:30:00,173.77000427246094
2018-05-17 13:30:00,173.28089904785156
2018-05-17 14:30:00,174.3000030517578
2018-05-17 15:30:00,175.10000610351562
2018-05-17 16:30:00,174.23500061035156
2018-05-17 17:30:00,174.39439392089844
2018-05-17 18:30:00,174.6300048828125
2018-05-17 19:30:00,174.6300048828125
2018-05-18 13:30:00,176.97000122070312
2018-05-18 14:30:00,176.9199981689453
2018-05-18 15:30:00,176.88999938964844
2018-05-18 16:30:00,176.8311004638672
2018-05-18 17:30:00,177.05999755859375
2018-05-18 18:30:00,176.5500030517578
2018-05-18 19:30:00,176.3000030517578
2018-05-21 13:30:00,177.7100067138672
2018-05-21 14:30:00,176.6300048828125
2018-05-21 15:30:00,176.8699951171875
2018-05-21 16:30:00,176.7689971923828
2018-05-21 17:30:00,176.3699951171875
2018-05-21 18:30:00,176.1699981689453
2018-05-21 19:30:00,176.4199981689453
2018-05-22 13:30:00,178.6699981689453
2018-05-22 14:30:00,179.1999969482422
2018-05-22 15:30:00,178.6112060546875
2018-05-22 16:30:00,178.8000030517578
2018-05-22 17:30:00,179.44000244140625
2018-05-22 18:30:00,178.92999267578125
2018-05-22 19:30:00,178.35000610351562
2018-05-23 13:30:00,178.72000122070312
2018-05-23 14:30:00,177.92999267578125
2018-05-23 15:30:00,178.2100067138672
2018-05-23 16:30:00,178.33700561523438
2018-05-23 17:30:00,179.25
2018-05-23 18:30:00,179.6199951171875
2018-05-23 19:30:00,179.97999572753906
2018-05-24 13:30:00,177.6300048828125
2018-05-24 14:30:00,177.2100067138672
2018-05-24 15:30:00,178.19000244140625
2018-05-24 16:30:00,178.36000061035156
2018-05-24 17:30:00,178.1699981689453
2018-05-24 18:30:00,178.27999877929688
2018-05-24 19:30:00,177.97000122070312
2018-05-25 13:30:00,178.97500610351562
2018-05-25 14:30:00,178.0399932861328
2018-05-25 15:30:00,178.2100067138672
2018-05-25 16:30:00,178.02999877929688
2018-05-25 17:30:00,178.1999969482422
2018-05-25 18:30:00,178.47000122070312
2018-05-25 19:30:00,178.1999969482422
2018-05-29 13:30:00,178.1199951171875
2018-05-29 14:30:00,176.9199981689453
2018-05-29 15:30:00,175.8000030517578
2018-05-29 16:30:00,176.4199981689453
2018-05-29 17:30:00,176.3000030517578
2018-05-29 18:30:00,176.52999877929688
2018-05-29 19:30:00,177.4199981689453
2018-05-30 13:30:00,180.13099670410156
2018-05-30 14:30:00,180.61000061035156
2018-05-30 15:30:00,181.6699981689453
2018-05-30 16:30:00,181.4499969482422
2018-05-30 17:30:00,181.27000427246094
2018-05-30 18:30:00,180.86000061035156
2018-05-30 19:30:00,180.27000427246094
2018-05-31 13:30:00,179.55999755859375
2018-05-31 14:30:00,179.75
2018-05-31 15:30:00,179.36000061035156
2018-05-31 16:30:00,179.7086944580078
2018-05-31 17:30:00,179.86000061035156
2018-05-31 18:30:00,179.92999267578125
2018-05-31 19:30:00,179.6300048828125
2018-06-01 13:30:00,184.02999877929688
2018-06-01 14:30:00,184.05999755859375
2018-06-01 15:30:00,183.97999572753906
2018-06-01 16:30:00,184.00999450683594
2018-06-01 17:30:00,184.0800018310547
2018-06-01 18:30:00,183.75999450683594
2018-06-01 19:30:00,183.66900634765625
2018-06-04 13:30:00,183.27999877929688
2018-06-04 14:30:00,184.8302001953125
2018-06-04 15:30:00,185.33999633789062
2018-06-04 16:30:00,185.3699951171875
2018-06-04 17:30:00,185.2200927734375
2018-06-04 18:30:00,185.8699951171875
2018-06-04 19:30:00,185.44000244140625
2018-06-05 13:30:00,182.82000732421875
2018-06-05 14:30:00,179.9062042236328
2018-06-05 15:30:00,180.19000244140625
2018-06-05 16:30:00,181.4149932861328
2018-06-05 17:30:00,181.7899932861328
2018-06-05 18:30:00,181.02999877929688
2018-06-05 19:30:00,181.60000610351562
2018-06-06 13:30:00,182.0
2018-06-06 14:30:00,182.9600067138672
2018-06-06 15:30:00,182.58999633789062
2018-06-06 16:30:00,182.86459350585938
2018-06-06 17:30:00,183.57000732421875
2018-06-06 18:30:00,183.57000732421875
2018-06-06 19:30:00,183.5800018310547
2018-06-07 13:30:00,183.07000732421875
2018-06-07 14:30:00,183.2949981689453
2018-06-07 15:30:00,183.67999267578125
2018-06-07 16:30:00,183.10000610351562
2018-06-07 17:30:00,183.1750030517578
2018-06-07 18:30:00,183.83999633789062
2018-06-07 19:30:00,183.2899932861328
2018-06-08 13:30:00,184.30999755859375
2018-06-08 14:30:00,184.02000427246094
2018-06-08 15:30:00,184.75
2018-06-08 16:30:00,184.35000610351562
2018-06-08 17:30:00,184.6999969482422
2018-06-08 18:30:00,184.74000549316406
2018-06-08 19:30:00,184.3000030517578
2018-06-11 13:30:00,183.01499938964844
2018-06-11 14:30:00,184.11000061035156
2018-06-11 15:30:00,184.4149932861328
2018-06-11 16:30:00,184.5
2018-06-11 17:30:00,183.8699951171875
2018-06-11 18:30:00,184.75
2018-06-11 19:30:00,184.57000732421875
2018-06-12 13:30:00,183.8000030517578
2018-06-12 14:30:00,184.39999389648438
2018-06-12 15:30:00,184.60000610351562
2018-06-12 16:30:00,184.3249969482422
2018-06-12 17:30:00,184.23500061035156
2018-06-12 18:30:00,184.44000244140625
2018-06-12 19:30:00,185.07000732421875
2018-06-13 13:30:00,185.05999755859375
2018-06-13 14:30:00,186.3925018310547
2018-06-13 15:30:00,185.3699951171875
2018-06-13 16:30:00,184.6999969482422
2018-06-13 17:30:00,183.82000732421875
2018-06-13 18:30:00,184.14999389648438
2018-06-13 19:30:00,183.69000244140625
2018-06-14 13:30:00,185.38999938964844
2018-06-14 14:30:00,185.22000122070312
2018-06-14 15:30:00,184.9600067138672
2018-06-14 16:30:00,185.1049041748047
2018-06-14 17:30:00,184.66000366210938
2018-06-14 18:30:00,185.27000427246094
2018-06-14 19:30:00,185.8000030517578
2018-06-15 13:30:00,185.4499969482422
2018-06-15 14:30:00,185.85000610351562
2018-06-15 15:30:00,185.86500549316406
2018-06-15 16:30:00,186.00999450683594
2018-06-15 17:30:00,185.96499633789062
2018-06-15 18:30:00,185.7899932861328
2018-06-15 19:30:00,185.0
2018-06-18 13:30:00,182.75999450683594
2018-06-18 14:30:00,183.39999389648438
2018-06-18 15:30:00,183.27000427246094
2018-06-18 16:30:00,184.0800018310547
2018-06-18 17:30:00,184.07000732421875
2018-06-18 18:30:00,183.9199981689453
2018-06-18 19:30:00,183.9600067138672
2018-06-19 13:30:00,185.0800018310547
2018-06-19 14:30:00,185.5500030517578
2018-06-19 15:30:00,185.24830627441406
2018-06-19 16:30:00,184.8800048828125
2018-06-19 17:30:00,185.27999877929688
2018-06-19 18:30:00,185.4499969482422
2018-06-19 19:30:00,186.16000366210938
2018-06-20 13:30:00,185.41000366210938
2018-06-20 14:30:00,186.74000549316406
2018-06-20 15:30:00,186.52000427246094
2018-06-20 16:30:00,186.7100067138672
2018-06-20 17:30:00,186.97000122070312
2018-06-20 18:30:00,186.99000549316406
2018-06-20 19:30:00,186.50999450683594
2018-06-21 13:30:00,185.05999755859375
2018-06-21 14:30:00,184.66000366210938
2018-06-21 15:30:00,184.73500061035156
2018-06-21 16:30:00,185.75999450683594
2018-06-21 17:30:00,186.09559631347656
2018-06-21 18:30:00,185.99000549316406
2018-06-21 19:30:00,185.99000549316406
2018-06-22 13:30:00,185.09500122070312
2018-06-22 14:30:00,186.14999389648438
2018-06-22 15:30:00,186.39999389648438
2018-06-22 16:30:00,185.6999969482422
2018-06-22 17:30:00,185.14500427246094
2018-06-22 18:30:00,185.42999267578125
2018-06-22 19:30:00,185.0
2018-06-25 13:30:00,185.68499755859375
2018-06-25 14:30:00,184.8300018310547
2018-06-25 15:30:00,185.1699981689453
2018-06-25 16:30:00,185.02000427246094
2018-06-25 17:30:00,184.82000732421875
2018-06-25 18:30:00,184.77000427246094
2018-06-25 19:30:00,185.33999633789062
2018-06-26 13:30:00,184.3800048828125
2018-06-26 14:30:00,185.0399932861328
2018-06-26 15:30:00,185.00999450683594
2018-06-26 16:30:00,184.89999389648438
2018-06-26 17:30:00,184.50999450683594
2018-06-26 18:30:00,184.57000732421875
2018-06-26 19:30:00,184.52999877929688
2018-06-27 13:30:00,186.33999633789062
2018-06-27 14:30:00,186.35000610351562
2018-06-27 15:30:00,186.94000244140625
2018-06-27 16:30:00,185.4600067138672
2018-06-27 17:30:00,184.85000610351562
2018-06-27 18:30:00,185.10000610351562
2018-06-27 19:30:00,183.58999633789062
2018-06-28 13:30:00,181.92999267578125
2018-06-28 14:30:00,184.08999633789062
2018-06-28 15:30:00,183.47999572753906
2018-06-28 16:30:00,183.80999755859375
2018-06-28 17:30:00,183.67999267578125
2018-06-28 18:30:00,183.74000549316406
2018-06-28 19:30:00,183.33999633789062
2018-06-29 13:30:00,184.77000427246094
2018-06-29 14:30:00,185.25999450683594
2018-06-29 15:30:00,185.80999755859375
2018-06-29 16:30:00,185.6999969482422
2018-06-29 17:30:00,185.47999572753906
2018-06-29 18:30:00,185.47999572753906
2018-06-29 19:30:00,184.58999633789062
2018-07-02 13:30:00,183.22000122070312
2018-07-02 14:30:00,183.42999267578125
2018-07-02 15:30:00,183.3000030517578
2018-07-02 16:30:00,182.92999267578125
2018-07-02 17:30:00,184.6199951171875
2018-07-02 18:30:00,184.63999938964844
2018-07-02 19:30:00,185.30999755859375
2018-07-03 13:30:00,186.72999572753906
2018-07-03 14:30:00,187.2899932861328
2018-07-03 15:30:00,186.91000366210938
2018-07-03 17:00:00,185.7100067138672
2018-07-05 13:30:00,186.5782928466797
2018-07-05 14:30:00,186.75999450683594
2018-07-05 15:30:00,187.5048065185547
2018-07-05 16:30:00,188.08999633789062
2018-07-05 17:30:00,187.24000549316406
2018-07-05 18:30:00,187.5500030517578
2018-07-05 19:30:00,187.3699951171875
2018-07-06 13:30:00,189.34010314941406
2018-07-06 14:30:00,190.49440002441406
2018-07-06 15:30:00,191.14999389648438
2018-07-06 16:30:00,191.13180541992188
2018-07-06 17:30:00,191.11830139160156
2018-07-06 18:30:00,190.9499969482422
2018-07-06 19:30:00,191.10000610351562
2018-07-09 13:30:00,193.42999267578125
2018-07-09 14:30:00,193.22999572753906
2018-07-09 15:30:00,193.19000244140625
2018-07-09 16:30:00,193.77529907226562
2018-07-09 17:30:00,193.60740661621094
2018-07-09 18:30:00,194.02999877929688
2018-07-09 19:30:00,194.14999389648438
2018-07-10 13:30:00,193.75999450683594
2018-07-10 14:30:00,194.3350067138672
2018-07-10 15:30:00,194.89999389648438
2018-07-10 16:30:00,194.6999969482422
2018-07-10 17:30:00,195.63499450683594
2018-07-10 18:30:00,195.77999877929688
2018-07-10 19:30:00,195.7100067138672
2018-07-11 13:30:00,194.23500061035156
2018-07-11 14:30:00,192.89999389648438
2018-07-11 15:30:00,192.72000122070312
2018-07-11 16:30:00,193.83999633789062
2018-07-11 17:30:00,193.5399932861328
2018-07-11 18:30:00,193.60000610351562
2018-07-11 19:30:00,193.13999938964844
2018-07-12 13:30:00,193.72000122070312
2018-07-12 14:30:00,193.66000366210938
2018-07-12 15:30:00,193.92999267578125
2018-07-12 16:30:00,194.0449981689453
2018-07-12 17:30:00,193.77999877929688
2018-07-12 18:30:00,193.77999877929688
2018-07-12 19:30:00,194.0800018310547
2018-07-13 13:30:00,194.92999267578125
2018-07-13 14:30:00,195.61000061035156
2018-07-13 15:30:00,195.8636016845703
2018-07-13 16:30:00,196.3000030517578
2018-07-13 17:30:00,196.2899932861328
2018-07-13 18:30:00,196.52999877929688
2018-07-13 19:30:00,195.9499969482422
2018-07-16 13:30:00,194.22999572753906
2018-07-16 14:30:00,194.42999267578125
2018-07-16 15:30:00,194.9499969482422
2018-07-16 16:30:00,194.6699981689453
2018-07-16 17:30:00,194.52000427246094
2018-07-16 18:30:00,194.6699981689453
2018-07-16 19:30:00,194.88999938964844
2018-07-17 13:30:00,193.8000030517578
2018-07-17 14:30:00,193.6387939453125
2018-07-17 15:30:00,194.67999267578125
2018-07-17 16:30:00,194.27999877929688
2018-07-17 17:30:00,194.1999969482422
2018-07-17 18:30:00,194.07000732421875
2018-07-17 19:30:00,193.92999267578125
2018-07-18 13:30:00,193.57000732421875
2018-07-18 14:30:00,193.41000366210938
2018-07-18 15:30:00,193.35000610351562
2018-07-18 16:30:00,193.0050048828125
2018-07-18 17:30:00,192.64999389648438
2018-07-18 18:30:00,192.6649932861328
2018-07-18 19:30:00,192.77000427246094
2018-07-19 13:30:00,191.0850067138672
2018-07-19 14:30:00,191.7100067138672
2018-07-19 15:30:00,191.52000427246094
2018-07-19 16:30:00,191.66000366210938
2018-07-19 17:30:00,192.0500030517578
2018-07-19 18:30:00,191.6199951171875
2018-07-19 19:30:00,191.75999450683594
2018-07-20 13:30:00,191.02000427246094
2018-07-20 14:30:00,190.61000061035156
2018-07-20 15:30:00,189.8000030517578
2018-07-20 16:30:00,190.5
2018-07-20 17:30:00,190.44000244140625
2018-07-20 18:30:00,190.5749969482422
2018-07-20 19:30:00,190.47999572753906
2018-07-23 13:30:00,189.67999267578125
2018-07-23 14:30:00,189.63999938964844
2018-07-23 15:30:00,190.00999450683594
2018-07-23 16:30:00,189.7100067138672
2018-07-23 17:30:00,189.8699951171875
2018-07-23 18:30:00,189.89999389648438
2018-07-23 19:30:00,189.92999267578125
2018-07-24 13:30:00,192.97000122070312
2018-07-24 14:30:00,192.0500030517578
2018-07-24 15:30:00,191.40499877929688
2018-07-24 16:30:00,191.10000610351562
2018-07-24 17:30:00,190.97000122070312
2018-07-24 18:30:00,190.82969665527344
2018-07-24 19:30:00,191.41000366210938
2018-07-25 13:30:00,191.32000732421875
2018-07-25 14:30:00,190.91000366210938
2018-07-25 15:30:00,191.24000549316406
2018-07-25 16:30:00,191.3000030517578
2018-07-25 17:30:00,191.52999877929688
2018-07-25 18:30:00,191.77999877929688
2018-07-25 19:30:00,193.0500030517578
2018-07-26 13:30:00,194.0
2018-07-26 14:30:00,194.3300018310547
2018-07-26 15:30:00,193.17999267578125
2018-07-26 16:30:00,193.17999267578125
2018-07-26 17:30:00,193.33999633789062
2018-07-26 18:30:00,193.66000366210938
2018-07-26 19:30:00,194.16000366210938
2018-07-27 13:30:00,193.97000122070312
2018-07-27 14:30:00,192.58999633789062
2018-07-27 15:30:00,192.9886016845703
2018-07-27 16:30:00,191.8300018310547
2018-07-27 17:30:00,192.72000122070312
2018-07-27 18:30:00,193.2100067138672
2018-07-27 19:30:00,192.4600067138672
2018-07-30 13:30:00,190.97000122070312
2018-07-30 14:30:00,190.97000122070312
2018-07-30 15:30:00,190.25
2018-07-30 16:30:00,190.58999633789062
2018-07-30 17:30:00,190.13999938964844
2018-07-30 18:30:00,190.02000427246094
2018-07-30 19:30:00,190.66000366210938
2018-07-31 13:30:00,193.47000122070312
2018-07-31 14:30:00,195.19000244140625
2018-07-31 15:30:00,196.25
2018-07-31 16:30:00,196.35000610351562
2018-07-31 17:30:00,196.36000061035156
2018-07-31 18:30:00,197.17999267578125
2018-07-31 19:30:00,196.52999877929688
2018-08-01 13:30:00,196.33999633789062
2018-08-01 14:30:00,195.83999633789062
2018-08-01 15:30:00,194.85000610351562
2018-08-01 16:30:00,195.8699951171875
2018-08-01 17:30:00,195.5800018310547
2018-08-01 18:30:00,195.63999938964844
2018-08-01 19:30:00,195.85000610351562
2018-08-02 13:30:00,195.64599609375
2018-08-02 14:30:00,195.64999389648438
2018-08-02 15:30:00,197.08999633789062
2018-08-02 16:30:00,196.80999755859375
2018-08-02 17:30:00,196.50999450683594
2018-08-02 18:30:00,196.15280151367188
2018-08-02 19:30:00,196.3300018310547
2018-08-03 13:30:00,196.23500061035156
2018-08-03 14:30:00,197.27000427246094
2018-08-03 15:30:00,197.9261016845703
2018-08-03 16:30:00,197.67999267578125
2018-08-03 17:30:00,198.22999572753906
2018-08-03 18:30:00,198.14999389648438
2018-08-03 19:30:00,198.0
2018-08-06 13:30:00,197.00999450683594
2018-08-06 14:30:00,198.2100067138672
2018-08-06 15:30:00,198.0800018310547
2018-08-06 16:30:00,198.08999633789062
2018-08-06 17:30:00,198.00230407714844
2018-08-06 18:30:00,197.7100067138672
2018-08-06 19:30:00,197.6199951171875
2018-08-07 13:30:00,199.36500549316406
2018-08-07 14:30:00,199.47999572753906
2018-08-07 15:30:00,199.74000549316406
2018-08-07 16:30:00,199.6999969482422
2018-08-07 17:30:00,200.02000427246094
2018-08-07 18:30:00,200.5
2018-08-07 19:30:00,200.4199981689453
2018-08-08 13:30:00,195.77999877929688
2018-08-08 14:30:00,196.8800048828125
2018-08-08 15:30:00,196.4199981689453
2018-08-08 16:30:00,196.25999450683594
2018-08-08 17:30:00,196.25999450683594
2018-08-08 18:30:00,196.3300018310547
2018-08-08 19:30:00,196.19000244140625
2018-08-09 13:30:00,194.52999877929688
2018-08-09 14:30:00,194.27000427246094
2018-08-09 15:30:00,194.5500030517578
2018-08-09 16:30:00,194.77999877929688
2018-08-09 17:30:00,194.72000122070312
2018-08-09 18:30:00,194.3300018310547
2018-08-09 19:30:00,193.94000244140625
2018-08-10 13:30:00,194.38999938964844
2018-08-10 14:30:00,194.77000427246094
2018-08-10 15:30:00,194.58999633789062
2018-08-10 16:30:00,194.9199981689453
2018-08-10 17:30:00,193.86000061035156
2018-08-10 18:30:00,194.49000549316406
2018-08-10 19:30:00,194.44000244140625
2018-08-13 13:30:00,194.77999877929688
2018-08-13 14:30:00,194.86000061035156
2018-08-13 15:30:00,194.41000366210938
2018-08-13 16:30:00,194.65890502929688
2018-08-13 17:30:00,196.13999938964844
2018-08-13 18:30:00,195.63499450683594
2018-08-13 19:30:00,195.60000610351562
2018-08-14 13:30:00,195.5500030517578
2018-08-14 14:30:00,195.8699951171875
2018-08-14 15:30:00,196.25
2018-08-14 16:30:00,195.86000061035156
2018-08-14 17:30:00,195.92999267578125
2018-08-14 18:30:00,195.99000549316406
2018-08-14 19:30:00,195.85000610351562
2018-08-15 13:30:00,193.85000610351562
2018-08-15 14:30:00,194.60000610351562
2018-08-15 15:30:00,194.85000610351562
2018-08-15 16:30:00,194.52000427246094
2018-08-15 17:30:00,194.4600067138672
2018-08-15 18:30:00,194.92999267578125
2018-08-15 19:30:00,195.25
2018-08-16 13:30:00,195.22000122070312
2018-08-16 14:30:00,195.9199981689453
2018-08-16 15:30:00,196.27000427246094
2018-08-16 16:30:00,196.5399932861328
2018-08-16 17:30:00,196.5399932861328
2018-08-16 18:30:00,196.72000122070312
2018-08-16 19:30:00,196.52999877929688
2018-08-17 13:30:00,196.5399932861328
2018-08-17 14:30:00,197.38999938964844
2018-08-17 15:30:00,197.6199951171875
2018-08-17 16:30:00,197.55999755859375
2018-08-17 17:30:00,198.18499755859375
2018-08-17 18:30:00,197.89999389648438
2018-08-17 19:30:00,197.4499969482422
2018-08-20 13:30:00,198.0
2018-08-20 14:30:00,197.45069885253906
2018-08-20 15:30:00,197.42999267578125
2018-08-20 16:30:00,197.5500030517578
2018-08-20 17:30:00,197.08999633789062
2018-08-20 18:30:00,197.50999450683594
2018-08-20 19:30:00,197.52999877929688
2018-08-21 13:30:00,197.75999450683594
2018-08-21 14:30:00,197.3800048828125
2018-08-21 15:30:00,197.72999572753906
2018-08-21 16:30:00,198.0399932861328
2018-08-21 17:30:00,197.95469665527344
2018-08-21 18:30:00,197.46099853515625
2018-08-21 19:30:00,197.32000732421875
2018-08-22 13:30:00,196.97500610351562
2018-08-22 14:30:00,198.1999053955078
2018-08-22 15:30:00,198.1300048828125
2018-08-22 16:30:00,198.3000030517578
2018-08-22 17:30:00,198.27000427246094
2018-08-22 18:30:00,198.0449981689453
2018-08-22 19:30:00,197.83999633789062
2018-08-23 13:30:00,197.0050048828125
2018-08-23 14:30:00,196.2100067138672
2018-08-23 15:30:00,196.13999938964844
2018-08-23 16:30:00,195.9600067138672
2018-08-23 17:30:00,196.10000610351562
2018-08-23 18:30:00,196.25999450683594
2018-08-23 19:30:00,196.61000061035156
2018-08-24 13:30:00,196.3000030517578
2018-08-24 14:30:00,196.91000366210938
2018-08-24 15:30:00,197.35000610351562
2018-08-24 16:30:00,197.00999450683594
2018-08-24 17:30:00,197.0800018310547
2018-08-24 18:30:00,197.02000427246094
2018-08-24 19:30:00,196.66000366210938
2018-08-27 13:30:00,197.30999755859375
2018-08-27 14:30:00,198.07000732421875
2018-08-27 15:30:00,198.57000732421875
2018-08-27 16:30:00,197.95199584960938
2018-08-27 17:30:00,198.1699981689453
2018-08-27 18:30:00,198.27999877929688
2018-08-27 19:30:00,198.6300048828125
2018-08-28 13:30:00,198.42999267578125
2018-08-28 14:30:00,198.36000061035156
2018-08-28 15:30:00,198.25
2018-08-28 16:30:00,198.3699951171875
2018-08-28 17:30:00,198.2760009765625
2018-08-28 18:30:00,198.42999267578125
2018-08-28 19:30:00,198.6300048828125
2018-08-29 13:30:00,198.11000061035156
2018-08-29 14:30:00,198.8074951171875
2018-08-29 15:30:00,199.375
2018-08-29 16:30:00,199.3300018310547
2018-08-29 17:30:00,199.41830444335938
2018-08-29 18:30:00,199.6199951171875
2018-08-29 19:30:00,199.74000549316406
2018-08-30 13:30:00,200.50999450683594
2018-08-30 14:30:00,200.1199951171875
2018-08-30 15:30:00,200.39999389648438
2018-08-30 16:30:00,200.1300048828125
2018-08-30 17:30:00,199.9550018310547
2018-08-30 18:30:00,200.22450256347656
2018-08-30 19:30:00,200.3699951171875
2018-08-31 13:30:00,200.36000061035156
2018-08-31 14:30:00,200.0399932861328
2018-08-31 15:30:00,199.67999267578125
2018-08-31 16:30:00,199.27000427246094
2018-08-31 17:30:00,198.49000549316406
2018-08-31 18:30:00,198.64999389648438
2018-08-31 19:30:00,199.7899932861328
2018-09-04 13:30:00,198.60000610351562
2018-09-04 14:30:00,196.7100067138672
2018-09-04 15:30:00,195.6300048828125
2018-09-04 16:30:00,195.3699951171875
2018-09-04 17:30:00,196.19000244140625
2018-09-04 18:30:00,196.32000732421875
2018-09-04 19:30:00,196.74000549316406
2018-09-05 13:30:00,198.31430053710938
2018-09-05 14:30:00,197.25
2018-09-05 15:30:00,197.3000030517578
2018-09-05 16:30:00,197.33999633789062
2018-09-05 17:30:00,197.4499969482422
2018-09-05 18:30:00,197.52999877929688
2018-09-05 19:30:00,197.8000030517578
2018-09-06 13:30:00,196.36199951171875
2018-09-06 14:30:00,195.47000122070312
2018-09-06 15:30:00,195.6699981689453
2018-09-06 16:30:00,196.39999389648438
2018-09-06 17:30:00,196.3699951171875
2018-09-06 18:30:00,197.05999755859375
2018-09-06 19:30:00,196.1699981689453
2018-09-07 13:30:00,197.47000122070312
2018-09-07 14:30:00,196.75999450683594
2018-09-07 15:30:00,197.00999450683594
2018-09-07 16:30:00,196.64999389648438
2018-09-07 17:30:00,196.83999633789062
2018-09-07 18:30:00,196.5
2018-09-07 19:30:00,196.36000061035156
2018-09-10 13:30:00,197.6750030517578
2018-09-10 14:30:00,198.72000122070312
2018-09-10 15:30:00,201.02000427246094
2018-09-10 16:30:00,203.55999755859375
2018-09-10 17:30:00,203.1999969482422
2018-09-10 18:30:00,202.47999572753906
2018-09-10 19:30:00,202.47000122070312
2018-09-11 13:30:00,200.389404296875
2018-09-11 14:30:00,202.4600067138672
2018-09-11 15:30:00,201.4550018310547
2018-09-11 16:30:00,200.02999877929688
2018-09-11 17:30:00,200.125
2018-09-11 18:30:00,199.52999877929688
2018-09-11 19:30:00,199.52999877929688
2018-09-12 13:30:00,200.845703125
2018-09-12 14:30:00,199.2050018310547
2018-09-12 15:30:00,198.9600067138672
2018-09-12 16:30:00,198.69000244140625
2018-09-12 17:30:00,199.0500030517578
2018-09-12 18:30:00,199.36000061035156
2018-09-12 19:30:00,199.44000244140625
2018-09-13 13:30:00,201.97999572753906
2018-09-13 14:30:00,201.3699951171875
2018-09-13 15:30:00,201.49000549316406
2018-09-13 16:30:00,202.3300018310547
2018-09-13 17:30:00,202.82000732421875
2018-09-13 18:30:00,202.57000732421875
2018-09-13 19:30:00,202.92999267578125
2018-09-14 13:30:00,202.36000061035156
2018-09-14 14:30:00,201.34950256347656
2018-09-14 15:30:00,200.11000061035156
2018-09-14 16:30:00,200.5
2018-09-14 17:30:00,200.3800048828125
2018-09-14 18:30:00,200.32000732421875
2018-09-14 19:30:00,200.52000427246094
2018-09-17 13:30:00,200.14999389648438
2018-09-17 14:30:00,200.60000610351562
2018-09-17 15:30:00,201.22000122070312
2018-09-17 16:30:00,201.14999389648438
2018-09-17 17:30:00,201.32000732421875
2018-09-17 18:30:00,200.82310485839844
2018-09-17 19:30:00,200.8000030517578
2018-09-18 13:30:00,201.8000030517578
2018-09-18 14:30:00,203.02000427246094
2018-09-18 15:30:00,203.58999633789062
2018-09-18 16:30:00,203.393798828125
2018-09-18 17:30:00,203.14999389648438
2018-09-18 18:30:00,202.75
2018-09-18 19:30:00,202.36000061035156
2018-09-19 13:30:00,203.14999389648438
2018-09-19 14:30:00,203.85000610351562
2018-09-19 15:30:00,203.1999969482422
2018-09-19 16:30:00,203.30499267578125
2018-09-19 17:30:00,203.05999755859375
2018-09-19 18:30:00,203.3699951171875
2018-09-19 19:30:00,203.22000122070312
2018-09-20 13:30:00,204.3408966064453
2018-09-20 14:30:00,204.67999267578125
2018-09-20 15:30:00,204.32000732421875
2018-09-20 16:30:00,205.07000732421875
2018-09-20 17:30:00,204.77999877929688
2018-09-20 18:30:00,204.99000549316406
2018-09-20 19:30:00,205.1199951171875
2018-09-21 13:30:00,205.42999267578125
2018-09-21 14:30:00,205.63999938964844
2018-09-21 15:30:00,205.60000610351562
2018-09-21 16:30:00,205.1999969482422
2018-09-21 17:30:00,204.82000732421875
2018-09-21 18:30:00,204.80999755859375
2018-09-21 19:30:00,205.0800018310547
2018-09-24 13:30:00,205.0800018310547
2018-09-24 14:30:00,206.7899932861328
2018-09-24 15:30:00,206.3300018310547
2018-09-24 16:30:00,206.50999450683594
2018-09-24 17:30:00,207.3000030517578
2018-09-24 18:30:00,207.19000244140625
2018-09-24 19:30:00,207.2100067138672
2018-09-25 13:30:00,208.3300018310547
2018-09-25 14:30:00,208.43499755859375
2018-09-25 15:30:00,208.302001953125
2018-09-25 16:30:00,208.0
2018-09-25 17:30:00,207.4949951171875
2018-09-25 18:30:00,207.25
2018-09-25 19:30:00,206.27999877929688
2018-09-26 13:30:00,207.1649932861328
2018-09-26 14:30:00,208.77000427246094
2018-09-26 15:30:00,208.05999755859375
2018-09-26 16:30:00,207.6199951171875
2018-09-26 17:30:00,208.05999755859375
2018-09-26 18:30:00,207.9600067138672
2018-09-26 19:30:00,206.89999389648438
2018-09-27 13:30:00,208.82000732421875
2018-09-27 14:30:00,209.6699981689453
2018-09-27 15:30:00,210.1199951171875
2018-09-27 16:30:00,209.77999877929688
2018-09-27 17:30:00,209.6699981689453
2018-09-27 18:30:00,209.75
2018-09-27 19:30:00,208.8800048828125
2018-09-28 13:30:00,207.82000732421875
2018-09-28 14:30:00,207.77999877929688
2018-09-28 15:30:00,207.7100067138672
2018-09-28 16:30:00,207.5800018310547
2018-09-28 17:30:00,208.22000122070312
2018-09-28 18:30:00,207.49000549316406
2018-09-28 19:30:00,207.3000030517578
2018-10-01 13:30:00,208.52000427246094
2018-10-01 14:30:00,208.57000732421875
2018-10-01 15:30:00,207.2899932861328
2018-10-01 16:30:00,207.19500732421875
2018-10-01 17:30:00,207.19000244140625
2018-10-01 18:30:00,207.0800018310547
2018-10-01 19:30:00,206.89999389648438
2018-10-02 13:30:00,207.47000122070312
2018-10-02 14:30:00,207.8000030517578
2018-10-02 15:30:00,207.85000610351562
2018-10-02 16:30:00,207.7100067138672
2018-10-02 17:30:00,207.60499572753906
2018-10-02 18:30:00,207.22999572753906
2018-10-02 19:30:00,207.63999938964844
2018-10-03 13:30:00,207.92999267578125
2018-10-03 14:30:00,207.63999938964844
2018-10-03 15:30:00,207.72500610351562
2018-10-03 16:30:00,207.7899932861328
2018-10-03 17:30:00,207.51609802246094
2018-10-03 18:30:00,206.82000732421875
2018-10-03 19:30:00,206.8699951171875
2018-10-04 13:30:00,204.52499389648438
2018-10-04 14:30:00,203.5800018310547
2018-10-04 15:30:00,203.0
2018-10-04 16:30:00,202.0625
2018-10-04 17:30:00,201.02000427246094
2018-10-04 18:30:00,202.3800048828125
2018-10-04 19:30:00,203.4600067138672
2018-10-05 13:30:00,205.9600067138672
2018-10-05 14:30:00,203.60000610351562
2018-10-05 15:30:00,203.0500030517578
2018-10-05 16:30:00,201.94000244140625
2018-10-05 17:30:00,203.44000244140625
2018-10-05 18:30:00,203.8300018310547
2018-10-05 19:30:00,203.97999572753906
2018-10-08 13:30:00,205.0399932861328
2018-10-08 14:30:00,205.0500030517578
2018-10-08 15:30:00,204.7050018310547
2018-10-08 16:30:00,204.4600067138672
2018-10-08 17:30:00,205.42999267578125
2018-10-08 18:30:00,205.6199951171875
2018-10-08 19:30:00,205.6199951171875
2018-10-09 13:30:00,206.97000122070312
2018-10-09 14:30:00,207.1699981689453
2018-10-09 15:30:00,207.25999450683594
2018-10-09 16:30:00,206.50999450683594
2018-10-09 17:30:00,207.21099853515625
2018-10-09 18:30:00,206.8300018310547
2018-10-09 19:30:00,205.99000549316406
2018-10-10 13:30:00,205.5399932861328
2018-10-10 14:30:00,206.13999938964844
2018-10-10 15:30:00,204.1199951171875
2018-10-10 16:30:00,203.9499969482422
2018-10-10 17:30:00,202.27000427246094
2018-10-10 18:30:00,203.05999755859375
2018-10-10 19:30:00,201.22999572753906
2018-10-11 13:30:00,196.4600067138672
2018-10-11 14:30:00,195.99000549316406
2018-10-11 15:30:00,197.9199981689453
2018-10-11 16:30:00,196.14999389648438
2018-10-11 17:30:00,195.80999755859375
2018-10-11 18:30:00,196.1649932861328
2018-10-11 19:30:00,193.8699951171875
2018-10-12 13:30:00,195.9499969482422
2018-10-12 14:30:00,196.5399932861328
2018-10-12 15:30:00,195.1999969482422
2018-10-12 16:30:00,195.74000549316406
2018-10-12 17:30:00,195.75999450683594
2018-10-12 18:30:00,197.22000122070312
2018-10-12 19:30:00,197.3699951171875
2018-10-15 13:30:00,196.27999877929688
2018-10-15 14:30:00,196.30999755859375
2018-10-15 15:30:00,196.25
2018-10-15 16:30:00,197.86000061035156
2018-10-15 17:30:00,197.11000061035156
2018-10-15 18:30:00,197.10000610351562
2018-10-15 19:30:00,195.5800018310547
2018-10-16 13:30:00,198.92999267578125
2018-10-16 14:30:00,200.82000732421875
2018-10-16 15:30:00,200.4149932861328
2018-10-16 16:30:00,200.9499969482422
2018-10-16 17:30:00,201.4199981689453
2018-10-16 18:30:00,201.6199951171875
2018-10-16 19:30:00,202.47500610351562
2018-10-17 13:30:00,200.5500030517578
2018-10-17 14:30:00,200.02999877929688
2018-10-17 15:30:00,201.5800018310547
2018-10-17 16:30:00,202.8574981689453
2018-10-17 17:30:00,201.77000427246094
2018-10-17 18:30:00,203.0399932861328
2018-10-17 19:30:00,202.7899932861328
2018-10-18 13:30:00,203.8800048828125
2018-10-18 14:30:00,202.50999450683594
2018-10-18 15:30:00,201.4199981689453
2018-10-18 16:30:00,200.6300048828125
2018-10-18 17:30:00,202.05499267578125
2018-10-18 18:30:00,202.5399932861328
2018-10-18 19:30:00,202.8000030517578
2018-10-19 13:30:00,204.50999450683594
2018-10-19 14:30:00,203.1300048828125
2018-10-19 15:30:00,202.72000122070312
2018-10-19 16:30:00,203.2366943359375
2018-10-19 17:30:00,201.90060424804688
2018-10-19 18:30:00,202.36000061035156
2018-10-19 19:30:00,201.75999450683594
2018-10-22 13:30:00,198.6199951171875
2018-10-22 14:30:00,199.52000427246094
2018-10-22 15:30:00,197.77999877929688
2018-10-22 16:30:00,198.33999633789062
2018-10-22 17:30:00,198.02999877929688
2018-10-22 18:30:00,198.47500610351562
2018-10-22 19:30:00,198.02999877929688
2018-10-23 13:30:00,194.8699951171875
2018-10-23 14:30:00,195.2899932861328
2018-10-23 15:30:00,196.47000122070312
2018-10-23 16:30:00,197.60000610351562
2018-10-23 17:30:00,198.18460083007812
2018-10-23 18:30:00,198.32000732421875
2018-10-23 19:30:00,197.58999633789062
2018-10-24 13:30:00,197.11000061035156
2018-10-24 14:30:00,195.6999969482422
2018-10-24 15:30:00,194.7550048828125
2018-10-24 16:30:00,192.41000366210938
2018-10-24 17:30:00,192.88999938964844
2018-10-24 18:30:00,189.5399932861328
2018-10-24 19:30:00,187.8300018310547
2018-10-25 13:30:00,188.32960510253906
2018-10-25 14:30:00,189.3000030517578
2018-10-25 15:30:00,188.25750732421875
2018-10-25 16:30:00,189.24110412597656
2018-10-25 17:30:00,188.60000610351562
2018-10-25 18:30:00,189.14999389648438
2018-10-25 19:30:00,188.0
2018-10-26 13:30:00,184.50999450683594
2018-10-26 14:30:00,186.02000427246094
2018-10-26 15:30:00,185.66000366210938
2018-10-26 16:30:00,186.61000061035156
2018-10-26 17:30:00,186.57000732421875
2018-10-26 18:30:00,185.19000244140625
2018-10-26 19:30:00,185.91000366210938
2018-10-29 13:30:00,190.17379760742188
2018-10-29 14:30:00,189.9199981689453
2018-10-29 15:30:00,188.89999389648438
2018-10-29 16:30:00,189.50999450683594
2018-10-29 17:30:00,188.82000732421875
2018-10-29 18:30:00,187.25999450683594
2018-10-29 19:30:00,188.27999877929688
2018-10-30 13:30:00,189.35000610351562
2018-10-30 14:30:00,189.8699951171875
2018-10-30 15:30:00,189.82000732421875
2018-10-30 16:30:00,188.9199981689453
2018-10-30 17:30:00,189.2100067138672
2018-10-30 18:30:00,190.14100646972656
2018-10-30 19:30:00,189.56900024414062
2018-10-31 13:30:00,193.9499969482422
2018-10-31 14:30:00,193.1999969482422
2018-10-31 15:30:00,192.32749938964844
2018-10-31 16:30:00,193.76199340820312
2018-10-31 17:30:00,194.52999877929688
2018-10-31 18:30:00,194.58999633789062
2018-10-31 19:30:00,192.72000122070312
2018-11-01 13:30:00,192.8800048828125
2018-11-01 14:30:00,192.9600067138672
2018-11-01 15:30:00,192.7100067138672
2018-11-01 16:30:00,193.02999877929688
2018-11-01 17:30:00,192.668701171875
2018-11-01 18:30:00,192.69000244140625
2018-11-01 19:30:00,193.17999267578125
2018-11-02 13:30:00,189.32000732421875
2018-11-02 14:30:00,189.25
2018-11-02 15:30:00,189.38999938964844
2018-11-02 16:30:00,188.25
2018-11-02 17:30:00,187.2100067138672
2018-11-02 18:30:00,187.24000549316406
2018-11-02 19:30:00,187.0500030517578
