Datetime,BIIB
2017-11-06 14:30:00,317.95001220703125
2017-11-06 15:30:00,318.7200012207031
2017-11-06 16:30:00,317.9700012207031
2017-11-06 17:30:00,315.5400085449219
2017-11-06 18:30:00,316.07000732421875
2017-11-06 19:30:00,316.2300109863281
2017-11-06 20:30:00,315.3999938964844
2017-11-08 14:30:00,312.489990234375
2017-11-08 15:30:00,312.79998779296875
2017-11-08 16:30:00,313.6400146484375
2017-11-08 17:30:00,313.6499938964844
2017-11-08 18:30:00,312.69000244140625
2017-11-08 19:30:00,312.42999267578125
2017-11-08 20:30:00,312.5899963378906
2017-11-09 14:30:00,313.3999938964844
2017-11-09 15:30:00,312.20001220703125
2017-11-09 16:30:00,309.1000061035156
2017-11-09 17:30:00,310.79998779296875
2017-11-09 18:30:00,309.67999267578125
2017-11-09 19:30:00,309.6499938964844
2017-11-09 20:30:00,309.9800109863281
2017-11-10 14:30:00,308.1499938964844
2017-11-10 15:30:00,308.0
2017-11-10 16:30:00,309.0450134277344
2017-11-10 17:30:00,308.6700134277344
2017-11-10 18:30:00,309.17498779296875
2017-11-10 19:30:00,310.739990234375
2017-11-10 20:30:00,310.4200134277344
2017-11-13 14:30:00,311.7550048828125
2017-11-13 15:30:00,311.5400085449219
2017-11-13 16:30:00,311.9200134277344
2017-11-13 17:30:00,311.9200134277344
2017-11-13 18:30:00,312.2099914550781
2017-11-13 19:30:00,315.2699890136719
2017-11-13 20:30:00,315.760009765625
2017-11-14 14:30:00,311.8599853515625
2017-11-14 15:30:00,311.3399963378906
2017-11-14 16:30:00,310.45001220703125
2017-11-14 17:30:00,308.9700012207031
2017-11-14 18:30:00,308.510009765625
2017-11-14 19:30:00,309.3699951171875
2017-11-14 20:30:00,309.6700134277344
2017-11-15 14:30:00,310.885009765625
2017-11-15 15:30:00,311.4587097167969
2017-11-15 16:30:00,312.19000244140625
2017-11-15 17:30:00,310.010009765625
2017-11-15 18:30:00,311.6400146484375
2017-11-15 19:30:00,311.6300048828125
2017-11-15 20:30:00,310.3299865722656
2017-11-16 14:30:00,311.489990234375
2017-11-16 15:30:00,313.989990234375
2017-11-16 16:30:00,313.9800109863281
2017-11-16 17:30:00,314.010009765625
2017-11-16 18:30:00,313.95001220703125
2017-11-16 19:30:00,314.2200012207031
2017-11-16 20:30:00,313.8900146484375
2017-11-17 14:30:00,310.7349853515625
2017-11-17 15:30:00,311.2300109863281
2017-11-17 16:30:00,312.89739990234375
2017-11-17 17:30:00,314.0199890136719
2017-11-17 18:30:00,313.80499267578125
2017-11-17 19:30:00,313.3399963378906
2017-11-17 20:30:00,314.1400146484375
2017-11-20 14:30:00,311.3299865722656
2017-11-20 15:30:00,311.3900146484375
2017-11-20 16:30:00,310.6099853515625
2017-11-20 17:30:00,311.4800109863281
2017-11-20 18:30:00,311.010009765625
2017-11-20 19:30:00,310.70001220703125
2017-11-20 20:30:00,309.3699951171875
2017-11-21 14:30:00,308.125
2017-11-21 15:30:00,309.125
2017-11-21 16:30:00,308.42999267578125
2017-11-21 17:30:00,309.5199890136719
2017-11-21 18:30:00,309.5299987792969
2017-11-21 19:30:00,309.2900085449219
2017-11-21 20:30:00,309.1099853515625
2017-11-22 14:30:00,310.4100036621094
2017-11-22 15:30:00,308.4599914550781
2017-11-22 16:30:00,308.0
2017-11-22 17:30:00,308.73638916015625
2017-11-22 18:30:00,309.4800109863281
2017-11-22 19:30:00,309.989990234375
2017-11-22 20:30:00,309.79998779296875
2017-11-24 14:30:00,308.54998779296875
2017-11-24 15:30:00,309.8399963378906
2017-11-24 16:30:00,309.42999267578125
2017-11-24 18:00:00,309.0
2017-11-27 14:30:00,309.5400085449219
2017-11-27 15:30:00,311.0199890136719
2017-11-27 16:30:00,309.8500061035156
2017-11-27 17:30:00,311.32000732421875
2017-11-27 18:30:00,311.8500061035156
2017-11-27 19:30:00,312.1499938964844
2017-11-27 20:30:00,311.79998779296875
2017-11-28 14:30:00,313.1499938964844
2017-11-28 15:30:00,315.5
2017-11-28 16:30:00,315.6099853515625
2017-11-28 17:30:00,316.3800048828125
2017-11-28 18:30:00,316.2799987792969
2017-11-28 19:30:00,315.885009765625
2017-11-28 20:30:00,317.1199951171875
2017-11-29 14:30:00,319.760009765625
2017-11-29 15:30:00,320.4599914550781
2017-11-29 16:30:00,319.95001220703125
2017-11-29 17:30:00,320.239990234375
2017-11-29 18:30:00,320.0199890136719
2017-11-29 19:30:00,319.6300048828125
2017-11-29 20:30:00,320.0
2017-11-30 14:30:00,319.3800048828125
2017-11-30 15:30:00,320.1199951171875
2017-11-30 16:30:00,322.30999755859375
2017-11-30 17:30:00,323.2699890136719
2017-11-30 18:30:00,322.2749938964844
2017-11-30 19:30:00,322.6199951171875
2017-11-30 20:30:00,322.1099853515625
2017-12-01 14:30:00,321.6300048828125
2017-12-01 15:30:00,315.4999084472656
2017-12-01 16:30:00,317.80999755859375
2017-12-01 17:30:00,318.7200012207031
2017-12-01 18:30:00,319.75
2017-12-01 19:30:00,319.489990234375
2017-12-01 20:30:00,319.1600036621094
2017-12-04 14:30:00,319.2699890136719
2017-12-04 15:30:00,316.75
2017-12-04 16:30:00,317.42889404296875
2017-12-04 17:30:00,320.909912109375
2017-12-04 18:30:00,318.2506103515625
2017-12-04 19:30:00,318.9700012207031
2017-12-04 20:30:00,317.30999755859375
2017-12-05 14:30:00,319.57000732421875
2017-12-05 15:30:00,320.30499267578125
2017-12-05 16:30:00,319.9495849609375
2017-12-05 17:30:00,320.3500061035156
2017-12-05 18:30:00,319.5
2017-12-05 19:30:00,319.8399963378906
2017-12-05 20:30:00,320.0400085449219
2017-12-06 14:30:00,316.8800048828125
2017-12-06 15:30:00,315.510009765625
2017-12-06 16:30:00,312.32000732421875
2017-12-06 17:30:00,312.5199890136719
2017-12-06 18:30:00,313.8900146484375
2017-12-06 19:30:00,313.95001220703125
2017-12-06 20:30:00,314.6099853515625
2017-12-07 14:30:00,316.3999938964844
2017-12-07 15:30:00,316.80499267578125
2017-12-07 16:30:00,318.8900146484375
2017-12-07 17:30:00,319.0400085449219
2017-12-07 18:30:00,318.3599853515625
2017-12-07 19:30:00,319.1499938964844
2017-12-07 20:30:00,319.57000732421875
2017-12-08 14:30:00,323.7699890136719
2017-12-08 15:30:00,325.0400085449219
2017-12-08 16:30:00,325.9100036621094
2017-12-08 17:30:00,326.3800048828125
2017-12-08 18:30:00,327.0
2017-12-08 19:30:00,325.8599853515625
2017-12-08 20:30:00,325.8699951171875
2017-12-11 14:30:00,324.1000061035156
2017-12-11 15:30:00,325.5856018066406
2017-12-11 16:30:00,328.3999938964844
2017-12-11 17:30:00,329.9049987792969
2017-12-11 18:30:00,329.6099853515625
2017-12-11 19:30:00,327.82000732421875
2017-12-11 20:30:00,328.0
2017-12-12 14:30:00,325.0950012207031
2017-12-12 15:30:00,325.2850036621094
2017-12-12 16:30:00,326.6000061035156
2017-12-12 17:30:00,325.5899963378906
2017-12-12 18:30:00,325.739990234375
2017-12-12 19:30:00,326.70001220703125
2017-12-12 20:30:00,327.79998779296875
2017-12-13 14:30:00,331.6099853515625
2017-12-13 15:30:00,331.4150085449219
2017-12-13 16:30:00,330.7900085449219
2017-12-13 17:30:00,330.95379638671875
2017-12-13 18:30:00,330.8800048828125
2017-12-13 19:30:00,332.5899963378906
2017-12-13 20:30:00,330.5899963378906
2017-12-14 14:30:00,326.1400146484375
2017-12-14 15:30:00,324.70001220703125
2017-12-14 16:30:00,324.3399963378906
2017-12-14 17:30:00,324.42999267578125
2017-12-14 18:30:00,322.3599853515625
2017-12-14 19:30:00,321.2900085449219
2017-12-14 20:30:00,323.55999755859375
2017-12-15 14:30:00,326.29998779296875
2017-12-15 15:30:00,326.95001220703125
2017-12-15 16:30:00,327.54998779296875
2017-12-15 17:30:00,328.635009765625
2017-12-15 18:30:00,329.45001220703125
2017-12-15 19:30:00,328.9800109863281
2017-12-15 20:30:00,327.94000244140625
2017-12-18 14:30:00,324.8500061035156
2017-12-18 15:30:00,327.0
2017-12-18 16:30:00,326.7099914550781
2017-12-18 17:30:00,327.6000061035156
2017-12-18 18:30:00,326.7200012207031
2017-12-18 19:30:00,326.19000244140625
2017-12-18 20:30:00,325.8900146484375
2017-12-19 14:30:00,325.3550109863281
2017-12-19 15:30:00,327.9599914550781
2017-12-19 16:30:00,326.4200134277344
2017-12-19 17:30:00,326.625
2017-12-19 18:30:00,327.7099914550781
2017-12-19 19:30:00,327.3599853515625
2017-12-19 20:30:00,327.0199890136719
2017-12-20 14:30:00,335.125
2017-12-20 15:30:00,334.9949951171875
2017-12-20 16:30:00,335.4700012207031
2017-12-20 17:30:00,333.9100036621094
2017-12-20 18:30:00,332.92999267578125
2017-12-20 19:30:00,332.8999938964844
2017-12-20 20:30:00,333.5
2017-12-21 14:30:00,326.510009765625
2017-12-21 15:30:00,324.260009765625
2017-12-21 16:30:00,322.6199951171875
2017-12-21 17:30:00,324.82000732421875
2017-12-21 18:30:00,323.2650146484375
2017-12-21 19:30:00,322.75
2017-12-21 20:30:00,322.510009765625
2017-12-22 14:30:00,321.6600036621094
2017-12-22 15:30:00,320.80999755859375
2017-12-22 16:30:00,319.1300048828125
2017-12-22 17:30:00,318.8999938964844
2017-12-22 18:30:00,320.1400146484375
2017-12-22 19:30:00,320.3599853515625
2017-12-22 20:30:00,319.489990234375
2017-12-26 14:30:00,317.42999267578125
2017-12-26 15:30:00,318.67999267578125
2017-12-26 16:30:00,319.0799865722656
2017-12-26 17:30:00,319.44000244140625
2017-12-26 18:30:00,319.0199890136719
2017-12-26 19:30:00,319.4700012207031
2017-12-26 20:30:00,319.7200012207031
2017-12-27 14:30:00,321.5199890136719
2017-12-27 15:30:00,321.1600036621094
2017-12-27 16:30:00,320.91009521484375
2017-12-27 17:30:00,320.1000061035156
2017-12-27 18:30:00,319.3399963378906
2017-12-27 19:30:00,319.5899963378906
2017-12-27 20:30:00,320.05999755859375
2017-12-28 14:30:00,319.4700012207031
2017-12-28 15:30:00,320.32000732421875
2017-12-28 16:30:00,320.80499267578125
2017-12-28 17:30:00,321.1199951171875
2017-12-28 18:30:00,319.92498779296875
2017-12-28 19:30:00,319.95001220703125
2017-12-28 20:30:00,320.30999755859375
2017-12-29 14:30:00,322.0299987792969
2017-12-29 15:30:00,320.6449890136719
2017-12-29 16:30:00,320.6600036621094
2017-12-29 17:30:00,320.2900085449219
2017-12-29 18:30:00,320.1300048828125
2017-12-29 19:30:00,320.4200134277344
2017-12-29 20:30:00,318.6700134277344
2018-01-02 14:30:00,326.7550048828125
2018-01-02 15:30:00,329.55999755859375
2018-01-02 16:30:00,329.114990234375
2018-01-02 17:30:00,329.9800109863281
2018-01-02 18:30:00,332.3599853515625
2018-01-02 19:30:00,334.6600036621094
2018-01-02 20:30:00,334.239990234375
2018-01-03 14:30:00,336.2799987792969
2018-01-03 15:30:00,338.7699890136719
2018-01-03 16:30:00,339.6000061035156
2018-01-03 17:30:00,339.0799865722656
2018-01-03 18:30:00,339.9739990234375
2018-01-03 19:30:00,339.3399963378906
2018-01-03 20:30:00,339.82000732421875
2018-01-04 14:30:00,339.9599914550781
2018-01-04 15:30:00,337.75
2018-01-04 16:30:00,337.6449890136719
2018-01-04 17:30:00,337.75
2018-01-04 18:30:00,339.19000244140625
2018-01-04 19:30:00,340.1600036621094
2018-01-04 20:30:00,339.92999267578125
2018-01-05 14:30:00,341.6300048828125
2018-01-05 15:30:00,343.510009765625
2018-01-05 16:30:00,341.8710021972656
2018-01-05 17:30:00,339.18499755859375
2018-01-05 18:30:00,341.1499938964844
2018-01-05 19:30:00,342.8999938964844
2018-01-05 20:30:00,342.32000732421875
2018-01-08 14:30:00,331.80499267578125
2018-01-08 15:30:00,329.239990234375
2018-01-08 16:30:00,328.94500732421875
2018-01-08 17:30:00,328.23870849609375
2018-01-08 18:30:00,329.20001220703125
2018-01-08 19:30:00,328.739990234375
2018-01-08 20:30:00,329.5400085449219
2018-01-09 14:30:00,334.5
2018-01-09 15:30:00,335.2200012207031
2018-01-09 16:30:00,336.17999267578125
2018-01-09 17:30:00,336.5400085449219
2018-01-09 18:30:00,337.6199951171875
2018-01-09 19:30:00,337.6875
2018-01-09 20:30:00,336.3900146484375
2018-01-10 14:30:00,335.6099853515625
2018-01-10 15:30:00,336.8550109863281
2018-01-10 16:30:00,337.8699951171875
2018-01-10 17:30:00,339.0400085449219
2018-01-10 18:30:00,337.29998779296875
2018-01-10 19:30:00,336.67999267578125
2018-01-10 20:30:00,336.6199951171875
2018-01-11 14:30:00,331.6300048828125
2018-01-11 15:30:00,329.8299865722656
2018-01-11 16:30:00,331.2633056640625
2018-01-11 17:30:00,331.934814453125
2018-01-11 18:30:00,332.489990234375
2018-01-11 19:30:00,332.42999267578125
2018-01-11 20:30:00,333.04998779296875
2018-01-12 14:30:00,334.0
2018-01-12 15:30:00,334.42999267578125
2018-01-12 16:30:00,335.45001220703125
2018-01-12 17:30:00,335.5
2018-01-12 18:30:00,335.4700012207031
2018-01-12 19:30:00,335.79998779296875
2018-01-12 20:30:00,335.79998779296875
2018-01-16 14:30:00,342.4549865722656
2018-01-16 15:30:00,339.5299987792969
2018-01-16 16:30:00,339.94000244140625
2018-01-16 17:30:00,338.4800109863281
2018-01-16 18:30:00,339.3399963378906
2018-01-16 19:30:00,339.0799865722656
2018-01-16 20:30:00,338.8500061035156
2018-01-17 14:30:00,341.4200134277344
2018-01-17 15:30:00,344.3999938964844
2018-01-17 16:30:00,343.4200134277344
2018-01-17 17:30:00,345.2850036621094
2018-01-17 18:30:00,345.9200134277344
2018-01-17 19:30:00,346.4100036621094
2018-01-17 20:30:00,344.8999938964844
2018-01-18 14:30:00,338.7300109863281
2018-01-18 15:30:00,339.17999267578125
2018-01-18 16:30:00,339.1799011230469
2018-01-18 17:30:00,343.6499938964844
2018-01-18 18:30:00,342.8900146484375
2018-01-18 19:30:00,343.7550048828125
2018-01-18 20:30:00,344.44000244140625
2018-01-19 14:30:00,344.3349914550781
2018-01-19 15:30:00,343.7099914550781
2018-01-19 16:30:00,342.4100036621094
2018-01-19 17:30:00,342.1575012207031
2018-01-19 18:30:00,343.5
2018-01-19 19:30:00,343.5899963378906
2018-01-19 20:30:00,342.3500061035156
2018-01-22 14:30:00,345.0199890136719
2018-01-22 15:30:00,343.5
2018-01-22 16:30:00,344.3550109863281
2018-01-22 17:30:00,344.6700134277344
2018-01-22 18:30:00,344.26019287109375
2018-01-22 19:30:00,345.6300048828125
2018-01-22 20:30:00,347.6300048828125
2018-01-23 14:30:00,352.8782958984375
2018-01-23 15:30:00,351.8800048828125
2018-01-23 16:30:00,348.8399963378906
2018-01-23 17:30:00,348.0
2018-01-23 18:30:00,347.2900085449219
2018-01-23 19:30:00,346.2085876464844
2018-01-23 20:30:00,346.760009765625
2018-01-24 14:30:00,348.0400085449219
2018-01-24 15:30:00,345.0199890136719
2018-01-24 16:30:00,343.0350036621094
2018-01-24 17:30:00,344.8550109863281
2018-01-24 18:30:00,348.44000244140625
2018-01-24 19:30:00,347.4849853515625
2018-01-24 20:30:00,346.5
2018-01-25 14:30:00,348.0400085449219
2018-01-25 15:30:00,355.9100036621094
2018-01-25 16:30:00,353.1600036621094
2018-01-25 17:30:00,355.8599853515625
2018-01-25 18:30:00,353.2699890136719
2018-01-25 19:30:00,351.6099853515625
2018-01-25 20:30:00,353.6499938964844
2018-01-26 14:30:00,363.6000061035156
2018-01-26 15:30:00,365.0899963378906
2018-01-26 16:30:00,367.9100036621094
2018-01-26 17:30:00,369.8299865722656
2018-01-26 18:30:00,368.1600036621094
2018-01-26 19:30:00,367.67999267578125
2018-01-26 20:30:00,367.8699951171875
2018-01-29 14:30:00,366.5299987792969
2018-01-29 15:30:00,358.760009765625
2018-01-29 16:30:00,360.3800048828125
2018-01-29 17:30:00,358.4200134277344
2018-01-29 18:30:00,358.989990234375
2018-01-29 19:30:00,358.9100036621094
2018-01-29 20:30:00,358.32000732421875
2018-01-30 14:30:00,356.45001220703125
2018-01-30 15:30:00,356.6000061035156
2018-01-30 16:30:00,354.7099914550781
2018-01-30 17:30:00,354.510009765625
2018-01-30 18:30:00,356.1199951171875
2018-01-30 19:30:00,353.6400146484375
2018-01-30 20:30:00,352.5899963378906
2018-01-31 14:30:00,354.6400146484375
2018-01-31 15:30:00,349.1300048828125
2018-01-31 16:30:00,349.9750061035156
2018-01-31 17:30:00,351.45001220703125
2018-01-31 18:30:00,348.8900146484375
2018-01-31 19:30:00,347.2300109863281
2018-01-31 20:30:00,347.8500061035156
2018-02-01 14:30:00,348.55999755859375
2018-02-01 15:30:00,346.1000061035156
2018-02-01 16:30:00,345.81781005859375
2018-02-01 17:30:00,347.04998779296875
2018-02-01 18:30:00,345.489990234375
2018-02-01 19:30:00,345.239990234375
2018-02-01 20:30:00,346.1499938964844
2018-02-02 14:30:00,343.6199951171875
2018-02-02 15:30:00,344.44000244140625
2018-02-02 16:30:00,347.760009765625
2018-02-02 17:30:00,345.489990234375
2018-02-02 18:30:00,345.1099853515625
2018-02-02 19:30:00,345.54998779296875
2018-02-02 20:30:00,343.8299865722656
2018-02-05 14:30:00,344.54998779296875
2018-02-05 15:30:00,342.1393127441406
2018-02-05 16:30:00,340.0899963378906
2018-02-05 17:30:00,338.1199951171875
2018-02-05 18:30:00,338.2699890136719
2018-02-05 19:30:00,337.32000732421875
2018-02-05 20:30:00,328.30999755859375
2018-02-06 14:30:00,325.6099853515625
2018-02-06 15:30:00,324.3599853515625
2018-02-06 16:30:00,326.7300109863281
2018-02-06 17:30:00,326.6700134277344
2018-02-06 18:30:00,323.260009765625
2018-02-06 19:30:00,331.4800109863281
2018-02-06 20:30:00,332.92999267578125
2018-02-07 14:30:00,327.7799987792969
2018-02-07 15:30:00,332.0899963378906
2018-02-07 16:30:00,332.6300048828125
2018-02-07 17:30:00,327.989990234375
2018-02-07 18:30:00,330.30999755859375
2018-02-07 19:30:00,330.30999755859375
2018-02-07 20:30:00,326.8999938964844
2018-02-08 14:30:00,325.94000244140625
2018-02-08 15:30:00,321.67999267578125
2018-02-08 16:30:00,320.57000732421875
2018-02-08 17:30:00,319.95001220703125
2018-02-08 18:30:00,320.0899963378906
2018-02-08 19:30:00,317.4800109863281
2018-02-08 20:30:00,312.010009765625
2018-02-09 14:30:00,309.9700012207031
2018-02-09 15:30:00,305.510009765625
2018-02-09 16:30:00,303.04998779296875
2018-02-09 17:30:00,305.3900146484375
2018-02-09 18:30:00,312.79998779296875
2018-02-09 19:30:00,313.4599914550781
2018-02-09 20:30:00,316.57000732421875
2018-02-12 14:30:00,318.4100036621094
2018-02-12 15:30:00,319.4800109863281
2018-02-12 16:30:00,320.1000061035156
2018-02-12 17:30:00,318.8299865722656
2018-02-12 18:30:00,319.75
2018-02-12 19:30:00,319.30999755859375
2018-02-12 20:30:00,316.5400085449219
2018-02-13 14:30:00,316.0199890136719
2018-02-13 15:30:00,315.4049987792969
2018-02-13 16:30:00,315.0
2018-02-13 17:30:00,316.5
2018-02-13 18:30:00,317.4800109863281
2018-02-13 19:30:00,318.8399963378906
2018-02-13 20:30:00,317.0
2018-02-14 14:30:00,313.8949890136719
2018-02-14 15:30:00,313.864990234375
2018-02-14 16:30:00,314.8399963378906
2018-02-14 17:30:00,315.489990234375
2018-02-14 18:30:00,309.3699951171875
2018-02-14 19:30:00,293.1099853515625
2018-02-14 20:30:00,295.8999938964844
2018-02-15 14:30:00,298.6780090332031
2018-02-15 15:30:00,297.67999267578125
2018-02-15 16:30:00,298.4700012207031
2018-02-15 17:30:00,299.25
2018-02-15 18:30:00,298.1600036621094
2018-02-15 19:30:00,299.8299865722656
2018-02-15 20:30:00,299.4100036621094
2018-02-16 14:30:00,294.0899963378906
2018-02-16 15:30:00,296.19000244140625
2018-02-16 16:30:00,296.25
2018-02-16 17:30:00,294.5199890136719
2018-02-16 18:30:00,292.6000061035156
2018-02-16 19:30:00,293.92999267578125
2018-02-16 20:30:00,291.7699890136719
2018-02-20 14:30:00,291.6700134277344
2018-02-20 15:30:00,293.4800109863281
2018-02-20 16:30:00,292.2149963378906
2018-02-20 17:30:00,290.6499938964844
2018-02-20 18:30:00,289.8599853515625
2018-02-20 19:30:00,286.8299865722656
2018-02-20 20:30:00,287.5
2018-02-21 14:30:00,288.8660888671875
2018-02-21 15:30:00,286.9800109863281
2018-02-21 16:30:00,287.44000244140625
2018-02-21 17:30:00,289.614990234375
2018-02-21 18:30:00,289.4200134277344
2018-02-21 19:30:00,287.0799865722656
2018-02-21 20:30:00,286.1600036621094
2018-02-22 14:30:00,288.6400146484375
2018-02-22 15:30:00,290.6300048828125
2018-02-22 16:30:00,289.1499938964844
2018-02-22 17:30:00,288.3500061035156
2018-02-22 18:30:00,287.010009765625
2018-02-22 19:30:00,285.34100341796875
2018-02-22 20:30:00,284.8599853515625
2018-02-23 14:30:00,286.6199951171875
2018-02-23 15:30:00,288.42999267578125
2018-02-23 16:30:00,288.04998779296875
2018-02-23 17:30:00,289.1400146484375
2018-02-23 18:30:00,290.3299865722656
2018-02-23 19:30:00,292.7099914550781
2018-02-23 20:30:00,292.7799987792969
2018-02-26 14:30:00,290.739990234375
2018-02-26 15:30:00,289.7699890136719
2018-02-26 16:30:00,291.0299987792969
2018-02-26 17:30:00,291.0
2018-02-26 18:30:00,289.9408874511719
2018-02-26 19:30:00,290.3299865722656
2018-02-26 20:30:00,290.0
2018-02-27 14:30:00,290.8299865722656
2018-02-27 15:30:00,291.70001220703125
2018-02-27 16:30:00,292.1650085449219
2018-02-27 17:30:00,292.92999267578125
2018-02-27 18:30:00,292.3699951171875
2018-02-27 19:30:00,290.2349853515625
2018-02-27 20:30:00,290.0400085449219
2018-02-28 14:30:00,292.80999755859375
2018-02-28 15:30:00,291.94000244140625
2018-02-28 16:30:00,291.31500244140625
2018-02-28 17:30:00,292.4700012207031
2018-02-28 18:30:00,291.6199951171875
2018-02-28 19:30:00,290.45001220703125
2018-02-28 20:30:00,289.0799865722656
2018-03-01 14:30:00,290.55999755859375
2018-03-01 15:30:00,288.2900085449219
2018-03-01 16:30:00,288.6700134277344
2018-03-01 17:30:00,286.80999755859375
2018-03-01 18:30:00,283.32000732421875
2018-03-01 19:30:00,283.5299987792969
2018-03-01 20:30:00,282.2699890136719
2018-03-02 14:30:00,282.3599853515625
2018-03-02 15:30:00,285.0
2018-03-02 16:30:00,284.75
2018-03-02 17:30:00,284.156005859375
2018-03-02 18:30:00,286.1700134277344
2018-03-02 19:30:00,286.010009765625
2018-03-02 20:30:00,286.9599914550781
2018-03-05 14:30:00,284.0199890136719
2018-03-05 15:30:00,284.7200012207031
2018-03-05 16:30:00,286.489990234375
2018-03-05 17:30:00,287.20001220703125
2018-03-05 18:30:00,286.2340087890625
2018-03-05 19:30:00,286.95001220703125
2018-03-05 20:30:00,286.989990234375
2018-03-06 14:30:00,288.5
2018-03-06 15:30:00,285.0
2018-03-06 16:30:00,285.9700012207031
2018-03-06 17:30:00,285.44000244140625
2018-03-06 18:30:00,284.6099853515625
2018-03-06 19:30:00,285.75
2018-03-06 20:30:00,285.95001220703125
2018-03-07 14:30:00,283.9100036621094
2018-03-07 15:30:00,284.57000732421875
2018-03-07 16:30:00,282.3299865722656
2018-03-07 17:30:00,283.1199951171875
2018-03-07 18:30:00,283.29998779296875
2018-03-07 19:30:00,284.25
2018-03-07 20:30:00,284.5199890136719
2018-03-08 14:30:00,284.8599853515625
2018-03-08 15:30:00,285.67999267578125
2018-03-08 16:30:00,284.29998779296875
2018-03-08 17:30:00,285.2300109863281
2018-03-08 18:30:00,285.4100036621094
2018-03-08 19:30:00,285.53118896484375
2018-03-08 20:30:00,284.6499938964844
2018-03-09 14:30:00,282.5249938964844
2018-03-09 15:30:00,284.8999938964844
2018-03-09 16:30:00,284.95001220703125
2018-03-09 17:30:00,285.06500244140625
2018-03-09 18:30:00,285.298095703125
2018-03-09 19:30:00,285.75
2018-03-09 20:30:00,286.0799865722656
2018-03-12 13:30:00,282.67999267578125
2018-03-12 14:30:00,282.29998779296875
2018-03-12 15:30:00,281.67999267578125
2018-03-12 16:30:00,280.0199890136719
2018-03-12 17:30:00,280.04998779296875
2018-03-12 18:30:00,280.04998779296875
2018-03-12 19:30:00,279.8999938964844
2018-03-13 13:30:00,285.43499755859375
2018-03-13 14:30:00,283.54998779296875
2018-03-13 15:30:00,283.0
2018-03-13 16:30:00,283.5899963378906
2018-03-13 17:30:00,283.431396484375
2018-03-13 18:30:00,282.8500061035156
2018-03-13 19:30:00,283.1600036621094
2018-03-14 13:30:00,287.1400146484375
2018-03-14 14:30:00,287.5199890136719
2018-03-14 15:30:00,285.760009765625
2018-03-14 16:30:00,286.25
2018-03-14 17:30:00,285.510009765625
2018-03-14 18:30:00,285.7099914550781
2018-03-14 19:30:00,285.7200012207031
2018-03-15 13:30:00,288.1099853515625
2018-03-15 14:30:00,287.07000732421875
2018-03-15 15:30:00,286.9200134277344
2018-03-15 16:30:00,287.1300048828125
2018-03-15 17:30:00,286.0899963378906
2018-03-15 18:30:00,287.05999755859375
2018-03-15 19:30:00,286.69000244140625
2018-03-16 13:30:00,290.1700134277344
2018-03-16 14:30:00,289.69000244140625
2018-03-16 15:30:00,291.07000732421875
2018-03-16 16:30:00,290.8599853515625
2018-03-16 17:30:00,288.819091796875
2018-03-16 18:30:00,288.6199951171875
2018-03-16 19:30:00,287.55999755859375
2018-03-19 13:30:00,282.82000732421875
2018-03-19 14:30:00,280.0299987792969
2018-03-19 15:30:00,280.0
2018-03-19 16:30:00,278.5400085449219
2018-03-19 17:30:00,278.4599914550781
2018-03-19 18:30:00,277.1000061035156
2018-03-19 19:30:00,278.3699951171875
2018-03-20 13:30:00,281.2799987792969
2018-03-20 14:30:00,278.7900085449219
2018-03-20 15:30:00,278.6824951171875
2018-03-20 16:30:00,278.8399963378906
2018-03-20 17:30:00,279.4100036621094
2018-03-20 18:30:00,280.0849914550781
2018-03-20 19:30:00,279.6000061035156
2018-03-21 13:30:00,279.4700012207031
2018-03-21 14:30:00,279.989990234375
2018-03-21 15:30:00,278.9800109863281
2018-03-21 16:30:00,278.95001220703125
2018-03-21 17:30:00,277.5199890136719
2018-03-21 18:30:00,277.739990234375
2018-03-21 19:30:00,277.2900085449219
2018-03-22 13:30:00,276.0530090332031
2018-03-22 14:30:00,276.0799865722656
2018-03-22 15:30:00,277.0
2018-03-22 16:30:00,277.3699951171875
2018-03-22 17:30:00,275.0050048828125
2018-03-22 18:30:00,273.32000732421875
2018-03-22 19:30:00,271.8699951171875
2018-03-23 13:30:00,270.82000732421875
2018-03-23 14:30:00,269.42999267578125
2018-03-23 15:30:00,267.69000244140625
2018-03-23 16:30:00,266.6199951171875
2018-03-23 17:30:00,265.94500732421875
2018-03-23 18:30:00,261.6099853515625
2018-03-23 19:30:00,260.07000732421875
2018-03-26 13:30:00,268.3699951171875
2018-03-26 14:30:00,264.70001220703125
2018-03-26 15:30:00,265.3900146484375
2018-03-26 16:30:00,265.2200012207031
2018-03-26 17:30:00,267.5050048828125
2018-03-26 18:30:00,268.2174987792969
2018-03-26 19:30:00,268.17999267578125
2018-03-27 13:30:00,269.4200134277344
2018-03-27 14:30:00,270.3999938964844
2018-03-27 15:30:00,271.010009765625
2018-03-27 16:30:00,272.3500061035156
2018-03-27 17:30:00,269.510009765625
2018-03-27 18:30:00,266.6549987792969
2018-03-27 19:30:00,265.1499938964844
2018-03-28 13:30:00,267.94000244140625
2018-03-28 14:30:00,269.6499938964844
2018-03-28 15:30:00,272.5799865722656
2018-03-28 16:30:00,272.3500061035156
2018-03-28 17:30:00,272.80999755859375
2018-03-28 18:30:00,273.67999267578125
2018-03-28 19:30:00,270.80999755859375
2018-03-29 13:30:00,272.7149963378906
2018-03-29 14:30:00,274.239990234375
2018-03-29 15:30:00,273.8599853515625
2018-03-29 16:30:00,274.7099914550781
2018-03-29 17:30:00,275.0799865722656
2018-03-29 18:30:00,275.3299865722656
2018-03-29 19:30:00,273.7900085449219
2018-04-02 13:30:00,267.2799987792969
2018-04-02 14:30:00,266.6499938964844
2018-04-02 15:30:00,264.45001220703125
2018-04-02 16:30:00,263.05999755859375
2018-04-02 17:30:00,261.95001220703125
2018-04-02 18:30:00,264.0899963378906
2018-04-02 19:30:00,266.8800048828125
2018-04-03 13:30:00,263.7099914550781
2018-04-03 14:30:00,267.7900085449219
2018-04-03 15:30:00,265.0199890136719
2018-04-03 16:30:00,265.4088134765625
2018-04-03 17:30:00,264.3599853515625
2018-04-03 18:30:00,268.3999938964844
2018-04-03 19:30:00,266.489990234375
2018-04-04 13:30:00,265.69000244140625
2018-04-04 14:30:00,267.5
2018-04-04 15:30:00,268.5
2018-04-04 16:30:00,267.3299865722656
2018-04-04 17:30:00,270.5199890136719
2018-04-04 18:30:00,272.8900146484375
2018-04-04 19:30:00,272.30999755859375
2018-04-05 13:30:00,265.9150085449219
2018-04-05 14:30:00,267.260009765625
2018-04-05 15:30:00,265.0115966796875
2018-04-05 16:30:00,264.79998779296875
2018-04-05 17:30:00,265.3800048828125
2018-04-05 18:30:00,265.6199951171875
2018-04-05 19:30:00,264.9800109863281
2018-04-06 13:30:00,265.510009765625
2018-04-06 14:30:00,262.989990234375
2018-04-06 15:30:00,261.9700012207031
2018-04-06 16:30:00,262.20001220703125
2018-04-06 17:30:00,258.8399963378906
2018-04-06 18:30:00,257.3900146484375
2018-04-06 19:30:00,257.5899963378906
2018-04-09 13:30:00,259.42999267578125
2018-04-09 14:30:00,263.0150146484375
2018-04-09 15:30:00,262.9599914550781
2018-04-09 16:30:00,262.25
2018-04-09 17:30:00,261.82501220703125
2018-04-09 18:30:00,260.07000732421875
2018-04-09 19:30:00,257.5299987792969
2018-04-10 13:30:00,263.8299865722656
2018-04-10 14:30:00,265.1199951171875
2018-04-10 15:30:00,265.239990234375
2018-04-10 16:30:00,266.68499755859375
2018-04-10 17:30:00,266.07000732421875
2018-04-10 18:30:00,266.3800048828125
2018-04-10 19:30:00,265.1199951171875
2018-04-11 13:30:00,265.8999938964844
2018-04-11 14:30:00,268.2781982421875
2018-04-11 15:30:00,268.3399963378906
2018-04-11 16:30:00,268.5450134277344
2018-04-11 17:30:00,268.75518798828125
2018-04-11 18:30:00,267.0450134277344
2018-04-11 19:30:00,266.0
2018-04-12 13:30:00,269.190185546875
2018-04-12 14:30:00,268.0
2018-04-12 15:30:00,267.7699890136719
2018-04-12 16:30:00,269.010009765625
2018-04-12 17:30:00,269.989990234375
2018-04-12 18:30:00,269.414794921875
2018-04-12 19:30:00,267.3599853515625
2018-04-13 13:30:00,267.989990234375
2018-04-13 14:30:00,267.1199951171875
2018-04-13 15:30:00,266.50750732421875
2018-04-13 16:30:00,266.6199951171875
2018-04-13 17:30:00,266.5899963378906
2018-04-13 18:30:00,264.510009765625
2018-04-13 19:30:00,265.3900146484375
2018-04-16 13:30:00,267.0
2018-04-16 14:30:00,267.9100036621094
2018-04-16 15:30:00,266.760009765625
2018-04-16 16:30:00,265.55999755859375
2018-04-16 17:30:00,265.6568908691406
2018-04-16 18:30:00,264.5899963378906
2018-04-16 19:30:00,263.1300048828125
2018-04-17 13:30:00,264.80999755859375
2018-04-17 14:30:00,266.8800048828125
2018-04-17 15:30:00,268.45001220703125
2018-04-17 16:30:00,268.0150146484375
2018-04-17 17:30:00,267.2200012207031
2018-04-17 18:30:00,267.6400146484375
2018-04-17 19:30:00,264.760009765625
2018-04-18 13:30:00,267.6000061035156
2018-04-18 14:30:00,269.3399963378906
2018-04-18 15:30:00,269.2099914550781
2018-04-18 16:30:00,269.9700012207031
2018-04-18 17:30:00,269.7900085449219
2018-04-18 18:30:00,269.1600036621094
2018-04-18 19:30:00,268.0400085449219
2018-04-19 13:30:00,268.6000061035156
2018-04-19 14:30:00,267.3699951171875
2018-04-19 15:30:00,265.9599914550781
2018-04-19 16:30:00,265.30999755859375
2018-04-19 17:30:00,265.4700012207031
2018-04-19 18:30:00,265.6199951171875
2018-04-19 19:30:00,266.0899963378906
2018-04-20 13:30:00,265.1000061035156
2018-04-20 14:30:00,262.6099853515625
2018-04-20 15:30:00,264.010009765625
2018-04-20 16:30:00,264.6600036621094
2018-04-20 17:30:00,264.8699951171875
2018-04-20 18:30:00,263.4599914550781
2018-04-20 19:30:00,263.0199890136719
2018-04-23 13:30:00,262.1199951171875
2018-04-23 14:30:00,263.32501220703125
2018-04-23 15:30:00,263.614990234375
2018-04-23 16:30:00,261.92999267578125
2018-04-23 17:30:00,259.4200134277344
2018-04-23 18:30:00,260.5199890136719
2018-04-23 19:30:00,259.29998779296875
2018-04-24 13:30:00,251.83999633789062
2018-04-24 14:30:00,258.25
2018-04-24 15:30:00,264.2149963378906
2018-04-24 16:30:00,266.04998779296875
2018-04-24 17:30:00,261.8599853515625
2018-04-24 18:30:00,262.8699951171875
2018-04-24 19:30:00,262.0400085449219
2018-04-26 13:30:00,274.4800109863281
2018-04-26 14:30:00,274.239990234375
2018-04-26 15:30:00,274.44000244140625
2018-04-26 16:30:00,273.9100036621094
2018-04-26 17:30:00,276.4247131347656
2018-04-26 18:30:00,274.9800109863281
2018-04-26 19:30:00,273.7300109863281
2018-04-27 13:30:00,277.0799865722656
2018-04-27 14:30:00,276.375
2018-04-27 15:30:00,275.19000244140625
2018-04-27 16:30:00,275.0249938964844
2018-04-27 17:30:00,274.9599914550781
2018-04-27 18:30:00,277.239990234375
2018-04-27 19:30:00,276.8399963378906
2018-04-30 13:30:00,278.5799865722656
2018-04-30 14:30:00,276.6499938964844
2018-04-30 15:30:00,275.2099914550781
2018-04-30 16:30:00,275.8299865722656
2018-04-30 17:30:00,275.6099853515625
2018-04-30 18:30:00,275.75
2018-04-30 19:30:00,273.5899963378906
2018-05-01 13:30:00,276.29998779296875
2018-05-01 14:30:00,272.4800109863281
2018-05-01 15:30:00,274.7099914550781
2018-05-01 16:30:00,273.7799987792969
2018-05-01 17:30:00,274.67999267578125
2018-05-01 18:30:00,273.0799865722656
2018-05-01 19:30:00,274.5199890136719
2018-05-02 13:30:00,264.8999938964844
2018-05-02 14:30:00,272.489990234375
2018-05-02 15:30:00,273.135009765625
2018-05-02 16:30:00,273.8500061035156
2018-05-02 17:30:00,276.1300048828125
2018-05-02 18:30:00,275.6000061035156
2018-05-02 19:30:00,274.1099853515625
2018-05-03 13:30:00,270.25
2018-05-03 14:30:00,266.1000061035156
2018-05-03 15:30:00,267.04998779296875
2018-05-03 16:30:00,268.3399963378906
2018-05-03 17:30:00,265.6300048828125
2018-05-03 18:30:00,266.6400146484375
2018-05-03 19:30:00,266.3900146484375
2018-05-04 13:30:00,268.9150085449219
2018-05-04 14:30:00,270.45001220703125
2018-05-04 15:30:00,269.25
2018-05-04 16:30:00,269.5270080566406
2018-05-04 17:30:00,271.44000244140625
2018-05-04 18:30:00,271.94000244140625
2018-05-04 19:30:00,270.3999938964844
2018-05-07 13:30:00,271.70001220703125
2018-05-07 14:30:00,269.6499938964844
2018-05-07 15:30:00,270.30999755859375
2018-05-07 16:30:00,270.2900085449219
2018-05-07 17:30:00,270.8299865722656
2018-05-07 18:30:00,269.7699890136719
2018-05-07 19:30:00,269.70001220703125
2018-05-08 13:30:00,270.6400146484375
2018-05-08 14:30:00,270.1000061035156
2018-05-08 15:30:00,269.75
2018-05-08 16:30:00,270.2149963378906
2018-05-08 17:30:00,269.30999755859375
2018-05-08 18:30:00,269.4800109863281
2018-05-08 19:30:00,269.7200012207031
2018-05-09 13:30:00,270.6600036621094
2018-05-09 14:30:00,271.2200012207031
2018-05-09 15:30:00,273.4800109863281
2018-05-09 16:30:00,275.2644958496094
2018-05-09 17:30:00,275.0
2018-05-09 18:30:00,275.2489929199219
2018-05-09 19:30:00,274.06500244140625
2018-05-10 13:30:00,274.3500061035156
2018-05-10 14:30:00,275.5
2018-05-10 15:30:00,276.1199951171875
2018-05-10 16:30:00,274.7900085449219
2018-05-10 17:30:00,272.92999267578125
2018-05-10 18:30:00,273.94000244140625
2018-05-10 19:30:00,273.9800109863281
2018-05-11 13:30:00,281.5849914550781
2018-05-11 14:30:00,278.1099853515625
2018-05-11 15:30:00,276.6199951171875
2018-05-11 16:30:00,276.7900085449219
2018-05-11 17:30:00,281.1099853515625
2018-05-11 18:30:00,283.42999267578125
2018-05-11 19:30:00,282.3900146484375
2018-05-14 13:30:00,285.05999755859375
2018-05-14 14:30:00,281.6600036621094
2018-05-14 15:30:00,284.6099853515625
2018-05-14 16:30:00,282.70001220703125
2018-05-14 17:30:00,282.42999267578125
2018-05-14 18:30:00,282.4100036621094
2018-05-14 19:30:00,282.32000732421875
2018-05-15 13:30:00,278.8900146484375
2018-05-15 14:30:00,277.7699890136719
2018-05-15 15:30:00,277.8275146484375
2018-05-15 16:30:00,276.7049865722656
2018-05-15 17:30:00,276.1600036621094
2018-05-15 18:30:00,275.4700012207031
2018-05-15 19:30:00,276.05999755859375
2018-05-16 13:30:00,280.5299987792969
2018-05-16 14:30:00,281.3905944824219
2018-05-16 15:30:00,282.0199890136719
2018-05-16 16:30:00,282.29998779296875
2018-05-16 17:30:00,282.9700012207031
2018-05-16 18:30:00,282.2200012207031
2018-05-16 19:30:00,281.3599853515625
2018-05-17 13:30:00,278.489990234375
2018-05-17 14:30:00,279.2900085449219
2018-05-17 15:30:00,279.93499755859375
2018-05-17 16:30:00,280.2650146484375
2018-05-17 17:30:00,280.2300109863281
2018-05-17 18:30:00,281.0
2018-05-17 19:30:00,280.57000732421875
2018-05-18 13:30:00,282.6300048828125
2018-05-18 14:30:00,281.1499938964844
2018-05-18 15:30:00,281.45001220703125
2018-05-18 16:30:00,280.5199890136719
2018-05-18 17:30:00,281.2300109863281
2018-05-18 18:30:00,280.8999938964844
2018-05-18 19:30:00,280.5
2018-05-21 13:30:00,281.04998779296875
2018-05-21 14:30:00,280.54998779296875
2018-05-21 15:30:00,280.5199890136719
2018-05-21 16:30:00,279.3500061035156
2018-05-21 17:30:00,278.8299865722656
2018-05-21 18:30:00,277.45001220703125
2018-05-21 19:30:00,277.55999755859375
2018-05-22 13:30:00,280.4200134277344
2018-05-22 14:30:00,280.6549987792969
2018-05-22 15:30:00,280.20001220703125
2018-05-22 16:30:00,280.5400085449219
2018-05-22 17:30:00,280.4700012207031
2018-05-22 18:30:00,280.3999938964844
2018-05-22 19:30:00,279.70001220703125
2018-05-23 13:30:00,282.2799987792969
2018-05-23 14:30:00,281.8349914550781
2018-05-23 15:30:00,282.3399963378906
2018-05-23 16:30:00,282.95001220703125
2018-05-23 17:30:00,283.4849853515625
2018-05-23 18:30:00,283.2099914550781
2018-05-23 19:30:00,283.7099914550781
2018-05-24 13:30:00,282.92999267578125
2018-05-24 14:30:00,282.42999267578125
2018-05-24 15:30:00,282.05999755859375
2018-05-24 16:30:00,283.3800048828125
2018-05-24 17:30:00,284.489990234375
2018-05-24 18:30:00,284.9100036621094
2018-05-24 19:30:00,284.4100036621094
2018-05-25 13:30:00,289.4649963378906
2018-05-25 14:30:00,287.8599853515625
2018-05-25 15:30:00,286.9800109863281
2018-05-25 16:30:00,287.760009765625
2018-05-25 17:30:00,287.2149963378906
2018-05-25 18:30:00,287.1000061035156
2018-05-25 19:30:00,286.1300048828125
2018-05-29 13:30:00,288.9700012207031
2018-05-29 14:30:00,286.9700012207031
2018-05-29 15:30:00,283.1549987792969
2018-05-29 16:30:00,285.2799987792969
2018-05-29 17:30:00,285.67999267578125
2018-05-29 18:30:00,285.6499938964844
2018-05-29 19:30:00,286.9599914550781
2018-05-30 13:30:00,294.05999755859375
2018-05-30 14:30:00,296.739990234375
2018-05-30 15:30:00,296.0199890136719
2018-05-30 16:30:00,293.8599853515625
2018-05-30 17:30:00,294.260009765625
2018-05-30 18:30:00,294.42999267578125
2018-05-30 19:30:00,294.3500061035156
2018-05-31 13:30:00,296.6400146484375
2018-05-31 14:30:00,296.2200012207031
2018-05-31 15:30:00,295.0899963378906
2018-05-31 16:30:00,295.1099853515625
2018-05-31 17:30:00,296.260009765625
2018-05-31 18:30:00,295.07000732421875
2018-05-31 19:30:00,293.989990234375
2018-06-01 13:30:00,297.2669982910156
2018-06-01 14:30:00,296.2200012207031
2018-06-01 15:30:00,295.95001220703125
2018-06-01 16:30:00,297.010009765625
2018-06-01 17:30:00,297.32000732421875
2018-06-01 18:30:00,296.739990234375
2018-06-01 19:30:00,297.05999755859375
2018-06-04 13:30:00,297.69000244140625
2018-06-04 14:30:00,299.5799865722656
2018-06-04 15:30:00,300.8299865722656
2018-06-04 16:30:00,301.4200134277344
2018-06-04 17:30:00,300.05999755859375
2018-06-04 18:30:00,299.3800048828125
2018-06-04 19:30:00,298.8900146484375
2018-06-05 13:30:00,297.9549865722656
2018-06-05 14:30:00,296.9800109863281
2018-06-05 15:30:00,297.4200134277344
2018-06-05 16:30:00,298.6600036621094
2018-06-05 17:30:00,298.70001220703125
2018-06-05 18:30:00,297.92999267578125
2018-06-05 19:30:00,298.45001220703125
2018-06-06 13:30:00,300.9800109863281
2018-06-06 14:30:00,300.8599853515625
2018-06-06 15:30:00,301.5150146484375
2018-06-06 16:30:00,303.1300048828125
2018-06-06 17:30:00,303.3599853515625
2018-06-06 18:30:00,303.32000732421875
2018-06-06 19:30:00,303.7799987792969
2018-06-07 13:30:00,304.11529541015625
2018-06-07 14:30:00,304.2749938964844
2018-06-07 15:30:00,304.72149658203125
2018-06-07 16:30:00,305.3599853515625
2018-06-07 17:30:00,306.0
2018-06-07 18:30:00,306.0
2018-06-07 19:30:00,305.3900146484375
2018-06-08 13:30:00,300.8599853515625
2018-06-08 14:30:00,301.1600036621094
2018-06-08 15:30:00,303.29998779296875
2018-06-08 16:30:00,303.7699890136719
2018-06-08 17:30:00,303.80999755859375
2018-06-08 18:30:00,303.44000244140625
2018-06-08 19:30:00,303.2300109863281
2018-06-11 13:30:00,303.989990234375
2018-06-11 14:30:00,307.4849853515625
2018-06-11 15:30:00,308.0299987792969
2018-06-11 16:30:00,307.3800048828125
2018-06-11 17:30:00,306.5299987792969
2018-06-11 18:30:00,307.67999267578125
2018-06-11 19:30:00,306.67999267578125
2018-06-12 13:30:00,304.63250732421875
2018-06-12 14:30:00,305.9100036621094
2018-06-12 15:30:00,307.42999267578125
2018-06-12 16:30:00,306.71929931640625
2018-06-12 17:30:00,306.07000732421875
2018-06-12 18:30:00,306.4599914550781
2018-06-12 19:30:00,306.1400146484375
2018-06-13 13:30:00,308.7799987792969
2018-06-13 14:30:00,310.8699951171875
2018-06-13 15:30:00,308.7300109863281
2018-06-13 16:30:00,308.2699890136719
2018-06-13 17:30:00,306.5299987792969
2018-06-13 18:30:00,307.0299987792969
2018-06-13 19:30:00,306.8999938964844
2018-06-14 13:30:00,309.05999755859375
2018-06-14 14:30:00,308.5400085449219
2018-06-14 15:30:00,309.3299865722656
2018-06-14 16:30:00,309.17999267578125
2018-06-14 17:30:00,306.07000732421875
2018-06-14 18:30:00,305.5299987792969
2018-06-14 19:30:00,305.67999267578125
2018-06-15 13:30:00,306.010009765625
2018-06-15 14:30:00,306.3450012207031
2018-06-15 15:30:00,306.29998779296875
2018-06-15 16:30:00,306.7799987792969
2018-06-15 17:30:00,306.0
2018-06-15 18:30:00,306.07000732421875
2018-06-15 19:30:00,304.92999267578125
2018-06-18 13:30:00,288.1499938964844
2018-06-18 14:30:00,287.1700134277344
2018-06-18 15:30:00,287.785888671875
2018-06-18 16:30:00,288.9800109863281
2018-06-18 17:30:00,288.7799987792969
2018-06-18 18:30:00,287.3599853515625
2018-06-18 19:30:00,289.1499938964844
2018-06-19 13:30:00,294.1300048828125
2018-06-19 14:30:00,294.8699951171875
2018-06-19 15:30:00,292.239990234375
2018-06-19 16:30:00,292.8299865722656
2018-06-19 17:30:00,292.80499267578125
2018-06-19 18:30:00,291.739990234375
2018-06-19 19:30:00,292.0400085449219
2018-06-20 13:30:00,297.489990234375
2018-06-20 14:30:00,297.989990234375
2018-06-20 15:30:00,297.92999267578125
2018-06-20 16:30:00,297.4599914550781
2018-06-20 17:30:00,296.760009765625
2018-06-20 18:30:00,297.2699890136719
2018-06-20 19:30:00,296.6400146484375
2018-06-21 13:30:00,296.7200012207031
2018-06-21 14:30:00,295.54998779296875
2018-06-21 15:30:00,296.80999755859375
2018-06-21 16:30:00,297.5899963378906
2018-06-21 17:30:00,297.3699951171875
2018-06-21 18:30:00,297.7099914550781
2018-06-21 19:30:00,297.3800048828125
2018-06-22 13:30:00,295.8900146484375
2018-06-22 14:30:00,295.95001220703125
2018-06-22 15:30:00,297.1000061035156
2018-06-22 16:30:00,297.3500061035156
2018-06-22 17:30:00,297.44000244140625
2018-06-22 18:30:00,297.8399963378906
2018-06-22 19:30:00,295.9599914550781
2018-06-25 13:30:00,294.32000732421875
2018-06-25 14:30:00,291.2799987792969
2018-06-25 15:30:00,291.5199890136719
2018-06-25 16:30:00,290.17999267578125
2018-06-25 17:30:00,290.7200012207031
2018-06-25 18:30:00,290.6000061035156
2018-06-25 19:30:00,292.19000244140625
2018-06-26 13:30:00,290.6400146484375
2018-06-26 14:30:00,291.2850036621094
2018-06-26 15:30:00,291.80999755859375
2018-06-26 16:30:00,292.2699890136719
2018-06-26 17:30:00,291.92999267578125
2018-06-26 18:30:00,291.9599914550781
2018-06-26 19:30:00,291.9599914550781
2018-06-27 13:30:00,293.07000732421875
2018-06-27 14:30:00,291.0299987792969
2018-06-27 15:30:00,291.17999267578125
2018-06-27 16:30:00,289.9482116699219
2018-06-27 17:30:00,290.2300109863281
2018-06-27 18:30:00,289.9750061035156
2018-06-27 19:30:00,287.8699951171875
2018-06-28 13:30:00,285.67999267578125
2018-06-28 14:30:00,288.0199890136719
2018-06-28 15:30:00,285.8299865722656
2018-06-28 16:30:00,286.1600036621094
2018-06-28 17:30:00,286.54998779296875
2018-06-28 18:30:00,288.1050109863281
2018-06-28 19:30:00,288.75
2018-06-29 13:30:00,289.6700134277344
2018-06-29 14:30:00,292.45001220703125
2018-06-29 15:30:00,291.9649963378906
2018-06-29 16:30:00,291.4800109863281
2018-06-29 17:30:00,290.885009765625
2018-06-29 18:30:00,291.3299865722656
2018-06-29 19:30:00,290.29998779296875
2018-07-02 13:30:00,291.760009765625
2018-07-02 14:30:00,291.92999267578125
2018-07-02 15:30:00,292.6499938964844
2018-07-02 16:30:00,292.9599914550781
2018-07-02 17:30:00,295.45001220703125
2018-07-02 18:30:00,295.1400146484375
2018-07-02 19:30:00,295.760009765625
2018-07-03 13:30:00,295.67999267578125
2018-07-03 14:30:00,295.3699951171875
2018-07-03 15:30:00,294.1600036621094
2018-07-03 17:00:00,293.510009765625
2018-07-05 13:30:00,299.1600036621094
2018-07-05 14:30:00,296.0799865722656
2018-07-05 15:30:00,298.0199890136719
2018-07-05 16:30:00,299.3327941894531
2018-07-05 17:30:00,298.29998779296875
2018-07-05 18:30:00,298.7349853515625
2018-07-05 19:30:00,298.79998779296875
2018-07-06 13:30:00,347.3500061035156
2018-07-06 14:30:00,342.6094055175781
2018-07-06 15:30:00,346.0799865722656
2018-07-06 16:30:00,349.7799987792969
2018-07-06 17:30:00,358.1099853515625
2018-07-06 18:30:00,356.4302062988281
2018-07-06 19:30:00,358.0299987792969
2018-07-09 13:30:00,350.9100036621094
2018-07-09 14:30:00,351.4599914550781
2018-07-09 15:30:00,350.25
2018-07-09 16:30:00,348.79998779296875
2018-07-09 17:30:00,350.9200134277344
2018-07-09 18:30:00,353.5400085449219
2018-07-09 19:30:00,353.92999267578125
2018-07-10 13:30:00,340.67999267578125
2018-07-10 14:30:00,341.2300109863281
2018-07-10 15:30:00,339.989990234375
2018-07-10 16:30:00,341.239990234375
2018-07-10 17:30:00,343.57000732421875
2018-07-10 18:30:00,344.7674865722656
2018-07-10 19:30:00,344.7799987792969
2018-07-11 13:30:00,343.9993896484375
2018-07-11 14:30:00,343.54998779296875
2018-07-11 15:30:00,343.1741943359375
2018-07-11 16:30:00,343.7200012207031
2018-07-11 17:30:00,344.6000061035156
2018-07-11 18:30:00,345.4200134277344
2018-07-11 19:30:00,344.1099853515625
2018-07-12 13:30:00,345.0199890136719
2018-07-12 14:30:00,346.4800109863281
2018-07-12 15:30:00,345.4700012207031
2018-07-12 16:30:00,346.9800109863281
2018-07-12 17:30:00,346.4599914550781
2018-07-12 18:30:00,347.364990234375
2018-07-12 19:30:00,347.7699890136719
2018-07-13 13:30:00,346.7300109863281
2018-07-13 14:30:00,346.69000244140625
2018-07-13 15:30:00,346.7099914550781
2018-07-13 16:30:00,348.760009765625
2018-07-13 17:30:00,349.8299865722656
2018-07-13 18:30:00,349.9800109863281
2018-07-13 19:30:00,348.4110107421875
2018-07-16 13:30:00,348.9800109863281
2018-07-16 14:30:00,350.2900085449219
2018-07-16 15:30:00,351.70001220703125
2018-07-16 16:30:00,350.510009765625
2018-07-16 17:30:00,352.04998779296875
2018-07-16 18:30:00,352.17999267578125
2018-07-16 19:30:00,353.010009765625
2018-07-17 13:30:00,354.3949890136719
2018-07-17 14:30:00,352.8900146484375
2018-07-17 15:30:00,353.04119873046875
2018-07-17 16:30:00,353.6499938964844
2018-07-17 17:30:00,353.9800109863281
2018-07-17 18:30:00,354.7200012207031
2018-07-17 19:30:00,355.0
2018-07-18 13:30:00,352.42999267578125
2018-07-18 14:30:00,351.8999938964844
2018-07-18 15:30:00,355.06500244140625
2018-07-18 16:30:00,356.6099853515625
2018-07-18 17:30:00,357.17999267578125
2018-07-18 18:30:00,358.2799987792969
2018-07-18 19:30:00,358.5899963378906
2018-07-19 13:30:00,357.114990234375
2018-07-19 14:30:00,359.5849914550781
2018-07-19 15:30:00,357.98028564453125
2018-07-19 16:30:00,358.7900085449219
2018-07-19 17:30:00,359.05499267578125
2018-07-19 18:30:00,358.2950134277344
2018-07-19 19:30:00,358.1000061035156
2018-07-20 13:30:00,358.3299865722656
2018-07-20 14:30:00,358.44000244140625
2018-07-20 15:30:00,357.1199951171875
2018-07-20 16:30:00,357.5050048828125
2018-07-20 17:30:00,357.2200012207031
2018-07-20 18:30:00,359.7699890136719
2018-07-20 19:30:00,358.75
2018-07-23 13:30:00,358.57000732421875
2018-07-23 14:30:00,357.8500061035156
2018-07-23 15:30:00,357.67498779296875
2018-07-23 16:30:00,358.1000061035156
2018-07-23 17:30:00,357.4100036621094
2018-07-23 18:30:00,358.0450134277344
2018-07-23 19:30:00,357.92999267578125
2018-07-24 13:30:00,376.3599853515625
2018-07-24 14:30:00,374.4599914550781
2018-07-24 15:30:00,371.9800109863281
2018-07-24 16:30:00,368.1300048828125
2018-07-24 17:30:00,367.1199951171875
2018-07-24 18:30:00,371.6697998046875
2018-07-24 19:30:00,372.8599853515625
2018-07-25 13:30:00,378.6300048828125
2018-07-25 14:30:00,378.7200012207031
2018-07-25 15:30:00,375.739990234375
2018-07-25 16:30:00,377.5
2018-07-25 17:30:00,378.55999755859375
2018-07-25 18:30:00,382.0199890136719
2018-07-25 19:30:00,383.80999755859375
2018-07-26 13:30:00,350.1499938964844
2018-07-26 14:30:00,348.8247985839844
2018-07-26 15:30:00,347.760009765625
2018-07-26 16:30:00,341.8699951171875
2018-07-26 17:30:00,339.6065979003906
2018-07-26 18:30:00,337.3999938964844
2018-07-26 19:30:00,344.8251953125
2018-07-27 13:30:00,341.20001220703125
2018-07-27 14:30:00,343.68499755859375
2018-07-27 15:30:00,340.8999938964844
2018-07-27 16:30:00,340.4949951171875
2018-07-27 17:30:00,341.8500061035156
2018-07-27 18:30:00,342.2099914550781
2018-07-27 19:30:00,340.3399963378906
2018-07-30 13:30:00,338.25
2018-07-30 14:30:00,337.2200012207031
2018-07-30 15:30:00,336.5199890136719
2018-07-30 16:30:00,337.42498779296875
2018-07-30 17:30:00,336.5400085449219
2018-07-30 18:30:00,332.9800109863281
2018-07-30 19:30:00,331.44000244140625
2018-07-31 13:30:00,334.6199951171875
2018-07-31 14:30:00,337.5450134277344
2018-07-31 15:30:00,337.3399963378906
2018-07-31 16:30:00,337.9649963378906
2018-07-31 17:30:00,338.17999267578125
2018-07-31 18:30:00,336.2900085449219
2018-07-31 19:30:00,334.30999755859375
2018-08-01 13:30:00,337.9599914550781
2018-08-01 14:30:00,340.4100036621094
2018-08-01 15:30:00,340.6099853515625
2018-08-01 16:30:00,344.05999755859375
2018-08-01 17:30:00,344.04998779296875
2018-08-01 18:30:00,343.82000732421875
2018-08-01 19:30:00,344.1400146484375
2018-08-02 13:30:00,344.3500061035156
2018-08-02 14:30:00,345.4200134277344
2018-08-02 15:30:00,349.6700134277344
2018-08-02 16:30:00,349.04998779296875
2018-08-02 17:30:00,348.94000244140625
2018-08-02 18:30:00,348.95001220703125
2018-08-02 19:30:00,347.92999267578125
2018-08-03 13:30:00,346.70001220703125
2018-08-03 14:30:00,346.2632141113281
2018-08-03 15:30:00,344.0799865722656
2018-08-03 16:30:00,343.1600036621094
2018-08-03 17:30:00,343.7900085449219
2018-08-03 18:30:00,344.2799987792969
2018-08-03 19:30:00,344.1000061035156
2018-08-06 13:30:00,341.2300109863281
2018-08-06 14:30:00,340.9800109863281
2018-08-06 15:30:00,342.9599914550781
2018-08-06 16:30:00,342.0799865722656
2018-08-06 17:30:00,341.5199890136719
2018-08-06 18:30:00,341.3800048828125
2018-08-06 19:30:00,341.1199951171875
2018-08-07 13:30:00,347.94000244140625
2018-08-07 14:30:00,348.6700134277344
2018-08-07 15:30:00,348.875
2018-08-07 16:30:00,349.385009765625
2018-08-07 17:30:00,351.19000244140625
2018-08-07 18:30:00,351.75
2018-08-07 19:30:00,350.0199890136719
2018-08-08 13:30:00,350.91949462890625
2018-08-08 14:30:00,351.19000244140625
2018-08-08 15:30:00,350.0199890136719
2018-08-08 16:30:00,350.45001220703125
2018-08-08 17:30:00,349.2300109863281
2018-08-08 18:30:00,350.3299865722656
2018-08-08 19:30:00,350.0400085449219
2018-08-09 13:30:00,349.07000732421875
2018-08-09 14:30:00,349.7300109863281
2018-08-09 15:30:00,350.0400085449219
2018-08-09 16:30:00,349.69000244140625
2018-08-09 17:30:00,348.8800048828125
2018-08-09 18:30:00,347.6400146484375
2018-08-09 19:30:00,346.8900146484375
2018-08-10 13:30:00,345.6600036621094
2018-08-10 14:30:00,344.0
2018-08-10 15:30:00,343.44000244140625
2018-08-10 16:30:00,343.07000732421875
2018-08-10 17:30:00,340.5614929199219
2018-08-10 18:30:00,342.07000732421875
2018-08-10 19:30:00,343.2699890136719
2018-08-13 13:30:00,340.8500061035156
2018-08-13 14:30:00,341.8800048828125
2018-08-13 15:30:00,340.94000244140625
2018-08-13 16:30:00,340.1700134277344
2018-08-13 17:30:00,342.0
2018-08-13 18:30:00,342.0
2018-08-13 19:30:00,340.68499755859375
2018-08-14 13:30:00,345.8367919921875
2018-08-14 14:30:00,346.3999938964844
2018-08-14 15:30:00,345.260009765625
2018-08-14 16:30:00,345.07000732421875
2018-08-14 17:30:00,344.29998779296875
2018-08-14 18:30:00,343.8800048828125
2018-08-14 19:30:00,343.6499938964844
2018-08-15 13:30:00,341.2699890136719
2018-08-15 14:30:00,340.70001220703125
2018-08-15 15:30:00,339.5199890136719
2018-08-15 16:30:00,337.8500061035156
2018-08-15 17:30:00,338.20001220703125
2018-08-15 18:30:00,339.760009765625
2018-08-15 19:30:00,340.80999755859375
2018-08-16 13:30:00,343.7749938964844
2018-08-16 14:30:00,344.3301086425781
2018-08-16 15:30:00,344.05499267578125
2018-08-16 16:30:00,343.239990234375
2018-08-16 17:30:00,342.7699890136719
2018-08-16 18:30:00,343.1908874511719
2018-08-16 19:30:00,342.92999267578125
2018-08-17 13:30:00,340.125
2018-08-17 14:30:00,341.3800048828125
2018-08-17 15:30:00,344.1600036621094
2018-08-17 16:30:00,343.8550109863281
2018-08-17 17:30:00,346.0400085449219
2018-08-17 18:30:00,345.7099914550781
2018-08-17 19:30:00,345.3699951171875
2018-08-20 13:30:00,344.6400146484375
2018-08-20 14:30:00,343.94000244140625
2018-08-20 15:30:00,343.1000061035156
2018-08-20 16:30:00,343.0
2018-08-20 17:30:00,343.0299987792969
2018-08-20 18:30:00,342.75
2018-08-20 19:30:00,344.0799865722656
2018-08-21 13:30:00,344.6199951171875
2018-08-21 14:30:00,343.54998779296875
2018-08-21 15:30:00,345.69000244140625
2018-08-21 16:30:00,345.32000732421875
2018-08-21 17:30:00,345.17999267578125
2018-08-21 18:30:00,343.2099914550781
2018-08-21 19:30:00,343.2900085449219
2018-08-22 13:30:00,343.8699035644531
2018-08-22 14:30:00,345.6099853515625
2018-08-22 15:30:00,345.45001220703125
2018-08-22 16:30:00,345.364990234375
2018-08-22 17:30:00,344.9700012207031
2018-08-22 18:30:00,345.3800048828125
2018-08-22 19:30:00,345.0400085449219
2018-08-23 13:30:00,340.8699951171875
2018-08-23 14:30:00,339.9200134277344
2018-08-23 15:30:00,341.4100036621094
2018-08-23 16:30:00,340.8299865722656
2018-08-23 17:30:00,341.0
2018-08-23 18:30:00,341.7200012207031
2018-08-23 19:30:00,341.8399963378906
2018-08-24 13:30:00,340.480712890625
2018-08-24 14:30:00,341.8800048828125
2018-08-24 15:30:00,342.5299987792969
2018-08-24 16:30:00,341.67999267578125
2018-08-24 17:30:00,341.989990234375
2018-08-24 18:30:00,342.3299865722656
2018-08-24 19:30:00,342.3800048828125
2018-08-27 13:30:00,341.5840148925781
2018-08-27 14:30:00,342.67999267578125
2018-08-27 15:30:00,343.0946044921875
2018-08-27 16:30:00,341.94000244140625
2018-08-27 17:30:00,342.1099853515625
2018-08-27 18:30:00,342.0199890136719
2018-08-27 19:30:00,342.8699951171875
2018-08-28 13:30:00,345.70001220703125
2018-08-28 14:30:00,343.3900146484375
2018-08-28 15:30:00,343.0199890136719
2018-08-28 16:30:00,343.0400085449219
2018-08-28 17:30:00,343.6499938964844
2018-08-28 18:30:00,345.2799987792969
2018-08-28 19:30:00,345.4599914550781
2018-08-29 13:30:00,348.25
2018-08-29 14:30:00,350.1499938964844
2018-08-29 15:30:00,351.5799865722656
2018-08-29 16:30:00,349.9800109863281
2018-08-29 17:30:00,348.5299987792969
2018-08-29 18:30:00,349.989990234375
2018-08-29 19:30:00,350.0299987792969
2018-08-30 13:30:00,354.3800048828125
2018-08-30 14:30:00,352.7950134277344
2018-08-30 15:30:00,353.6499938964844
2018-08-30 16:30:00,354.6499938964844
2018-08-30 17:30:00,353.9700012207031
2018-08-30 18:30:00,352.76690673828125
2018-08-30 19:30:00,352.67999267578125
2018-08-31 13:30:00,353.0899963378906
2018-08-31 14:30:00,353.0899963378906
2018-08-31 15:30:00,353.1000061035156
2018-08-31 16:30:00,353.239990234375
2018-08-31 17:30:00,353.0450134277344
2018-08-31 18:30:00,353.5799865722656
2018-08-31 19:30:00,353.5899963378906
2018-09-04 13:30:00,346.9100036621094
2018-09-04 14:30:00,343.70001220703125
2018-09-04 15:30:00,343.04998779296875
2018-09-04 16:30:00,342.7300109863281
2018-09-04 17:30:00,345.0
2018-09-04 18:30:00,346.4800109863281
2018-09-04 19:30:00,346.8999938964844
2018-09-05 13:30:00,346.7200012207031
2018-09-05 14:30:00,343.30499267578125
2018-09-05 15:30:00,344.2099914550781
2018-09-05 16:30:00,346.17999267578125
2018-09-05 17:30:00,346.4100036621094
2018-09-05 18:30:00,346.8599853515625
2018-09-05 19:30:00,346.6499938964844
2018-09-06 13:30:00,342.489990234375
2018-09-06 14:30:00,340.45001220703125
2018-09-06 15:30:00,340.54998779296875
2018-09-06 16:30:00,340.7699890136719
2018-09-06 17:30:00,341.0299987792969
2018-09-06 18:30:00,342.1700134277344
2018-09-06 19:30:00,341.3800048828125
2018-09-07 13:30:00,339.79998779296875
2018-09-07 14:30:00,337.7300109863281
2018-09-07 15:30:00,336.7178039550781
2018-09-07 16:30:00,338.05999755859375
2018-09-07 17:30:00,339.2850036621094
2018-09-07 18:30:00,339.1700134277344
2018-09-07 19:30:00,339.5899963378906
2018-09-10 13:30:00,341.4700012207031
2018-09-10 14:30:00,341.3599853515625
2018-09-10 15:30:00,340.45001220703125
2018-09-10 16:30:00,340.7850036621094
2018-09-10 17:30:00,340.2699890136719
2018-09-10 18:30:00,340.4599914550781
2018-09-10 19:30:00,340.239990234375
2018-09-11 13:30:00,338.0799865722656
2018-09-11 14:30:00,337.45001220703125
2018-09-11 15:30:00,338.1199951171875
2018-09-11 16:30:00,338.19000244140625
2018-09-11 17:30:00,337.92999267578125
2018-09-11 18:30:00,337.7799987792969
2018-09-11 19:30:00,337.6499938964844
2018-09-12 13:30:00,337.97821044921875
2018-09-12 14:30:00,336.6499938964844
2018-09-12 15:30:00,336.2099914550781
2018-09-12 16:30:00,336.54998779296875
2018-09-12 17:30:00,338.5
2018-09-12 18:30:00,339.0400085449219
2018-09-12 19:30:00,340.0899963378906
2018-09-13 13:30:00,341.5799865722656
2018-09-13 14:30:00,339.4200134277344
2018-09-13 15:30:00,338.625
2018-09-13 16:30:00,339.2799987792969
2018-09-13 17:30:00,340.4549865722656
2018-09-13 18:30:00,340.0899963378906
2018-09-13 19:30:00,340.57000732421875
2018-09-14 13:30:00,340.75
2018-09-14 14:30:00,341.3299865722656
2018-09-14 15:30:00,339.54998779296875
2018-09-14 16:30:00,340.0299987792969
2018-09-14 17:30:00,338.82000732421875
2018-09-14 18:30:00,338.1499938964844
2018-09-14 19:30:00,338.5899963378906
2018-09-17 13:30:00,336.3299865722656
2018-09-17 14:30:00,335.010009765625
2018-09-17 15:30:00,335.1600036621094
2018-09-17 16:30:00,335.0899963378906
2018-09-17 17:30:00,334.9750061035156
2018-09-17 18:30:00,333.7749938964844
2018-09-17 19:30:00,334.3900146484375
2018-09-18 13:30:00,335.13751220703125
2018-09-18 14:30:00,335.9800109863281
2018-09-18 15:30:00,337.80999755859375
2018-09-18 16:30:00,337.25
2018-09-18 17:30:00,337.1700134277344
2018-09-18 18:30:00,337.1050109863281
2018-09-18 19:30:00,336.8900146484375
2018-09-19 13:30:00,338.9599914550781
2018-09-19 14:30:00,338.4700012207031
2018-09-19 15:30:00,337.9599914550781
2018-09-19 16:30:00,338.3599853515625
2018-09-19 17:30:00,339.2799987792969
2018-09-19 18:30:00,338.5799865722656
2018-09-19 19:30:00,339.1700134277344
2018-09-20 13:30:00,340.3699951171875
2018-09-20 14:30:00,340.3599853515625
2018-09-20 15:30:00,341.260009765625
2018-09-20 16:30:00,341.5400085449219
2018-09-20 17:30:00,341.30999755859375
2018-09-20 18:30:00,340.8599853515625
2018-09-20 19:30:00,341.2300109863281
2018-09-21 13:30:00,341.92999267578125
2018-09-21 14:30:00,342.1099853515625
2018-09-21 15:30:00,343.6600036621094
2018-09-21 16:30:00,343.1300048828125
2018-09-21 17:30:00,342.6400146484375
2018-09-21 18:30:00,342.1199951171875
2018-09-21 19:30:00,343.6099853515625
2018-09-24 13:30:00,344.4700012207031
2018-09-24 14:30:00,346.0150146484375
2018-09-24 15:30:00,344.8699951171875
2018-09-24 16:30:00,345.0299987792969
2018-09-24 17:30:00,345.67999267578125
2018-09-24 18:30:00,347.5799865722656
2018-09-24 19:30:00,346.8599853515625
2018-09-25 13:30:00,346.0198974609375
2018-09-25 14:30:00,345.94000244140625
2018-09-25 15:30:00,344.0299987792969
2018-09-25 16:30:00,345.0799865722656
2018-09-25 17:30:00,343.910400390625
2018-09-25 18:30:00,342.70001220703125
2018-09-25 19:30:00,341.69000244140625
2018-09-26 13:30:00,346.6099853515625
2018-09-26 14:30:00,350.0
2018-09-26 15:30:00,350.5
2018-09-26 16:30:00,351.17999267578125
2018-09-26 17:30:00,352.70001220703125
2018-09-26 18:30:00,351.80999755859375
2018-09-26 19:30:00,349.25
2018-09-27 13:30:00,355.6600036621094
2018-09-27 14:30:00,355.6000061035156
2018-09-27 15:30:00,355.3399963378906
2018-09-27 16:30:00,354.8800048828125
2018-09-27 17:30:00,355.20001220703125
2018-09-27 18:30:00,355.4800109863281
2018-09-27 19:30:00,355.5400085449219
2018-09-28 13:30:00,356.010009765625
2018-09-28 14:30:00,355.3699951171875
2018-09-28 15:30:00,355.489990234375
2018-09-28 16:30:00,354.5950012207031
2018-09-28 17:30:00,356.1600036621094
2018-09-28 18:30:00,356.0249938964844
2018-09-28 19:30:00,353.32000732421875
2018-10-01 13:30:00,356.9800109863281
2018-10-01 14:30:00,357.1300048828125
2018-10-01 15:30:00,355.07000732421875
2018-10-01 16:30:00,354.0
2018-10-01 17:30:00,352.6400146484375
2018-10-01 18:30:00,353.3999938964844
2018-10-01 19:30:00,352.6000061035156
2018-10-02 13:30:00,348.989990234375
2018-10-02 14:30:00,346.44000244140625
2018-10-02 15:30:00,347.3699951171875
2018-10-02 16:30:00,346.3699951171875
2018-10-02 17:30:00,346.80999755859375
2018-10-02 18:30:00,345.19000244140625
2018-10-02 19:30:00,345.4200134277344
2018-10-03 13:30:00,350.0213928222656
2018-10-03 14:30:00,349.989990234375
2018-10-03 15:30:00,351.80999755859375
2018-10-03 16:30:00,351.9302062988281
2018-10-03 17:30:00,352.32501220703125
2018-10-03 18:30:00,351.3599853515625
2018-10-03 19:30:00,352.80999755859375
2018-10-04 13:30:00,346.25
2018-10-04 14:30:00,347.2850036621094
2018-10-04 15:30:00,345.5484924316406
2018-10-04 16:30:00,343.6099853515625
2018-10-04 17:30:00,341.4825134277344
2018-10-04 18:30:00,342.8299865722656
2018-10-04 19:30:00,343.1099853515625
2018-10-05 13:30:00,346.3500061035156
2018-10-05 14:30:00,341.3349914550781
2018-10-05 15:30:00,339.8999938964844
2018-10-05 16:30:00,336.4750061035156
2018-10-05 17:30:00,340.92999267578125
2018-10-05 18:30:00,341.92999267578125
2018-10-05 19:30:00,342.1099853515625
2018-10-08 13:30:00,345.0299987792969
2018-10-08 14:30:00,343.6000061035156
2018-10-08 15:30:00,341.5199890136719
2018-10-08 16:30:00,340.855712890625
2018-10-08 17:30:00,341.79998779296875
2018-10-08 18:30:00,342.3699951171875
2018-10-08 19:30:00,343.0799865722656
2018-10-09 13:30:00,345.82501220703125
2018-10-09 14:30:00,344.4800109863281
2018-10-09 15:30:00,344.6400146484375
2018-10-09 16:30:00,345.4949951171875
2018-10-09 17:30:00,346.25
2018-10-09 18:30:00,344.5
2018-10-09 19:30:00,344.7099914550781
2018-10-10 13:30:00,344.6400146484375
2018-10-10 14:30:00,345.6499938964844
2018-10-10 15:30:00,345.2200012207031
2018-10-10 16:30:00,345.07501220703125
2018-10-10 17:30:00,341.70001220703125
2018-10-10 18:30:00,341.6299133300781
2018-10-10 19:30:00,338.45001220703125
2018-10-11 13:30:00,336.1600036621094
2018-10-11 14:30:00,330.0199890136719
2018-10-11 15:30:00,335.0150146484375
2018-10-11 16:30:00,332.94000244140625
2018-10-11 17:30:00,330.8800048828125
2018-10-11 18:30:00,332.2099914550781
2018-10-11 19:30:00,327.3800048828125
2018-10-12 13:30:00,331.6300048828125
2018-10-12 14:30:00,331.0
2018-10-12 15:30:00,328.54998779296875
2018-10-12 16:30:00,329.6449890136719
2018-10-12 17:30:00,328.30999755859375
2018-10-12 18:30:00,331.4200134277344
2018-10-12 19:30:00,330.79998779296875
2018-10-15 13:30:00,329.7300109863281
2018-10-15 14:30:00,327.7300109863281
2018-10-15 15:30:00,328.70001220703125
2018-10-15 16:30:00,329.92999267578125
2018-10-15 17:30:00,329.760009765625
2018-10-15 18:30:00,330.29998779296875
2018-10-15 19:30:00,328.42999267578125
2018-10-16 13:30:00,331.3699951171875
2018-10-16 14:30:00,335.70001220703125
2018-10-16 15:30:00,333.9750061035156
2018-10-16 16:30:00,333.92999267578125
2018-10-16 17:30:00,335.6000061035156
2018-10-16 18:30:00,336.1700134277344
2018-10-16 19:30:00,338.510009765625
2018-10-17 13:30:00,336.2799987792969
2018-10-17 14:30:00,336.07501220703125
2018-10-17 15:30:00,338.1000061035156
2018-10-17 16:30:00,339.6249084472656
2018-10-17 17:30:00,336.9200134277344
2018-10-17 18:30:00,338.6700134277344
2018-10-17 19:30:00,338.3800048828125
2018-10-18 13:30:00,333.9100036621094
2018-10-18 14:30:00,331.8299865722656
2018-10-18 15:30:00,330.1700134277344
2018-10-18 16:30:00,328.5799865722656
2018-10-18 17:30:00,330.07000732421875
2018-10-18 18:30:00,330.0199890136719
2018-10-18 19:30:00,330.2099914550781
2018-10-19 13:30:00,325.239990234375
2018-10-19 14:30:00,323.5199890136719
2018-10-19 15:30:00,321.7200012207031
2018-10-19 16:30:00,323.5299987792969
2018-10-19 17:30:00,320.4800109863281
2018-10-19 18:30:00,320.3599853515625
2018-10-19 19:30:00,319.989990234375
2018-10-22 13:30:00,316.1300048828125
2018-10-22 14:30:00,319.3900146484375
2018-10-22 15:30:00,317.0199890136719
2018-10-22 16:30:00,317.885009765625
2018-10-22 17:30:00,316.2099914550781
2018-10-22 18:30:00,315.1000061035156
2018-10-22 19:30:00,315.42999267578125
2018-10-23 13:30:00,316.4549865722656
2018-10-23 14:30:00,311.5199890136719
2018-10-23 15:30:00,312.6000061035156
2018-10-23 16:30:00,315.5400085449219
2018-10-23 17:30:00,318.989990234375
2018-10-23 18:30:00,317.2099914550781
2018-10-23 19:30:00,316.20001220703125
2018-10-24 13:30:00,317.04998779296875
2018-10-24 14:30:00,317.9200134277344
2018-10-24 15:30:00,314.1700134277344
2018-10-24 16:30:00,310.8399963378906
2018-10-24 17:30:00,310.1600036621094
2018-10-24 18:30:00,305.260009765625
2018-10-24 19:30:00,302.4800109863281
2018-10-25 13:30:00,296.30999755859375
2018-10-25 14:30:00,299.885009765625
2018-10-25 15:30:00,297.19500732421875
2018-10-25 16:30:00,299.8299865722656
2018-10-25 17:30:00,301.5400085449219
2018-10-25 18:30:00,300.5899963378906
2018-10-25 19:30:00,298.42999267578125
2018-10-26 13:30:00,294.9100036621094
2018-10-26 14:30:00,303.3599853515625
2018-10-26 15:30:00,301.3599853515625
2018-10-26 16:30:00,302.54998779296875
2018-10-26 17:30:00,302.84368896484375
2018-10-26 18:30:00,302.0799865722656
2018-10-26 19:30:00,300.25
2018-10-29 13:30:00,305.989990234375
2018-10-29 14:30:00,305.0799865722656
2018-10-29 15:30:00,302.1400146484375
2018-10-29 16:30:00,302.19000244140625
2018-10-29 17:30:00,301.2200012207031
2018-10-29 18:30:00,299.3800048828125
2018-10-29 19:30:00,300.9800109863281
2018-10-30 13:30:00,304.3900146484375
2018-10-30 14:30:00,304.7300109863281
2018-10-30 15:30:00,305.7099914550781
2018-10-30 16:30:00,303.239990234375
2018-10-30 17:30:00,304.55999755859375
2018-10-30 18:30:00,305.885009765625
2018-10-30 19:30:00,306.20001220703125
2018-10-31 13:30:00,309.2950134277344
2018-10-31 14:30:00,306.42498779296875
2018-10-31 15:30:00,305.1300048828125
2018-10-31 16:30:00,307.8599853515625
2018-10-31 17:30:00,308.3699951171875
2018-10-31 18:30:00,306.57000732421875
2018-10-31 19:30:00,304.2699890136719
2018-11-01 13:30:00,311.9049987792969
2018-11-01 14:30:00,313.3699951171875
2018-11-01 15:30:00,313.7699890136719
2018-11-01 16:30:00,315.2900085449219
2018-11-01 17:30:00,314.9200134277344
2018-11-01 18:30:00,314.760009765625
2018-11-01 19:30:00,315.4100036621094
2018-11-02 13:30:00,311.4100036621094
2018-11-02 14:30:00,311.5400085449219
2018-11-02 15:30:00,310.8349914550781
2018-11-02 16:30:00,312.5299987792969
2018-11-02 17:30:00,313.3100891113281
2018-11-02 18:30:00,312.489990234375
2018-11-02 19:30:00,312.57000732421875
