Datetime,CHKP
2017-11-06 14:30:00,105.44999694824219
2017-11-06 15:30:00,106.02999877929688
2017-11-06 16:30:00,105.58000183105469
2017-11-06 17:30:00,105.48100280761719
2017-11-06 18:30:00,105.05000305175781
2017-11-06 19:30:00,105.44000244140625
2017-11-06 20:30:00,105.20999908447266
2017-11-07 14:30:00,105.9000015258789
2017-11-07 15:30:00,105.44999694824219
2017-11-07 16:30:00,104.81999969482422
2017-11-07 17:30:00,104.94999694824219
2017-11-07 18:30:00,104.62000274658203
2017-11-07 19:30:00,104.76000213623047
2017-11-07 20:30:00,104.97000122070312
2017-11-08 14:30:00,105.66999816894531
2017-11-08 15:30:00,105.51000213623047
2017-11-08 16:30:00,105.0999984741211
2017-11-08 17:30:00,105.3499984741211
2017-11-08 18:30:00,105.2699966430664
2017-11-08 19:30:00,105.34339904785156
2017-11-08 20:30:00,105.3499984741211
2017-11-09 14:30:00,104.16000366210938
2017-11-09 15:30:00,103.16999816894531
2017-11-09 16:30:00,103.18499755859375
2017-11-09 17:30:00,103.0156021118164
2017-11-09 18:30:00,103.44999694824219
2017-11-09 19:30:00,103.44000244140625
2017-11-09 20:30:00,103.61000061035156
2017-11-10 14:30:00,103.0
2017-11-10 15:30:00,102.75
2017-11-10 16:30:00,103.16000366210938
2017-11-10 17:30:00,102.86000061035156
2017-11-10 18:30:00,102.73999786376953
2017-11-10 19:30:00,102.47000122070312
2017-11-10 20:30:00,102.4800033569336
2017-11-13 14:30:00,102.0999984741211
2017-11-13 15:30:00,102.0
2017-11-13 16:30:00,102.5
2017-11-13 17:30:00,102.3499984741211
2017-11-13 18:30:00,102.48719787597656
2017-11-13 19:30:00,102.77999877929688
2017-11-13 20:30:00,102.79000091552734
2017-11-14 14:30:00,102.41000366210938
2017-11-14 15:30:00,102.2699966430664
2017-11-14 16:30:00,102.5199966430664
2017-11-14 17:30:00,102.11000061035156
2017-11-14 18:30:00,102.27999877929688
2017-11-14 19:30:00,102.375
2017-11-14 20:30:00,102.4000015258789
2017-11-15 14:30:00,102.93499755859375
2017-11-15 15:30:00,102.81999969482422
2017-11-15 16:30:00,103.08999633789062
2017-11-15 17:30:00,102.98500061035156
2017-11-15 18:30:00,103.01000213623047
2017-11-15 19:30:00,103.05000305175781
2017-11-15 20:30:00,103.05000305175781
2017-11-16 14:30:00,103.40499877929688
2017-11-16 15:30:00,103.8499984741211
2017-11-16 16:30:00,103.75
2017-11-16 17:30:00,103.62000274658203
2017-11-16 18:30:00,103.38999938964844
2017-11-16 19:30:00,103.36499786376953
2017-11-16 20:30:00,103.0
2017-11-17 14:30:00,102.62999725341797
2017-11-17 15:30:00,102.55999755859375
2017-11-17 16:30:00,102.88999938964844
2017-11-17 17:30:00,102.63999938964844
2017-11-17 18:30:00,102.44999694824219
2017-11-17 19:30:00,102.09500122070312
2017-11-17 20:30:00,102.16500091552734
2017-11-20 14:30:00,102.87000274658203
2017-11-20 15:30:00,103.66000366210938
2017-11-20 16:30:00,103.43000030517578
2017-11-20 17:30:00,103.36000061035156
2017-11-20 18:30:00,103.04000091552734
2017-11-20 19:30:00,102.98999786376953
2017-11-20 20:30:00,102.94000244140625
2017-11-21 14:30:00,104.02999877929688
2017-11-21 15:30:00,104.16999816894531
2017-11-21 16:30:00,104.02999877929688
2017-11-21 17:30:00,104.11000061035156
2017-11-21 18:30:00,104.16000366210938
2017-11-21 19:30:00,104.01499938964844
2017-11-21 20:30:00,103.87999725341797
2017-11-22 14:30:00,103.69000244140625
2017-11-22 15:30:00,103.76000213623047
2017-11-22 16:30:00,104.0
2017-11-22 17:30:00,103.76000213623047
2017-11-22 18:30:00,103.70999908447266
2017-11-22 19:30:00,103.66999816894531
2017-11-22 20:30:00,103.62999725341797
2017-11-24 14:30:00,103.80999755859375
2017-11-24 15:30:00,104.0
2017-11-24 16:30:00,104.06999969482422
2017-11-24 18:00:00,104.02339935302734
2017-11-27 14:30:00,104.29000091552734
2017-11-27 15:30:00,104.45390319824219
2017-11-27 16:30:00,104.56999969482422
2017-11-27 17:30:00,104.48999786376953
2017-11-27 18:30:00,104.46829986572266
2017-11-27 19:30:00,104.71749877929688
2017-11-27 20:30:00,104.7699966430664
2017-11-28 14:30:00,104.75
2017-11-28 15:30:00,104.76000213623047
2017-11-28 16:30:00,105.0
2017-11-28 17:30:00,104.33999633789062
2017-11-28 18:30:00,104.51000213623047
2017-11-28 19:30:00,104.5199966430664
2017-11-28 20:30:00,104.22000122070312
2017-11-29 14:30:00,102.5999984741211
2017-11-29 15:30:00,102.00499725341797
2017-11-29 16:30:00,102.0199966430664
2017-11-29 17:30:00,102.33000183105469
2017-11-29 18:30:00,102.125
2017-11-29 19:30:00,102.2699966430664
2017-11-29 20:30:00,102.05999755859375
2017-11-30 14:30:00,103.98999786376953
2017-11-30 15:30:00,103.9000015258789
2017-11-30 16:30:00,104.33999633789062
2017-11-30 17:30:00,104.22000122070312
2017-11-30 18:30:00,104.18000030517578
2017-11-30 19:30:00,104.2699966430664
2017-11-30 20:30:00,104.26000213623047
2017-12-01 14:30:00,104.0530014038086
2017-12-01 15:30:00,102.87000274658203
2017-12-01 16:30:00,103.63999938964844
2017-12-01 17:30:00,104.01000213623047
2017-12-01 18:30:00,104.57499694824219
2017-12-01 19:30:00,104.29000091552734
2017-12-01 20:30:00,104.30000305175781
2017-12-04 14:30:00,102.94999694824219
2017-12-04 15:30:00,102.73999786376953
2017-12-04 16:30:00,102.7300033569336
2017-12-04 17:30:00,103.33390045166016
2017-12-04 18:30:00,102.70999908447266
2017-12-04 19:30:00,102.70999908447266
2017-12-04 20:30:00,102.66999816894531
2017-12-05 14:30:00,104.48999786376953
2017-12-05 15:30:00,104.45249938964844
2017-12-05 16:30:00,104.08999633789062
2017-12-05 17:30:00,104.23999786376953
2017-12-05 18:30:00,103.5999984741211
2017-12-05 19:30:00,103.91999816894531
2017-12-05 20:30:00,103.61000061035156
2017-12-06 14:30:00,103.16000366210938
2017-12-06 15:30:00,103.31999969482422
2017-12-06 16:30:00,102.93000030517578
2017-12-06 17:30:00,103.16000366210938
2017-12-06 18:30:00,103.50499725341797
2017-12-06 19:30:00,103.54000091552734
2017-12-06 20:30:00,103.55999755859375
2017-12-07 14:30:00,101.62999725341797
2017-12-07 15:30:00,103.19999694824219
2017-12-07 16:30:00,103.51000213623047
2017-12-07 17:30:00,103.26000213623047
2017-12-07 18:30:00,103.23999786376953
2017-12-07 19:30:00,103.5199966430664
2017-12-07 20:30:00,103.55999755859375
2017-12-08 14:30:00,104.66999816894531
2017-12-08 15:30:00,104.44999694824219
2017-12-08 16:30:00,104.91999816894531
2017-12-08 17:30:00,104.81500244140625
2017-12-08 18:30:00,105.05000305175781
2017-12-08 19:30:00,105.19000244140625
2017-12-08 20:30:00,104.75
2017-12-11 14:30:00,104.79000091552734
2017-12-11 15:30:00,105.33000183105469
2017-12-11 16:30:00,105.41999816894531
2017-12-11 17:30:00,105.44000244140625
2017-12-11 18:30:00,105.69000244140625
2017-12-11 19:30:00,105.70999908447266
2017-12-11 20:30:00,105.81999969482422
2017-12-12 14:30:00,105.30999755859375
2017-12-12 15:30:00,105.9800033569336
2017-12-12 16:30:00,105.95999908447266
2017-12-12 17:30:00,105.87000274658203
2017-12-12 18:30:00,105.5999984741211
2017-12-12 19:30:00,105.44999694824219
2017-12-12 20:30:00,105.41999816894531
2017-12-13 14:30:00,106.38999938964844
2017-12-13 15:30:00,106.87999725341797
2017-12-13 16:30:00,106.48500061035156
2017-12-13 17:30:00,106.63999938964844
2017-12-13 18:30:00,106.6500015258789
2017-12-13 19:30:00,106.12000274658203
2017-12-13 20:30:00,106.41999816894531
2017-12-14 14:30:00,107.41000366210938
2017-12-14 15:30:00,106.51000213623047
2017-12-14 16:30:00,106.44999694824219
2017-12-14 17:30:00,106.13999938964844
2017-12-14 18:30:00,105.69999694824219
2017-12-14 19:30:00,106.27999877929688
2017-12-14 20:30:00,106.30000305175781
2017-12-15 14:30:00,106.83999633789062
2017-12-15 15:30:00,106.54000091552734
2017-12-15 16:30:00,106.83999633789062
2017-12-15 17:30:00,106.95999908447266
2017-12-15 18:30:00,107.08999633789062
2017-12-15 19:30:00,107.12000274658203
2017-12-15 20:30:00,107.1500015258789
2017-12-18 14:30:00,106.41999816894531
2017-12-18 15:30:00,105.5999984741211
2017-12-18 16:30:00,105.4749984741211
2017-12-18 17:30:00,105.69999694824219
2017-12-18 18:30:00,105.58999633789062
2017-12-18 19:30:00,105.5250015258789
2017-12-18 20:30:00,105.5
2017-12-19 14:30:00,105.41999816894531
2017-12-19 15:30:00,105.33999633789062
2017-12-19 16:30:00,105.31050109863281
2017-12-19 17:30:00,105.3499984741211
2017-12-19 18:30:00,105.29000091552734
2017-12-19 19:30:00,105.07499694824219
2017-12-19 20:30:00,104.91999816894531
2017-12-20 14:30:00,103.93000030517578
2017-12-20 15:30:00,104.05000305175781
2017-12-20 16:30:00,104.125
2017-12-20 17:30:00,104.30000305175781
2017-12-20 18:30:00,104.26480102539062
2017-12-20 19:30:00,104.5
2017-12-20 20:30:00,104.36000061035156
2017-12-21 14:30:00,103.16999816894531
2017-12-21 15:30:00,102.91999816894531
2017-12-21 16:30:00,103.04000091552734
2017-12-21 17:30:00,103.18000030517578
2017-12-21 18:30:00,103.08999633789062
2017-12-21 19:30:00,103.29000091552734
2017-12-21 20:30:00,103.20999908447266
2017-12-22 14:30:00,102.04499816894531
2017-12-22 15:30:00,101.97000122070312
2017-12-22 16:30:00,101.88999938964844
2017-12-22 17:30:00,101.66999816894531
2017-12-22 18:30:00,101.83999633789062
2017-12-22 19:30:00,101.66000366210938
2017-12-22 20:30:00,101.9000015258789
2017-12-26 14:30:00,101.94999694824219
2017-12-26 15:30:00,102.26000213623047
2017-12-26 16:30:00,102.38899993896484
2017-12-26 17:30:00,102.4000015258789
2017-12-26 18:30:00,102.43000030517578
2017-12-26 19:30:00,102.2750015258789
2017-12-26 20:30:00,102.72000122070312
2017-12-27 14:30:00,103.0
2017-12-27 15:30:00,103.41000366210938
2017-12-27 16:30:00,103.08999633789062
2017-12-27 17:30:00,103.22000122070312
2017-12-27 18:30:00,103.22000122070312
2017-12-27 19:30:00,103.18000030517578
2017-12-27 20:30:00,103.31999969482422
2017-12-28 14:30:00,103.63999938964844
2017-12-28 15:30:00,103.71900177001953
2017-12-28 16:30:00,103.66000366210938
2017-12-28 17:30:00,103.63999938964844
2017-12-28 18:30:00,103.58000183105469
2017-12-28 19:30:00,103.77999877929688
2017-12-28 20:30:00,103.62999725341797
2017-12-29 14:30:00,103.59970092773438
2017-12-29 15:30:00,103.41000366210938
2017-12-29 16:30:00,103.55999755859375
2017-12-29 17:30:00,103.78980255126953
2017-12-29 18:30:00,104.08000183105469
2017-12-29 19:30:00,103.94999694824219
2017-12-29 20:30:00,103.62000274658203
2018-01-02 14:30:00,104.18000030517578
2018-01-02 15:30:00,103.9000015258789
2018-01-02 16:30:00,104.05000305175781
2018-01-02 17:30:00,103.91840362548828
2018-01-02 18:30:00,103.7665023803711
2018-01-02 19:30:00,103.69000244140625
2018-01-02 20:30:00,103.7300033569336
2018-01-03 14:30:00,105.0999984741211
2018-01-03 15:30:00,104.69999694824219
2018-01-03 16:30:00,105.05999755859375
2018-01-03 17:30:00,105.0199966430664
2018-01-03 18:30:00,105.3499984741211
2018-01-03 19:30:00,105.41999816894531
2018-01-03 20:30:00,105.20999908447266
2018-01-04 14:30:00,106.55999755859375
2018-01-04 15:30:00,106.45999908447266
2018-01-04 16:30:00,106.13999938964844
2018-01-04 17:30:00,105.9000015258789
2018-01-04 18:30:00,105.80000305175781
2018-01-04 19:30:00,105.69000244140625
2018-01-04 20:30:00,105.6500015258789
2018-01-05 14:30:00,103.11499786376953
2018-01-05 15:30:00,103.29000091552734
2018-01-05 16:30:00,103.33999633789062
2018-01-05 17:30:00,102.91000366210938
2018-01-05 18:30:00,103.23999786376953
2018-01-05 19:30:00,103.45369720458984
2018-01-05 20:30:00,103.4000015258789
2018-01-08 14:30:00,102.61000061035156
2018-01-08 15:30:00,102.41999816894531
2018-01-08 16:30:00,103.61000061035156
2018-01-08 17:30:00,103.1500015258789
2018-01-08 18:30:00,103.18000030517578
2018-01-08 19:30:00,103.5199966430664
2018-01-08 20:30:00,103.62999725341797
2018-01-09 14:30:00,101.56999969482422
2018-01-09 15:30:00,101.98999786376953
2018-01-09 16:30:00,101.83999633789062
2018-01-09 17:30:00,102.20999908447266
2018-01-09 18:30:00,102.5999984741211
2018-01-09 19:30:00,102.90899658203125
2018-01-09 20:30:00,103.27999877929688
2018-01-10 14:30:00,103.43000030517578
2018-01-10 15:30:00,103.02999877929688
2018-01-10 16:30:00,102.62999725341797
2018-01-10 17:30:00,102.7300033569336
2018-01-10 18:30:00,102.6500015258789
2018-01-10 19:30:00,102.71499633789062
2018-01-10 20:30:00,103.13999938964844
2018-01-11 14:30:00,103.06999969482422
2018-01-11 15:30:00,102.6500015258789
2018-01-11 16:30:00,102.65499877929688
2018-01-11 17:30:00,102.54000091552734
2018-01-11 18:30:00,102.81500244140625
2018-01-11 19:30:00,102.81999969482422
2018-01-11 20:30:00,102.93000030517578
2018-01-12 14:30:00,103.67500305175781
2018-01-12 15:30:00,103.55999755859375
2018-01-12 16:30:00,103.5
2018-01-12 17:30:00,103.42500305175781
2018-01-12 18:30:00,103.48999786376953
2018-01-12 19:30:00,102.9800033569336
2018-01-12 20:30:00,103.0
2018-01-16 14:30:00,103.37000274658203
2018-01-16 15:30:00,102.91000366210938
2018-01-16 16:30:00,102.7300033569336
2018-01-16 17:30:00,102.97000122070312
2018-01-16 18:30:00,102.58000183105469
2018-01-16 19:30:00,102.37999725341797
2018-01-16 20:30:00,102.48999786376953
2018-01-17 14:30:00,103.0999984741211
2018-01-17 15:30:00,103.50499725341797
2018-01-17 16:30:00,103.22000122070312
2018-01-17 17:30:00,103.4800033569336
2018-01-17 18:30:00,103.34500122070312
2018-01-17 19:30:00,103.47000122070312
2018-01-17 20:30:00,103.56999969482422
2018-01-18 14:30:00,104.44000244140625
2018-01-18 15:30:00,103.9800033569336
2018-01-18 16:30:00,103.44999694824219
2018-01-18 17:30:00,103.81999969482422
2018-01-18 18:30:00,103.70999908447266
2018-01-18 19:30:00,103.29000091552734
2018-01-18 20:30:00,103.19000244140625
2018-01-19 14:30:00,103.77999877929688
2018-01-19 15:30:00,103.27999877929688
2018-01-19 16:30:00,103.94999694824219
2018-01-19 17:30:00,103.70500183105469
2018-01-19 18:30:00,103.75
2018-01-19 19:30:00,104.37999725341797
2018-01-19 20:30:00,104.43000030517578
2018-01-22 14:30:00,105.41000366210938
2018-01-22 15:30:00,104.7249984741211
2018-01-22 16:30:00,104.87000274658203
2018-01-22 17:30:00,104.5
2018-01-22 18:30:00,104.62000274658203
2018-01-22 19:30:00,104.69999694824219
2018-01-22 20:30:00,104.9800033569336
2018-01-23 14:30:00,105.7699966430664
2018-01-23 15:30:00,106.04000091552734
2018-01-23 16:30:00,105.81999969482422
2018-01-23 17:30:00,105.41999816894531
2018-01-23 18:30:00,104.9000015258789
2018-01-23 19:30:00,105.44499969482422
2018-01-23 20:30:00,105.33999633789062
2018-01-24 14:30:00,106.01499938964844
2018-01-24 15:30:00,105.29000091552734
2018-01-24 16:30:00,104.86000061035156
2018-01-24 17:30:00,104.91999816894531
2018-01-24 18:30:00,105.04000091552734
2018-01-24 19:30:00,105.0
2018-01-24 20:30:00,105.14900207519531
2018-01-25 14:30:00,104.36000061035156
2018-01-25 15:30:00,104.24500274658203
2018-01-25 16:30:00,104.66500091552734
2018-01-25 17:30:00,104.4000015258789
2018-01-25 18:30:00,104.1500015258789
2018-01-25 19:30:00,103.95999908447266
2018-01-25 20:30:00,103.9800033569336
2018-01-26 14:30:00,104.61000061035156
2018-01-26 15:30:00,104.70999908447266
2018-01-26 16:30:00,104.5
2018-01-26 17:30:00,105.0
2018-01-26 18:30:00,105.11000061035156
2018-01-26 19:30:00,104.7249984741211
2018-01-26 20:30:00,104.54000091552734
2018-01-29 14:30:00,106.0999984741211
2018-01-29 15:30:00,105.6050033569336
2018-01-29 16:30:00,106.04000091552734
2018-01-29 17:30:00,106.0999984741211
2018-01-29 18:30:00,106.51000213623047
2018-01-29 19:30:00,105.41500091552734
2018-01-29 20:30:00,105.31009674072266
2018-01-30 14:30:00,104.19000244140625
2018-01-30 15:30:00,104.68000030517578
2018-01-30 16:30:00,104.76000213623047
2018-01-30 17:30:00,105.0
2018-01-30 18:30:00,105.02999877929688
2018-01-30 19:30:00,105.0
2018-01-30 20:30:00,104.41999816894531
2018-01-31 14:30:00,104.0
2018-01-31 15:30:00,103.0199966430664
2018-01-31 16:30:00,103.61160278320312
2018-01-31 17:30:00,103.98999786376953
2018-01-31 18:30:00,103.04000091552734
2018-01-31 19:30:00,103.83000183105469
2018-01-31 20:30:00,103.43000030517578
2018-02-01 14:30:00,103.25749969482422
2018-02-01 15:30:00,103.98500061035156
2018-02-01 16:30:00,104.06999969482422
2018-02-01 17:30:00,104.16999816894531
2018-02-01 18:30:00,103.33000183105469
2018-02-01 19:30:00,103.09500122070312
2018-02-01 20:30:00,103.01000213623047
2018-02-02 14:30:00,102.2699966430664
2018-02-02 15:30:00,101.66000366210938
2018-02-02 16:30:00,101.94000244140625
2018-02-02 17:30:00,101.58999633789062
2018-02-02 18:30:00,100.76000213623047
2018-02-02 19:30:00,101.30000305175781
2018-02-02 20:30:00,101.36000061035156
2018-02-05 14:30:00,102.95500183105469
2018-02-05 15:30:00,102.37999725341797
2018-02-05 16:30:00,101.9000015258789
2018-02-05 17:30:00,101.80999755859375
2018-02-05 18:30:00,101.6500015258789
2018-02-05 19:30:00,101.69999694824219
2018-02-05 20:30:00,101.0
2018-02-06 14:30:00,100.05500030517578
2018-02-06 15:30:00,100.48999786376953
2018-02-06 16:30:00,101.22000122070312
2018-02-06 17:30:00,100.81999969482422
2018-02-06 18:30:00,99.94999694824219
2018-02-06 19:30:00,101.33000183105469
2018-02-06 20:30:00,101.41999816894531
2018-02-07 14:30:00,100.95999908447266
2018-02-07 15:30:00,101.3499984741211
2018-02-07 16:30:00,101.0199966430664
2018-02-07 17:30:00,100.2699966430664
2018-02-07 18:30:00,100.0
2018-02-07 19:30:00,99.66500091552734
2018-02-07 20:30:00,99.04000091552734
2018-02-08 14:30:00,98.58999633789062
2018-02-08 15:30:00,98.13999938964844
2018-02-08 16:30:00,99.29499816894531
2018-02-08 17:30:00,99.0199966430664
2018-02-08 18:30:00,99.13999938964844
2018-02-08 19:30:00,98.83999633789062
2018-02-08 20:30:00,98.19999694824219
2018-02-09 14:30:00,98.29499816894531
2018-02-09 15:30:00,96.79000091552734
2018-02-09 16:30:00,95.83999633789062
2018-02-09 17:30:00,96.48999786376953
2018-02-09 18:30:00,97.7300033569336
2018-02-09 19:30:00,97.4000015258789
2018-02-09 20:30:00,97.83000183105469
2018-02-12 14:30:00,99.19999694824219
2018-02-12 15:30:00,99.88999938964844
2018-02-12 16:30:00,99.95999908447266
2018-02-12 17:30:00,99.83999633789062
2018-02-12 18:30:00,100.38999938964844
2018-02-12 19:30:00,99.8499984741211
2018-02-12 20:30:00,99.51000213623047
2018-02-13 14:30:00,100.0250015258789
2018-02-13 15:30:00,100.37000274658203
2018-02-13 16:30:00,100.375
2018-02-13 17:30:00,100.69999694824219
2018-02-13 18:30:00,100.83000183105469
2018-02-13 19:30:00,101.06999969482422
2018-02-13 20:30:00,100.83999633789062
2018-02-14 14:30:00,101.18000030517578
2018-02-14 15:30:00,100.36000061035156
2018-02-14 16:30:00,100.71499633789062
2018-02-14 17:30:00,100.95999908447266
2018-02-14 18:30:00,101.0
2018-02-14 19:30:00,100.95999908447266
2018-02-14 20:30:00,101.18000030517578
2018-02-15 14:30:00,101.75
2018-02-15 15:30:00,101.62999725341797
2018-02-15 16:30:00,102.38999938964844
2018-02-15 17:30:00,102.44999694824219
2018-02-15 18:30:00,102.66999816894531
2018-02-15 19:30:00,102.7699966430664
2018-02-15 20:30:00,102.91999816894531
2018-02-16 14:30:00,103.01000213623047
2018-02-16 15:30:00,103.08999633789062
2018-02-16 16:30:00,103.45500183105469
2018-02-16 17:30:00,103.38999938964844
2018-02-16 18:30:00,103.3499984741211
2018-02-16 19:30:00,103.5
2018-02-16 20:30:00,103.29000091552734
2018-02-20 14:30:00,102.62999725341797
2018-02-20 15:30:00,102.7699966430664
2018-02-20 16:30:00,103.20999908447266
2018-02-20 17:30:00,102.73999786376953
2018-02-20 18:30:00,102.69000244140625
2018-02-20 19:30:00,102.0199966430664
2018-02-20 20:30:00,102.23999786376953
2018-02-21 14:30:00,103.38999938964844
2018-02-21 15:30:00,103.55000305175781
2018-02-21 16:30:00,103.73999786376953
2018-02-21 17:30:00,103.6500015258789
2018-02-21 18:30:00,104.29000091552734
2018-02-21 19:30:00,103.80999755859375
2018-02-21 20:30:00,103.0199966430664
2018-02-22 14:30:00,103.45999908447266
2018-02-22 15:30:00,103.62879943847656
2018-02-22 16:30:00,103.0999984741211
2018-02-22 17:30:00,102.80000305175781
2018-02-22 18:30:00,103.01309967041016
2018-02-22 19:30:00,102.7699966430664
2018-02-22 20:30:00,102.58999633789062
2018-02-23 14:30:00,103.13500213623047
2018-02-23 15:30:00,103.23500061035156
2018-02-23 16:30:00,103.80000305175781
2018-02-23 17:30:00,103.91999816894531
2018-02-23 18:30:00,104.12999725341797
2018-02-23 19:30:00,104.12999725341797
2018-02-23 20:30:00,104.33999633789062
2018-02-26 14:30:00,104.23999786376953
2018-02-26 15:30:00,104.76000213623047
2018-02-26 16:30:00,105.08999633789062
2018-02-26 17:30:00,105.30999755859375
2018-02-26 18:30:00,105.4000015258789
2018-02-26 19:30:00,105.81999969482422
2018-02-26 20:30:00,105.83000183105469
2018-02-27 14:30:00,105.56999969482422
2018-02-27 15:30:00,104.51000213623047
2018-02-27 16:30:00,104.43000030517578
2018-02-27 17:30:00,104.33000183105469
2018-02-27 18:30:00,103.86000061035156
2018-02-27 19:30:00,103.62000274658203
2018-02-27 20:30:00,103.72000122070312
2018-02-28 14:30:00,104.34500122070312
2018-02-28 15:30:00,104.50499725341797
2018-02-28 16:30:00,104.38999938964844
2018-02-28 17:30:00,104.80999755859375
2018-02-28 18:30:00,105.27999877929688
2018-02-28 19:30:00,104.44000244140625
2018-02-28 20:30:00,103.94000244140625
2018-03-01 14:30:00,101.77999877929688
2018-03-01 15:30:00,102.4749984741211
2018-03-01 16:30:00,102.16999816894531
2018-03-01 17:30:00,102.69000244140625
2018-03-01 18:30:00,102.19999694824219
2018-03-01 19:30:00,103.01000213623047
2018-03-01 20:30:00,102.63999938964844
2018-03-02 14:30:00,102.66500091552734
2018-03-02 15:30:00,102.87000274658203
2018-03-02 16:30:00,103.5
2018-03-02 17:30:00,103.29499816894531
2018-03-02 18:30:00,103.45999908447266
2018-03-02 19:30:00,103.6500015258789
2018-03-02 20:30:00,103.83999633789062
2018-03-05 14:30:00,103.37999725341797
2018-03-05 15:30:00,103.8499984741211
2018-03-05 16:30:00,103.94000244140625
2018-03-05 17:30:00,104.25
2018-03-05 18:30:00,104.13999938964844
2018-03-05 19:30:00,104.33000183105469
2018-03-05 20:30:00,104.23999786376953
2018-03-06 14:30:00,104.68000030517578
2018-03-06 15:30:00,103.91000366210938
2018-03-06 16:30:00,103.70999908447266
2018-03-06 17:30:00,103.54000091552734
2018-03-06 18:30:00,103.36000061035156
2018-03-06 19:30:00,103.81999969482422
2018-03-06 20:30:00,103.93000030517578
2018-03-07 14:30:00,104.57499694824219
2018-03-07 15:30:00,105.1500015258789
2018-03-07 16:30:00,104.94000244140625
2018-03-07 17:30:00,105.13999938964844
2018-03-07 18:30:00,105.2876968383789
2018-03-07 19:30:00,105.31999969482422
2018-03-07 20:30:00,105.04000091552734
2018-03-08 14:30:00,104.62999725341797
2018-03-08 15:30:00,104.875
2018-03-08 16:30:00,104.92890167236328
2018-03-08 17:30:00,104.72000122070312
2018-03-08 18:30:00,104.74459838867188
2018-03-08 19:30:00,105.08999633789062
2018-03-08 20:30:00,105.18000030517578
2018-03-09 14:30:00,105.36000061035156
2018-03-09 15:30:00,105.69999694824219
2018-03-09 16:30:00,106.30000305175781
2018-03-09 17:30:00,106.30999755859375
2018-03-09 18:30:00,106.05000305175781
2018-03-09 19:30:00,106.02999877929688
2018-03-09 20:30:00,106.0
2018-03-12 13:30:00,106.36000061035156
2018-03-12 14:30:00,105.9000015258789
2018-03-12 15:30:00,106.75
2018-03-12 16:30:00,106.94000244140625
2018-03-12 17:30:00,106.45999908447266
2018-03-12 18:30:00,106.4800033569336
2018-03-12 19:30:00,106.41999816894531
2018-03-13 13:30:00,106.19000244140625
2018-03-13 14:30:00,105.3499984741211
2018-03-13 15:30:00,105.19999694824219
2018-03-13 16:30:00,105.41999816894531
2018-03-13 17:30:00,105.29000091552734
2018-03-13 18:30:00,105.1449966430664
2018-03-13 19:30:00,105.23999786376953
2018-03-14 13:30:00,105.4219970703125
2018-03-14 14:30:00,105.22000122070312
2018-03-14 15:30:00,105.2699966430664
2018-03-14 16:30:00,105.32499694824219
2018-03-14 17:30:00,105.20999908447266
2018-03-14 18:30:00,104.7699966430664
2018-03-14 19:30:00,104.91999816894531
2018-03-15 13:30:00,104.4000015258789
2018-03-15 14:30:00,104.9000015258789
2018-03-15 15:30:00,104.97000122070312
2018-03-15 16:30:00,104.88999938964844
2018-03-15 17:30:00,104.56999969482422
2018-03-15 18:30:00,104.53500366210938
2018-03-15 19:30:00,104.58000183105469
2018-03-16 13:30:00,104.58000183105469
2018-03-16 14:30:00,104.0199966430664
2018-03-16 15:30:00,103.94000244140625
2018-03-16 16:30:00,103.58000183105469
2018-03-16 17:30:00,103.66000366210938
2018-03-16 18:30:00,103.68000030517578
2018-03-16 19:30:00,103.62000274658203
2018-03-19 13:30:00,103.69999694824219
2018-03-19 14:30:00,103.19999694824219
2018-03-19 15:30:00,103.08000183105469
2018-03-19 16:30:00,102.5999984741211
2018-03-19 17:30:00,102.51000213623047
2018-03-19 18:30:00,103.05999755859375
2018-03-19 19:30:00,103.36000061035156
2018-03-20 13:30:00,103.22000122070312
2018-03-20 14:30:00,103.41999816894531
2018-03-20 15:30:00,103.37000274658203
2018-03-20 16:30:00,103.19000244140625
2018-03-20 17:30:00,103.20999908447266
2018-03-20 18:30:00,103.37249755859375
2018-03-20 19:30:00,103.2300033569336
2018-03-21 13:30:00,103.5250015258789
2018-03-21 14:30:00,103.58999633789062
2018-03-21 15:30:00,103.19999694824219
2018-03-21 16:30:00,103.20999908447266
2018-03-21 17:30:00,103.30999755859375
2018-03-21 18:30:00,103.18160247802734
2018-03-21 19:30:00,103.05000305175781
2018-03-22 13:30:00,103.2300033569336
2018-03-22 14:30:00,102.07499694824219
2018-03-22 15:30:00,102.4800033569336
2018-03-22 16:30:00,102.5199966430664
2018-03-22 17:30:00,102.05000305175781
2018-03-22 18:30:00,101.69000244140625
2018-03-22 19:30:00,101.19000244140625
2018-03-23 13:30:00,101.37000274658203
2018-03-23 14:30:00,101.04949951171875
2018-03-23 15:30:00,100.62000274658203
2018-03-23 16:30:00,100.56999969482422
2018-03-23 17:30:00,100.30999755859375
2018-03-23 18:30:00,99.88999938964844
2018-03-23 19:30:00,99.37000274658203
2018-03-26 13:30:00,100.25
2018-03-26 14:30:00,100.16999816894531
2018-03-26 15:30:00,100.80999755859375
2018-03-26 16:30:00,100.58999633789062
2018-03-26 17:30:00,100.69499969482422
2018-03-26 18:30:00,100.76000213623047
2018-03-26 19:30:00,100.83999633789062
2018-03-27 13:30:00,100.87000274658203
2018-03-27 14:30:00,100.80000305175781
2018-03-27 15:30:00,101.01000213623047
2018-03-27 16:30:00,100.86000061035156
2018-03-27 17:30:00,99.87999725341797
2018-03-27 18:30:00,99.25
2018-03-27 19:30:00,99.08999633789062
2018-03-28 13:30:00,99.08000183105469
2018-03-28 14:30:00,99.0199966430664
2018-03-28 15:30:00,99.08000183105469
2018-03-28 16:30:00,99.05999755859375
2018-03-28 17:30:00,99.18000030517578
2018-03-28 18:30:00,99.4000015258789
2018-03-28 19:30:00,99.02999877929688
2018-03-29 13:30:00,98.20999908447266
2018-03-29 14:30:00,98.22000122070312
2018-03-29 15:30:00,98.52999877929688
2018-03-29 16:30:00,99.5
2018-03-29 17:30:00,99.68000030517578
2018-03-29 18:30:00,99.37000274658203
2018-03-29 19:30:00,99.33999633789062
2018-04-02 13:30:00,99.06999969482422
2018-04-02 14:30:00,98.8499984741211
2018-04-02 15:30:00,98.68000030517578
2018-04-02 16:30:00,98.5
2018-04-02 17:30:00,98.30000305175781
2018-04-02 18:30:00,98.58000183105469
2018-04-02 19:30:00,98.68000030517578
2018-04-03 13:30:00,98.69000244140625
2018-04-03 14:30:00,99.3552017211914
2018-04-03 15:30:00,98.45500183105469
2018-04-03 16:30:00,98.55999755859375
2018-04-03 17:30:00,98.48999786376953
2018-04-03 18:30:00,99.05000305175781
2018-04-03 19:30:00,99.01000213623047
2018-04-04 13:30:00,98.58999633789062
2018-04-04 14:30:00,99.30999755859375
2018-04-04 15:30:00,99.43000030517578
2018-04-04 16:30:00,99.02100372314453
2018-04-04 17:30:00,99.97000122070312
2018-04-04 18:30:00,100.4749984741211
2018-04-04 19:30:00,100.58999633789062
2018-04-05 13:30:00,100.37000274658203
2018-04-05 14:30:00,100.5199966430664
2018-04-05 15:30:00,100.19999694824219
2018-04-05 16:30:00,100.06500244140625
2018-04-05 17:30:00,100.3499984741211
2018-04-05 18:30:00,100.4749984741211
2018-04-05 19:30:00,100.3499984741211
2018-04-06 13:30:00,99.86000061035156
2018-04-06 14:30:00,99.51000213623047
2018-04-06 15:30:00,99.16999816894531
2018-04-06 16:30:00,99.62000274658203
2018-04-06 17:30:00,98.58799743652344
2018-04-06 18:30:00,98.52999877929688
2018-04-06 19:30:00,98.52999877929688
2018-04-09 13:30:00,100.31999969482422
2018-04-09 14:30:00,100.72000122070312
2018-04-09 15:30:00,101.68000030517578
2018-04-09 16:30:00,101.1449966430664
2018-04-09 17:30:00,100.97000122070312
2018-04-09 18:30:00,100.6500015258789
2018-04-09 19:30:00,100.12000274658203
2018-04-10 13:30:00,101.08999633789062
2018-04-10 14:30:00,101.62000274658203
2018-04-10 15:30:00,102.12000274658203
2018-04-10 16:30:00,102.73999786376953
2018-04-10 17:30:00,102.55999755859375
2018-04-10 18:30:00,102.83000183105469
2018-04-10 19:30:00,102.47000122070312
2018-04-11 13:30:00,102.27999877929688
2018-04-11 14:30:00,101.87000274658203
2018-04-11 15:30:00,102.1500015258789
2018-04-11 16:30:00,101.9800033569336
2018-04-11 17:30:00,101.66999816894531
2018-04-11 18:30:00,101.2300033569336
2018-04-11 19:30:00,101.77999877929688
2018-04-12 13:30:00,102.77999877929688
2018-04-12 14:30:00,102.62000274658203
2018-04-12 15:30:00,102.4000015258789
2018-04-12 16:30:00,102.51000213623047
2018-04-12 17:30:00,102.54000091552734
2018-04-12 18:30:00,102.8550033569336
2018-04-12 19:30:00,102.66999816894531
2018-04-13 13:30:00,102.29000091552734
2018-04-13 14:30:00,102.30000305175781
2018-04-13 15:30:00,102.58000183105469
2018-04-13 16:30:00,102.5199966430664
2018-04-13 17:30:00,102.80000305175781
2018-04-13 18:30:00,102.22000122070312
2018-04-13 19:30:00,102.52999877929688
2018-04-16 13:30:00,103.13999938964844
2018-04-16 14:30:00,103.12999725341797
2018-04-16 15:30:00,103.81999969482422
2018-04-16 16:30:00,103.66999816894531
2018-04-16 17:30:00,103.05000305175781
2018-04-16 18:30:00,102.88999938964844
2018-04-16 19:30:00,102.94000244140625
2018-04-17 13:30:00,104.04000091552734
2018-04-17 14:30:00,104.30999755859375
2018-04-17 15:30:00,104.11000061035156
2018-04-17 16:30:00,104.2699966430664
2018-04-17 17:30:00,104.30000305175781
2018-04-17 18:30:00,104.69000244140625
2018-04-17 19:30:00,104.68000030517578
2018-04-18 13:30:00,104.01000213623047
2018-04-18 14:30:00,104.28500366210938
2018-04-18 15:30:00,104.19000244140625
2018-04-18 16:30:00,104.3499984741211
2018-04-18 17:30:00,104.2699966430664
2018-04-18 18:30:00,104.12000274658203
2018-04-18 19:30:00,104.12000274658203
2018-04-19 13:30:00,103.76000213623047
2018-04-19 14:30:00,103.32499694824219
2018-04-19 15:30:00,103.0999984741211
2018-04-19 16:30:00,102.55999755859375
2018-04-19 17:30:00,103.12999725341797
2018-04-19 18:30:00,102.95999908447266
2018-04-19 19:30:00,103.08999633789062
2018-04-20 13:30:00,102.83999633789062
2018-04-20 14:30:00,102.25
2018-04-20 15:30:00,102.26000213623047
2018-04-20 16:30:00,102.65299987792969
2018-04-20 17:30:00,102.62999725341797
2018-04-20 18:30:00,102.19000244140625
2018-04-20 19:30:00,102.22000122070312
2018-04-23 13:30:00,102.19000244140625
2018-04-23 14:30:00,102.52999877929688
2018-04-23 15:30:00,102.29000091552734
2018-04-23 16:30:00,102.2699966430664
2018-04-23 17:30:00,102.7300033569336
2018-04-23 18:30:00,102.72000122070312
2018-04-23 19:30:00,102.77999877929688
2018-04-24 13:30:00,104.05000305175781
2018-04-24 14:30:00,104.2699966430664
2018-04-24 15:30:00,103.9800033569336
2018-04-24 16:30:00,103.8499984741211
2018-04-24 17:30:00,102.75250244140625
2018-04-24 18:30:00,102.9800033569336
2018-04-24 19:30:00,102.95999908447266
2018-04-25 13:30:00,96.19999694824219
2018-04-25 14:30:00,95.44000244140625
2018-04-25 15:30:00,96.47000122070312
2018-04-25 16:30:00,96.2699966430664
2018-04-25 17:30:00,95.27999877929688
2018-04-25 18:30:00,96.11000061035156
2018-04-25 19:30:00,96.33999633789062
2018-04-26 13:30:00,98.51000213623047
2018-04-26 14:30:00,98.16000366210938
2018-04-26 15:30:00,98.2699966430664
2018-04-26 16:30:00,98.41000366210938
2018-04-26 17:30:00,98.30000305175781
2018-04-26 18:30:00,98.0199966430664
2018-04-26 19:30:00,97.44999694824219
2018-04-27 13:30:00,96.90750122070312
2018-04-27 14:30:00,97.08999633789062
2018-04-27 15:30:00,96.44999694824219
2018-04-27 16:30:00,96.0999984741211
2018-04-27 17:30:00,95.88999938964844
2018-04-27 18:30:00,95.87000274658203
2018-04-27 19:30:00,95.7300033569336
2018-04-30 13:30:00,96.88999938964844
2018-04-30 14:30:00,96.43000030517578
2018-04-30 15:30:00,95.57499694824219
2018-04-30 16:30:00,96.16999816894531
2018-04-30 17:30:00,96.29000091552734
2018-04-30 18:30:00,96.48999786376953
2018-04-30 19:30:00,96.51000213623047
2018-05-01 13:30:00,97.2300033569336
2018-05-01 14:30:00,97.79000091552734
2018-05-01 15:30:00,97.76000213623047
2018-05-01 16:30:00,97.66000366210938
2018-05-01 17:30:00,97.95320129394531
2018-05-01 18:30:00,98.18000030517578
2018-05-01 19:30:00,98.5
2018-05-02 13:30:00,97.75
2018-05-02 14:30:00,97.23500061035156
2018-05-02 15:30:00,97.16999816894531
2018-05-02 16:30:00,97.45999908447266
2018-05-02 17:30:00,97.81999969482422
2018-05-02 18:30:00,97.27999877929688
2018-05-02 19:30:00,96.94000244140625
2018-05-03 13:30:00,96.26000213623047
2018-05-03 14:30:00,96.16999816894531
2018-05-03 15:30:00,96.54000091552734
2018-05-03 16:30:00,97.0199966430664
2018-05-03 17:30:00,97.30999755859375
2018-05-03 18:30:00,97.62999725341797
2018-05-03 19:30:00,97.61000061035156
2018-05-04 13:30:00,97.80999755859375
2018-05-04 14:30:00,98.41000366210938
2018-05-04 15:30:00,98.45999908447266
2018-05-04 16:30:00,98.41000366210938
2018-05-04 17:30:00,98.95999908447266
2018-05-04 18:30:00,98.76499938964844
2018-05-04 19:30:00,98.68000030517578
2018-05-07 13:30:00,99.55000305175781
2018-05-07 14:30:00,99.36000061035156
2018-05-07 15:30:00,99.33000183105469
2018-05-07 16:30:00,99.41000366210938
2018-05-07 17:30:00,99.48999786376953
2018-05-07 18:30:00,99.29000091552734
2018-05-07 19:30:00,99.4800033569336
2018-05-08 13:30:00,99.8499984741211
2018-05-08 14:30:00,99.83999633789062
2018-05-08 15:30:00,99.66999816894531
2018-05-08 16:30:00,99.75
2018-05-08 17:30:00,99.62999725341797
2018-05-08 18:30:00,99.69999694824219
2018-05-08 19:30:00,99.92900085449219
2018-05-09 13:30:00,100.02999877929688
2018-05-09 14:30:00,99.77999877929688
2018-05-09 15:30:00,100.38500213623047
2018-05-09 16:30:00,100.1500015258789
2018-05-09 17:30:00,100.2300033569336
2018-05-09 18:30:00,99.94000244140625
2018-05-09 19:30:00,99.80999755859375
2018-05-10 13:30:00,100.58999633789062
2018-05-10 14:30:00,100.55999755859375
2018-05-10 15:30:00,100.43499755859375
2018-05-10 16:30:00,100.05999755859375
2018-05-10 17:30:00,100.05999755859375
2018-05-10 18:30:00,100.13999938964844
2018-05-10 19:30:00,100.20999908447266
2018-05-11 13:30:00,100.23999786376953
2018-05-11 14:30:00,100.06999969482422
2018-05-11 15:30:00,99.80999755859375
2018-05-11 16:30:00,99.83000183105469
2018-05-11 17:30:00,100.0999984741211
2018-05-11 18:30:00,100.22000122070312
2018-05-11 19:30:00,100.2300033569336
2018-05-14 13:30:00,100.5199966430664
2018-05-14 14:30:00,100.30999755859375
2018-05-14 15:30:00,100.18000030517578
2018-05-14 16:30:00,99.73999786376953
2018-05-14 17:30:00,99.2300033569336
2018-05-14 18:30:00,99.01000213623047
2018-05-14 19:30:00,98.92500305175781
2018-05-15 13:30:00,96.94999694824219
2018-05-15 14:30:00,96.75
2018-05-15 15:30:00,96.68499755859375
2018-05-15 16:30:00,96.61000061035156
2018-05-15 17:30:00,96.95999908447266
2018-05-15 18:30:00,96.58000183105469
2018-05-15 19:30:00,96.79000091552734
2018-05-16 13:30:00,96.13999938964844
2018-05-16 14:30:00,95.69000244140625
2018-05-16 15:30:00,96.22000122070312
2018-05-16 16:30:00,96.40010070800781
2018-05-16 17:30:00,96.55000305175781
2018-05-16 18:30:00,96.41000366210938
2018-05-16 19:30:00,96.37000274658203
2018-05-17 13:30:00,95.86000061035156
2018-05-17 14:30:00,96.01000213623047
2018-05-17 15:30:00,95.62000274658203
2018-05-17 16:30:00,95.52999877929688
2018-05-17 17:30:00,95.5999984741211
2018-05-17 18:30:00,95.90499877929688
2018-05-17 19:30:00,95.97000122070312
2018-05-18 13:30:00,96.08000183105469
2018-05-18 14:30:00,96.27999877929688
2018-05-18 15:30:00,96.06999969482422
2018-05-18 16:30:00,95.9800033569336
2018-05-18 17:30:00,95.77999877929688
2018-05-18 18:30:00,95.68499755859375
2018-05-18 19:30:00,95.6500015258789
2018-05-21 13:30:00,96.83000183105469
2018-05-21 14:30:00,96.41999816894531
2018-05-21 15:30:00,96.36000061035156
2018-05-21 16:30:00,96.69499969482422
2018-05-21 17:30:00,96.79499816894531
2018-05-21 18:30:00,96.87000274658203
2018-05-21 19:30:00,96.97000122070312
2018-05-22 13:30:00,97.0
2018-05-22 14:30:00,96.62000274658203
2018-05-22 15:30:00,96.3499984741211
2018-05-22 16:30:00,96.5199966430664
2018-05-22 17:30:00,96.56999969482422
2018-05-22 18:30:00,96.40229797363281
2018-05-22 19:30:00,96.37000274658203
2018-05-23 13:30:00,95.87000274658203
2018-05-23 14:30:00,95.75
2018-05-23 15:30:00,95.76000213623047
2018-05-23 16:30:00,95.89119720458984
2018-05-23 17:30:00,96.4800033569336
2018-05-23 18:30:00,96.48999786376953
2018-05-23 19:30:00,96.58499908447266
2018-05-24 13:30:00,95.7300033569336
2018-05-24 14:30:00,95.63999938964844
2018-05-24 15:30:00,96.0
2018-05-24 16:30:00,95.9800033569336
2018-05-24 17:30:00,96.22000122070312
2018-05-24 18:30:00,96.43000030517578
2018-05-24 19:30:00,96.4000015258789
2018-05-25 13:30:00,96.76000213623047
2018-05-25 14:30:00,96.69000244140625
2018-05-25 15:30:00,96.92520141601562
2018-05-25 16:30:00,96.95999908447266
2018-05-25 17:30:00,96.88999938964844
2018-05-25 18:30:00,97.19000244140625
2018-05-25 19:30:00,97.0199966430664
2018-05-29 13:30:00,96.87999725341797
2018-05-29 14:30:00,96.73999786376953
2018-05-29 15:30:00,96.16000366210938
2018-05-29 16:30:00,96.41999816894531
2018-05-29 17:30:00,96.44999694824219
2018-05-29 18:30:00,96.26000213623047
2018-05-29 19:30:00,96.5199966430664
2018-05-30 13:30:00,96.80999755859375
2018-05-30 14:30:00,96.91000366210938
2018-05-30 15:30:00,97.05999755859375
2018-05-30 16:30:00,97.0999984741211
2018-05-30 17:30:00,97.08499908447266
2018-05-30 18:30:00,97.08999633789062
2018-05-30 19:30:00,96.95099639892578
2018-05-31 13:30:00,97.54499816894531
2018-05-31 14:30:00,97.55999755859375
2018-05-31 15:30:00,97.70999908447266
2018-05-31 16:30:00,97.56999969482422
2018-05-31 17:30:00,97.27999877929688
2018-05-31 18:30:00,97.44999694824219
2018-05-31 19:30:00,97.37999725341797
2018-06-01 13:30:00,98.66000366210938
2018-06-01 14:30:00,98.73999786376953
2018-06-01 15:30:00,98.86000061035156
2018-06-01 16:30:00,99.12999725341797
2018-06-01 17:30:00,99.05999755859375
2018-06-01 18:30:00,98.87000274658203
2018-06-01 19:30:00,99.02999877929688
2018-06-04 13:30:00,99.51000213623047
2018-06-04 14:30:00,99.875
2018-06-04 15:30:00,99.93000030517578
2018-06-04 16:30:00,99.44000244140625
2018-06-04 17:30:00,98.95999908447266
2018-06-04 18:30:00,98.80999755859375
2018-06-04 19:30:00,98.6500015258789
2018-06-05 13:30:00,99.04000091552734
2018-06-05 14:30:00,98.11000061035156
2018-06-05 15:30:00,98.0199966430664
2018-06-05 16:30:00,98.00499725341797
2018-06-05 17:30:00,98.00499725341797
2018-06-05 18:30:00,98.36000061035156
2018-06-05 19:30:00,98.38999938964844
2018-06-06 13:30:00,98.16999816894531
2018-06-06 14:30:00,98.56999969482422
2018-06-06 15:30:00,98.62999725341797
2018-06-06 16:30:00,98.47000122070312
2018-06-06 17:30:00,98.58000183105469
2018-06-06 18:30:00,98.7699966430664
2018-06-06 19:30:00,98.83000183105469
2018-06-07 13:30:00,98.36000061035156
2018-06-07 14:30:00,98.54000091552734
2018-06-07 15:30:00,98.5
2018-06-07 16:30:00,98.08999633789062
2018-06-07 17:30:00,97.95999908447266
2018-06-07 18:30:00,97.98999786376953
2018-06-07 19:30:00,98.0199966430664
2018-06-08 13:30:00,98.77999877929688
2018-06-08 14:30:00,98.68000030517578
2018-06-08 15:30:00,98.83999633789062
2018-06-08 16:30:00,98.80999755859375
2018-06-08 17:30:00,99.0199966430664
2018-06-08 18:30:00,99.2699966430664
2018-06-08 19:30:00,99.05999755859375
2018-06-11 13:30:00,99.16000366210938
2018-06-11 14:30:00,99.19999694824219
2018-06-11 15:30:00,99.33000183105469
2018-06-11 16:30:00,99.31999969482422
2018-06-11 17:30:00,99.2300033569336
2018-06-11 18:30:00,99.48999786376953
2018-06-11 19:30:00,99.31999969482422
2018-06-12 13:30:00,99.81999969482422
2018-06-12 14:30:00,100.17500305175781
2018-06-12 15:30:00,100.5
2018-06-12 16:30:00,100.55000305175781
2018-06-12 17:30:00,100.4000015258789
2018-06-12 18:30:00,100.72000122070312
2018-06-12 19:30:00,100.87999725341797
2018-06-13 13:30:00,100.79900360107422
2018-06-13 14:30:00,100.9000015258789
2018-06-13 15:30:00,100.67500305175781
2018-06-13 16:30:00,100.53500366210938
2018-06-13 17:30:00,99.95999908447266
2018-06-13 18:30:00,100.15499877929688
2018-06-13 19:30:00,100.06999969482422
2018-06-14 13:30:00,100.2750015258789
2018-06-14 14:30:00,100.16999816894531
2018-06-14 15:30:00,100.125
2018-06-14 16:30:00,99.9800033569336
2018-06-14 17:30:00,99.86000061035156
2018-06-14 18:30:00,99.87999725341797
2018-06-14 19:30:00,99.94000244140625
2018-06-15 13:30:00,99.5199966430664
2018-06-15 14:30:00,99.56999969482422
2018-06-15 15:30:00,99.54000091552734
2018-06-15 16:30:00,99.62999725341797
2018-06-15 17:30:00,99.41000366210938
2018-06-15 18:30:00,99.63500213623047
2018-06-15 19:30:00,99.94999694824219
2018-06-18 13:30:00,100.05999755859375
2018-06-18 14:30:00,100.3499984741211
2018-06-18 15:30:00,100.04000091552734
2018-06-18 16:30:00,100.22000122070312
2018-06-18 17:30:00,100.27999877929688
2018-06-18 18:30:00,100.26000213623047
2018-06-18 19:30:00,100.44999694824219
2018-06-19 13:30:00,99.30000305175781
2018-06-19 14:30:00,99.44000244140625
2018-06-19 15:30:00,99.54000091552734
2018-06-19 16:30:00,99.44999694824219
2018-06-19 17:30:00,99.66999816894531
2018-06-19 18:30:00,99.47000122070312
2018-06-19 19:30:00,99.5199966430664
2018-06-20 13:30:00,99.80000305175781
2018-06-20 14:30:00,99.9800033569336
2018-06-20 15:30:00,99.81009674072266
2018-06-20 16:30:00,99.6500015258789
2018-06-20 17:30:00,99.82720184326172
2018-06-20 18:30:00,99.80000305175781
2018-06-20 19:30:00,99.52999877929688
2018-06-21 13:30:00,98.9000015258789
2018-06-21 14:30:00,99.06999969482422
2018-06-21 15:30:00,98.9000015258789
2018-06-21 16:30:00,98.73999786376953
2018-06-21 17:30:00,98.51000213623047
2018-06-21 18:30:00,98.5250015258789
2018-06-21 19:30:00,98.33000183105469
2018-06-22 13:30:00,97.05999755859375
2018-06-22 14:30:00,97.19999694824219
2018-06-22 15:30:00,97.19000244140625
2018-06-22 16:30:00,97.27999877929688
2018-06-22 17:30:00,97.19999694824219
2018-06-22 18:30:00,97.6050033569336
2018-06-22 19:30:00,97.48999786376953
2018-06-25 13:30:00,96.16999816894531
2018-06-25 14:30:00,96.25
2018-06-25 15:30:00,95.83000183105469
2018-06-25 16:30:00,95.95999908447266
2018-06-25 17:30:00,96.22000122070312
2018-06-25 18:30:00,96.36000061035156
2018-06-25 19:30:00,96.55000305175781
2018-06-26 13:30:00,96.9000015258789
2018-06-26 14:30:00,96.97000122070312
2018-06-26 15:30:00,97.30000305175781
2018-06-26 16:30:00,97.41999816894531
2018-06-26 17:30:00,97.38999938964844
2018-06-26 18:30:00,97.26000213623047
2018-06-26 19:30:00,97.27999877929688
2018-06-27 13:30:00,97.87000274658203
2018-06-27 14:30:00,97.58000183105469
2018-06-27 15:30:00,97.48500061035156
2018-06-27 16:30:00,97.30000305175781
2018-06-27 17:30:00,97.0999984741211
2018-06-27 18:30:00,97.37000274658203
2018-06-27 19:30:00,97.0999984741211
2018-06-28 13:30:00,96.91999816894531
2018-06-28 14:30:00,97.80000305175781
2018-06-28 15:30:00,97.4800033569336
2018-06-28 16:30:00,98.02999877929688
2018-06-28 17:30:00,98.42749786376953
2018-06-28 18:30:00,98.7300033569336
2018-06-28 19:30:00,98.62999725341797
2018-06-29 13:30:00,97.83999633789062
2018-06-29 14:30:00,97.72000122070312
2018-06-29 15:30:00,97.68000030517578
2018-06-29 16:30:00,97.6510009765625
2018-06-29 17:30:00,97.9000015258789
2018-06-29 18:30:00,97.9000015258789
2018-06-29 19:30:00,97.70999908447266
2018-07-02 13:30:00,97.48999786376953
2018-07-02 14:30:00,97.69999694824219
2018-07-02 15:30:00,97.81999969482422
2018-07-02 16:30:00,98.0199966430664
2018-07-02 17:30:00,98.80999755859375
2018-07-02 18:30:00,98.9832992553711
2018-07-02 19:30:00,99.33999633789062
2018-07-03 13:30:00,99.6449966430664
2018-07-03 14:30:00,99.73999786376953
2018-07-03 15:30:00,99.51000213623047
2018-07-03 17:00:00,99.38999938964844
2018-07-05 13:30:00,99.4800033569336
2018-07-05 14:30:00,99.75499725341797
2018-07-05 15:30:00,99.9000015258789
2018-07-05 16:30:00,99.96790313720703
2018-07-05 17:30:00,99.91999816894531
2018-07-05 18:30:00,99.95999908447266
2018-07-05 19:30:00,99.95999908447266
2018-07-06 13:30:00,102.72000122070312
2018-07-06 14:30:00,102.58999633789062
2018-07-06 15:30:00,102.68000030517578
2018-07-06 16:30:00,102.58499908447266
2018-07-06 17:30:00,102.65499877929688
2018-07-06 18:30:00,102.6500015258789
2018-07-06 19:30:00,102.80000305175781
2018-07-09 13:30:00,101.7699966430664
2018-07-09 14:30:00,102.00499725341797
2018-07-09 15:30:00,101.95999908447266
2018-07-09 16:30:00,101.83999633789062
2018-07-09 17:30:00,102.0999984741211
2018-07-09 18:30:00,101.99500274658203
2018-07-09 19:30:00,102.0199966430664
2018-07-10 13:30:00,103.87999725341797
2018-07-10 14:30:00,104.38999938964844
2018-07-10 15:30:00,104.54000091552734
2018-07-10 16:30:00,104.33000183105469
2018-07-10 17:30:00,104.2300033569336
2018-07-10 18:30:00,104.41000366210938
2018-07-10 19:30:00,104.33000183105469
2018-07-11 13:30:00,106.95999908447266
2018-07-11 14:30:00,107.80000305175781
2018-07-11 15:30:00,108.02999877929688
2018-07-11 16:30:00,108.3843994140625
2018-07-11 17:30:00,108.36000061035156
2018-07-11 18:30:00,108.26619720458984
2018-07-11 19:30:00,108.38999938964844
2018-07-12 13:30:00,109.08999633789062
2018-07-12 14:30:00,109.16000366210938
2018-07-12 15:30:00,109.43000030517578
2018-07-12 16:30:00,109.5
2018-07-12 17:30:00,109.83999633789062
2018-07-12 18:30:00,109.88999938964844
2018-07-12 19:30:00,109.91999816894531
2018-07-13 13:30:00,109.3499984741211
2018-07-13 14:30:00,109.4800033569336
2018-07-13 15:30:00,109.3499984741211
2018-07-13 16:30:00,109.19999694824219
2018-07-13 17:30:00,109.27999877929688
2018-07-13 18:30:00,109.37999725341797
2018-07-13 19:30:00,109.33000183105469
2018-07-16 13:30:00,109.43000030517578
2018-07-16 14:30:00,109.37000274658203
2018-07-16 15:30:00,109.32009887695312
2018-07-16 16:30:00,109.12999725341797
2018-07-16 17:30:00,109.19999694824219
2018-07-16 18:30:00,109.06739807128906
2018-07-16 19:30:00,108.98999786376953
2018-07-17 13:30:00,109.01000213623047
2018-07-17 14:30:00,109.37000274658203
2018-07-17 15:30:00,109.9000015258789
2018-07-17 16:30:00,110.17500305175781
2018-07-17 17:30:00,110.16999816894531
2018-07-17 18:30:00,110.05729675292969
2018-07-17 19:30:00,110.11000061035156
2018-07-18 13:30:00,110.26000213623047
2018-07-18 14:30:00,110.36250305175781
2018-07-18 15:30:00,110.42009735107422
2018-07-18 16:30:00,110.52999877929688
2018-07-18 17:30:00,110.55000305175781
2018-07-18 18:30:00,110.70999908447266
2018-07-18 19:30:00,110.68000030517578
2018-07-19 13:30:00,110.46499633789062
2018-07-19 14:30:00,111.01000213623047
2018-07-19 15:30:00,111.16999816894531
2018-07-19 16:30:00,111.0199966430664
2018-07-19 17:30:00,111.19499969482422
2018-07-19 18:30:00,111.27999877929688
2018-07-19 19:30:00,111.23999786376953
2018-07-20 13:30:00,111.43000030517578
2018-07-20 14:30:00,111.95999908447266
2018-07-20 15:30:00,111.61000061035156
2018-07-20 16:30:00,111.61000061035156
2018-07-20 17:30:00,111.73500061035156
2018-07-20 18:30:00,111.62999725341797
2018-07-20 19:30:00,111.58000183105469
2018-07-23 13:30:00,110.33000183105469
2018-07-23 14:30:00,110.2300033569336
2018-07-23 15:30:00,110.12000274658203
2018-07-23 16:30:00,110.20500183105469
2018-07-23 17:30:00,109.80999755859375
2018-07-23 18:30:00,109.97000122070312
2018-07-23 19:30:00,109.91999816894531
2018-07-24 13:30:00,110.73500061035156
2018-07-24 14:30:00,110.9749984741211
2018-07-24 15:30:00,111.66000366210938
2018-07-24 16:30:00,110.87999725341797
2018-07-24 17:30:00,111.20999908447266
2018-07-24 18:30:00,111.09500122070312
2018-07-24 19:30:00,111.0
2018-07-25 13:30:00,115.12999725341797
2018-07-25 14:30:00,114.88999938964844
2018-07-25 15:30:00,115.55999755859375
2018-07-25 16:30:00,115.86000061035156
2018-07-25 17:30:00,115.90579986572266
2018-07-25 18:30:00,116.27999877929688
2018-07-25 19:30:00,116.77999877929688
2018-07-26 13:30:00,117.2249984741211
2018-07-26 14:30:00,115.48999786376953
2018-07-26 15:30:00,117.16000366210938
2018-07-26 16:30:00,117.37999725341797
2018-07-26 17:30:00,116.92500305175781
2018-07-26 18:30:00,116.48999786376953
2018-07-26 19:30:00,116.66000366210938
2018-07-27 13:30:00,115.37999725341797
2018-07-27 14:30:00,114.55999755859375
2018-07-27 15:30:00,113.95999908447266
2018-07-27 16:30:00,113.26000213623047
2018-07-27 17:30:00,113.4000015258789
2018-07-27 18:30:00,113.63999938964844
2018-07-27 19:30:00,113.55999755859375
2018-07-30 13:30:00,114.05999755859375
2018-07-30 14:30:00,113.9800033569336
2018-07-30 15:30:00,113.55999755859375
2018-07-30 16:30:00,113.9000015258789
2018-07-30 17:30:00,113.81999969482422
2018-07-30 18:30:00,113.76000213623047
2018-07-30 19:30:00,113.54000091552734
2018-07-31 13:30:00,110.48500061035156
2018-07-31 14:30:00,111.77999877929688
2018-07-31 15:30:00,112.55000305175781
2018-07-31 16:30:00,112.63999938964844
2018-07-31 17:30:00,112.47000122070312
2018-07-31 18:30:00,112.68000030517578
2018-07-31 19:30:00,112.6500015258789
2018-08-01 13:30:00,111.31999969482422
2018-08-01 14:30:00,111.9000015258789
2018-08-01 15:30:00,112.44000244140625
2018-08-01 16:30:00,111.87000274658203
2018-08-01 17:30:00,112.04000091552734
2018-08-01 18:30:00,112.16000366210938
2018-08-01 19:30:00,112.01000213623047
2018-08-02 13:30:00,112.4800033569336
2018-08-02 14:30:00,112.22000122070312
2018-08-02 15:30:00,112.70999908447266
2018-08-02 16:30:00,113.01000213623047
2018-08-02 17:30:00,112.93000030517578
2018-08-02 18:30:00,113.2699966430664
2018-08-02 19:30:00,113.16999816894531
2018-08-03 13:30:00,113.22000122070312
2018-08-03 14:30:00,112.81999969482422
2018-08-03 15:30:00,113.06999969482422
2018-08-03 16:30:00,113.04000091552734
2018-08-03 17:30:00,113.17500305175781
2018-08-03 18:30:00,113.12999725341797
2018-08-03 19:30:00,113.12000274658203
2018-08-06 13:30:00,114.19499969482422
2018-08-06 14:30:00,114.19999694824219
2018-08-06 15:30:00,114.1500015258789
2018-08-06 16:30:00,114.3499984741211
2018-08-06 17:30:00,114.30999755859375
2018-08-06 18:30:00,114.26000213623047
2018-08-06 19:30:00,114.1500015258789
2018-08-07 13:30:00,114.2249984741211
2018-08-07 14:30:00,113.26000213623047
2018-08-07 15:30:00,113.51000213623047
2018-08-07 16:30:00,113.43499755859375
2018-08-07 17:30:00,113.30999755859375
2018-08-07 18:30:00,113.13349914550781
2018-08-07 19:30:00,113.11000061035156
2018-08-08 13:30:00,113.02999877929688
2018-08-08 14:30:00,113.79000091552734
2018-08-08 15:30:00,113.46499633789062
2018-08-08 16:30:00,113.06999969482422
2018-08-08 17:30:00,113.47000122070312
2018-08-08 18:30:00,113.44999694824219
2018-08-08 19:30:00,113.33999633789062
2018-08-09 13:30:00,114.48999786376953
2018-08-09 14:30:00,114.2699966430664
2018-08-09 15:30:00,114.26000213623047
2018-08-09 16:30:00,114.12000274658203
2018-08-09 17:30:00,113.98999786376953
2018-08-09 18:30:00,114.01000213623047
2018-08-09 19:30:00,113.77999877929688
2018-08-10 13:30:00,113.69000244140625
2018-08-10 14:30:00,113.79000091552734
2018-08-10 15:30:00,113.60379791259766
2018-08-10 16:30:00,113.69000244140625
2018-08-10 17:30:00,113.5198974609375
2018-08-10 18:30:00,113.79000091552734
2018-08-10 19:30:00,113.70999908447266
2018-08-13 13:30:00,114.58989715576172
2018-08-13 14:30:00,113.80000305175781
2018-08-13 15:30:00,113.02999877929688
2018-08-13 16:30:00,113.30999755859375
2018-08-13 17:30:00,113.72000122070312
2018-08-13 18:30:00,113.56999969482422
2018-08-13 19:30:00,113.29000091552734
2018-08-14 13:30:00,113.13999938964844
2018-08-14 14:30:00,114.2249984741211
2018-08-14 15:30:00,114.04000091552734
2018-08-14 16:30:00,114.29000091552734
2018-08-14 17:30:00,114.5
2018-08-14 18:30:00,114.4800033569336
2018-08-14 19:30:00,114.19999694824219
2018-08-15 13:30:00,112.80000305175781
2018-08-15 14:30:00,113.11000061035156
2018-08-15 15:30:00,113.25
2018-08-15 16:30:00,113.33000183105469
2018-08-15 17:30:00,113.44010162353516
2018-08-15 18:30:00,113.87999725341797
2018-08-15 19:30:00,113.80000305175781
2018-08-16 13:30:00,114.44000244140625
2018-08-16 14:30:00,114.38500213623047
2018-08-16 15:30:00,114.2699966430664
2018-08-16 16:30:00,114.33599853515625
2018-08-16 17:30:00,114.33000183105469
2018-08-16 18:30:00,114.37999725341797
2018-08-16 19:30:00,114.30999755859375
2018-08-17 13:30:00,114.47000122070312
2018-08-17 14:30:00,114.43000030517578
2018-08-17 15:30:00,114.56999969482422
2018-08-17 16:30:00,114.41999816894531
2018-08-17 17:30:00,114.94000244140625
2018-08-17 18:30:00,114.94000244140625
2018-08-17 19:30:00,114.94000244140625
2018-08-20 13:30:00,114.68499755859375
2018-08-20 14:30:00,114.52999877929688
2018-08-20 15:30:00,114.77999877929688
2018-08-20 16:30:00,115.11000061035156
2018-08-20 17:30:00,114.93000030517578
2018-08-20 18:30:00,114.97000122070312
2018-08-20 19:30:00,114.83999633789062
2018-08-21 13:30:00,114.79499816894531
2018-08-21 14:30:00,114.45999908447266
2018-08-21 15:30:00,114.66000366210938
2018-08-21 16:30:00,114.62999725341797
2018-08-21 17:30:00,114.31999969482422
2018-08-21 18:30:00,114.46499633789062
2018-08-21 19:30:00,114.33000183105469
2018-08-22 13:30:00,114.95999908447266
2018-08-22 14:30:00,114.91500091552734
2018-08-22 15:30:00,115.33000183105469
2018-08-22 16:30:00,115.06999969482422
2018-08-22 17:30:00,115.25
2018-08-22 18:30:00,115.54000091552734
2018-08-22 19:30:00,115.28009796142578
2018-08-23 13:30:00,115.43000030517578
2018-08-23 14:30:00,115.0
2018-08-23 15:30:00,115.47000122070312
2018-08-23 16:30:00,115.55000305175781
2018-08-23 17:30:00,115.69000244140625
2018-08-23 18:30:00,115.73999786376953
2018-08-23 19:30:00,115.43000030517578
2018-08-24 13:30:00,116.4000015258789
2018-08-24 14:30:00,116.05000305175781
2018-08-24 15:30:00,116.19999694824219
2018-08-24 16:30:00,115.88999938964844
2018-08-24 17:30:00,115.8499984741211
2018-08-24 18:30:00,115.7750015258789
2018-08-24 19:30:00,115.75
2018-08-27 13:30:00,115.62000274658203
2018-08-27 14:30:00,115.6500015258789
2018-08-27 15:30:00,115.2300033569336
2018-08-27 16:30:00,115.23999786376953
2018-08-27 17:30:00,115.21499633789062
2018-08-27 18:30:00,115.2750015258789
2018-08-27 19:30:00,115.37999725341797
2018-08-28 13:30:00,115.23999786376953
2018-08-28 14:30:00,115.13999938964844
2018-08-28 15:30:00,115.19999694824219
2018-08-28 16:30:00,115.2300033569336
2018-08-28 17:30:00,115.45999908447266
2018-08-28 18:30:00,115.59500122070312
2018-08-28 19:30:00,115.7699966430664
2018-08-29 13:30:00,116.66000366210938
2018-08-29 14:30:00,116.69999694824219
2018-08-29 15:30:00,117.25
2018-08-29 16:30:00,117.36000061035156
2018-08-29 17:30:00,117.5
2018-08-29 18:30:00,117.90499877929688
2018-08-29 19:30:00,117.68000030517578
2018-08-30 13:30:00,116.80000305175781
2018-08-30 14:30:00,117.00499725341797
2018-08-30 15:30:00,117.2699966430664
2018-08-30 16:30:00,117.55000305175781
2018-08-30 17:30:00,117.19000244140625
2018-08-30 18:30:00,116.86000061035156
2018-08-30 19:30:00,116.5999984741211
2018-08-31 13:30:00,116.36000061035156
2018-08-31 14:30:00,115.97000122070312
2018-08-31 15:30:00,116.05000305175781
2018-08-31 16:30:00,116.02999877929688
2018-08-31 17:30:00,115.81999969482422
2018-08-31 18:30:00,115.88999938964844
2018-08-31 19:30:00,116.19999694824219
2018-09-04 13:30:00,115.80000305175781
2018-09-04 14:30:00,116.27999877929688
2018-09-04 15:30:00,116.19999694824219
2018-09-04 16:30:00,116.30999755859375
2018-09-04 17:30:00,116.26750183105469
2018-09-04 18:30:00,116.63500213623047
2018-09-04 19:30:00,116.58999633789062
2018-09-05 13:30:00,115.13999938964844
2018-09-05 14:30:00,115.16999816894531
2018-09-05 15:30:00,115.58999633789062
2018-09-05 16:30:00,115.87000274658203
2018-09-05 17:30:00,115.7699966430664
2018-09-05 18:30:00,115.54000091552734
2018-09-05 19:30:00,115.55000305175781
2018-09-06 13:30:00,115.9000015258789
2018-09-06 14:30:00,115.5
2018-09-06 15:30:00,115.63999938964844
2018-09-06 16:30:00,115.25
2018-09-06 17:30:00,115.20999908447266
2018-09-06 18:30:00,115.79000091552734
2018-09-06 19:30:00,115.5999984741211
2018-09-07 13:30:00,115.79000091552734
2018-09-07 14:30:00,115.61000061035156
2018-09-07 15:30:00,115.44999694824219
2018-09-07 16:30:00,115.45999908447266
2018-09-07 17:30:00,115.54000091552734
2018-09-07 18:30:00,115.3949966430664
2018-09-07 19:30:00,115.41999816894531
2018-09-10 13:30:00,116.94999694824219
2018-09-10 14:30:00,117.58000183105469
2018-09-10 15:30:00,117.4000015258789
2018-09-10 16:30:00,117.37000274658203
2018-09-10 17:30:00,117.55999755859375
2018-09-10 18:30:00,117.2699966430664
2018-09-10 19:30:00,117.37000274658203
2018-09-11 13:30:00,117.33999633789062
2018-09-11 14:30:00,117.1050033569336
2018-09-11 15:30:00,117.4000015258789
2018-09-11 16:30:00,117.27999877929688
2018-09-11 17:30:00,117.16960144042969
2018-09-11 18:30:00,117.52999877929688
2018-09-11 19:30:00,117.47000122070312
2018-09-12 13:30:00,117.18000030517578
2018-09-12 14:30:00,117.19999694824219
2018-09-12 15:30:00,117.73999786376953
2018-09-12 16:30:00,117.83999633789062
2018-09-12 17:30:00,117.50199890136719
2018-09-12 18:30:00,117.72000122070312
2018-09-12 19:30:00,117.88999938964844
2018-09-13 13:30:00,119.87000274658203
2018-09-13 14:30:00,119.13999938964844
2018-09-13 15:30:00,119.4800033569336
2018-09-13 16:30:00,119.6050033569336
2018-09-13 17:30:00,119.45500183105469
2018-09-13 18:30:00,119.58999633789062
2018-09-13 19:30:00,119.81999969482422
2018-09-14 13:30:00,119.88999938964844
2018-09-14 14:30:00,120.08999633789062
2018-09-14 15:30:00,119.75
2018-09-14 16:30:00,119.94999694824219
2018-09-14 17:30:00,120.22000122070312
2018-09-14 18:30:00,120.41999816894531
2018-09-14 19:30:00,120.5250015258789
2018-09-17 13:30:00,120.4800033569336
2018-09-17 14:30:00,120.61000061035156
2018-09-17 15:30:00,120.26000213623047
2018-09-17 16:30:00,119.62000274658203
2018-09-17 17:30:00,119.7699966430664
2018-09-17 18:30:00,119.70999908447266
2018-09-17 19:30:00,119.62000274658203
2018-09-18 13:30:00,119.20999908447266
2018-09-18 14:30:00,119.56999969482422
2018-09-18 15:30:00,119.98999786376953
2018-09-18 16:30:00,120.12000274658203
2018-09-18 17:30:00,120.08000183105469
2018-09-18 18:30:00,120.00279998779297
2018-09-18 19:30:00,119.6500015258789
2018-09-19 13:30:00,116.9800033569336
2018-09-19 14:30:00,117.19000244140625
2018-09-19 15:30:00,117.16999816894531
2018-09-19 16:30:00,116.9800033569336
2018-09-19 17:30:00,117.66000366210938
2018-09-19 18:30:00,118.08899688720703
2018-09-19 19:30:00,118.16999816894531
2018-09-20 13:30:00,119.25
2018-09-20 14:30:00,119.26000213623047
2018-09-20 15:30:00,119.08999633789062
2018-09-20 16:30:00,118.93000030517578
2018-09-20 17:30:00,118.80000305175781
2018-09-20 18:30:00,118.91999816894531
2018-09-20 19:30:00,118.69999694824219
2018-09-21 13:30:00,118.2699966430664
2018-09-21 14:30:00,118.16000366210938
2018-09-21 15:30:00,118.0999984741211
2018-09-21 16:30:00,118.2699966430664
2018-09-21 17:30:00,118.25
2018-09-21 18:30:00,118.38500213623047
2018-09-21 19:30:00,117.76000213623047
2018-09-24 13:30:00,117.9000015258789
2018-09-24 14:30:00,118.37000274658203
2018-09-24 15:30:00,118.23999786376953
2018-09-24 16:30:00,118.25
2018-09-24 17:30:00,118.44999694824219
2018-09-24 18:30:00,118.69499969482422
2018-09-24 19:30:00,118.4800033569336
2018-09-25 13:30:00,118.43000030517578
2018-09-25 14:30:00,118.30000305175781
2018-09-25 15:30:00,118.37999725341797
2018-09-25 16:30:00,118.12000274658203
2018-09-25 17:30:00,118.33999633789062
2018-09-25 18:30:00,118.18000030517578
2018-09-25 19:30:00,118.18000030517578
2018-09-26 13:30:00,118.70999908447266
2018-09-26 14:30:00,118.86000061035156
2018-09-26 15:30:00,118.92500305175781
2018-09-26 16:30:00,118.80000305175781
2018-09-26 17:30:00,119.0
2018-09-26 18:30:00,119.08000183105469
2018-09-26 19:30:00,118.47000122070312
2018-09-27 13:30:00,117.80000305175781
2018-09-27 14:30:00,118.12000274658203
2018-09-27 15:30:00,118.0999984741211
2018-09-27 16:30:00,118.1500015258789
2018-09-27 17:30:00,118.375
2018-09-27 18:30:00,118.30000305175781
2018-09-27 19:30:00,118.11100006103516
2018-09-28 13:30:00,117.7499008178711
2018-09-28 14:30:00,118.5
2018-09-28 15:30:00,118.68499755859375
2018-09-28 16:30:00,118.20999908447266
2018-09-28 17:30:00,117.70999908447266
2018-09-28 18:30:00,117.625
2018-09-28 19:30:00,117.70999908447266
2018-10-01 13:30:00,118.19000244140625
2018-10-01 14:30:00,117.98999786376953
2018-10-01 15:30:00,117.91999816894531
2018-10-01 16:30:00,117.69000244140625
2018-10-01 17:30:00,117.7699966430664
2018-10-01 18:30:00,117.9000015258789
2018-10-01 19:30:00,117.69499969482422
2018-10-02 13:30:00,117.02999877929688
2018-10-02 14:30:00,116.94000244140625
2018-10-02 15:30:00,116.68000030517578
2018-10-02 16:30:00,116.13999938964844
2018-10-02 17:30:00,116.06999969482422
2018-10-02 18:30:00,115.13999938964844
2018-10-02 19:30:00,115.62999725341797
2018-10-03 13:30:00,116.63999938964844
2018-10-03 14:30:00,116.95099639892578
2018-10-03 15:30:00,117.0199966430664
2018-10-03 16:30:00,116.87999725341797
2018-10-03 17:30:00,116.69999694824219
2018-10-03 18:30:00,116.4000015258789
2018-10-03 19:30:00,116.69999694824219
2018-10-04 13:30:00,115.8499984741211
2018-10-04 14:30:00,116.05000305175781
2018-10-04 15:30:00,115.30999755859375
2018-10-04 16:30:00,115.47000122070312
2018-10-04 17:30:00,115.01000213623047
2018-10-04 18:30:00,115.02999877929688
2018-10-04 19:30:00,115.54000091552734
2018-10-05 13:30:00,115.36000061035156
2018-10-05 14:30:00,115.29000091552734
2018-10-05 15:30:00,114.80000305175781
2018-10-05 16:30:00,114.31999969482422
2018-10-05 17:30:00,115.62999725341797
2018-10-05 18:30:00,115.70999908447266
2018-10-05 19:30:00,115.51000213623047
2018-10-08 13:30:00,114.97000122070312
2018-10-08 14:30:00,113.4000015258789
2018-10-08 15:30:00,113.45999908447266
2018-10-08 16:30:00,112.86000061035156
2018-10-08 17:30:00,114.24500274658203
2018-10-08 18:30:00,114.58999633789062
2018-10-08 19:30:00,114.33999633789062
2018-10-09 13:30:00,114.33000183105469
2018-10-09 14:30:00,113.83000183105469
2018-10-09 15:30:00,114.12999725341797
2018-10-09 16:30:00,113.88500213623047
2018-10-09 17:30:00,113.86000061035156
2018-10-09 18:30:00,113.79000091552734
2018-10-09 19:30:00,113.54000091552734
2018-10-10 13:30:00,112.62999725341797
2018-10-10 14:30:00,112.0999984741211
2018-10-10 15:30:00,112.11000061035156
2018-10-10 16:30:00,112.79000091552734
2018-10-10 17:30:00,111.58999633789062
2018-10-10 18:30:00,111.36740112304688
2018-10-10 19:30:00,110.19000244140625
2018-10-11 13:30:00,111.08000183105469
2018-10-11 14:30:00,110.25
2018-10-11 15:30:00,111.47000122070312
2018-10-11 16:30:00,111.66999816894531
2018-10-11 17:30:00,111.05999755859375
2018-10-11 18:30:00,111.09500122070312
2018-10-11 19:30:00,110.30000305175781
2018-10-12 13:30:00,111.37000274658203
2018-10-12 14:30:00,111.58000183105469
2018-10-12 15:30:00,111.04000091552734
2018-10-12 16:30:00,111.1050033569336
2018-10-12 17:30:00,111.12000274658203
2018-10-12 18:30:00,111.30999755859375
2018-10-12 19:30:00,111.54000091552734
2018-10-15 13:30:00,110.75
2018-10-15 14:30:00,111.91000366210938
2018-10-15 15:30:00,111.75
2018-10-15 16:30:00,111.73999786376953
2018-10-15 17:30:00,111.70999908447266
2018-10-15 18:30:00,111.54000091552734
2018-10-15 19:30:00,111.12999725341797
2018-10-16 13:30:00,112.2300033569336
2018-10-16 14:30:00,113.6500015258789
2018-10-16 15:30:00,113.12000274658203
2018-10-16 16:30:00,113.20999908447266
2018-10-16 17:30:00,113.30999755859375
2018-10-16 18:30:00,113.08000183105469
2018-10-16 19:30:00,113.30000305175781
2018-10-17 13:30:00,111.68000030517578
2018-10-17 14:30:00,112.34500122070312
2018-10-17 15:30:00,112.1500015258789
2018-10-17 16:30:00,112.3499984741211
2018-10-17 17:30:00,111.7300033569336
2018-10-17 18:30:00,112.11000061035156
2018-10-17 19:30:00,112.04000091552734
2018-10-18 13:30:00,111.95999908447266
2018-10-18 14:30:00,111.81999969482422
2018-10-18 15:30:00,111.48999786376953
2018-10-18 16:30:00,110.625
2018-10-18 17:30:00,110.94000244140625
2018-10-18 18:30:00,110.77999877929688
2018-10-18 19:30:00,110.80999755859375
2018-10-19 13:30:00,112.56999969482422
2018-10-19 14:30:00,111.9800033569336
2018-10-19 15:30:00,111.01000213623047
2018-10-19 16:30:00,111.30000305175781
2018-10-19 17:30:00,110.81999969482422
2018-10-19 18:30:00,110.91000366210938
2018-10-19 19:30:00,110.3499984741211
2018-10-22 13:30:00,111.76000213623047
2018-10-22 14:30:00,112.72000122070312
2018-10-22 15:30:00,112.45999908447266
2018-10-22 16:30:00,113.12000274658203
2018-10-22 17:30:00,112.83999633789062
2018-10-22 18:30:00,113.08000183105469
2018-10-22 19:30:00,112.44999694824219
2018-10-23 13:30:00,111.37000274658203
2018-10-23 14:30:00,111.20999908447266
2018-10-23 15:30:00,112.3550033569336
2018-10-23 16:30:00,112.81999969482422
2018-10-23 17:30:00,113.3499984741211
2018-10-23 18:30:00,113.41500091552734
2018-10-23 19:30:00,113.18000030517578
2018-10-24 13:30:00,109.94999694824219
2018-10-24 14:30:00,109.12999725341797
2018-10-24 15:30:00,111.13999938964844
2018-10-24 16:30:00,109.55000305175781
2018-10-24 17:30:00,109.6050033569336
2018-10-24 18:30:00,109.29000091552734
2018-10-24 19:30:00,108.20999908447266
2018-10-25 13:30:00,108.66999816894531
2018-10-25 14:30:00,109.4000015258789
2018-10-25 15:30:00,108.41000366210938
2018-10-25 16:30:00,108.57420349121094
2018-10-25 17:30:00,108.9800033569336
2018-10-25 18:30:00,109.22000122070312
2018-10-25 19:30:00,109.2300033569336
2018-10-26 13:30:00,107.06999969482422
2018-10-26 14:30:00,107.33999633789062
2018-10-26 15:30:00,108.4000015258789
2018-10-26 16:30:00,108.97000122070312
2018-10-26 17:30:00,108.79000091552734
2018-10-26 18:30:00,108.37999725341797
2018-10-26 19:30:00,108.37999725341797
2018-10-29 13:30:00,109.93499755859375
2018-10-29 14:30:00,109.08499908447266
2018-10-29 15:30:00,107.47000122070312
2018-10-29 16:30:00,107.75499725341797
2018-10-29 17:30:00,107.41999816894531
2018-10-29 18:30:00,105.95999908447266
2018-10-29 19:30:00,106.83999633789062
2018-10-30 13:30:00,106.1500015258789
2018-10-30 14:30:00,106.62000274658203
2018-10-30 15:30:00,107.75
2018-10-30 16:30:00,106.52999877929688
2018-10-30 17:30:00,106.52999877929688
2018-10-30 18:30:00,107.2699966430664
2018-10-30 19:30:00,107.33000183105469
2018-10-31 13:30:00,109.90499877929688
2018-10-31 14:30:00,109.83000183105469
2018-10-31 15:30:00,109.8499984741211
2018-10-31 16:30:00,110.29000091552734
2018-10-31 17:30:00,110.5199966430664
2018-10-31 18:30:00,110.9000015258789
2018-10-31 19:30:00,110.97000122070312
2018-11-01 13:30:00,109.86000061035156
2018-11-01 14:30:00,111.47000122070312
2018-11-01 15:30:00,111.0
2018-11-01 16:30:00,111.17790222167969
2018-11-01 17:30:00,111.28060150146484
2018-11-01 18:30:00,111.41000366210938
2018-11-01 19:30:00,111.44000244140625
2018-11-02 13:30:00,111.2249984741211
2018-11-02 14:30:00,110.66500091552734
2018-11-02 15:30:00,110.61000061035156
2018-11-02 16:30:00,110.44999694824219
2018-11-02 17:30:00,110.94000244140625
2018-11-02 18:30:00,110.94000244140625
2018-11-02 19:30:00,111.04000091552734
