Datetime,CMCSA
2017-11-06 14:30:00,35.88999938964844
2017-11-06 15:30:00,35.76530075073242
2017-11-06 16:30:00,35.70000076293945
2017-11-06 17:30:00,35.540000915527344
2017-11-06 18:30:00,35.66999816894531
2017-11-06 19:30:00,35.47999954223633
2017-11-06 20:30:00,35.540000915527344
2017-11-07 14:30:00,36.08000183105469
2017-11-07 15:30:00,36.69499969482422
2017-11-07 16:30:00,36.79999923706055
2017-11-07 17:30:00,36.630001068115234
2017-11-07 18:30:00,36.599998474121094
2017-11-07 19:30:00,36.29999923706055
2017-11-07 20:30:00,36.38999938964844
2017-11-08 14:30:00,36.424800872802734
2017-11-08 15:30:00,36.494998931884766
2017-11-08 16:30:00,36.36000061035156
2017-11-08 17:30:00,36.34000015258789
2017-11-08 18:30:00,36.20000076293945
2017-11-08 19:30:00,36.13100051879883
2017-11-08 20:30:00,36.220001220703125
2017-11-09 14:30:00,36.68000030517578
2017-11-09 15:30:00,36.81999969482422
2017-11-09 16:30:00,36.560001373291016
2017-11-09 17:30:00,36.720001220703125
2017-11-09 18:30:00,36.810001373291016
2017-11-09 19:30:00,36.69499969482422
2017-11-09 20:30:00,36.560001373291016
2017-11-10 14:30:00,37.060001373291016
2017-11-10 15:30:00,37.025001525878906
2017-11-10 16:30:00,36.926998138427734
2017-11-10 17:30:00,36.88999938964844
2017-11-10 18:30:00,36.939998626708984
2017-11-10 19:30:00,36.915000915527344
2017-11-10 20:30:00,36.849998474121094
2017-11-13 14:30:00,36.790000915527344
2017-11-13 15:30:00,36.869998931884766
2017-11-13 16:30:00,36.81529998779297
2017-11-13 17:30:00,37.0
2017-11-13 18:30:00,37.08000183105469
2017-11-13 19:30:00,37.20000076293945
2017-11-13 20:30:00,37.25
2017-11-14 14:30:00,36.880001068115234
2017-11-14 15:30:00,36.869998931884766
2017-11-14 16:30:00,36.900001525878906
2017-11-14 17:30:00,36.875
2017-11-14 18:30:00,36.869998931884766
2017-11-14 19:30:00,36.8650016784668
2017-11-14 20:30:00,36.869998931884766
2017-11-15 14:30:00,36.81999969482422
2017-11-15 15:30:00,37.095001220703125
2017-11-15 16:30:00,37.0
2017-11-15 17:30:00,36.900001525878906
2017-11-15 18:30:00,37.08000183105469
2017-11-15 19:30:00,37.040000915527344
2017-11-15 20:30:00,37.18000030517578
2017-11-16 14:30:00,37.29999923706055
2017-11-16 15:30:00,37.45249938964844
2017-11-16 16:30:00,37.45000076293945
2017-11-16 17:30:00,37.30500030517578
2017-11-16 18:30:00,37.2400016784668
2017-11-16 19:30:00,37.04999923706055
2017-11-16 20:30:00,37.060001373291016
2017-11-17 14:30:00,36.47999954223633
2017-11-17 15:30:00,36.54999923706055
2017-11-17 16:30:00,36.52000045776367
2017-11-17 17:30:00,36.44499969482422
2017-11-17 18:30:00,36.380001068115234
2017-11-17 19:30:00,36.2599983215332
2017-11-17 20:30:00,36.15999984741211
2017-11-20 14:30:00,36.220001220703125
2017-11-20 15:30:00,36.125
2017-11-20 16:30:00,36.04499816894531
2017-11-20 17:30:00,35.97999954223633
2017-11-20 18:30:00,35.935001373291016
2017-11-20 19:30:00,35.779998779296875
2017-11-20 20:30:00,35.83000183105469
2017-11-21 14:30:00,36.459999084472656
2017-11-21 15:30:00,36.35499954223633
2017-11-21 16:30:00,36.35499954223633
2017-11-21 17:30:00,36.3650016784668
2017-11-21 18:30:00,36.32500076293945
2017-11-21 19:30:00,36.39899826049805
2017-11-21 20:30:00,36.40999984741211
2017-11-22 14:30:00,36.404998779296875
2017-11-22 15:30:00,36.22999954223633
2017-11-22 16:30:00,36.400001525878906
2017-11-22 17:30:00,36.36000061035156
2017-11-22 18:30:00,36.375
2017-11-22 19:30:00,36.439998626708984
2017-11-22 20:30:00,36.400001525878906
2017-11-24 14:30:00,35.95000076293945
2017-11-24 15:30:00,35.93000030517578
2017-11-24 16:30:00,35.89500045776367
2017-11-24 18:00:00,35.869998931884766
2017-11-27 14:30:00,35.61000061035156
2017-11-27 15:30:00,35.439998626708984
2017-11-27 16:30:00,35.525001525878906
2017-11-27 17:30:00,35.52000045776367
2017-11-27 18:30:00,35.584999084472656
2017-11-27 19:30:00,35.560001373291016
2017-11-27 20:30:00,35.560001373291016
2017-11-28 14:30:00,35.349998474121094
2017-11-28 15:30:00,35.3849983215332
2017-11-28 16:30:00,35.44499969482422
2017-11-28 17:30:00,35.439998626708984
2017-11-28 18:30:00,35.56999969482422
2017-11-28 19:30:00,35.9900016784668
2017-11-28 20:30:00,36.2400016784668
2017-11-29 14:30:00,37.540000915527344
2017-11-29 15:30:00,37.2400016784668
2017-11-29 16:30:00,37.26340103149414
2017-11-29 17:30:00,37.20000076293945
2017-11-29 18:30:00,37.125
2017-11-29 19:30:00,37.09000015258789
2017-11-29 20:30:00,37.209999084472656
2017-11-30 14:30:00,36.75
2017-11-30 15:30:00,37.040000915527344
2017-11-30 16:30:00,37.130001068115234
2017-11-30 17:30:00,37.375
2017-11-30 18:30:00,37.34109878540039
2017-11-30 19:30:00,37.38999938964844
2017-11-30 20:30:00,37.56999969482422
2017-12-01 14:30:00,38.209999084472656
2017-12-01 15:30:00,37.84000015258789
2017-12-01 16:30:00,38.130001068115234
2017-12-01 17:30:00,38.249900817871094
2017-12-01 18:30:00,38.27000045776367
2017-12-01 19:30:00,38.38999938964844
2017-12-01 20:30:00,38.439998626708984
2017-12-04 14:30:00,40.1349983215332
2017-12-04 15:30:00,40.029998779296875
2017-12-04 16:30:00,39.849998474121094
2017-12-04 17:30:00,40.16379928588867
2017-12-04 18:30:00,40.3849983215332
2017-12-04 19:30:00,40.584999084472656
2017-12-04 20:30:00,40.31999969482422
2017-12-05 14:30:00,39.755001068115234
2017-12-05 15:30:00,39.915000915527344
2017-12-05 16:30:00,39.88999938964844
2017-12-05 17:30:00,39.880001068115234
2017-12-05 18:30:00,39.7599983215332
2017-12-05 19:30:00,39.67499923706055
2017-12-05 20:30:00,39.5099983215332
2017-12-06 14:30:00,38.97999954223633
2017-12-06 15:30:00,38.93000030517578
2017-12-06 16:30:00,38.7599983215332
2017-12-06 17:30:00,38.779998779296875
2017-12-06 18:30:00,38.619998931884766
2017-12-06 19:30:00,38.685001373291016
2017-12-06 20:30:00,38.63999938964844
2017-12-07 14:30:00,38.064998626708984
2017-12-07 15:30:00,38.150001525878906
2017-12-07 16:30:00,38.029998779296875
2017-12-07 17:30:00,37.939998626708984
2017-12-07 18:30:00,37.970001220703125
2017-12-07 19:30:00,37.9900016784668
2017-12-07 20:30:00,37.869998931884766
2017-12-08 14:30:00,38.15999984741211
2017-12-08 15:30:00,38.11000061035156
2017-12-08 16:30:00,38.06999969482422
2017-12-08 17:30:00,38.099998474121094
2017-12-08 18:30:00,38.07500076293945
2017-12-08 19:30:00,38.04999923706055
2017-12-08 20:30:00,37.939998626708984
2017-12-11 14:30:00,38.30500030517578
2017-12-11 15:30:00,38.279998779296875
2017-12-11 16:30:00,38.22999954223633
2017-12-11 17:30:00,38.38999938964844
2017-12-11 18:30:00,38.290000915527344
2017-12-11 19:30:00,38.35499954223633
2017-12-11 20:30:00,38.43000030517578
2017-12-12 14:30:00,39.38999938964844
2017-12-12 15:30:00,39.220001220703125
2017-12-12 16:30:00,39.104400634765625
2017-12-12 17:30:00,39.11000061035156
2017-12-12 18:30:00,39.23500061035156
2017-12-12 19:30:00,39.459999084472656
2017-12-12 20:30:00,39.52000045776367
2017-12-13 14:30:00,38.63999938964844
2017-12-13 15:30:00,38.72999954223633
2017-12-13 16:30:00,38.994998931884766
2017-12-13 17:30:00,38.9900016784668
2017-12-13 18:30:00,38.845001220703125
2017-12-13 19:30:00,38.744998931884766
2017-12-13 20:30:00,38.58000183105469
2017-12-14 14:30:00,38.744998931884766
2017-12-14 15:30:00,38.5
2017-12-14 16:30:00,38.81999969482422
2017-12-14 17:30:00,39.08000183105469
2017-12-14 18:30:00,39.22999954223633
2017-12-14 19:30:00,39.16999816894531
2017-12-14 20:30:00,39.130001068115234
2017-12-15 14:30:00,39.375
2017-12-15 15:30:00,39.2400016784668
2017-12-15 16:30:00,39.189998626708984
2017-12-15 17:30:00,39.22999954223633
2017-12-15 18:30:00,39.59000015258789
2017-12-15 19:30:00,39.724998474121094
2017-12-15 20:30:00,39.63999938964844
2017-12-18 14:30:00,39.709999084472656
2017-12-18 15:30:00,39.685001373291016
2017-12-18 16:30:00,39.685001373291016
2017-12-18 17:30:00,39.54999923706055
2017-12-18 18:30:00,39.61000061035156
2017-12-18 19:30:00,39.58000183105469
2017-12-18 20:30:00,39.560001373291016
2017-12-19 14:30:00,39.189998626708984
2017-12-19 15:30:00,39.150001525878906
2017-12-19 16:30:00,38.94499969482422
2017-12-19 17:30:00,39.04999923706055
2017-12-19 18:30:00,39.11000061035156
2017-12-19 19:30:00,39.185001373291016
2017-12-19 20:30:00,39.130001068115234
2017-12-20 14:30:00,39.220001220703125
2017-12-20 15:30:00,39.29999923706055
2017-12-20 16:30:00,39.310001373291016
2017-12-20 17:30:00,39.540000915527344
2017-12-20 18:30:00,39.4900016784668
2017-12-20 19:30:00,39.51499938964844
2017-12-20 20:30:00,39.380001068115234
2017-12-21 14:30:00,39.66999816894531
2017-12-21 15:30:00,40.2400016784668
2017-12-21 16:30:00,40.63999938964844
2017-12-21 17:30:00,40.81999969482422
2017-12-21 18:30:00,40.974998474121094
2017-12-21 19:30:00,40.95000076293945
2017-12-21 20:30:00,40.83000183105469
2017-12-22 14:30:00,41.06999969482422
2017-12-22 15:30:00,40.72999954223633
2017-12-22 16:30:00,40.650001525878906
2017-12-22 17:30:00,40.709999084472656
2017-12-22 18:30:00,40.70000076293945
2017-12-22 19:30:00,40.724998474121094
2017-12-22 20:30:00,40.790000915527344
2017-12-26 14:30:00,40.720001220703125
2017-12-26 15:30:00,40.845001220703125
2017-12-26 16:30:00,40.88999938964844
2017-12-26 17:30:00,40.869998931884766
2017-12-26 18:30:00,40.75
2017-12-26 19:30:00,40.749900817871094
2017-12-26 20:30:00,40.81999969482422
2017-12-27 14:30:00,40.564998626708984
2017-12-27 15:30:00,40.34000015258789
2017-12-27 16:30:00,40.345001220703125
2017-12-27 17:30:00,40.369998931884766
2017-12-27 18:30:00,40.40999984741211
2017-12-27 19:30:00,40.320098876953125
2017-12-27 20:30:00,40.40999984741211
2017-12-28 14:30:00,40.189998626708984
2017-12-28 15:30:00,40.150001525878906
2017-12-28 16:30:00,40.189998626708984
2017-12-28 17:30:00,40.15999984741211
2017-12-28 18:30:00,40.20000076293945
2017-12-28 19:30:00,40.23500061035156
2017-12-28 20:30:00,40.290000915527344
2017-12-29 14:30:00,40.27000045776367
2017-12-29 15:30:00,40.209999084472656
2017-12-29 16:30:00,40.25
2017-12-29 17:30:00,40.17499923706055
2017-12-29 18:30:00,40.15999984741211
2017-12-29 19:30:00,40.244998931884766
2017-12-29 20:30:00,40.06999969482422
2018-01-02 14:30:00,40.68000030517578
2018-01-02 15:30:00,40.86000061035156
2018-01-02 16:30:00,40.93009948730469
2018-01-02 17:30:00,40.935001373291016
2018-01-02 18:30:00,40.959999084472656
2018-01-02 19:30:00,41.0099983215332
2018-01-02 20:30:00,41.060001373291016
2018-01-03 14:30:00,41.056800842285156
2018-01-03 15:30:00,40.650001525878906
2018-01-03 16:30:00,40.529998779296875
2018-01-03 17:30:00,40.33000183105469
2018-01-03 18:30:00,40.09000015258789
2018-01-03 19:30:00,40.16999816894531
2018-01-03 20:30:00,40.38999938964844
2018-01-04 14:30:00,40.224998474121094
2018-01-04 15:30:00,40.154998779296875
2018-01-04 16:30:00,40.400001525878906
2018-01-04 17:30:00,40.5
2018-01-04 18:30:00,40.55500030517578
2018-01-04 19:30:00,40.66999816894531
2018-01-04 20:30:00,40.66999816894531
2018-01-05 14:30:00,40.5099983215332
2018-01-05 15:30:00,40.625
2018-01-05 16:30:00,40.60100173950195
2018-01-05 17:30:00,40.64099884033203
2018-01-05 18:30:00,40.689998626708984
2018-01-05 19:30:00,40.79999923706055
2018-01-05 20:30:00,41.0099983215332
2018-01-08 14:30:00,40.69499969482422
2018-01-08 15:30:00,40.595001220703125
2018-01-08 16:30:00,40.380001068115234
2018-01-08 17:30:00,40.45500183105469
2018-01-08 18:30:00,40.459999084472656
2018-01-08 19:30:00,40.41379928588867
2018-01-08 20:30:00,40.45000076293945
2018-01-09 14:30:00,40.900001525878906
2018-01-09 15:30:00,40.96500015258789
2018-01-09 16:30:00,40.900001525878906
2018-01-09 17:30:00,40.93000030517578
2018-01-09 18:30:00,40.84270095825195
2018-01-09 19:30:00,40.70000076293945
2018-01-09 20:30:00,40.63999938964844
2018-01-10 14:30:00,40.349700927734375
2018-01-10 15:30:00,40.77000045776367
2018-01-10 16:30:00,40.75
2018-01-10 17:30:00,40.7599983215332
2018-01-10 18:30:00,40.744998931884766
2018-01-10 19:30:00,40.75
2018-01-10 20:30:00,41.09000015258789
2018-01-11 14:30:00,41.595001220703125
2018-01-11 15:30:00,41.619998931884766
2018-01-11 16:30:00,41.90999984741211
2018-01-11 17:30:00,42.290000915527344
2018-01-11 18:30:00,42.32500076293945
2018-01-11 19:30:00,42.459999084472656
2018-01-11 20:30:00,42.599998474121094
2018-01-12 14:30:00,42.125
2018-01-12 15:30:00,42.21500015258789
2018-01-12 16:30:00,42.22999954223633
2018-01-12 17:30:00,42.282100677490234
2018-01-12 18:30:00,42.28499984741211
2018-01-12 19:30:00,42.29999923706055
2018-01-12 20:30:00,42.42499923706055
2018-01-16 14:30:00,42.20000076293945
2018-01-16 15:30:00,42.25
2018-01-16 16:30:00,42.11000061035156
2018-01-16 17:30:00,42.03300094604492
2018-01-16 18:30:00,42.04499816894531
2018-01-16 19:30:00,41.90999984741211
2018-01-16 20:30:00,41.810001373291016
2018-01-17 14:30:00,41.51499938964844
2018-01-17 15:30:00,41.494998931884766
2018-01-17 16:30:00,41.52000045776367
2018-01-17 17:30:00,41.630001068115234
2018-01-17 18:30:00,41.78499984741211
2018-01-17 19:30:00,41.65999984741211
2018-01-17 20:30:00,41.68000030517578
2018-01-18 14:30:00,41.779998779296875
2018-01-18 15:30:00,41.560001373291016
2018-01-18 16:30:00,41.599998474121094
2018-01-18 17:30:00,41.71419906616211
2018-01-18 18:30:00,41.709999084472656
2018-01-18 19:30:00,41.77000045776367
2018-01-18 20:30:00,41.84000015258789
2018-01-19 14:30:00,41.90999984741211
2018-01-19 15:30:00,42.290000915527344
2018-01-19 16:30:00,42.41999816894531
2018-01-19 17:30:00,42.439998626708984
2018-01-19 18:30:00,42.51499938964844
2018-01-19 19:30:00,42.51499938964844
2018-01-19 20:30:00,42.5099983215332
2018-01-22 14:30:00,42.6150016784668
2018-01-22 15:30:00,42.529998779296875
2018-01-22 16:30:00,42.869998931884766
2018-01-22 17:30:00,42.790000915527344
2018-01-22 18:30:00,42.849998474121094
2018-01-22 19:30:00,42.73500061035156
2018-01-22 20:30:00,42.875
2018-01-23 14:30:00,42.349998474121094
2018-01-23 15:30:00,42.15999984741211
2018-01-23 16:30:00,42.099998474121094
2018-01-23 17:30:00,41.994998931884766
2018-01-23 18:30:00,42.20000076293945
2018-01-23 19:30:00,42.310001373291016
2018-01-23 20:30:00,42.439998626708984
2018-01-24 14:30:00,42.849998474121094
2018-01-24 15:30:00,42.29499816894531
2018-01-24 16:30:00,41.790000915527344
2018-01-24 17:30:00,42.70000076293945
2018-01-24 18:30:00,42.5099983215332
2018-01-24 19:30:00,42.40999984741211
2018-01-24 20:30:00,42.9900016784668
2018-01-25 14:30:00,42.310001373291016
2018-01-25 15:30:00,42.334999084472656
2018-01-25 16:30:00,42.27000045776367
2018-01-25 17:30:00,42.029998779296875
2018-01-25 18:30:00,42.29999923706055
2018-01-25 19:30:00,42.220001220703125
2018-01-25 20:30:00,42.130001068115234
2018-01-26 14:30:00,42.09000015258789
2018-01-26 15:30:00,42.16999816894531
2018-01-26 16:30:00,42.42499923706055
2018-01-26 17:30:00,42.58000183105469
2018-01-26 18:30:00,42.5
2018-01-26 19:30:00,42.63999938964844
2018-01-26 20:30:00,42.7599983215332
2018-01-29 14:30:00,41.810001373291016
2018-01-29 15:30:00,42.02619934082031
2018-01-29 16:30:00,42.13999938964844
2018-01-29 17:30:00,42.310001373291016
2018-01-29 18:30:00,42.279998779296875
2018-01-29 19:30:00,42.119998931884766
2018-01-29 20:30:00,41.95000076293945
2018-01-30 14:30:00,41.869998931884766
2018-01-30 15:30:00,42.06999969482422
2018-01-30 16:30:00,42.093101501464844
2018-01-30 17:30:00,42.125
2018-01-30 18:30:00,42.38999938964844
2018-01-30 19:30:00,42.3650016784668
2018-01-30 20:30:00,42.34000015258789
2018-01-31 14:30:00,42.60499954223633
2018-01-31 15:30:00,42.380001068115234
2018-01-31 16:30:00,42.29499816894531
2018-01-31 17:30:00,42.369998931884766
2018-01-31 18:30:00,42.369998931884766
2018-01-31 19:30:00,42.470001220703125
2018-01-31 20:30:00,42.56999969482422
2018-02-01 14:30:00,42.380001068115234
2018-02-01 15:30:00,42.224998474121094
2018-02-01 16:30:00,42.38999938964844
2018-02-01 17:30:00,42.40999984741211
2018-02-01 18:30:00,42.35499954223633
2018-02-01 19:30:00,42.09000015258789
2018-02-01 20:30:00,41.900001525878906
2018-02-02 14:30:00,41.630001068115234
2018-02-02 15:30:00,41.790000915527344
2018-02-02 16:30:00,41.595001220703125
2018-02-02 17:30:00,41.349998474121094
2018-02-02 18:30:00,40.869998931884766
2018-02-02 19:30:00,41.13999938964844
2018-02-02 20:30:00,41.11000061035156
2018-02-05 14:30:00,41.02000045776367
2018-02-05 15:30:00,40.90999984741211
2018-02-05 16:30:00,40.20000076293945
2018-02-05 17:30:00,40.25
2018-02-05 18:30:00,39.91999816894531
2018-02-05 19:30:00,39.77000045776367
2018-02-05 20:30:00,39.25
2018-02-06 14:30:00,39.119998931884766
2018-02-06 15:30:00,39.0099983215332
2018-02-06 16:30:00,39.13999938964844
2018-02-06 17:30:00,39.34000015258789
2018-02-06 18:30:00,38.79999923706055
2018-02-06 19:30:00,39.47999954223633
2018-02-06 20:30:00,39.68000030517578
2018-02-07 14:30:00,39.775001525878906
2018-02-07 15:30:00,40.0
2018-02-07 16:30:00,40.375
2018-02-07 17:30:00,40.029998779296875
2018-02-07 18:30:00,40.310001373291016
2018-02-07 19:30:00,40.244998931884766
2018-02-07 20:30:00,40.15999984741211
2018-02-08 14:30:00,39.68000030517578
2018-02-08 15:30:00,39.310001373291016
2018-02-08 16:30:00,39.060001373291016
2018-02-08 17:30:00,38.9900016784668
2018-02-08 18:30:00,39.209999084472656
2018-02-08 19:30:00,38.970001220703125
2018-02-08 20:30:00,38.18000030517578
2018-02-09 14:30:00,38.59000015258789
2018-02-09 15:30:00,38.22999954223633
2018-02-09 16:30:00,37.650001525878906
2018-02-09 17:30:00,37.64500045776367
2018-02-09 18:30:00,38.13999938964844
2018-02-09 19:30:00,38.18000030517578
2018-02-09 20:30:00,38.540000915527344
2018-02-12 14:30:00,38.56999969482422
2018-02-12 15:30:00,38.369998931884766
2018-02-12 16:30:00,38.559898376464844
2018-02-12 17:30:00,38.369998931884766
2018-02-12 18:30:00,38.4900016784668
2018-02-12 19:30:00,38.59000015258789
2018-02-12 20:30:00,38.54999923706055
2018-02-13 14:30:00,38.752498626708984
2018-02-13 15:30:00,38.63999938964844
2018-02-13 16:30:00,38.599998474121094
2018-02-13 17:30:00,38.68000030517578
2018-02-13 18:30:00,38.849998474121094
2018-02-13 19:30:00,39.04999923706055
2018-02-13 20:30:00,38.970001220703125
2018-02-14 14:30:00,39.279998779296875
2018-02-14 15:30:00,38.9900016784668
2018-02-14 16:30:00,39.20989990234375
2018-02-14 17:30:00,39.47999954223633
2018-02-14 18:30:00,39.400001525878906
2018-02-14 19:30:00,39.48249816894531
2018-02-14 20:30:00,39.41999816894531
2018-02-15 14:30:00,39.494998931884766
2018-02-15 15:30:00,39.5099983215332
2018-02-15 16:30:00,39.72999954223633
2018-02-15 17:30:00,39.94499969482422
2018-02-15 18:30:00,39.9900016784668
2018-02-15 19:30:00,39.869998931884766
2018-02-15 20:30:00,40.09000015258789
2018-02-16 14:30:00,40.1349983215332
2018-02-16 15:30:00,40.20500183105469
2018-02-16 16:30:00,40.404998779296875
2018-02-16 17:30:00,39.79999923706055
2018-02-16 18:30:00,39.790000915527344
2018-02-16 19:30:00,39.849998474121094
2018-02-16 20:30:00,39.79999923706055
2018-02-20 14:30:00,39.25
2018-02-20 15:30:00,39.369998931884766
2018-02-20 16:30:00,39.43000030517578
2018-02-20 17:30:00,39.33000183105469
2018-02-20 18:30:00,39.470001220703125
2018-02-20 19:30:00,39.45500183105469
2018-02-20 20:30:00,39.459999084472656
2018-02-21 14:30:00,39.43000030517578
2018-02-21 15:30:00,39.6150016784668
2018-02-21 16:30:00,39.31999969482422
2018-02-21 17:30:00,39.36000061035156
2018-02-21 18:30:00,39.56999969482422
2018-02-21 19:30:00,39.349998474121094
2018-02-21 20:30:00,39.0099983215332
2018-02-22 14:30:00,39.22999954223633
2018-02-22 15:30:00,39.45000076293945
2018-02-22 16:30:00,39.380001068115234
2018-02-22 17:30:00,39.084999084472656
2018-02-22 18:30:00,39.20000076293945
2018-02-22 19:30:00,38.970001220703125
2018-02-22 20:30:00,38.810001373291016
2018-02-23 14:30:00,38.915000915527344
2018-02-23 15:30:00,39.130001068115234
2018-02-23 16:30:00,39.27000045776367
2018-02-23 17:30:00,39.2244987487793
2018-02-23 18:30:00,39.34000015258789
2018-02-23 19:30:00,39.540000915527344
2018-02-23 20:30:00,39.5099983215332
2018-02-26 14:30:00,39.47999954223633
2018-02-26 15:30:00,39.52000045776367
2018-02-26 16:30:00,39.494998931884766
2018-02-26 17:30:00,39.47999954223633
2018-02-26 18:30:00,39.54999923706055
2018-02-26 19:30:00,39.56999969482422
2018-02-26 20:30:00,39.5890007019043
2018-02-27 14:30:00,37.51459884643555
2018-02-27 15:30:00,37.13999938964844
2018-02-27 16:30:00,37.150001525878906
2018-02-27 17:30:00,37.39899826049805
2018-02-27 18:30:00,37.14500045776367
2018-02-27 19:30:00,37.02000045776367
2018-02-27 20:30:00,36.63999938964844
2018-02-28 14:30:00,36.38999938964844
2018-02-28 15:30:00,36.95000076293945
2018-02-28 16:30:00,36.91999816894531
2018-02-28 17:30:00,36.98500061035156
2018-02-28 18:30:00,36.86000061035156
2018-02-28 19:30:00,36.65999984741211
2018-02-28 20:30:00,36.21500015258789
2018-03-01 14:30:00,36.630001068115234
2018-03-01 15:30:00,36.625
2018-03-01 16:30:00,36.4900016784668
2018-03-01 17:30:00,36.349998474121094
2018-03-01 18:30:00,36.36000061035156
2018-03-01 19:30:00,36.45000076293945
2018-03-01 20:30:00,36.54610061645508
2018-03-02 14:30:00,36.25
2018-03-02 15:30:00,36.275001525878906
2018-03-02 16:30:00,36.25
2018-03-02 17:30:00,36.20000076293945
2018-03-02 18:30:00,36.279998779296875
2018-03-02 19:30:00,36.2400016784668
2018-03-02 20:30:00,36.4900016784668
2018-03-05 14:30:00,36.33000183105469
2018-03-05 15:30:00,36.630001068115234
2018-03-05 16:30:00,37.04999923706055
2018-03-05 17:30:00,36.814998626708984
2018-03-05 18:30:00,36.788299560546875
2018-03-05 19:30:00,36.959999084472656
2018-03-05 20:30:00,36.779998779296875
2018-03-06 14:30:00,36.83000183105469
2018-03-06 15:30:00,36.56999969482422
2018-03-06 16:30:00,36.70000076293945
2018-03-06 17:30:00,36.68000030517578
2018-03-06 18:30:00,36.790000915527344
2018-03-06 19:30:00,36.779998779296875
2018-03-06 20:30:00,36.86000061035156
2018-03-07 14:30:00,36.56999969482422
2018-03-07 15:30:00,36.599998474121094
2018-03-07 16:30:00,36.16999816894531
2018-03-07 17:30:00,36.18000030517578
2018-03-07 18:30:00,36.2599983215332
2018-03-07 19:30:00,36.16999816894531
2018-03-07 20:30:00,36.130001068115234
2018-03-08 14:30:00,36.58000183105469
2018-03-08 15:30:00,36.70439910888672
2018-03-08 16:30:00,36.626800537109375
2018-03-08 17:30:00,36.685001373291016
2018-03-08 18:30:00,36.79999923706055
2018-03-08 19:30:00,36.935001373291016
2018-03-08 20:30:00,36.88999938964844
2018-03-09 14:30:00,36.70500183105469
2018-03-09 15:30:00,36.720001220703125
2018-03-09 16:30:00,36.709999084472656
2018-03-09 17:30:00,36.76499938964844
2018-03-09 18:30:00,36.849998474121094
2018-03-09 19:30:00,36.880001068115234
2018-03-09 20:30:00,37.130001068115234
2018-03-12 13:30:00,37.07099914550781
2018-03-12 14:30:00,36.9900016784668
2018-03-12 15:30:00,37.02000045776367
2018-03-12 16:30:00,36.939998626708984
2018-03-12 17:30:00,36.923099517822266
2018-03-12 18:30:00,37.04999923706055
2018-03-12 19:30:00,36.97999954223633
2018-03-13 13:30:00,36.78499984741211
2018-03-13 14:30:00,36.619998931884766
2018-03-13 15:30:00,36.4900016784668
2018-03-13 16:30:00,36.56999969482422
2018-03-13 17:30:00,36.40999984741211
2018-03-13 18:30:00,36.290000915527344
2018-03-13 19:30:00,36.41999816894531
2018-03-14 13:30:00,36.22999954223633
2018-03-14 14:30:00,36.15999984741211
2018-03-14 15:30:00,36.08000183105469
2018-03-14 16:30:00,36.16999816894531
2018-03-14 17:30:00,36.10499954223633
2018-03-14 18:30:00,36.0
2018-03-14 19:30:00,36.02000045776367
2018-03-15 13:30:00,36.150001525878906
2018-03-15 14:30:00,36.275001525878906
2018-03-15 15:30:00,36.20000076293945
2018-03-15 16:30:00,36.09000015258789
2018-03-15 17:30:00,36.154998779296875
2018-03-15 18:30:00,36.189998626708984
2018-03-15 19:30:00,36.13999938964844
2018-03-16 13:30:00,36.56999969482422
2018-03-16 14:30:00,36.540000915527344
2018-03-16 15:30:00,36.19499969482422
2018-03-16 16:30:00,36.099998474121094
2018-03-16 17:30:00,35.994998931884766
2018-03-16 18:30:00,35.880001068115234
2018-03-16 19:30:00,35.81999969482422
2018-03-19 13:30:00,35.54999923706055
2018-03-19 14:30:00,35.345001220703125
2018-03-19 15:30:00,35.0
2018-03-19 16:30:00,34.970001220703125
2018-03-19 17:30:00,35.0099983215332
2018-03-19 18:30:00,35.20000076293945
2018-03-19 19:30:00,35.310001373291016
2018-03-20 13:30:00,34.9900016784668
2018-03-20 14:30:00,34.880001068115234
2018-03-20 15:30:00,34.88600158691406
2018-03-20 16:30:00,34.834999084472656
2018-03-20 17:30:00,34.810001373291016
2018-03-20 18:30:00,34.650001525878906
2018-03-20 19:30:00,34.58000183105469
2018-03-21 13:30:00,34.76499938964844
2018-03-21 14:30:00,34.939998626708984
2018-03-21 15:30:00,34.90999984741211
2018-03-21 16:30:00,34.77000045776367
2018-03-21 17:30:00,34.779998779296875
2018-03-21 18:30:00,34.70000076293945
2018-03-21 19:30:00,34.47999954223633
2018-03-22 13:30:00,33.650001525878906
2018-03-22 14:30:00,33.525001525878906
2018-03-22 15:30:00,33.6349983215332
2018-03-22 16:30:00,33.70000076293945
2018-03-22 17:30:00,33.560001373291016
2018-03-22 18:30:00,33.47999954223633
2018-03-22 19:30:00,33.220001220703125
2018-03-23 13:30:00,33.599998474121094
2018-03-23 14:30:00,33.56999969482422
2018-03-23 15:30:00,33.5099983215332
2018-03-23 16:30:00,33.5099983215332
2018-03-23 17:30:00,33.4900016784668
2018-03-23 18:30:00,33.40999984741211
2018-03-23 19:30:00,33.16999816894531
2018-03-26 13:30:00,33.07500076293945
2018-03-26 14:30:00,32.76499938964844
2018-03-26 15:30:00,33.10599899291992
2018-03-26 16:30:00,33.15999984741211
2018-03-26 17:30:00,33.244998931884766
2018-03-26 18:30:00,33.345001220703125
2018-03-26 19:30:00,33.54999923706055
2018-03-27 13:30:00,33.54999923706055
2018-03-27 14:30:00,33.38999938964844
2018-03-27 15:30:00,33.59000015258789
2018-03-27 16:30:00,33.650001525878906
2018-03-27 17:30:00,33.439998626708984
2018-03-27 18:30:00,33.00659942626953
2018-03-27 19:30:00,33.0
2018-03-28 13:30:00,33.38999938964844
2018-03-28 14:30:00,33.45500183105469
2018-03-28 15:30:00,33.540000915527344
2018-03-28 16:30:00,33.4900016784668
2018-03-28 17:30:00,33.410099029541016
2018-03-28 18:30:00,33.400001525878906
2018-03-28 19:30:00,33.27000045776367
2018-03-29 13:30:00,33.63999938964844
2018-03-29 14:30:00,33.90999984741211
2018-03-29 15:30:00,34.060001373291016
2018-03-29 16:30:00,34.099998474121094
2018-03-29 17:30:00,34.23500061035156
2018-03-29 18:30:00,34.38999938964844
2018-03-29 19:30:00,34.15999984741211
2018-04-02 13:30:00,33.84000015258789
2018-04-02 14:30:00,33.79999923706055
2018-04-02 15:30:00,33.51499938964844
2018-04-02 16:30:00,33.4900016784668
2018-04-02 17:30:00,33.369998931884766
2018-04-02 18:30:00,33.404998779296875
2018-04-02 19:30:00,33.52000045776367
2018-04-03 13:30:00,33.060001373291016
2018-04-03 14:30:00,33.189998626708984
2018-04-03 15:30:00,33.09000015258789
2018-04-03 16:30:00,33.119998931884766
2018-04-03 17:30:00,33.04999923706055
2018-04-03 18:30:00,33.42499923706055
2018-04-03 19:30:00,33.459999084472656
2018-04-04 13:30:00,33.540000915527344
2018-04-04 14:30:00,33.755001068115234
2018-04-04 15:30:00,33.83000183105469
2018-04-04 16:30:00,33.709999084472656
2018-04-04 17:30:00,34.005001068115234
2018-04-04 18:30:00,34.209999084472656
2018-04-04 19:30:00,34.310001373291016
2018-04-05 13:30:00,34.54999923706055
2018-04-05 14:30:00,34.54999923706055
2018-04-05 15:30:00,34.51499938964844
2018-04-05 16:30:00,34.494998931884766
2018-04-05 17:30:00,34.52000045776367
2018-04-05 18:30:00,34.57500076293945
2018-04-05 19:30:00,34.58000183105469
2018-04-06 13:30:00,34.369998931884766
2018-04-06 14:30:00,34.349998474121094
2018-04-06 15:30:00,34.29999923706055
2018-04-06 16:30:00,34.33000183105469
2018-04-06 17:30:00,34.125
2018-04-06 18:30:00,33.959999084472656
2018-04-06 19:30:00,34.10499954223633
2018-04-09 13:30:00,34.29999923706055
2018-04-09 14:30:00,34.36000061035156
2018-04-09 15:30:00,34.42499923706055
2018-04-09 16:30:00,34.40999984741211
2018-04-09 17:30:00,34.349998474121094
2018-04-09 18:30:00,34.19499969482422
2018-04-09 19:30:00,33.95000076293945
2018-04-10 13:30:00,34.03499984741211
2018-04-10 14:30:00,33.900001525878906
2018-04-10 15:30:00,33.599998474121094
2018-04-10 16:30:00,33.709999084472656
2018-04-10 17:30:00,33.755001068115234
2018-04-10 18:30:00,33.80500030517578
2018-04-10 19:30:00,33.86000061035156
2018-04-11 13:30:00,33.90999984741211
2018-04-11 14:30:00,33.92499923706055
2018-04-11 15:30:00,33.97999954223633
2018-04-11 16:30:00,33.94499969482422
2018-04-11 17:30:00,33.814998626708984
2018-04-11 18:30:00,33.70000076293945
2018-04-11 19:30:00,33.56999969482422
2018-04-12 13:30:00,33.58000183105469
2018-04-12 14:30:00,33.29499816894531
2018-04-12 15:30:00,33.21500015258789
2018-04-12 16:30:00,32.93000030517578
2018-04-12 17:30:00,32.9900016784668
2018-04-12 18:30:00,33.19499969482422
2018-04-12 19:30:00,33.130001068115234
2018-04-13 13:30:00,33.040000915527344
2018-04-13 14:30:00,33.06999969482422
2018-04-13 15:30:00,33.046600341796875
2018-04-13 16:30:00,33.099998474121094
2018-04-13 17:30:00,33.08000183105469
2018-04-13 18:30:00,33.02000045776367
2018-04-13 19:30:00,33.025001525878906
2018-04-16 13:30:00,33.10100173950195
2018-04-16 14:30:00,33.2400016784668
2018-04-16 15:30:00,33.279998779296875
2018-04-16 16:30:00,33.54499816894531
2018-04-16 17:30:00,33.625
2018-04-16 18:30:00,33.56999969482422
2018-04-16 19:30:00,33.52000045776367
2018-04-17 13:30:00,33.2400016784668
2018-04-17 14:30:00,33.27000045776367
2018-04-17 15:30:00,33.15999984741211
2018-04-17 16:30:00,33.189998626708984
2018-04-17 17:30:00,33.150001525878906
2018-04-17 18:30:00,33.224998474121094
2018-04-17 19:30:00,33.27000045776367
2018-04-18 13:30:00,33.40999984741211
2018-04-18 14:30:00,33.349998474121094
2018-04-18 15:30:00,33.37099838256836
2018-04-18 16:30:00,33.415000915527344
2018-04-18 17:30:00,33.522499084472656
2018-04-18 18:30:00,33.459999084472656
2018-04-18 19:30:00,33.27000045776367
2018-04-19 13:30:00,33.529998779296875
2018-04-19 14:30:00,33.64500045776367
2018-04-19 15:30:00,33.54499816894531
2018-04-19 16:30:00,33.39500045776367
2018-04-19 17:30:00,33.375
2018-04-19 18:30:00,33.400001525878906
2018-04-19 19:30:00,33.4900016784668
2018-04-20 13:30:00,33.560001373291016
2018-04-20 14:30:00,33.380001068115234
2018-04-20 15:30:00,33.25
2018-04-20 16:30:00,33.310001373291016
2018-04-20 17:30:00,33.25
2018-04-20 18:30:00,33.16999816894531
2018-04-20 19:30:00,33.209999084472656
2018-04-23 13:30:00,33.54999923706055
2018-04-23 14:30:00,33.68000030517578
2018-04-23 15:30:00,33.720001220703125
2018-04-23 16:30:00,33.75
2018-04-23 17:30:00,33.709999084472656
2018-04-23 18:30:00,33.720001220703125
2018-04-23 19:30:00,33.86000061035156
2018-04-24 13:30:00,33.65999984741211
2018-04-24 14:30:00,33.7400016784668
2018-04-24 15:30:00,33.779998779296875
2018-04-24 16:30:00,33.529998779296875
2018-04-24 17:30:00,33.35499954223633
2018-04-24 18:30:00,33.40999984741211
2018-04-24 19:30:00,33.34000015258789
2018-04-25 13:30:00,34.380001068115234
2018-04-25 14:30:00,34.34000015258789
2018-04-25 15:30:00,34.52000045776367
2018-04-25 16:30:00,34.15999984741211
2018-04-25 17:30:00,33.82500076293945
2018-04-25 18:30:00,34.16999816894531
2018-04-25 19:30:00,34.27000045776367
2018-04-26 13:30:00,33.4900016784668
2018-04-26 14:30:00,33.119998931884766
2018-04-26 15:30:00,33.255001068115234
2018-04-26 16:30:00,33.279998779296875
2018-04-26 17:30:00,33.28499984741211
2018-04-26 18:30:00,33.25
2018-04-26 19:30:00,33.33000183105469
2018-04-27 13:30:00,32.474998474121094
2018-04-27 14:30:00,32.19499969482422
2018-04-27 15:30:00,32.1349983215332
2018-04-27 16:30:00,32.209999084472656
2018-04-27 17:30:00,32.05009841918945
2018-04-27 18:30:00,31.889999389648438
2018-04-27 19:30:00,31.809999465942383
2018-04-30 13:30:00,31.829999923706055
2018-04-30 14:30:00,31.610000610351562
2018-04-30 15:30:00,31.440000534057617
2018-04-30 16:30:00,31.59000015258789
2018-04-30 17:30:00,31.59000015258789
2018-04-30 18:30:00,31.360000610351562
2018-04-30 19:30:00,31.3799991607666
2018-05-01 13:30:00,31.514999389648438
2018-05-01 14:30:00,31.360000610351562
2018-05-01 15:30:00,31.360000610351562
2018-05-01 16:30:00,31.375200271606445
2018-05-01 17:30:00,31.607500076293945
2018-05-01 18:30:00,31.719999313354492
2018-05-01 19:30:00,32.029998779296875
2018-05-02 13:30:00,31.725000381469727
2018-05-02 14:30:00,31.90999984741211
2018-05-02 15:30:00,31.639999389648438
2018-05-02 16:30:00,31.625
2018-05-02 17:30:00,31.604999542236328
2018-05-02 18:30:00,31.434999465942383
2018-05-02 19:30:00,31.299999237060547
2018-05-03 13:30:00,30.649999618530273
2018-05-03 14:30:00,30.665000915527344
2018-05-03 15:30:00,30.649999618530273
2018-05-03 16:30:00,30.959999084472656
2018-05-03 17:30:00,31.040000915527344
2018-05-03 18:30:00,31.010000228881836
2018-05-03 19:30:00,31.0
2018-05-04 13:30:00,31.684999465942383
2018-05-04 14:30:00,31.8799991607666
2018-05-04 15:30:00,31.895000457763672
2018-05-04 16:30:00,31.850000381469727
2018-05-04 17:30:00,31.899999618530273
2018-05-04 18:30:00,31.96500015258789
2018-05-04 19:30:00,31.969999313354492
2018-05-07 13:30:00,31.93000030517578
2018-05-07 14:30:00,32.12009811401367
2018-05-07 15:30:00,32.09000015258789
2018-05-07 16:30:00,32.09000015258789
2018-05-07 17:30:00,32.220001220703125
2018-05-07 18:30:00,32.25
2018-05-07 19:30:00,32.38999938964844
2018-05-08 13:30:00,31.15999984741211
2018-05-08 14:30:00,30.96500015258789
2018-05-08 15:30:00,30.899999618530273
2018-05-08 16:30:00,30.719999313354492
2018-05-08 17:30:00,30.80579948425293
2018-05-08 18:30:00,30.670000076293945
2018-05-08 19:30:00,30.579999923706055
2018-05-09 13:30:00,30.719999313354492
2018-05-09 14:30:00,30.5
2018-05-09 15:30:00,30.670000076293945
2018-05-09 16:30:00,30.90999984741211
2018-05-09 17:30:00,30.75
2018-05-09 18:30:00,30.760000228881836
2018-05-09 19:30:00,30.719999313354492
2018-05-10 13:30:00,30.920000076293945
2018-05-10 14:30:00,31.209999084472656
2018-05-10 15:30:00,31.25
2018-05-10 16:30:00,31.420000076293945
2018-05-10 17:30:00,31.520000457763672
2018-05-10 18:30:00,31.549999237060547
2018-05-10 19:30:00,31.559999465942383
2018-05-11 13:30:00,31.700000762939453
2018-05-11 14:30:00,31.700000762939453
2018-05-11 15:30:00,31.56999969482422
2018-05-11 16:30:00,31.69499969482422
2018-05-11 17:30:00,31.760000228881836
2018-05-11 18:30:00,31.850000381469727
2018-05-11 19:30:00,31.899999618530273
2018-05-14 13:30:00,32.224998474121094
2018-05-14 14:30:00,32.09000015258789
2018-05-14 15:30:00,32.099998474121094
2018-05-14 16:30:00,32.14500045776367
2018-05-14 17:30:00,32.09000015258789
2018-05-14 18:30:00,32.04499816894531
2018-05-14 19:30:00,32.150001525878906
2018-05-15 13:30:00,31.90999984741211
2018-05-15 14:30:00,31.84000015258789
2018-05-15 15:30:00,31.799999237060547
2018-05-15 16:30:00,31.799999237060547
2018-05-15 17:30:00,31.850000381469727
2018-05-15 18:30:00,31.924999237060547
2018-05-15 19:30:00,32.0099983215332
2018-05-16 13:30:00,32.2599983215332
2018-05-16 14:30:00,32.255001068115234
2018-05-16 15:30:00,32.3849983215332
2018-05-16 16:30:00,32.54499816894531
2018-05-16 17:30:00,32.58000183105469
2018-05-16 18:30:00,32.54999923706055
2018-05-16 19:30:00,32.540000915527344
2018-05-17 13:30:00,32.630001068115234
2018-05-17 14:30:00,32.779998779296875
2018-05-17 15:30:00,32.54499816894531
2018-05-17 16:30:00,32.654998779296875
2018-05-17 17:30:00,32.52000045776367
2018-05-17 18:30:00,32.40999984741211
2018-05-17 19:30:00,32.41999816894531
2018-05-18 13:30:00,32.59000015258789
2018-05-18 14:30:00,32.599998474121094
2018-05-18 15:30:00,32.68000030517578
2018-05-18 16:30:00,32.6150016784668
2018-05-18 17:30:00,32.71500015258789
2018-05-18 18:30:00,32.73500061035156
2018-05-18 19:30:00,32.720001220703125
2018-05-21 13:30:00,32.59000015258789
2018-05-21 14:30:00,32.38999938964844
2018-05-21 15:30:00,32.41999816894531
2018-05-21 16:30:00,32.38999938964844
2018-05-21 17:30:00,32.310001373291016
2018-05-21 18:30:00,32.2599983215332
2018-05-21 19:30:00,32.349998474121094
2018-05-22 13:30:00,32.57500076293945
2018-05-22 14:30:00,32.650001525878906
2018-05-22 15:30:00,32.56999969482422
2018-05-22 16:30:00,32.61000061035156
2018-05-22 17:30:00,32.57500076293945
2018-05-22 18:30:00,32.58000183105469
2018-05-22 19:30:00,32.5099983215332
2018-05-23 13:30:00,31.940000534057617
2018-05-23 14:30:00,32.0099983215332
2018-05-23 15:30:00,31.90999984741211
2018-05-23 16:30:00,31.84000015258789
2018-05-23 17:30:00,31.959999084472656
2018-05-23 18:30:00,31.954999923706055
2018-05-23 19:30:00,31.8799991607666
2018-05-24 13:30:00,31.3799991607666
2018-05-24 14:30:00,31.520000457763672
2018-05-24 15:30:00,31.56999969482422
2018-05-24 16:30:00,31.56999969482422
2018-05-24 17:30:00,31.56999969482422
2018-05-24 18:30:00,31.690000534057617
2018-05-24 19:30:00,31.639999389648438
2018-05-25 13:30:00,31.760000228881836
2018-05-25 14:30:00,31.989999771118164
2018-05-25 15:30:00,31.7450008392334
2018-05-25 16:30:00,31.760000228881836
2018-05-25 17:30:00,31.729999542236328
2018-05-25 18:30:00,31.799999237060547
2018-05-25 19:30:00,31.75
2018-05-29 13:30:00,31.889999389648438
2018-05-29 14:30:00,31.514999389648438
2018-05-29 15:30:00,31.454999923706055
2018-05-29 16:30:00,31.520000457763672
2018-05-29 17:30:00,31.549999237060547
2018-05-29 18:30:00,31.415000915527344
2018-05-29 19:30:00,31.5
2018-05-30 13:30:00,31.4950008392334
2018-05-30 14:30:00,31.434999465942383
2018-05-30 15:30:00,31.4950008392334
2018-05-30 16:30:00,31.489999771118164
2018-05-30 17:30:00,31.520000457763672
2018-05-30 18:30:00,31.4950008392334
2018-05-30 19:30:00,31.479999542236328
2018-05-31 13:30:00,30.920000076293945
2018-05-31 14:30:00,30.8700008392334
2018-05-31 15:30:00,30.920000076293945
2018-05-31 16:30:00,31.0049991607666
2018-05-31 17:30:00,31.020000457763672
2018-05-31 18:30:00,31.020000457763672
2018-05-31 19:30:00,31.18000030517578
2018-06-01 13:30:00,31.360000610351562
2018-06-01 14:30:00,31.239999771118164
2018-06-01 15:30:00,31.309999465942383
2018-06-01 16:30:00,31.325000762939453
2018-06-01 17:30:00,31.344999313354492
2018-06-01 18:30:00,31.229000091552734
2018-06-01 19:30:00,31.25
2018-06-04 13:30:00,31.3700008392334
2018-06-04 14:30:00,31.364999771118164
2018-06-04 15:30:00,31.25
2018-06-04 16:30:00,31.329999923706055
2018-06-04 17:30:00,31.295000076293945
2018-06-04 18:30:00,31.385000228881836
2018-06-04 19:30:00,31.280000686645508
2018-06-05 13:30:00,31.149999618530273
2018-06-05 14:30:00,31.15999984741211
2018-06-05 15:30:00,31.135000228881836
2018-06-05 16:30:00,31.209999084472656
2018-06-05 17:30:00,31.190000534057617
2018-06-05 18:30:00,31.100000381469727
2018-06-05 19:30:00,31.09000015258789
2018-06-06 13:30:00,31.2450008392334
2018-06-06 14:30:00,31.43000030517578
2018-06-06 15:30:00,31.954999923706055
2018-06-06 16:30:00,32.32500076293945
2018-06-06 17:30:00,32.290000915527344
2018-06-06 18:30:00,32.2599983215332
2018-06-06 19:30:00,32.2599983215332
2018-06-07 13:30:00,32.439998626708984
2018-06-07 14:30:00,32.36000061035156
2018-06-07 15:30:00,32.255001068115234
2018-06-07 16:30:00,32.09669876098633
2018-06-07 17:30:00,32.125
2018-06-07 18:30:00,32.060001373291016
2018-06-07 19:30:00,32.0099983215332
2018-06-08 13:30:00,31.8799991607666
2018-06-08 14:30:00,32.08000183105469
2018-06-08 15:30:00,32.109901428222656
2018-06-08 16:30:00,32.04999923706055
2018-06-08 17:30:00,31.959999084472656
2018-06-08 18:30:00,31.985000610351562
2018-06-08 19:30:00,32.06999969482422
2018-06-11 13:30:00,32.220001220703125
2018-06-11 14:30:00,31.940000534057617
2018-06-11 15:30:00,32.02000045776367
2018-06-11 16:30:00,31.989999771118164
2018-06-11 17:30:00,31.9950008392334
2018-06-11 18:30:00,32.04499816894531
2018-06-11 19:30:00,32.0
2018-06-12 13:30:00,32.25
2018-06-12 14:30:00,32.43000030517578
2018-06-12 15:30:00,32.38999938964844
2018-06-12 16:30:00,32.25
2018-06-12 17:30:00,32.2599983215332
2018-06-12 18:30:00,32.334999084472656
2018-06-12 19:30:00,32.38999938964844
2018-06-13 13:30:00,32.04999923706055
2018-06-13 14:30:00,31.989999771118164
2018-06-13 15:30:00,32.256900787353516
2018-06-13 16:30:00,32.594398498535156
2018-06-13 17:30:00,32.29999923706055
2018-06-13 18:30:00,32.400001525878906
2018-06-13 19:30:00,32.310001373291016
2018-06-14 13:30:00,33.33000183105469
2018-06-14 14:30:00,33.18000030517578
2018-06-14 15:30:00,33.475101470947266
2018-06-14 16:30:00,33.55500030517578
2018-06-14 17:30:00,33.86000061035156
2018-06-14 18:30:00,33.88999938964844
2018-06-14 19:30:00,33.81999969482422
2018-06-15 13:30:00,33.790000915527344
2018-06-15 14:30:00,33.845001220703125
2018-06-15 15:30:00,33.915000915527344
2018-06-15 16:30:00,33.98500061035156
2018-06-15 17:30:00,33.939998626708984
2018-06-15 18:30:00,33.775001525878906
2018-06-15 19:30:00,33.845001220703125
2018-06-18 13:30:00,33.23500061035156
2018-06-18 14:30:00,32.900001525878906
2018-06-18 15:30:00,32.959999084472656
2018-06-18 16:30:00,32.86000061035156
2018-06-18 17:30:00,32.810001373291016
2018-06-18 18:30:00,32.69499969482422
2018-06-18 19:30:00,32.564998626708984
2018-06-19 13:30:00,32.86000061035156
2018-06-19 14:30:00,32.86000061035156
2018-06-19 15:30:00,32.98500061035156
2018-06-19 16:30:00,32.849998474121094
2018-06-19 17:30:00,32.79499816894531
2018-06-19 18:30:00,32.685001373291016
2018-06-19 19:30:00,32.81999969482422
2018-06-20 13:30:00,32.84000015258789
2018-06-20 14:30:00,32.83000183105469
2018-06-20 15:30:00,32.720001220703125
2018-06-20 16:30:00,33.3849983215332
2018-06-20 17:30:00,33.48630142211914
2018-06-20 18:30:00,33.48500061035156
2018-06-20 19:30:00,33.400001525878906
2018-06-21 13:30:00,33.38999938964844
2018-06-21 14:30:00,33.39500045776367
2018-06-21 15:30:00,33.15999984741211
2018-06-21 16:30:00,32.959999084472656
2018-06-21 17:30:00,32.75
2018-06-21 18:30:00,32.91999816894531
2018-06-21 19:30:00,32.79999923706055
2018-06-22 13:30:00,33.599998474121094
2018-06-22 14:30:00,33.93000030517578
2018-06-22 15:30:00,33.84000015258789
2018-06-22 16:30:00,33.970001220703125
2018-06-22 17:30:00,33.93000030517578
2018-06-22 18:30:00,33.98500061035156
2018-06-22 19:30:00,33.810001373291016
2018-06-25 13:30:00,33.72999954223633
2018-06-25 14:30:00,33.27000045776367
2018-06-25 15:30:00,33.29999923706055
2018-06-25 16:30:00,33.04999923706055
2018-06-25 17:30:00,33.01499938964844
2018-06-25 18:30:00,33.05500030517578
2018-06-25 19:30:00,33.130001068115234
2018-06-26 13:30:00,32.779998779296875
2018-06-26 14:30:00,32.90999984741211
2018-06-26 15:30:00,32.88999938964844
2018-06-26 16:30:00,32.81679916381836
2018-06-26 17:30:00,32.744998931884766
2018-06-26 18:30:00,32.810001373291016
2018-06-26 19:30:00,32.82500076293945
2018-06-27 13:30:00,32.529998779296875
2018-06-27 14:30:00,32.66999816894531
2018-06-27 15:30:00,32.79999923706055
2018-06-27 16:30:00,32.709999084472656
2018-06-27 17:30:00,32.54750061035156
2018-06-27 18:30:00,32.54499816894531
2018-06-27 19:30:00,32.290000915527344
2018-06-28 13:30:00,32.27000045776367
2018-06-28 14:30:00,32.290000915527344
2018-06-28 15:30:00,32.290000915527344
2018-06-28 16:30:00,32.47999954223633
2018-06-28 17:30:00,32.540000915527344
2018-06-28 18:30:00,32.66999816894531
2018-06-28 19:30:00,32.630001068115234
2018-06-29 13:30:00,32.82500076293945
2018-06-29 14:30:00,33.18000030517578
2018-06-29 15:30:00,33.349998474121094
2018-06-29 16:30:00,33.45000076293945
2018-06-29 17:30:00,33.21500015258789
2018-06-29 18:30:00,33.099998474121094
2018-06-29 19:30:00,32.81999969482422
2018-07-02 13:30:00,32.70000076293945
2018-07-02 14:30:00,32.849998474121094
2018-07-02 15:30:00,33.02000045776367
2018-07-02 16:30:00,32.880001068115234
2018-07-02 17:30:00,32.91999816894531
2018-07-02 18:30:00,33.09000015258789
2018-07-02 19:30:00,33.16999816894531
2018-07-03 13:30:00,33.29999923706055
2018-07-03 14:30:00,33.53499984741211
2018-07-03 15:30:00,33.269901275634766
2018-07-03 17:00:00,33.09000015258789
2018-07-05 13:30:00,33.08700180053711
2018-07-05 14:30:00,33.0099983215332
2018-07-05 15:30:00,33.095001220703125
2018-07-05 16:30:00,33.224998474121094
2018-07-05 17:30:00,33.08000183105469
2018-07-05 18:30:00,33.09000015258789
2018-07-05 19:30:00,33.11000061035156
2018-07-06 13:30:00,33.26499938964844
2018-07-06 14:30:00,33.540000915527344
2018-07-06 15:30:00,33.525001525878906
2018-07-06 16:30:00,33.5099983215332
2018-07-06 17:30:00,33.43000030517578
2018-07-06 18:30:00,33.58000183105469
2018-07-06 19:30:00,33.58000183105469
2018-07-09 13:30:00,33.52000045776367
2018-07-09 14:30:00,33.630001068115234
2018-07-09 15:30:00,33.57500076293945
2018-07-09 16:30:00,33.48500061035156
2018-07-09 17:30:00,33.29999923706055
2018-07-09 18:30:00,33.45000076293945
2018-07-09 19:30:00,33.564998626708984
2018-07-10 13:30:00,33.45000076293945
2018-07-10 14:30:00,33.415000915527344
2018-07-10 15:30:00,33.349998474121094
2018-07-10 16:30:00,33.279998779296875
2018-07-10 17:30:00,33.19499969482422
2018-07-10 18:30:00,33.35499954223633
2018-07-10 19:30:00,33.34000015258789
2018-07-11 13:30:00,33.689998626708984
2018-07-11 14:30:00,33.9900016784668
2018-07-11 15:30:00,34.060001373291016
2018-07-11 16:30:00,33.79999923706055
2018-07-11 17:30:00,33.7599983215332
2018-07-11 18:30:00,33.79999923706055
2018-07-11 19:30:00,33.77000045776367
2018-07-12 13:30:00,34.23500061035156
2018-07-12 14:30:00,34.18000030517578
2018-07-12 15:30:00,34.33000183105469
2018-07-12 16:30:00,34.29499816894531
2018-07-12 17:30:00,34.323001861572266
2018-07-12 18:30:00,34.415000915527344
2018-07-12 19:30:00,34.54999923706055
2018-07-13 13:30:00,34.81999969482422
2018-07-13 14:30:00,34.9900016784668
2018-07-13 15:30:00,34.71500015258789
2018-07-13 16:30:00,34.790000915527344
2018-07-13 17:30:00,34.79999923706055
2018-07-13 18:30:00,34.83000183105469
2018-07-13 19:30:00,34.70000076293945
2018-07-16 13:30:00,35.150001525878906
2018-07-16 14:30:00,34.98899841308594
2018-07-16 15:30:00,35.05500030517578
2018-07-16 16:30:00,34.95000076293945
2018-07-16 17:30:00,34.900001525878906
2018-07-16 18:30:00,34.97999954223633
2018-07-16 19:30:00,34.970001220703125
2018-07-17 13:30:00,34.724998474121094
2018-07-17 14:30:00,34.529998779296875
2018-07-17 15:30:00,34.40999984741211
2018-07-17 16:30:00,34.43000030517578
2018-07-17 17:30:00,34.3650016784668
2018-07-17 18:30:00,34.29499816894531
2018-07-17 19:30:00,34.27000045776367
2018-07-18 13:30:00,34.1349983215332
2018-07-18 14:30:00,34.23500061035156
2018-07-18 15:30:00,34.20000076293945
2018-07-18 16:30:00,34.005001068115234
2018-07-18 17:30:00,34.10499954223633
2018-07-18 18:30:00,34.099998474121094
2018-07-18 19:30:00,34.029998779296875
2018-07-19 13:30:00,35.04499816894531
2018-07-19 14:30:00,35.04999923706055
2018-07-19 15:30:00,35.060001373291016
2018-07-19 16:30:00,35.04999923706055
2018-07-19 17:30:00,34.94499969482422
2018-07-19 18:30:00,34.810001373291016
2018-07-19 19:30:00,34.90999984741211
2018-07-20 13:30:00,34.625
2018-07-20 14:30:00,34.630001068115234
2018-07-20 15:30:00,34.47999954223633
2018-07-20 16:30:00,34.38999938964844
2018-07-20 17:30:00,34.4369010925293
2018-07-20 18:30:00,34.375
2018-07-20 19:30:00,34.310001373291016
2018-07-23 13:30:00,33.83000183105469
2018-07-23 14:30:00,34.064998626708984
2018-07-23 15:30:00,34.16999816894531
2018-07-23 16:30:00,34.13999938964844
2018-07-23 17:30:00,34.130001068115234
2018-07-23 18:30:00,34.099998474121094
2018-07-23 19:30:00,34.16999816894531
2018-07-24 13:30:00,33.93000030517578
2018-07-24 14:30:00,33.779998779296875
2018-07-24 15:30:00,33.78499984741211
2018-07-24 16:30:00,33.60499954223633
2018-07-24 17:30:00,33.4900016784668
2018-07-24 18:30:00,33.47999954223633
2018-07-24 19:30:00,33.36000061035156
2018-07-25 13:30:00,33.150001525878906
2018-07-25 14:30:00,33.0099983215332
2018-07-25 15:30:00,33.005001068115234
2018-07-25 16:30:00,33.0
2018-07-25 17:30:00,33.185001373291016
2018-07-25 18:30:00,33.279998779296875
2018-07-25 19:30:00,33.439998626708984
2018-07-26 13:30:00,34.40999984741211
2018-07-26 14:30:00,34.70500183105469
2018-07-26 15:30:00,34.81999969482422
2018-07-26 16:30:00,34.91999816894531
2018-07-26 17:30:00,35.084999084472656
2018-07-26 18:30:00,34.779998779296875
2018-07-26 19:30:00,34.75
2018-07-27 13:30:00,35.154998779296875
2018-07-27 14:30:00,35.310001373291016
2018-07-27 15:30:00,35.209999084472656
2018-07-27 16:30:00,34.8849983215332
2018-07-27 17:30:00,35.060001373291016
2018-07-27 18:30:00,35.04499816894531
2018-07-27 19:30:00,35.09000015258789
2018-07-30 13:30:00,35.26499938964844
2018-07-30 14:30:00,35.47999954223633
2018-07-30 15:30:00,35.54999923706055
2018-07-30 16:30:00,35.415000915527344
2018-07-30 17:30:00,35.4900016784668
2018-07-30 18:30:00,35.349998474121094
2018-07-30 19:30:00,35.459999084472656
2018-07-31 13:30:00,35.724998474121094
2018-07-31 14:30:00,35.61000061035156
2018-07-31 15:30:00,35.71500015258789
2018-07-31 16:30:00,35.77000045776367
2018-07-31 17:30:00,35.72999954223633
2018-07-31 18:30:00,35.689998626708984
2018-07-31 19:30:00,35.790000915527344
2018-08-01 13:30:00,35.619998931884766
2018-08-01 14:30:00,35.59000015258789
2018-08-01 15:30:00,35.43000030517578
2018-08-01 16:30:00,35.380001068115234
2018-08-01 17:30:00,35.400001525878906
2018-08-01 18:30:00,35.41999816894531
2018-08-01 19:30:00,35.40999984741211
2018-08-02 13:30:00,34.939998626708984
2018-08-02 14:30:00,34.9900016784668
2018-08-02 15:30:00,34.97999954223633
2018-08-02 16:30:00,34.790000915527344
2018-08-02 17:30:00,34.709999084472656
2018-08-02 18:30:00,34.744998931884766
2018-08-02 19:30:00,34.630001068115234
2018-08-03 13:30:00,35.099998474121094
2018-08-03 14:30:00,35.275001525878906
2018-08-03 15:30:00,35.2599983215332
2018-08-03 16:30:00,35.369998931884766
2018-08-03 17:30:00,35.24720001220703
2018-08-03 18:30:00,35.290000915527344
2018-08-03 19:30:00,35.41999816894531
2018-08-06 13:30:00,35.439998626708984
2018-08-06 14:30:00,35.439998626708984
2018-08-06 15:30:00,35.564998626708984
2018-08-06 16:30:00,35.71500015258789
2018-08-06 17:30:00,35.470001220703125
2018-08-06 18:30:00,35.375
2018-08-06 19:30:00,35.310001373291016
2018-08-07 13:30:00,35.2400016784668
2018-08-07 14:30:00,35.310001373291016
2018-08-07 15:30:00,35.349998474121094
2018-08-07 16:30:00,35.485599517822266
2018-08-07 17:30:00,35.40250015258789
2018-08-07 18:30:00,35.41999816894531
2018-08-07 19:30:00,35.400001525878906
2018-08-08 13:30:00,35.189998626708984
2018-08-08 14:30:00,35.029998779296875
2018-08-08 15:30:00,34.974998474121094
2018-08-08 16:30:00,35.029998779296875
2018-08-08 17:30:00,34.9900016784668
2018-08-08 18:30:00,34.97200012207031
2018-08-08 19:30:00,35.040000915527344
2018-08-09 13:30:00,35.5
2018-08-09 14:30:00,35.33000183105469
2018-08-09 15:30:00,35.720001220703125
2018-08-09 16:30:00,35.650001525878906
2018-08-09 17:30:00,35.540000915527344
2018-08-09 18:30:00,35.53499984741211
2018-08-09 19:30:00,35.4900016784668
2018-08-10 13:30:00,35.11000061035156
2018-08-10 14:30:00,35.15999984741211
2018-08-10 15:30:00,35.13010025024414
2018-08-10 16:30:00,35.040000915527344
2018-08-10 17:30:00,35.02479934692383
2018-08-10 18:30:00,35.119998931884766
2018-08-10 19:30:00,35.09000015258789
2018-08-13 13:30:00,35.02000045776367
2018-08-13 14:30:00,34.83000183105469
2018-08-13 15:30:00,34.86000061035156
2018-08-13 16:30:00,35.0
2018-08-13 17:30:00,35.11000061035156
2018-08-13 18:30:00,35.06999969482422
2018-08-13 19:30:00,35.04999923706055
2018-08-14 13:30:00,35.33000183105469
2018-08-14 14:30:00,35.349998474121094
2018-08-14 15:30:00,35.3650016784668
2018-08-14 16:30:00,35.349998474121094
2018-08-14 17:30:00,35.400001525878906
2018-08-14 18:30:00,35.40999984741211
2018-08-14 19:30:00,35.369998931884766
2018-08-15 13:30:00,34.869998931884766
2018-08-15 14:30:00,34.83000183105469
2018-08-15 15:30:00,34.85749816894531
2018-08-15 16:30:00,34.7963981628418
2018-08-15 17:30:00,34.88999938964844
2018-08-15 18:30:00,34.84000015258789
2018-08-15 19:30:00,34.970001220703125
2018-08-16 13:30:00,35.209999084472656
2018-08-16 14:30:00,35.4900016784668
2018-08-16 15:30:00,35.57279968261719
2018-08-16 16:30:00,35.77000045776367
2018-08-16 17:30:00,35.7400016784668
2018-08-16 18:30:00,35.75
2018-08-16 19:30:00,35.650001525878906
2018-08-17 13:30:00,35.369998931884766
2018-08-17 14:30:00,35.678001403808594
2018-08-17 15:30:00,35.630001068115234
2018-08-17 16:30:00,35.58000183105469
2018-08-17 17:30:00,35.79499816894531
2018-08-17 18:30:00,35.70000076293945
2018-08-17 19:30:00,35.599998474121094
2018-08-20 13:30:00,35.54499816894531
2018-08-20 14:30:00,35.400001525878906
2018-08-20 15:30:00,35.41999816894531
2018-08-20 16:30:00,35.3650016784668
2018-08-20 17:30:00,35.40999984741211
2018-08-20 18:30:00,35.439998626708984
2018-08-20 19:30:00,35.42499923706055
2018-08-21 13:30:00,35.69499969482422
2018-08-21 14:30:00,35.7400016784668
2018-08-21 15:30:00,35.900001525878906
2018-08-21 16:30:00,35.98780059814453
2018-08-21 17:30:00,35.93000030517578
2018-08-21 18:30:00,35.849998474121094
2018-08-21 19:30:00,35.75
2018-08-22 13:30:00,35.47999954223633
2018-08-22 14:30:00,35.63999938964844
2018-08-22 15:30:00,35.599998474121094
2018-08-22 16:30:00,35.595001220703125
2018-08-22 17:30:00,35.584999084472656
2018-08-22 18:30:00,35.505001068115234
2018-08-22 19:30:00,35.5
2018-08-23 13:30:00,35.380001068115234
2018-08-23 14:30:00,35.38999938964844
2018-08-23 15:30:00,35.345001220703125
2018-08-23 16:30:00,35.369998931884766
2018-08-23 17:30:00,35.34000015258789
2018-08-23 18:30:00,35.35499954223633
2018-08-23 19:30:00,35.33000183105469
2018-08-24 13:30:00,36.0099983215332
2018-08-24 14:30:00,36.45000076293945
2018-08-24 15:30:00,36.439998626708984
2018-08-24 16:30:00,36.53499984741211
2018-08-24 17:30:00,36.65999984741211
2018-08-24 18:30:00,36.560001373291016
2018-08-24 19:30:00,36.4900016784668
2018-08-27 13:30:00,36.52000045776367
2018-08-27 14:30:00,36.45500183105469
2018-08-27 15:30:00,36.55500030517578
2018-08-27 16:30:00,36.465999603271484
2018-08-27 17:30:00,36.439998626708984
2018-08-27 18:30:00,36.470001220703125
2018-08-27 19:30:00,36.43000030517578
2018-08-28 13:30:00,36.37310028076172
2018-08-28 14:30:00,36.540000915527344
2018-08-28 15:30:00,36.53089904785156
2018-08-28 16:30:00,36.48500061035156
2018-08-28 17:30:00,36.404998779296875
2018-08-28 18:30:00,36.32500076293945
2018-08-28 19:30:00,36.36000061035156
2018-08-29 13:30:00,36.47999954223633
2018-08-29 14:30:00,36.83000183105469
2018-08-29 15:30:00,36.755001068115234
2018-08-29 16:30:00,36.77000045776367
2018-08-29 17:30:00,36.76499938964844
2018-08-29 18:30:00,36.80500030517578
2018-08-29 19:30:00,36.75
2018-08-30 13:30:00,36.59000015258789
2018-08-30 14:30:00,36.47999954223633
2018-08-30 15:30:00,36.625
2018-08-30 16:30:00,36.529998779296875
2018-08-30 17:30:00,36.47999954223633
2018-08-30 18:30:00,36.4900016784668
2018-08-30 19:30:00,36.689998626708984
2018-08-31 13:30:00,36.93000030517578
2018-08-31 14:30:00,36.86360168457031
2018-08-31 15:30:00,36.84000015258789
2018-08-31 16:30:00,36.81999969482422
2018-08-31 17:30:00,36.775001525878906
2018-08-31 18:30:00,36.84000015258789
2018-08-31 19:30:00,36.970001220703125
2018-09-04 13:30:00,36.61000061035156
2018-09-04 14:30:00,36.595001220703125
2018-09-04 15:30:00,36.494998931884766
2018-09-04 16:30:00,36.505001068115234
2018-09-04 17:30:00,36.494998931884766
2018-09-04 18:30:00,36.5
2018-09-04 19:30:00,36.369998931884766
2018-09-05 13:30:00,36.474998474121094
2018-09-05 14:30:00,36.26499938964844
2018-09-05 15:30:00,36.25450134277344
2018-09-05 16:30:00,36.20000076293945
2018-09-05 17:30:00,36.279998779296875
2018-09-05 18:30:00,36.314998626708984
2018-09-05 19:30:00,36.290000915527344
2018-09-06 13:30:00,36.209999084472656
2018-09-06 14:30:00,36.0099983215332
2018-09-06 15:30:00,36.150001525878906
2018-09-06 16:30:00,35.869998931884766
2018-09-06 17:30:00,35.834999084472656
2018-09-06 18:30:00,35.939998626708984
2018-09-06 19:30:00,35.92499923706055
2018-09-07 13:30:00,36.20000076293945
2018-09-07 14:30:00,36.10380172729492
2018-09-07 15:30:00,36.0
2018-09-07 16:30:00,36.10499954223633
2018-09-07 17:30:00,36.255001068115234
2018-09-07 18:30:00,36.220001220703125
2018-09-07 19:30:00,36.16999816894531
2018-09-10 13:30:00,36.38999938964844
2018-09-10 14:30:00,36.41999816894531
2018-09-10 15:30:00,36.43000030517578
2018-09-10 16:30:00,36.4375
2018-09-10 17:30:00,36.46500015258789
2018-09-10 18:30:00,36.369998931884766
2018-09-10 19:30:00,36.369998931884766
2018-09-11 13:30:00,36.361698150634766
2018-09-11 14:30:00,36.32500076293945
2018-09-11 15:30:00,36.439998626708984
2018-09-11 16:30:00,36.45000076293945
2018-09-11 17:30:00,36.40829849243164
2018-09-11 18:30:00,36.3650016784668
2018-09-11 19:30:00,36.29999923706055
2018-09-12 13:30:00,35.81999969482422
2018-09-12 14:30:00,36.14500045776367
2018-09-12 15:30:00,35.9900016784668
2018-09-12 16:30:00,36.005001068115234
2018-09-12 17:30:00,36.130001068115234
2018-09-12 18:30:00,36.154998779296875
2018-09-12 19:30:00,36.08000183105469
2018-09-13 13:30:00,36.70000076293945
2018-09-13 14:30:00,36.98500061035156
2018-09-13 15:30:00,37.130001068115234
2018-09-13 16:30:00,37.124000549316406
2018-09-13 17:30:00,37.04999923706055
2018-09-13 18:30:00,37.02000045776367
2018-09-13 19:30:00,37.040000915527344
2018-09-14 13:30:00,36.76499938964844
2018-09-14 14:30:00,36.939998626708984
2018-09-14 15:30:00,36.849998474121094
2018-09-14 16:30:00,36.994998931884766
2018-09-14 17:30:00,36.9900016784668
2018-09-14 18:30:00,36.939998626708984
2018-09-14 19:30:00,36.95000076293945
2018-09-17 13:30:00,36.95500183105469
2018-09-17 14:30:00,37.15999984741211
2018-09-17 15:30:00,37.14500045776367
2018-09-17 16:30:00,37.04999923706055
2018-09-17 17:30:00,37.025001525878906
2018-09-17 18:30:00,36.96500015258789
2018-09-17 19:30:00,36.959999084472656
2018-09-18 13:30:00,37.459999084472656
2018-09-18 14:30:00,37.685001373291016
2018-09-18 15:30:00,37.72999954223633
2018-09-18 16:30:00,37.689998626708984
2018-09-18 17:30:00,37.720001220703125
2018-09-18 18:30:00,37.79999923706055
2018-09-18 19:30:00,37.7599983215332
2018-09-19 13:30:00,37.63999938964844
2018-09-19 14:30:00,37.369998931884766
2018-09-19 15:30:00,37.45000076293945
2018-09-19 16:30:00,37.47999954223633
2018-09-19 17:30:00,37.53900146484375
2018-09-19 18:30:00,37.494998931884766
2018-09-19 19:30:00,37.310001373291016
2018-09-20 13:30:00,37.41999816894531
2018-09-20 14:30:00,37.540000915527344
2018-09-20 15:30:00,37.525001525878906
2018-09-20 16:30:00,37.66999816894531
2018-09-20 17:30:00,37.834999084472656
2018-09-20 18:30:00,37.86000061035156
2018-09-20 19:30:00,37.81999969482422
2018-09-21 13:30:00,37.52000045776367
2018-09-21 14:30:00,37.70000076293945
2018-09-21 15:30:00,37.92499923706055
2018-09-21 16:30:00,37.959999084472656
2018-09-21 17:30:00,37.959999084472656
2018-09-21 18:30:00,37.994998931884766
2018-09-21 19:30:00,37.900001525878906
2018-09-24 13:30:00,35.10499954223633
2018-09-24 14:30:00,35.40999984741211
2018-09-24 15:30:00,35.20000076293945
2018-09-24 16:30:00,35.13999938964844
2018-09-24 17:30:00,35.34000015258789
2018-09-24 18:30:00,35.564998626708984
2018-09-24 19:30:00,35.619998931884766
2018-09-25 13:30:00,35.560001373291016
2018-09-25 14:30:00,35.599998474121094
2018-09-25 15:30:00,35.68000030517578
2018-09-25 16:30:00,35.709999084472656
2018-09-25 17:30:00,35.56999969482422
2018-09-25 18:30:00,35.48500061035156
2018-09-25 19:30:00,35.400001525878906
2018-09-26 13:30:00,35.560001373291016
2018-09-26 14:30:00,35.584999084472656
2018-09-26 15:30:00,35.43000030517578
2018-09-26 16:30:00,35.599998474121094
2018-09-26 17:30:00,35.70000076293945
2018-09-26 18:30:00,35.56159973144531
2018-09-26 19:30:00,35.376800537109375
2018-09-27 13:30:00,35.59000015258789
2018-09-27 14:30:00,35.59000015258789
2018-09-27 15:30:00,35.619998931884766
2018-09-27 16:30:00,35.4900016784668
2018-09-27 17:30:00,35.29499816894531
2018-09-27 18:30:00,35.279998779296875
2018-09-27 19:30:00,35.2400016784668
2018-09-28 13:30:00,35.31999969482422
2018-09-28 14:30:00,35.53850173950195
2018-09-28 15:30:00,35.529998779296875
2018-09-28 16:30:00,35.53499984741211
2018-09-28 17:30:00,35.560001373291016
2018-09-28 18:30:00,35.400001525878906
2018-09-28 19:30:00,35.41999816894531
2018-10-01 13:30:00,35.28499984741211
2018-10-01 14:30:00,35.25
2018-10-01 15:30:00,35.23099899291992
2018-10-01 16:30:00,35.310001373291016
2018-10-01 17:30:00,35.41999816894531
2018-10-01 18:30:00,35.404998779296875
2018-10-01 19:30:00,35.529998779296875
2018-10-02 13:30:00,35.25
2018-10-02 14:30:00,35.529998779296875
2018-10-02 15:30:00,35.650001525878906
2018-10-02 16:30:00,35.72999954223633
2018-10-02 17:30:00,35.80500030517578
2018-10-02 18:30:00,35.66999816894531
2018-10-02 19:30:00,35.70000076293945
2018-10-03 13:30:00,35.62009811401367
2018-10-03 14:30:00,35.720001220703125
2018-10-03 15:30:00,35.672401428222656
2018-10-03 16:30:00,35.619998931884766
2018-10-03 17:30:00,35.29999923706055
2018-10-03 18:30:00,35.09000015258789
2018-10-03 19:30:00,35.18000030517578
2018-10-04 13:30:00,35.099998474121094
2018-10-04 14:30:00,35.150001525878906
2018-10-04 15:30:00,35.11000061035156
2018-10-04 16:30:00,35.099998474121094
2018-10-04 17:30:00,34.93000030517578
2018-10-04 18:30:00,35.16999816894531
2018-10-04 19:30:00,35.20000076293945
2018-10-05 13:30:00,35.064998626708984
2018-10-05 14:30:00,34.77000045776367
2018-10-05 15:30:00,34.56999969482422
2018-10-05 16:30:00,34.47999954223633
2018-10-05 17:30:00,34.59000015258789
2018-10-05 18:30:00,34.60499954223633
2018-10-05 19:30:00,34.56999969482422
2018-10-08 13:30:00,34.91999816894531
2018-10-08 14:30:00,35.02299880981445
2018-10-08 15:30:00,34.9900016784668
2018-10-08 16:30:00,34.72999954223633
2018-10-08 17:30:00,34.9900016784668
2018-10-08 18:30:00,35.150001525878906
2018-10-08 19:30:00,35.18000030517578
2018-10-09 13:30:00,35.470001220703125
2018-10-09 14:30:00,35.70000076293945
2018-10-09 15:30:00,35.66999816894531
2018-10-09 16:30:00,35.595001220703125
2018-10-09 17:30:00,35.46500015258789
2018-10-09 18:30:00,35.4900016784668
2018-10-09 19:30:00,35.45000076293945
2018-10-10 13:30:00,35.34000015258789
2018-10-10 14:30:00,35.34000015258789
2018-10-10 15:30:00,35.13999938964844
2018-10-10 16:30:00,35.20500183105469
2018-10-10 17:30:00,35.0
2018-10-10 18:30:00,34.720001220703125
2018-10-10 19:30:00,34.29999923706055
2018-10-11 13:30:00,34.53499984741211
2018-10-11 14:30:00,34.29999923706055
2018-10-11 15:30:00,34.470001220703125
2018-10-11 16:30:00,34.2400016784668
2018-10-11 17:30:00,34.06999969482422
2018-10-11 18:30:00,34.0099983215332
2018-10-11 19:30:00,33.68000030517578
2018-10-12 13:30:00,34.060001373291016
2018-10-12 14:30:00,34.38999938964844
2018-10-12 15:30:00,34.29999923706055
2018-10-12 16:30:00,34.40999984741211
2018-10-12 17:30:00,34.44499969482422
2018-10-12 18:30:00,34.56999969482422
2018-10-12 19:30:00,34.61000061035156
2018-10-15 13:30:00,34.95000076293945
2018-10-15 14:30:00,35.25
2018-10-15 15:30:00,35.40999984741211
2018-10-15 16:30:00,35.48500061035156
2018-10-15 17:30:00,35.279998779296875
2018-10-15 18:30:00,35.255001068115234
2018-10-15 19:30:00,35.08000183105469
2018-10-16 13:30:00,35.439998626708984
2018-10-16 14:30:00,35.64500045776367
2018-10-16 15:30:00,35.650001525878906
2018-10-16 16:30:00,35.8849983215332
2018-10-16 17:30:00,35.94499969482422
2018-10-16 18:30:00,35.849998474121094
2018-10-16 19:30:00,35.97999954223633
2018-10-17 13:30:00,35.94499969482422
2018-10-17 14:30:00,36.06999969482422
2018-10-17 15:30:00,36.5
2018-10-17 16:30:00,36.525001525878906
2018-10-17 17:30:00,36.33000183105469
2018-10-17 18:30:00,36.47999954223633
2018-10-17 19:30:00,36.400001525878906
2018-10-18 13:30:00,36.584999084472656
2018-10-18 14:30:00,36.29999923706055
2018-10-18 15:30:00,36.06999969482422
2018-10-18 16:30:00,35.970001220703125
2018-10-18 17:30:00,36.064998626708984
2018-10-18 18:30:00,36.06999969482422
2018-10-18 19:30:00,35.939998626708984
2018-10-19 13:30:00,36.2599983215332
2018-10-19 14:30:00,36.279998779296875
2018-10-19 15:30:00,36.02000045776367
2018-10-19 16:30:00,36.064998626708984
2018-10-19 17:30:00,36.0099983215332
2018-10-19 18:30:00,36.0
2018-10-19 19:30:00,35.97999954223633
2018-10-22 13:30:00,35.75
2018-10-22 14:30:00,35.875
2018-10-22 15:30:00,35.68000030517578
2018-10-22 16:30:00,35.72999954223633
2018-10-22 17:30:00,35.78499984741211
2018-10-22 18:30:00,35.94990158081055
2018-10-22 19:30:00,35.75
2018-10-23 13:30:00,35.36000061035156
2018-10-23 14:30:00,35.439998626708984
2018-10-23 15:30:00,35.34000015258789
2018-10-23 16:30:00,35.41999816894531
2018-10-23 17:30:00,35.61000061035156
2018-10-23 18:30:00,35.709999084472656
2018-10-23 19:30:00,35.63999938964844
2018-10-24 13:30:00,35.25
2018-10-24 14:30:00,34.779998779296875
2018-10-24 15:30:00,35.0
2018-10-24 16:30:00,34.720001220703125
2018-10-24 17:30:00,34.58000183105469
2018-10-24 18:30:00,34.2599983215332
2018-10-24 19:30:00,34.099998474121094
2018-10-25 13:30:00,35.70500183105469
2018-10-25 14:30:00,35.52000045776367
2018-10-25 15:30:00,35.470001220703125
2018-10-25 16:30:00,35.48500061035156
2018-10-25 17:30:00,35.790000915527344
2018-10-25 18:30:00,35.939998626708984
2018-10-25 19:30:00,35.84000015258789
2018-10-26 13:30:00,35.70000076293945
2018-10-26 14:30:00,35.564998626708984
2018-10-26 15:30:00,35.75
2018-10-26 16:30:00,35.630001068115234
2018-10-26 17:30:00,35.5
2018-10-26 18:30:00,35.15999984741211
2018-10-26 19:30:00,35.2400016784668
2018-10-29 13:30:00,36.28499984741211
2018-10-29 14:30:00,36.021400451660156
2018-10-29 15:30:00,36.08000183105469
2018-10-29 16:30:00,36.290000915527344
2018-10-29 17:30:00,36.13999938964844
2018-10-29 18:30:00,35.84000015258789
2018-10-29 19:30:00,36.04999923706055
2018-10-30 13:30:00,37.08000183105469
2018-10-30 14:30:00,37.38999938964844
2018-10-30 15:30:00,37.38999938964844
2018-10-30 16:30:00,37.310001373291016
2018-10-30 17:30:00,37.40999984741211
2018-10-30 18:30:00,37.58000183105469
2018-10-30 19:30:00,37.72999954223633
2018-10-31 13:30:00,38.130001068115234
2018-10-31 14:30:00,38.220001220703125
2018-10-31 15:30:00,38.2400016784668
2018-10-31 16:30:00,38.60499954223633
2018-10-31 17:30:00,38.599998474121094
2018-10-31 18:30:00,38.529998779296875
2018-10-31 19:30:00,38.13999938964844
2018-11-01 13:30:00,37.92499923706055
2018-11-01 14:30:00,38.130001068115234
2018-11-01 15:30:00,37.77000045776367
2018-11-01 16:30:00,37.97999954223633
2018-11-01 17:30:00,37.849998474121094
2018-11-01 18:30:00,37.91999816894531
2018-11-01 19:30:00,37.959999084472656
2018-11-02 13:30:00,37.6150016784668
2018-11-02 14:30:00,37.38999938964844
2018-11-02 15:30:00,37.369998931884766
2018-11-02 16:30:00,37.39500045776367
2018-11-02 17:30:00,37.720001220703125
2018-11-02 18:30:00,37.72999954223633
2018-11-02 19:30:00,37.630001068115234
