Datetime,CTRP
2017-11-06 14:30:00,46.5099983215332
2017-11-06 15:30:00,46.14500045776367
2017-11-06 16:30:00,46.0099983215332
2017-11-06 17:30:00,45.970001220703125
2017-11-06 18:30:00,45.88999938964844
2017-11-06 19:30:00,45.81999969482422
2017-11-06 20:30:00,45.88999938964844
2017-11-07 14:30:00,45.650001525878906
2017-11-07 15:30:00,46.09000015258789
2017-11-07 16:30:00,46.025001525878906
2017-11-07 17:30:00,45.7400016784668
2017-11-07 18:30:00,45.880001068115234
2017-11-07 19:30:00,45.869998931884766
2017-11-07 20:30:00,45.88999938964844
2017-11-08 14:30:00,46.189998626708984
2017-11-08 15:30:00,45.9900016784668
2017-11-08 16:30:00,46.119998931884766
2017-11-08 17:30:00,46.650001525878906
2017-11-08 18:30:00,46.56999969482422
2017-11-08 19:30:00,46.25
2017-11-08 20:30:00,45.959999084472656
2017-11-09 14:30:00,45.18000030517578
2017-11-09 15:30:00,45.36000061035156
2017-11-09 16:30:00,45.154998779296875
2017-11-09 17:30:00,45.34000015258789
2017-11-09 18:30:00,45.61000061035156
2017-11-09 19:30:00,45.689998626708984
2017-11-09 20:30:00,45.88999938964844
2017-11-10 14:30:00,45.40999984741211
2017-11-10 15:30:00,45.400001525878906
2017-11-10 16:30:00,45.45000076293945
2017-11-10 17:30:00,45.52000045776367
2017-11-10 18:30:00,45.689998626708984
2017-11-10 19:30:00,45.53499984741211
2017-11-10 20:30:00,45.65999984741211
2017-11-13 14:30:00,46.40999984741211
2017-11-13 15:30:00,46.33000183105469
2017-11-13 16:30:00,46.209999084472656
2017-11-13 17:30:00,46.17499923706055
2017-11-13 18:30:00,46.209999084472656
2017-11-13 19:30:00,46.388999938964844
2017-11-13 20:30:00,46.494998931884766
2017-11-14 14:30:00,45.599998474121094
2017-11-14 15:30:00,45.720001220703125
2017-11-14 16:30:00,45.25
2017-11-14 17:30:00,45.130001068115234
2017-11-14 18:30:00,45.310001373291016
2017-11-14 19:30:00,45.2599983215332
2017-11-14 20:30:00,45.290000915527344
2017-11-15 14:30:00,45.45000076293945
2017-11-15 15:30:00,45.6150016784668
2017-11-15 16:30:00,45.47999954223633
2017-11-15 17:30:00,45.67300033569336
2017-11-15 18:30:00,45.7400016784668
2017-11-15 19:30:00,45.810001373291016
2017-11-15 20:30:00,45.86000061035156
2017-11-16 14:30:00,46.619998931884766
2017-11-16 15:30:00,46.86000061035156
2017-11-16 16:30:00,46.7599983215332
2017-11-16 17:30:00,46.93000030517578
2017-11-16 18:30:00,47.189998626708984
2017-11-16 19:30:00,47.22999954223633
2017-11-16 20:30:00,46.84000015258789
2017-11-17 14:30:00,47.68000030517578
2017-11-17 15:30:00,48.0099983215332
2017-11-17 16:30:00,48.27000045776367
2017-11-17 17:30:00,48.040000915527344
2017-11-17 18:30:00,48.02000045776367
2017-11-17 19:30:00,47.92720031738281
2017-11-17 20:30:00,47.7400016784668
2017-11-20 14:30:00,47.630001068115234
2017-11-20 15:30:00,47.459999084472656
2017-11-20 16:30:00,47.349998474121094
2017-11-20 17:30:00,47.27000045776367
2017-11-20 18:30:00,47.459999084472656
2017-11-20 19:30:00,47.5
2017-11-20 20:30:00,47.40999984741211
2017-11-21 14:30:00,47.97999954223633
2017-11-21 15:30:00,48.16999816894531
2017-11-21 16:30:00,48.27000045776367
2017-11-21 17:30:00,48.40999984741211
2017-11-21 18:30:00,48.30500030517578
2017-11-21 19:30:00,48.349998474121094
2017-11-21 20:30:00,48.11000061035156
2017-11-22 14:30:00,48.154998779296875
2017-11-22 15:30:00,47.915000915527344
2017-11-22 16:30:00,48.0099983215332
2017-11-22 17:30:00,48.119998931884766
2017-11-22 18:30:00,48.02000045776367
2017-11-22 19:30:00,47.93000030517578
2017-11-22 20:30:00,48.029998779296875
2017-11-24 14:30:00,47.51499938964844
2017-11-24 15:30:00,47.32500076293945
2017-11-24 16:30:00,47.5
2017-11-24 18:00:00,47.50149917602539
2017-11-27 14:30:00,46.68000030517578
2017-11-27 15:30:00,46.45759963989258
2017-11-27 16:30:00,46.4900016784668
2017-11-27 17:30:00,46.459999084472656
2017-11-27 18:30:00,46.5
2017-11-27 19:30:00,46.66999816894531
2017-11-27 20:30:00,46.790000915527344
2017-11-28 14:30:00,46.415000915527344
2017-11-28 15:30:00,46.869998931884766
2017-11-28 16:30:00,46.959999084472656
2017-11-28 17:30:00,46.7599983215332
2017-11-28 18:30:00,46.779998779296875
2017-11-28 19:30:00,46.709999084472656
2017-11-28 20:30:00,46.68000030517578
2017-11-29 14:30:00,46.290000915527344
2017-11-29 15:30:00,46.5099983215332
2017-11-29 16:30:00,46.27000045776367
2017-11-29 17:30:00,46.209999084472656
2017-11-29 18:30:00,46.11000061035156
2017-11-29 19:30:00,46.08000183105469
2017-11-29 20:30:00,46.2400016784668
2017-11-30 14:30:00,46.775001525878906
2017-11-30 15:30:00,46.83000183105469
2017-11-30 16:30:00,46.38999938964844
2017-11-30 17:30:00,46.2599983215332
2017-11-30 18:30:00,46.279998779296875
2017-11-30 19:30:00,46.255001068115234
2017-11-30 20:30:00,46.06999969482422
2017-12-01 14:30:00,46.36009979248047
2017-12-01 15:30:00,46.244998931884766
2017-12-01 16:30:00,46.20000076293945
2017-12-01 17:30:00,46.47999954223633
2017-12-01 18:30:00,46.41999816894531
2017-12-01 19:30:00,46.29999923706055
2017-12-01 20:30:00,46.349998474121094
2017-12-04 14:30:00,45.79999923706055
2017-12-04 15:30:00,45.86000061035156
2017-12-04 16:30:00,46.08000183105469
2017-12-04 17:30:00,46.41999816894531
2017-12-04 18:30:00,46.400001525878906
2017-12-04 19:30:00,46.349998474121094
2017-12-04 20:30:00,46.130001068115234
2017-12-05 14:30:00,45.970001220703125
2017-12-05 15:30:00,46.119998931884766
2017-12-05 16:30:00,46.20000076293945
2017-12-05 17:30:00,46.130001068115234
2017-12-05 18:30:00,46.095001220703125
2017-12-05 19:30:00,46.0099983215332
2017-12-05 20:30:00,45.95000076293945
2017-12-06 14:30:00,45.34000015258789
2017-12-06 15:30:00,45.11000061035156
2017-12-06 16:30:00,45.18000030517578
2017-12-06 17:30:00,45.150001525878906
2017-12-06 18:30:00,45.29999923706055
2017-12-06 19:30:00,45.262298583984375
2017-12-06 20:30:00,45.279998779296875
2017-12-07 14:30:00,44.189998626708984
2017-12-07 15:30:00,43.86000061035156
2017-12-07 16:30:00,43.869998931884766
2017-12-07 17:30:00,44.099998474121094
2017-12-07 18:30:00,43.61000061035156
2017-12-07 19:30:00,43.810001373291016
2017-12-07 20:30:00,43.75
2017-12-08 14:30:00,43.54999923706055
2017-12-08 15:30:00,43.29999923706055
2017-12-08 16:30:00,43.52000045776367
2017-12-08 17:30:00,43.369998931884766
2017-12-08 18:30:00,42.970001220703125
2017-12-08 19:30:00,42.970001220703125
2017-12-08 20:30:00,42.97999954223633
2017-12-11 14:30:00,43.369998931884766
2017-12-11 15:30:00,43.130001068115234
2017-12-11 16:30:00,43.220001220703125
2017-12-11 17:30:00,43.2400016784668
2017-12-11 18:30:00,43.220001220703125
2017-12-11 19:30:00,43.20000076293945
2017-12-11 20:30:00,43.150001525878906
2017-12-12 14:30:00,43.0
2017-12-12 15:30:00,43.29999923706055
2017-12-12 16:30:00,43.13999938964844
2017-12-12 17:30:00,43.20000076293945
2017-12-12 18:30:00,43.15999984741211
2017-12-12 19:30:00,43.2400016784668
2017-12-12 20:30:00,43.349998474121094
2017-12-13 14:30:00,43.31999969482422
2017-12-13 15:30:00,43.220001220703125
2017-12-13 16:30:00,43.36000061035156
2017-12-13 17:30:00,43.474998474121094
2017-12-13 18:30:00,43.33000183105469
2017-12-13 19:30:00,43.560001373291016
2017-12-13 20:30:00,43.59000015258789
2017-12-14 14:30:00,43.45000076293945
2017-12-14 15:30:00,43.45500183105469
2017-12-14 16:30:00,43.4900016784668
2017-12-14 17:30:00,43.4900016784668
2017-12-14 18:30:00,43.529998779296875
2017-12-14 19:30:00,43.63999938964844
2017-12-14 20:30:00,43.540000915527344
2017-12-15 14:30:00,43.66999816894531
2017-12-15 15:30:00,43.959999084472656
2017-12-15 16:30:00,43.91999816894531
2017-12-15 17:30:00,43.849998474121094
2017-12-15 18:30:00,43.890201568603516
2017-12-15 19:30:00,43.959999084472656
2017-12-15 20:30:00,44.040000915527344
2017-12-18 14:30:00,44.5
2017-12-18 15:30:00,44.494998931884766
2017-12-18 16:30:00,44.540000915527344
2017-12-18 17:30:00,44.58000183105469
2017-12-18 18:30:00,44.66999816894531
2017-12-18 19:30:00,44.5
2017-12-18 20:30:00,44.52000045776367
2017-12-19 14:30:00,44.45000076293945
2017-12-19 15:30:00,44.439998626708984
2017-12-19 16:30:00,44.1349983215332
2017-12-19 17:30:00,44.36000061035156
2017-12-19 18:30:00,44.31999969482422
2017-12-19 19:30:00,44.22999954223633
2017-12-19 20:30:00,44.31999969482422
2017-12-20 14:30:00,44.66999816894531
2017-12-20 15:30:00,44.665000915527344
2017-12-20 16:30:00,44.630001068115234
2017-12-20 17:30:00,44.474998474121094
2017-12-20 18:30:00,44.56999969482422
2017-12-20 19:30:00,44.584999084472656
2017-12-20 20:30:00,44.41999816894531
2017-12-21 14:30:00,44.93000030517578
2017-12-21 15:30:00,44.83000183105469
2017-12-21 16:30:00,44.88999938964844
2017-12-21 17:30:00,44.875
2017-12-21 18:30:00,44.790000915527344
2017-12-21 19:30:00,44.75
2017-12-21 20:30:00,44.76499938964844
2017-12-22 14:30:00,45.27000045776367
2017-12-22 15:30:00,45.279998779296875
2017-12-22 16:30:00,45.20000076293945
2017-12-22 17:30:00,45.310001373291016
2017-12-22 18:30:00,45.290000915527344
2017-12-22 19:30:00,45.31999969482422
2017-12-22 20:30:00,45.16999816894531
2017-12-26 14:30:00,44.350101470947266
2017-12-26 15:30:00,44.29999923706055
2017-12-26 16:30:00,44.14500045776367
2017-12-26 17:30:00,44.220001220703125
2017-12-26 18:30:00,44.21500015258789
2017-12-26 19:30:00,44.189998626708984
2017-12-26 20:30:00,44.29999923706055
2017-12-27 14:30:00,44.459999084472656
2017-12-27 15:30:00,44.61000061035156
2017-12-27 16:30:00,44.641998291015625
2017-12-27 17:30:00,44.65999984741211
2017-12-27 18:30:00,44.7400016784668
2017-12-27 19:30:00,44.7400016784668
2017-12-27 20:30:00,44.650001525878906
2017-12-28 14:30:00,44.41999816894531
2017-12-28 15:30:00,44.66999816894531
2017-12-28 16:30:00,44.7599983215332
2017-12-28 17:30:00,44.77000045776367
2017-12-28 18:30:00,44.75
2017-12-28 19:30:00,44.73500061035156
2017-12-28 20:30:00,44.744998931884766
2017-12-29 14:30:00,44.43000030517578
2017-12-29 15:30:00,44.38999938964844
2017-12-29 16:30:00,44.04999923706055
2017-12-29 17:30:00,44.19499969482422
2017-12-29 18:30:00,43.98899841308594
2017-12-29 19:30:00,44.0099983215332
2017-12-29 20:30:00,44.099998474121094
2018-01-02 14:30:00,46.0
2018-01-02 15:30:00,46.189998626708984
2018-01-02 16:30:00,46.25
2018-01-02 17:30:00,46.380001068115234
2018-01-02 18:30:00,46.439998626708984
2018-01-02 19:30:00,46.400001525878906
2018-01-02 20:30:00,46.099998474121094
2018-01-03 14:30:00,46.61000061035156
2018-01-03 15:30:00,47.14550018310547
2018-01-03 16:30:00,46.90999984741211
2018-01-03 17:30:00,46.66999816894531
2018-01-03 18:30:00,46.61000061035156
2018-01-03 19:30:00,46.59989929199219
2018-01-03 20:30:00,46.599998474121094
2018-01-04 14:30:00,46.70500183105469
2018-01-04 15:30:00,46.709999084472656
2018-01-04 16:30:00,46.54999923706055
2018-01-04 17:30:00,46.26060104370117
2018-01-04 18:30:00,46.189998626708984
2018-01-04 19:30:00,46.220001220703125
2018-01-04 20:30:00,46.209999084472656
2018-01-05 14:30:00,46.70000076293945
2018-01-05 15:30:00,47.16999816894531
2018-01-05 16:30:00,47.540000915527344
2018-01-05 17:30:00,47.41999816894531
2018-01-05 18:30:00,47.647499084472656
2018-01-05 19:30:00,47.68000030517578
2018-01-05 20:30:00,47.369998931884766
2018-01-08 14:30:00,47.150001525878906
2018-01-08 15:30:00,47.119998931884766
2018-01-08 16:30:00,47.0
2018-01-08 17:30:00,46.88999938964844
2018-01-08 18:30:00,47.040000915527344
2018-01-08 19:30:00,46.970001220703125
2018-01-08 20:30:00,47.189998626708984
2018-01-09 14:30:00,47.4900016784668
2018-01-09 15:30:00,47.779998779296875
2018-01-09 16:30:00,47.91999816894531
2018-01-09 17:30:00,47.810001373291016
2018-01-09 18:30:00,47.994998931884766
2018-01-09 19:30:00,47.78020095825195
2018-01-09 20:30:00,47.66999816894531
2018-01-10 14:30:00,47.630001068115234
2018-01-10 15:30:00,47.900001525878906
2018-01-10 16:30:00,47.88999938964844
2018-01-10 17:30:00,47.720001220703125
2018-01-10 18:30:00,47.349998474121094
2018-01-10 19:30:00,47.35499954223633
2018-01-10 20:30:00,47.13999938964844
2018-01-11 14:30:00,47.72999954223633
2018-01-11 15:30:00,47.86000061035156
2018-01-11 16:30:00,47.95000076293945
2018-01-11 17:30:00,48.0
2018-01-11 18:30:00,47.959999084472656
2018-01-11 19:30:00,47.84000015258789
2018-01-11 20:30:00,47.709999084472656
2018-01-12 14:30:00,48.040000915527344
2018-01-12 15:30:00,47.79999923706055
2018-01-12 16:30:00,47.83000183105469
2018-01-12 17:30:00,47.84000015258789
2018-01-12 18:30:00,47.939998626708984
2018-01-12 19:30:00,47.779998779296875
2018-01-12 20:30:00,47.65999984741211
2018-01-16 14:30:00,48.849998474121094
2018-01-16 15:30:00,48.720001220703125
2018-01-16 16:30:00,48.720001220703125
2018-01-16 17:30:00,48.400001525878906
2018-01-16 18:30:00,48.334999084472656
2018-01-16 19:30:00,48.45000076293945
2018-01-16 20:30:00,48.2400016784668
2018-01-17 14:30:00,48.25
2018-01-17 15:30:00,48.2599983215332
2018-01-17 16:30:00,48.21500015258789
2018-01-17 17:30:00,48.459999084472656
2018-01-17 18:30:00,48.5099983215332
2018-01-17 19:30:00,48.36000061035156
2018-01-17 20:30:00,48.334999084472656
2018-01-18 14:30:00,47.459999084472656
2018-01-18 15:30:00,47.777000427246094
2018-01-18 16:30:00,47.61000061035156
2018-01-18 17:30:00,47.59000015258789
2018-01-18 18:30:00,47.4900016784668
2018-01-18 19:30:00,47.470001220703125
2018-01-18 20:30:00,47.439998626708984
2018-01-19 14:30:00,46.79999923706055
2018-01-19 15:30:00,46.689998626708984
2018-01-19 16:30:00,46.82500076293945
2018-01-19 17:30:00,46.71500015258789
2018-01-19 18:30:00,46.869998931884766
2018-01-19 19:30:00,46.811100006103516
2018-01-19 20:30:00,46.83000183105469
2018-01-22 14:30:00,45.59000015258789
2018-01-22 15:30:00,45.720001220703125
2018-01-22 16:30:00,45.869998931884766
2018-01-22 17:30:00,45.959999084472656
2018-01-22 18:30:00,45.939998626708984
2018-01-22 19:30:00,45.994998931884766
2018-01-22 20:30:00,46.130001068115234
2018-01-23 14:30:00,44.779998779296875
2018-01-23 15:30:00,44.89500045776367
2018-01-23 16:30:00,44.7400016784668
2018-01-23 17:30:00,44.79499816894531
2018-01-23 18:30:00,44.970001220703125
2018-01-23 19:30:00,44.77000045776367
2018-01-23 20:30:00,44.83000183105469
2018-01-24 14:30:00,44.970001220703125
2018-01-24 15:30:00,44.7400016784668
2018-01-24 16:30:00,44.52000045776367
2018-01-24 17:30:00,44.810001373291016
2018-01-24 18:30:00,44.97999954223633
2018-01-24 19:30:00,45.040000915527344
2018-01-24 20:30:00,44.849998474121094
2018-01-25 14:30:00,45.06999969482422
2018-01-25 15:30:00,45.43989944458008
2018-01-25 16:30:00,45.900001525878906
2018-01-25 17:30:00,46.08000183105469
2018-01-25 18:30:00,46.029998779296875
2018-01-25 19:30:00,45.810001373291016
2018-01-25 20:30:00,45.58000183105469
2018-01-26 14:30:00,45.900001525878906
2018-01-26 15:30:00,46.41999816894531
2018-01-26 16:30:00,46.529998779296875
2018-01-26 17:30:00,46.619998931884766
2018-01-26 18:30:00,46.814998626708984
2018-01-26 19:30:00,47.0099983215332
2018-01-26 20:30:00,46.84000015258789
2018-01-29 14:30:00,47.63999938964844
2018-01-29 15:30:00,47.40999984741211
2018-01-29 16:30:00,47.20000076293945
2018-01-29 17:30:00,47.22999954223633
2018-01-29 18:30:00,47.08000183105469
2018-01-29 19:30:00,47.04999923706055
2018-01-29 20:30:00,47.01499938964844
2018-01-30 14:30:00,46.61000061035156
2018-01-30 15:30:00,46.689998626708984
2018-01-30 16:30:00,46.64680099487305
2018-01-30 17:30:00,46.61000061035156
2018-01-30 18:30:00,46.834999084472656
2018-01-30 19:30:00,46.939998626708984
2018-01-30 20:30:00,46.88999938964844
2018-01-31 14:30:00,47.099998474121094
2018-01-31 15:30:00,46.93479919433594
2018-01-31 16:30:00,46.95000076293945
2018-01-31 17:30:00,46.849998474121094
2018-01-31 18:30:00,46.84000015258789
2018-01-31 19:30:00,46.849998474121094
2018-01-31 20:30:00,46.790000915527344
2018-02-01 14:30:00,47.4900016784668
2018-02-01 15:30:00,47.75
2018-02-01 16:30:00,47.654998779296875
2018-02-01 17:30:00,47.61000061035156
2018-02-01 18:30:00,47.400001525878906
2018-02-01 19:30:00,47.279998779296875
2018-02-01 20:30:00,47.25
2018-02-02 14:30:00,46.54999923706055
2018-02-02 15:30:00,46.415000915527344
2018-02-02 16:30:00,46.77000045776367
2018-02-02 17:30:00,46.939998626708984
2018-02-02 18:30:00,46.93000030517578
2018-02-02 19:30:00,46.779998779296875
2018-02-02 20:30:00,46.86000061035156
2018-02-05 14:30:00,47.45000076293945
2018-02-05 15:30:00,47.470001220703125
2018-02-05 16:30:00,47.404998779296875
2018-02-05 17:30:00,47.349998474121094
2018-02-05 18:30:00,47.389400482177734
2018-02-05 19:30:00,47.209999084472656
2018-02-05 20:30:00,46.29999923706055
2018-02-06 14:30:00,47.470001220703125
2018-02-06 15:30:00,47.915000915527344
2018-02-06 16:30:00,47.75
2018-02-06 17:30:00,47.81999969482422
2018-02-06 18:30:00,47.47999954223633
2018-02-06 19:30:00,47.869998931884766
2018-02-06 20:30:00,47.810001373291016
2018-02-07 14:30:00,47.709999084472656
2018-02-07 15:30:00,47.400001525878906
2018-02-07 16:30:00,46.970001220703125
2018-02-07 17:30:00,46.63999938964844
2018-02-07 18:30:00,46.7599983215332
2018-02-07 19:30:00,46.5099983215332
2018-02-07 20:30:00,46.27000045776367
2018-02-08 14:30:00,45.36000061035156
2018-02-08 15:30:00,44.970001220703125
2018-02-08 16:30:00,44.81999969482422
2018-02-08 17:30:00,44.650001525878906
2018-02-08 18:30:00,44.7599983215332
2018-02-08 19:30:00,44.459999084472656
2018-02-08 20:30:00,44.470001220703125
2018-02-09 14:30:00,44.36000061035156
2018-02-09 15:30:00,43.529998779296875
2018-02-09 16:30:00,43.279998779296875
2018-02-09 17:30:00,43.220001220703125
2018-02-09 18:30:00,43.869998931884766
2018-02-09 19:30:00,43.869998931884766
2018-02-09 20:30:00,43.84000015258789
2018-02-12 14:30:00,43.20000076293945
2018-02-12 15:30:00,43.4900016784668
2018-02-12 16:30:00,43.40999984741211
2018-02-12 17:30:00,43.529998779296875
2018-02-12 18:30:00,43.58000183105469
2018-02-12 19:30:00,43.55500030517578
2018-02-12 20:30:00,43.650001525878906
2018-02-13 14:30:00,44.54999923706055
2018-02-13 15:30:00,44.54999923706055
2018-02-13 16:30:00,44.130001068115234
2018-02-13 17:30:00,44.18000030517578
2018-02-13 18:30:00,44.099998474121094
2018-02-13 19:30:00,44.18000030517578
2018-02-13 20:30:00,43.9900016784668
2018-02-14 14:30:00,45.060001373291016
2018-02-14 15:30:00,44.89500045776367
2018-02-14 16:30:00,44.619998931884766
2018-02-14 17:30:00,45.0
2018-02-14 18:30:00,45.03499984741211
2018-02-14 19:30:00,45.02000045776367
2018-02-14 20:30:00,44.970001220703125
2018-02-15 14:30:00,46.15999984741211
2018-02-15 15:30:00,46.150001525878906
2018-02-15 16:30:00,45.880001068115234
2018-02-15 17:30:00,46.150001525878906
2018-02-15 18:30:00,46.369998931884766
2018-02-15 19:30:00,46.349998474121094
2018-02-15 20:30:00,46.29999923706055
2018-02-16 14:30:00,46.939998626708984
2018-02-16 15:30:00,46.97999954223633
2018-02-16 16:30:00,47.0
2018-02-16 17:30:00,46.77080154418945
2018-02-16 18:30:00,46.54999923706055
2018-02-16 19:30:00,46.86000061035156
2018-02-16 20:30:00,46.63999938964844
2018-02-20 14:30:00,46.709999084472656
2018-02-20 15:30:00,46.939998626708984
2018-02-20 16:30:00,47.2400016784668
2018-02-20 17:30:00,46.83000183105469
2018-02-20 18:30:00,46.77000045776367
2018-02-20 19:30:00,46.40999984741211
2018-02-20 20:30:00,46.34000015258789
2018-02-21 14:30:00,47.029998779296875
2018-02-21 15:30:00,47.040000915527344
2018-02-21 16:30:00,46.86000061035156
2018-02-21 17:30:00,47.0099983215332
2018-02-21 18:30:00,47.189998626708984
2018-02-21 19:30:00,46.75
2018-02-21 20:30:00,46.459999084472656
2018-02-22 14:30:00,46.790000915527344
2018-02-22 15:30:00,47.0099983215332
2018-02-22 16:30:00,46.93000030517578
2018-02-22 17:30:00,46.79679870605469
2018-02-22 18:30:00,47.0
2018-02-22 19:30:00,46.869998931884766
2018-02-22 20:30:00,47.0099983215332
2018-02-23 14:30:00,46.65999984741211
2018-02-23 15:30:00,46.83000183105469
2018-02-23 16:30:00,46.939998626708984
2018-02-23 17:30:00,47.04999923706055
2018-02-23 18:30:00,47.11000061035156
2018-02-23 19:30:00,47.43000030517578
2018-02-23 20:30:00,47.45000076293945
2018-02-26 14:30:00,47.15999984741211
2018-02-26 15:30:00,47.0
2018-02-26 16:30:00,47.130001068115234
2018-02-26 17:30:00,47.06999969482422
2018-02-26 18:30:00,47.064998626708984
2018-02-26 19:30:00,47.060001373291016
2018-02-26 20:30:00,47.09000015258789
2018-02-27 14:30:00,47.029998779296875
2018-02-27 15:30:00,46.81999969482422
2018-02-27 16:30:00,46.43000030517578
2018-02-27 17:30:00,46.540000915527344
2018-02-27 18:30:00,46.5099983215332
2018-02-27 19:30:00,46.33000183105469
2018-02-27 20:30:00,46.47999954223633
2018-02-28 14:30:00,46.349998474121094
2018-02-28 15:30:00,45.92020034790039
2018-02-28 16:30:00,45.939998626708984
2018-02-28 17:30:00,46.02000045776367
2018-02-28 18:30:00,46.220001220703125
2018-02-28 19:30:00,45.9900016784668
2018-02-28 20:30:00,45.97999954223633
2018-03-01 14:30:00,45.68000030517578
2018-03-01 15:30:00,45.560001373291016
2018-03-01 16:30:00,45.525001525878906
2018-03-01 17:30:00,45.619998931884766
2018-03-01 18:30:00,45.130001068115234
2018-03-01 19:30:00,45.59000015258789
2018-03-01 20:30:00,45.4900016784668
2018-03-02 14:30:00,44.33000183105469
2018-03-02 15:30:00,44.94499969482422
2018-03-02 16:30:00,45.380001068115234
2018-03-02 17:30:00,45.05500030517578
2018-03-02 18:30:00,45.29999923706055
2018-03-02 19:30:00,45.40999984741211
2018-03-02 20:30:00,45.619998931884766
2018-03-05 14:30:00,46.0
2018-03-05 15:30:00,46.5099983215332
2018-03-05 16:30:00,46.709999084472656
2018-03-05 17:30:00,47.150001525878906
2018-03-05 18:30:00,47.0
2018-03-05 19:30:00,47.17499923706055
2018-03-05 20:30:00,47.06999969482422
2018-03-06 14:30:00,47.52220153808594
2018-03-06 15:30:00,47.2599983215332
2018-03-06 16:30:00,47.470001220703125
2018-03-06 17:30:00,47.59000015258789
2018-03-06 18:30:00,47.36000061035156
2018-03-06 19:30:00,47.56999969482422
2018-03-06 20:30:00,47.540000915527344
2018-03-07 14:30:00,47.380001068115234
2018-03-07 15:30:00,47.69990158081055
2018-03-07 16:30:00,47.46500015258789
2018-03-07 17:30:00,47.63999938964844
2018-03-07 18:30:00,47.744998931884766
2018-03-07 19:30:00,47.959999084472656
2018-03-07 20:30:00,47.939998626708984
2018-03-08 14:30:00,47.970001220703125
2018-03-08 15:30:00,48.0099983215332
2018-03-08 16:30:00,47.96009826660156
2018-03-08 17:30:00,47.790000915527344
2018-03-08 18:30:00,47.95000076293945
2018-03-08 19:30:00,47.95000076293945
2018-03-08 20:30:00,47.88999938964844
2018-03-09 14:30:00,48.470001220703125
2018-03-09 15:30:00,48.308998107910156
2018-03-09 16:30:00,48.36000061035156
2018-03-09 17:30:00,48.34000015258789
2018-03-09 18:30:00,48.3650016784668
2018-03-09 19:30:00,48.33000183105469
2018-03-09 20:30:00,48.349998474121094
2018-03-12 13:30:00,48.91299819946289
2018-03-12 14:30:00,49.0099983215332
2018-03-12 15:30:00,49.2599983215332
2018-03-12 16:30:00,49.060001373291016
2018-03-12 17:30:00,49.040000915527344
2018-03-12 18:30:00,49.25
2018-03-12 19:30:00,49.060001373291016
2018-03-13 13:30:00,49.08000183105469
2018-03-13 14:30:00,49.13999938964844
2018-03-13 15:30:00,48.83000183105469
2018-03-13 16:30:00,48.90999984741211
2018-03-13 17:30:00,48.689998626708984
2018-03-13 18:30:00,48.560001373291016
2018-03-13 19:30:00,48.779998779296875
2018-03-14 13:30:00,49.0
2018-03-14 14:30:00,48.70000076293945
2018-03-14 15:30:00,48.7599983215332
2018-03-14 16:30:00,48.880001068115234
2018-03-14 17:30:00,49.04999923706055
2018-03-14 18:30:00,48.52000045776367
2018-03-14 19:30:00,48.72999954223633
2018-03-15 13:30:00,47.58000183105469
2018-03-15 14:30:00,47.86000061035156
2018-03-15 15:30:00,47.72999954223633
2018-03-15 16:30:00,47.56999969482422
2018-03-15 17:30:00,47.58000183105469
2018-03-15 18:30:00,47.7400016784668
2018-03-15 19:30:00,47.77000045776367
2018-03-16 13:30:00,49.06999969482422
2018-03-16 14:30:00,49.119998931884766
2018-03-16 15:30:00,49.470001220703125
2018-03-16 16:30:00,49.470001220703125
2018-03-16 17:30:00,49.290000915527344
2018-03-16 18:30:00,49.0
2018-03-16 19:30:00,49.27000045776367
2018-03-19 13:30:00,48.78499984741211
2018-03-19 14:30:00,48.56999969482422
2018-03-19 15:30:00,48.59000015258789
2018-03-19 16:30:00,48.30500030517578
2018-03-19 17:30:00,48.349998474121094
2018-03-19 18:30:00,48.67499923706055
2018-03-19 19:30:00,48.70000076293945
2018-03-20 13:30:00,49.22999954223633
2018-03-20 14:30:00,49.93000030517578
2018-03-20 15:30:00,49.75
2018-03-20 16:30:00,49.685001373291016
2018-03-20 17:30:00,49.790000915527344
2018-03-20 18:30:00,49.744998931884766
2018-03-20 19:30:00,49.63999938964844
2018-03-21 13:30:00,49.96500015258789
2018-03-21 14:30:00,49.66999816894531
2018-03-21 15:30:00,49.77000045776367
2018-03-21 16:30:00,49.439998626708984
2018-03-21 17:30:00,49.13999938964844
2018-03-21 18:30:00,49.45000076293945
2018-03-21 19:30:00,49.459999084472656
2018-03-22 13:30:00,48.08000183105469
2018-03-22 14:30:00,47.75
2018-03-22 15:30:00,47.790000915527344
2018-03-22 16:30:00,47.79999923706055
2018-03-22 17:30:00,48.181400299072266
2018-03-22 18:30:00,48.22999954223633
2018-03-22 19:30:00,48.18000030517578
2018-03-23 13:30:00,47.599998474121094
2018-03-23 14:30:00,47.56999969482422
2018-03-23 15:30:00,47.459999084472656
2018-03-23 16:30:00,47.279998779296875
2018-03-23 17:30:00,46.83000183105469
2018-03-23 18:30:00,46.66999816894531
2018-03-23 19:30:00,46.7400016784668
2018-03-26 13:30:00,47.11000061035156
2018-03-26 14:30:00,46.869998931884766
2018-03-26 15:30:00,46.97999954223633
2018-03-26 16:30:00,46.959999084472656
2018-03-26 17:30:00,47.25
2018-03-26 18:30:00,47.47999954223633
2018-03-26 19:30:00,47.5099983215332
2018-03-27 13:30:00,47.720001220703125
2018-03-27 14:30:00,47.619998931884766
2018-03-27 15:30:00,47.15999984741211
2018-03-27 16:30:00,47.02000045776367
2018-03-27 17:30:00,46.27899932861328
2018-03-27 18:30:00,46.099998474121094
2018-03-27 19:30:00,46.310001373291016
2018-03-28 13:30:00,46.06999969482422
2018-03-28 14:30:00,45.689998626708984
2018-03-28 15:30:00,46.33000183105469
2018-03-28 16:30:00,46.20000076293945
2018-03-28 17:30:00,46.25
2018-03-28 18:30:00,46.25
2018-03-28 19:30:00,46.15999984741211
2018-03-29 13:30:00,46.04999923706055
2018-03-29 14:30:00,46.43000030517578
2018-03-29 15:30:00,46.45000076293945
2018-03-29 16:30:00,46.380001068115234
2018-03-29 17:30:00,46.56999969482422
2018-03-29 18:30:00,46.790000915527344
2018-03-29 19:30:00,46.630001068115234
2018-04-02 13:30:00,45.90999984741211
2018-04-02 14:30:00,45.72999954223633
2018-04-02 15:30:00,45.709999084472656
2018-04-02 16:30:00,45.599998474121094
2018-04-02 17:30:00,45.560001373291016
2018-04-02 18:30:00,45.43000030517578
2018-04-02 19:30:00,45.75
2018-04-03 13:30:00,45.345001220703125
2018-04-03 14:30:00,45.56999969482422
2018-04-03 15:30:00,45.2599983215332
2018-04-03 16:30:00,45.33000183105469
2018-04-03 17:30:00,45.29999923706055
2018-04-03 18:30:00,45.5
2018-04-03 19:30:00,45.599998474121094
2018-04-04 13:30:00,45.529998779296875
2018-04-04 14:30:00,45.66999816894531
2018-04-04 15:30:00,45.970001220703125
2018-04-04 16:30:00,45.577301025390625
2018-04-04 17:30:00,45.70000076293945
2018-04-04 18:30:00,45.79999923706055
2018-04-04 19:30:00,45.70000076293945
2018-04-05 13:30:00,46.0099983215332
2018-04-05 14:30:00,46.04999923706055
2018-04-05 15:30:00,46.0
2018-04-05 16:30:00,45.810001373291016
2018-04-05 17:30:00,45.86000061035156
2018-04-05 18:30:00,45.79999923706055
2018-04-05 19:30:00,45.869998931884766
2018-04-06 13:30:00,45.459999084472656
2018-04-06 14:30:00,45.20000076293945
2018-04-06 15:30:00,44.91999816894531
2018-04-06 16:30:00,44.95000076293945
2018-04-06 17:30:00,44.689998626708984
2018-04-06 18:30:00,44.650001525878906
2018-04-06 19:30:00,44.79999923706055
2018-04-09 13:30:00,45.36000061035156
2018-04-09 14:30:00,45.439998626708984
2018-04-09 15:30:00,45.38999938964844
2018-04-09 16:30:00,45.279998779296875
2018-04-09 17:30:00,45.084999084472656
2018-04-09 18:30:00,44.92499923706055
2018-04-09 19:30:00,44.779998779296875
2018-04-10 13:30:00,45.72999954223633
2018-04-10 14:30:00,45.72999954223633
2018-04-10 15:30:00,45.68000030517578
2018-04-10 16:30:00,45.86000061035156
2018-04-10 17:30:00,46.029998779296875
2018-04-10 18:30:00,46.189998626708984
2018-04-10 19:30:00,46.029998779296875
2018-04-11 13:30:00,46.040000915527344
2018-04-11 14:30:00,45.779998779296875
2018-04-11 15:30:00,45.86000061035156
2018-04-11 16:30:00,45.81999969482422
2018-04-11 17:30:00,45.75
2018-04-11 18:30:00,45.47999954223633
2018-04-11 19:30:00,45.65999984741211
2018-04-12 13:30:00,45.900001525878906
2018-04-12 14:30:00,45.900001525878906
2018-04-12 15:30:00,45.810001373291016
2018-04-12 16:30:00,45.56999969482422
2018-04-12 17:30:00,45.38999938964844
2018-04-12 18:30:00,45.560001373291016
2018-04-12 19:30:00,45.369998931884766
2018-04-13 13:30:00,44.209999084472656
2018-04-13 14:30:00,44.0
2018-04-13 15:30:00,44.08000183105469
2018-04-13 16:30:00,43.869998931884766
2018-04-13 17:30:00,43.81999969482422
2018-04-13 18:30:00,43.654998779296875
2018-04-13 19:30:00,43.90999984741211
2018-04-16 13:30:00,43.380001068115234
2018-04-16 14:30:00,42.84000015258789
2018-04-16 15:30:00,42.849998474121094
2018-04-16 16:30:00,42.77000045776367
2018-04-16 17:30:00,42.720001220703125
2018-04-16 18:30:00,42.54999923706055
2018-04-16 19:30:00,42.630001068115234
2018-04-17 13:30:00,43.29999923706055
2018-04-17 14:30:00,43.32500076293945
2018-04-17 15:30:00,43.13999938964844
2018-04-17 16:30:00,43.02000045776367
2018-04-17 17:30:00,42.915000915527344
2018-04-17 18:30:00,42.88999938964844
2018-04-17 19:30:00,42.83000183105469
2018-04-18 13:30:00,43.04499816894531
2018-04-18 14:30:00,43.099998474121094
2018-04-18 15:30:00,43.400001525878906
2018-04-18 16:30:00,43.33000183105469
2018-04-18 17:30:00,43.529998779296875
2018-04-18 18:30:00,43.439998626708984
2018-04-18 19:30:00,43.34000015258789
2018-04-19 13:30:00,43.91999816894531
2018-04-19 14:30:00,43.90999984741211
2018-04-19 15:30:00,43.63999938964844
2018-04-19 16:30:00,43.5
2018-04-19 17:30:00,43.400001525878906
2018-04-19 18:30:00,43.349998474121094
2018-04-19 19:30:00,43.04999923706055
2018-04-20 13:30:00,42.90999984741211
2018-04-20 14:30:00,42.540000915527344
2018-04-20 15:30:00,42.52000045776367
2018-04-20 16:30:00,42.720001220703125
2018-04-20 17:30:00,42.7599983215332
2018-04-20 18:30:00,42.599998474121094
2018-04-20 19:30:00,42.650001525878906
2018-04-23 13:30:00,43.400001525878906
2018-04-23 14:30:00,43.54999923706055
2018-04-23 15:30:00,43.41999816894531
2018-04-23 16:30:00,43.19499969482422
2018-04-23 17:30:00,43.09000015258789
2018-04-23 18:30:00,43.04999923706055
2018-04-23 19:30:00,42.95000076293945
2018-04-24 13:30:00,42.70000076293945
2018-04-24 14:30:00,42.31999969482422
2018-04-24 15:30:00,42.0099983215332
2018-04-24 16:30:00,41.9900016784668
2018-04-24 17:30:00,41.79999923706055
2018-04-24 18:30:00,41.875
2018-04-24 19:30:00,41.689998626708984
2018-04-25 13:30:00,41.54999923706055
2018-04-25 14:30:00,41.22999954223633
2018-04-25 15:30:00,41.09000015258789
2018-04-25 16:30:00,41.0099983215332
2018-04-25 17:30:00,41.119998931884766
2018-04-25 18:30:00,41.220001220703125
2018-04-25 19:30:00,41.279998779296875
2018-04-26 13:30:00,40.75
2018-04-26 14:30:00,40.720001220703125
2018-04-26 15:30:00,40.790000915527344
2018-04-26 16:30:00,40.596099853515625
2018-04-26 17:30:00,40.54999923706055
2018-04-26 18:30:00,40.595001220703125
2018-04-26 19:30:00,40.4900016784668
2018-04-27 13:30:00,40.560001373291016
2018-04-27 14:30:00,40.5099983215332
2018-04-27 15:30:00,40.52830123901367
2018-04-27 16:30:00,40.560001373291016
2018-04-27 17:30:00,40.599998474121094
2018-04-27 18:30:00,40.619998931884766
2018-04-27 19:30:00,40.599998474121094
2018-04-30 13:30:00,41.189998626708984
2018-04-30 14:30:00,41.060001373291016
2018-04-30 15:30:00,40.880001068115234
2018-04-30 16:30:00,40.720001220703125
2018-04-30 17:30:00,40.79999923706055
2018-04-30 18:30:00,40.9900016784668
2018-04-30 19:30:00,40.900001525878906
2018-05-01 13:30:00,41.15999984741211
2018-05-01 14:30:00,41.16999816894531
2018-05-01 15:30:00,41.35749816894531
2018-05-01 16:30:00,41.38750076293945
2018-05-01 17:30:00,41.57500076293945
2018-05-01 18:30:00,41.40999984741211
2018-05-01 19:30:00,41.43000030517578
2018-05-02 13:30:00,41.34000015258789
2018-05-02 14:30:00,41.505001068115234
2018-05-02 15:30:00,41.459999084472656
2018-05-02 16:30:00,41.369998931884766
2018-05-02 17:30:00,41.54999923706055
2018-05-02 18:30:00,41.310001373291016
2018-05-02 19:30:00,41.33000183105469
2018-05-03 13:30:00,40.65999984741211
2018-05-03 14:30:00,40.685001373291016
2018-05-03 15:30:00,40.72999954223633
2018-05-03 16:30:00,41.025001525878906
2018-05-03 17:30:00,41.08000183105469
2018-05-03 18:30:00,41.40999984741211
2018-05-03 19:30:00,41.380001068115234
2018-05-04 13:30:00,41.220001220703125
2018-05-04 14:30:00,41.36000061035156
2018-05-04 15:30:00,41.58000183105469
2018-05-04 16:30:00,41.290000915527344
2018-05-04 17:30:00,41.36000061035156
2018-05-04 18:30:00,41.31999969482422
2018-05-04 19:30:00,41.189998626708984
2018-05-07 13:30:00,41.63999938964844
2018-05-07 14:30:00,41.75
2018-05-07 15:30:00,42.20000076293945
2018-05-07 16:30:00,41.970001220703125
2018-05-07 17:30:00,42.2599983215332
2018-05-07 18:30:00,42.25
2018-05-07 19:30:00,42.040000915527344
2018-05-08 13:30:00,42.59000015258789
2018-05-08 14:30:00,42.79999923706055
2018-05-08 15:30:00,42.834999084472656
2018-05-08 16:30:00,42.959999084472656
2018-05-08 17:30:00,43.0
2018-05-08 18:30:00,43.02000045776367
2018-05-08 19:30:00,42.66999816894531
2018-05-09 13:30:00,43.255001068115234
2018-05-09 14:30:00,43.150001525878906
2018-05-09 15:30:00,43.349998474121094
2018-05-09 16:30:00,43.52000045776367
2018-05-09 17:30:00,43.560001373291016
2018-05-09 18:30:00,43.439998626708984
2018-05-09 19:30:00,43.39500045776367
2018-05-10 13:30:00,43.52000045776367
2018-05-10 14:30:00,43.47999954223633
2018-05-10 15:30:00,43.54999923706055
2018-05-10 16:30:00,43.459999084472656
2018-05-10 17:30:00,43.47999954223633
2018-05-10 18:30:00,43.400001525878906
2018-05-10 19:30:00,43.40999984741211
2018-05-11 13:30:00,43.4900016784668
2018-05-11 14:30:00,43.36000061035156
2018-05-11 15:30:00,43.25
2018-05-11 16:30:00,43.11000061035156
2018-05-11 17:30:00,43.029998779296875
2018-05-11 18:30:00,43.09000015258789
2018-05-11 19:30:00,43.08000183105469
2018-05-14 13:30:00,43.619998931884766
2018-05-14 14:30:00,43.470001220703125
2018-05-14 15:30:00,43.290000915527344
2018-05-14 16:30:00,43.23500061035156
2018-05-14 17:30:00,43.2400016784668
2018-05-14 18:30:00,43.13999938964844
2018-05-14 19:30:00,43.16999816894531
2018-05-15 13:30:00,42.4900016784668
2018-05-15 14:30:00,42.15999984741211
2018-05-15 15:30:00,42.290000915527344
2018-05-15 16:30:00,42.61000061035156
2018-05-15 17:30:00,42.63999938964844
2018-05-15 18:30:00,42.65999984741211
2018-05-15 19:30:00,42.86000061035156
2018-05-16 13:30:00,42.540000915527344
2018-05-16 14:30:00,42.2599983215332
2018-05-16 15:30:00,42.45000076293945
2018-05-16 16:30:00,42.369998931884766
2018-05-16 17:30:00,42.43000030517578
2018-05-16 18:30:00,42.45000076293945
2018-05-16 19:30:00,42.739898681640625
2018-05-17 13:30:00,42.7400016784668
2018-05-17 14:30:00,42.97999954223633
2018-05-17 15:30:00,42.9900016784668
2018-05-17 16:30:00,43.09000015258789
2018-05-17 17:30:00,42.915000915527344
2018-05-17 18:30:00,43.040000915527344
2018-05-17 19:30:00,42.79999923706055
2018-05-18 13:30:00,42.63999938964844
2018-05-18 14:30:00,42.7400016784668
2018-05-18 15:30:00,43.0099983215332
2018-05-18 16:30:00,42.93000030517578
2018-05-18 17:30:00,43.025001525878906
2018-05-18 18:30:00,43.08000183105469
2018-05-18 19:30:00,43.09000015258789
2018-05-21 13:30:00,43.689998626708984
2018-05-21 14:30:00,43.36000061035156
2018-05-21 15:30:00,43.400001525878906
2018-05-21 16:30:00,43.43000030517578
2018-05-21 17:30:00,43.130001068115234
2018-05-21 18:30:00,43.119998931884766
2018-05-21 19:30:00,42.970001220703125
2018-05-22 13:30:00,42.83000183105469
2018-05-22 14:30:00,43.189998626708984
2018-05-22 15:30:00,43.31669998168945
2018-05-22 16:30:00,43.45000076293945
2018-05-22 17:30:00,43.47999954223633
2018-05-22 18:30:00,43.470001220703125
2018-05-22 19:30:00,43.470001220703125
2018-05-23 13:30:00,46.02000045776367
2018-05-23 14:30:00,45.41999816894531
2018-05-23 15:30:00,45.720001220703125
2018-05-23 16:30:00,46.040000915527344
2018-05-23 17:30:00,45.54999923706055
2018-05-23 18:30:00,45.41999816894531
2018-05-23 19:30:00,45.16999816894531
2018-05-24 13:30:00,45.150001525878906
2018-05-24 14:30:00,45.40999984741211
2018-05-24 15:30:00,45.900001525878906
2018-05-24 16:30:00,45.939998626708984
2018-05-24 17:30:00,46.0
2018-05-24 18:30:00,46.1150016784668
2018-05-24 19:30:00,45.93000030517578
2018-05-25 13:30:00,46.15999984741211
2018-05-25 14:30:00,46.45000076293945
2018-05-25 15:30:00,46.56999969482422
2018-05-25 16:30:00,46.720001220703125
2018-05-25 17:30:00,46.54999923706055
2018-05-25 18:30:00,46.47999954223633
2018-05-25 19:30:00,46.5099983215332
2018-05-29 13:30:00,45.880001068115234
2018-05-29 14:30:00,45.5
2018-05-29 15:30:00,45.154998779296875
2018-05-29 16:30:00,45.38999938964844
2018-05-29 17:30:00,45.33000183105469
2018-05-29 18:30:00,45.25
2018-05-29 19:30:00,45.529998779296875
2018-05-30 13:30:00,45.099998474121094
2018-05-30 14:30:00,45.029998779296875
2018-05-30 15:30:00,45.099998474121094
2018-05-30 16:30:00,45.08000183105469
2018-05-30 17:30:00,45.0099983215332
2018-05-30 18:30:00,45.150001525878906
2018-05-30 19:30:00,45.130001068115234
2018-05-31 13:30:00,45.08000183105469
2018-05-31 14:30:00,45.0
2018-05-31 15:30:00,44.994998931884766
2018-05-31 16:30:00,44.9900016784668
2018-05-31 17:30:00,44.880001068115234
2018-05-31 18:30:00,44.96500015258789
2018-05-31 19:30:00,45.09000015258789
2018-06-01 13:30:00,44.959999084472656
2018-06-01 14:30:00,45.09000015258789
2018-06-01 15:30:00,45.29999923706055
2018-06-01 16:30:00,45.074798583984375
2018-06-01 17:30:00,44.9900016784668
2018-06-01 18:30:00,45.060001373291016
2018-06-01 19:30:00,45.08000183105469
2018-06-04 13:30:00,46.0
2018-06-04 14:30:00,45.94499969482422
2018-06-04 15:30:00,45.904998779296875
2018-06-04 16:30:00,46.0
2018-06-04 17:30:00,46.02000045776367
2018-06-04 18:30:00,46.22999954223633
2018-06-04 19:30:00,46.40999984741211
2018-06-05 13:30:00,46.79999923706055
2018-06-05 14:30:00,46.709999084472656
2018-06-05 15:30:00,46.68000030517578
2018-06-05 16:30:00,46.70000076293945
2018-06-05 17:30:00,46.66999816894531
2018-06-05 18:30:00,46.625
2018-06-05 19:30:00,46.56999969482422
2018-06-06 13:30:00,47.75
2018-06-06 14:30:00,48.150001525878906
2018-06-06 15:30:00,48.099998474121094
2018-06-06 16:30:00,48.060001373291016
2018-06-06 17:30:00,48.150001525878906
2018-06-06 18:30:00,48.09000015258789
2018-06-06 19:30:00,48.02000045776367
2018-06-07 13:30:00,47.779998779296875
2018-06-07 14:30:00,47.970001220703125
2018-06-07 15:30:00,48.119998931884766
2018-06-07 16:30:00,47.89500045776367
2018-06-07 17:30:00,47.9900016784668
2018-06-07 18:30:00,48.04999923706055
2018-06-07 19:30:00,48.08000183105469
2018-06-08 13:30:00,48.349998474121094
2018-06-08 14:30:00,48.43000030517578
2018-06-08 15:30:00,48.470001220703125
2018-06-08 16:30:00,48.56019973754883
2018-06-08 17:30:00,48.869998931884766
2018-06-08 18:30:00,48.869998931884766
2018-06-08 19:30:00,48.880001068115234
2018-06-11 13:30:00,48.970001220703125
2018-06-11 14:30:00,48.95000076293945
2018-06-11 15:30:00,49.0
2018-06-11 16:30:00,49.064998626708984
2018-06-11 17:30:00,49.16999816894531
2018-06-11 18:30:00,49.345001220703125
2018-06-11 19:30:00,49.459999084472656
2018-06-12 13:30:00,50.46500015258789
2018-06-12 14:30:00,50.709999084472656
2018-06-12 15:30:00,50.959999084472656
2018-06-12 16:30:00,50.90999984741211
2018-06-12 17:30:00,50.849998474121094
2018-06-12 18:30:00,50.59000015258789
2018-06-12 19:30:00,50.31999969482422
2018-06-13 13:30:00,50.592498779296875
2018-06-13 14:30:00,50.7599983215332
2018-06-13 15:30:00,50.790000915527344
2018-06-13 16:30:00,50.67499923706055
2018-06-13 17:30:00,50.2599983215332
2018-06-13 18:30:00,50.5
2018-06-13 19:30:00,50.28499984741211
2018-06-14 13:30:00,51.279998779296875
2018-06-14 14:30:00,51.150001525878906
2018-06-14 15:30:00,51.040000915527344
2018-06-14 16:30:00,51.20000076293945
2018-06-14 17:30:00,51.20000076293945
2018-06-14 18:30:00,51.279998779296875
2018-06-14 19:30:00,51.13999938964844
2018-06-15 13:30:00,51.130001068115234
2018-06-15 14:30:00,51.400001525878906
2018-06-15 15:30:00,51.494998931884766
2018-06-15 16:30:00,51.69499969482422
2018-06-15 17:30:00,51.84000015258789
2018-06-15 18:30:00,51.79999923706055
2018-06-15 19:30:00,51.689998626708984
2018-06-18 13:30:00,50.90999984741211
2018-06-18 14:30:00,50.650001525878906
2018-06-18 15:30:00,50.619998931884766
2018-06-18 16:30:00,50.75
2018-06-18 17:30:00,50.95000076293945
2018-06-18 18:30:00,51.08000183105469
2018-06-18 19:30:00,51.209999084472656
2018-06-19 13:30:00,49.439998626708984
2018-06-19 14:30:00,49.45000076293945
2018-06-19 15:30:00,49.43000030517578
2018-06-19 16:30:00,49.220001220703125
2018-06-19 17:30:00,49.45000076293945
2018-06-19 18:30:00,49.68000030517578
2018-06-19 19:30:00,49.880001068115234
2018-06-20 13:30:00,49.22999954223633
2018-06-20 14:30:00,49.09000015258789
2018-06-20 15:30:00,49.0099983215332
2018-06-20 16:30:00,49.13999938964844
2018-06-20 17:30:00,49.349998474121094
2018-06-20 18:30:00,49.43000030517578
2018-06-20 19:30:00,49.68000030517578
2018-06-21 13:30:00,49.209800720214844
2018-06-21 14:30:00,49.380001068115234
2018-06-21 15:30:00,49.31999969482422
2018-06-21 16:30:00,49.33000183105469
2018-06-21 17:30:00,49.209999084472656
2018-06-21 18:30:00,49.130001068115234
2018-06-21 19:30:00,48.9900016784668
2018-06-22 13:30:00,48.455501556396484
2018-06-22 14:30:00,48.45000076293945
2018-06-22 15:30:00,48.43000030517578
2018-06-22 16:30:00,48.630001068115234
2018-06-22 17:30:00,48.63999938964844
2018-06-22 18:30:00,48.63999938964844
2018-06-22 19:30:00,48.790000915527344
2018-06-25 13:30:00,46.81999969482422
2018-06-25 14:30:00,46.790000915527344
2018-06-25 15:30:00,47.20000076293945
2018-06-25 16:30:00,47.40999984741211
2018-06-25 17:30:00,47.209999084472656
2018-06-25 18:30:00,47.220001220703125
2018-06-25 19:30:00,47.47999954223633
2018-06-26 13:30:00,47.189998626708984
2018-06-26 14:30:00,47.189998626708984
2018-06-26 15:30:00,47.34000015258789
2018-06-26 16:30:00,47.560001373291016
2018-06-26 17:30:00,47.400001525878906
2018-06-26 18:30:00,47.369998931884766
2018-06-26 19:30:00,47.35499954223633
2018-06-27 13:30:00,46.70000076293945
2018-06-27 14:30:00,47.060001373291016
2018-06-27 15:30:00,47.29999923706055
2018-06-27 16:30:00,47.18000030517578
2018-06-27 17:30:00,46.900001525878906
2018-06-27 18:30:00,47.02000045776367
2018-06-27 19:30:00,46.540000915527344
2018-06-28 13:30:00,47.150001525878906
2018-06-28 14:30:00,47.584999084472656
2018-06-28 15:30:00,47.63999938964844
2018-06-28 16:30:00,48.34000015258789
2018-06-28 17:30:00,48.25
2018-06-28 18:30:00,48.119998931884766
2018-06-28 19:30:00,48.0099983215332
2018-06-29 13:30:00,47.56999969482422
2018-06-29 14:30:00,47.59000015258789
2018-06-29 15:30:00,47.38999938964844
2018-06-29 16:30:00,47.470001220703125
2018-06-29 17:30:00,47.4900016784668
2018-06-29 18:30:00,47.689998626708984
2018-06-29 19:30:00,47.68000030517578
2018-07-02 13:30:00,46.279998779296875
2018-07-02 14:30:00,46.25
2018-07-02 15:30:00,46.244998931884766
2018-07-02 16:30:00,46.75
2018-07-02 17:30:00,47.02000045776367
2018-07-02 18:30:00,46.81999969482422
2018-07-02 19:30:00,46.959999084472656
2018-07-03 13:30:00,46.345001220703125
2018-07-03 14:30:00,46.68000030517578
2018-07-03 15:30:00,46.38100051879883
2018-07-03 17:00:00,46.45000076293945
2018-07-05 13:30:00,45.22999954223633
2018-07-05 14:30:00,45.27000045776367
2018-07-05 15:30:00,45.14500045776367
2018-07-05 16:30:00,45.03499984741211
2018-07-05 17:30:00,44.95000076293945
2018-07-05 18:30:00,44.93000030517578
2018-07-05 19:30:00,45.150001525878906
2018-07-06 13:30:00,45.349998474121094
2018-07-06 14:30:00,45.78499984741211
2018-07-06 15:30:00,45.790000915527344
2018-07-06 16:30:00,45.68000030517578
2018-07-06 17:30:00,45.654998779296875
2018-07-06 18:30:00,45.63999938964844
2018-07-06 19:30:00,45.65999984741211
2018-07-09 13:30:00,45.400001525878906
2018-07-09 14:30:00,45.334999084472656
2018-07-09 15:30:00,45.09000015258789
2018-07-09 16:30:00,45.0
2018-07-09 17:30:00,44.97999954223633
2018-07-09 18:30:00,44.939998626708984
2018-07-09 19:30:00,45.12900161743164
2018-07-10 13:30:00,45.9900016784668
2018-07-10 14:30:00,45.65999984741211
2018-07-10 15:30:00,45.540000915527344
2018-07-10 16:30:00,45.369998931884766
2018-07-10 17:30:00,45.319000244140625
2018-07-10 18:30:00,45.334999084472656
2018-07-10 19:30:00,45.18000030517578
2018-07-11 13:30:00,45.09000015258789
2018-07-11 14:30:00,45.310001373291016
2018-07-11 15:30:00,45.189998626708984
2018-07-11 16:30:00,45.31999969482422
2018-07-11 17:30:00,45.36000061035156
2018-07-11 18:30:00,45.290000915527344
2018-07-11 19:30:00,45.290000915527344
2018-07-12 13:30:00,45.150001525878906
2018-07-12 14:30:00,45.09000015258789
2018-07-12 15:30:00,45.040000915527344
2018-07-12 16:30:00,45.209999084472656
2018-07-12 17:30:00,45.310001373291016
2018-07-12 18:30:00,45.369998931884766
2018-07-12 19:30:00,45.419898986816406
2018-07-13 13:30:00,45.22999954223633
2018-07-13 14:30:00,45.16999816894531
2018-07-13 15:30:00,44.970001220703125
2018-07-13 16:30:00,44.8849983215332
2018-07-13 17:30:00,45.0
2018-07-13 18:30:00,44.994998931884766
2018-07-13 19:30:00,45.0
2018-07-16 13:30:00,44.525001525878906
2018-07-16 14:30:00,44.5099983215332
2018-07-16 15:30:00,44.56999969482422
2018-07-16 16:30:00,44.57500076293945
2018-07-16 17:30:00,44.33000183105469
2018-07-16 18:30:00,44.244998931884766
2018-07-16 19:30:00,44.380001068115234
2018-07-17 13:30:00,44.4900016784668
2018-07-17 14:30:00,44.27000045776367
2018-07-17 15:30:00,44.290000915527344
2018-07-17 16:30:00,44.439998626708984
2018-07-17 17:30:00,44.38999938964844
2018-07-17 18:30:00,44.40999984741211
2018-07-17 19:30:00,44.5099983215332
2018-07-18 13:30:00,44.08000183105469
2018-07-18 14:30:00,44.0099983215332
2018-07-18 15:30:00,44.04999923706055
2018-07-18 16:30:00,44.04999923706055
2018-07-18 17:30:00,44.0099983215332
2018-07-18 18:30:00,43.994998931884766
2018-07-18 19:30:00,43.900001525878906
2018-07-19 13:30:00,43.119998931884766
2018-07-19 14:30:00,42.79999923706055
2018-07-19 15:30:00,42.63750076293945
2018-07-19 16:30:00,42.58810043334961
2018-07-19 17:30:00,42.529998779296875
2018-07-19 18:30:00,42.2599983215332
2018-07-19 19:30:00,42.10499954223633
2018-07-20 13:30:00,42.529998779296875
2018-07-20 14:30:00,42.5099983215332
2018-07-20 15:30:00,42.33000183105469
2018-07-20 16:30:00,42.314998626708984
2018-07-20 17:30:00,42.310001373291016
2018-07-20 18:30:00,42.27000045776367
2018-07-20 19:30:00,42.2400016784668
2018-07-23 13:30:00,42.38999938964844
2018-07-23 14:30:00,42.32500076293945
2018-07-23 15:30:00,42.25
2018-07-23 16:30:00,42.2599983215332
2018-07-23 17:30:00,42.36000061035156
2018-07-23 18:30:00,42.33000183105469
2018-07-23 19:30:00,42.459999084472656
2018-07-24 13:30:00,43.17499923706055
2018-07-24 14:30:00,43.27000045776367
2018-07-24 15:30:00,42.80500030517578
2018-07-24 16:30:00,42.529998779296875
2018-07-24 17:30:00,42.58000183105469
2018-07-24 18:30:00,42.650001525878906
2018-07-24 19:30:00,42.71500015258789
2018-07-25 13:30:00,42.5099983215332
2018-07-25 14:30:00,43.025001525878906
2018-07-25 15:30:00,43.099998474121094
2018-07-25 16:30:00,43.22999954223633
2018-07-25 17:30:00,43.1349983215332
2018-07-25 18:30:00,43.040000915527344
2018-07-25 19:30:00,43.2400016784668
2018-07-26 13:30:00,43.02989959716797
2018-07-26 14:30:00,43.0099983215332
2018-07-26 15:30:00,42.9900016784668
2018-07-26 16:30:00,42.79999923706055
2018-07-26 17:30:00,42.56999969482422
2018-07-26 18:30:00,42.70000076293945
2018-07-26 19:30:00,42.630001068115234
2018-07-27 13:30:00,42.79010009765625
2018-07-27 14:30:00,42.619998931884766
2018-07-27 15:30:00,42.279998779296875
2018-07-27 16:30:00,42.25
2018-07-27 17:30:00,42.16999816894531
2018-07-27 18:30:00,42.13999938964844
2018-07-27 19:30:00,42.11000061035156
2018-07-30 13:30:00,42.060001373291016
2018-07-30 14:30:00,41.93000030517578
2018-07-30 15:30:00,41.849998474121094
2018-07-30 16:30:00,42.040000915527344
2018-07-30 17:30:00,41.904998779296875
2018-07-30 18:30:00,41.88999938964844
2018-07-30 19:30:00,41.86000061035156
2018-07-31 13:30:00,41.400001525878906
2018-07-31 14:30:00,41.345001220703125
2018-07-31 15:30:00,41.41999816894531
2018-07-31 16:30:00,41.279998779296875
2018-07-31 17:30:00,41.22999954223633
2018-07-31 18:30:00,41.26499938964844
2018-07-31 19:30:00,41.150001525878906
2018-08-01 13:30:00,41.95000076293945
2018-08-01 14:30:00,41.72999954223633
2018-08-01 15:30:00,41.400001525878906
2018-08-01 16:30:00,41.58000183105469
2018-08-01 17:30:00,41.48500061035156
2018-08-01 18:30:00,41.58000183105469
2018-08-01 19:30:00,41.459999084472656
2018-08-02 13:30:00,40.720001220703125
2018-08-02 14:30:00,40.75
2018-08-02 15:30:00,40.619998931884766
2018-08-02 16:30:00,40.71009826660156
2018-08-02 17:30:00,40.95500183105469
2018-08-02 18:30:00,40.959999084472656
2018-08-02 19:30:00,41.060001373291016
2018-08-03 13:30:00,40.779998779296875
2018-08-03 14:30:00,40.599998474121094
2018-08-03 15:30:00,40.5099983215332
2018-08-03 16:30:00,40.51499938964844
2018-08-03 17:30:00,40.38999938964844
2018-08-03 18:30:00,40.36000061035156
2018-08-03 19:30:00,40.40999984741211
2018-08-06 13:30:00,40.47999954223633
2018-08-06 14:30:00,40.56999969482422
2018-08-06 15:30:00,40.4900016784668
2018-08-06 16:30:00,40.66999816894531
2018-08-06 17:30:00,40.5099983215332
2018-08-06 18:30:00,40.47999954223633
2018-08-06 19:30:00,40.529998779296875
2018-08-07 13:30:00,40.900001525878906
2018-08-07 14:30:00,41.04999923706055
2018-08-07 15:30:00,41.40999984741211
2018-08-07 16:30:00,41.400001525878906
2018-08-07 17:30:00,41.2400016784668
2018-08-07 18:30:00,41.2400016784668
2018-08-07 19:30:00,41.150001525878906
2018-08-08 13:30:00,41.040000915527344
2018-08-08 14:30:00,40.7400016784668
2018-08-08 15:30:00,40.560001373291016
2018-08-08 16:30:00,40.599998474121094
2018-08-08 17:30:00,40.650001525878906
2018-08-08 18:30:00,40.380001068115234
2018-08-08 19:30:00,40.310001373291016
2018-08-09 13:30:00,40.68840026855469
2018-08-09 14:30:00,40.5
2018-08-09 15:30:00,40.5
2018-08-09 16:30:00,40.380001068115234
2018-08-09 17:30:00,40.349998474121094
2018-08-09 18:30:00,40.3849983215332
2018-08-09 19:30:00,40.41999816894531
2018-08-10 13:30:00,40.11000061035156
2018-08-10 14:30:00,40.18000030517578
2018-08-10 15:30:00,40.099998474121094
2018-08-10 16:30:00,40.150001525878906
2018-08-10 17:30:00,40.040000915527344
2018-08-10 18:30:00,40.04499816894531
2018-08-10 19:30:00,40.0
2018-08-13 13:30:00,39.8849983215332
2018-08-13 14:30:00,39.7599983215332
2018-08-13 15:30:00,39.77000045776367
2018-08-13 16:30:00,39.779998779296875
2018-08-13 17:30:00,39.779998779296875
2018-08-13 18:30:00,39.709999084472656
2018-08-13 19:30:00,39.65999984741211
2018-08-14 13:30:00,39.775001525878906
2018-08-14 14:30:00,39.529998779296875
2018-08-14 15:30:00,39.5099983215332
2018-08-14 16:30:00,39.5099983215332
2018-08-14 17:30:00,39.64500045776367
2018-08-14 18:30:00,39.7400016784668
2018-08-14 19:30:00,39.61000061035156
2018-08-15 13:30:00,38.79999923706055
2018-08-15 14:30:00,38.40999984741211
2018-08-15 15:30:00,38.45000076293945
2018-08-15 16:30:00,38.47999954223633
2018-08-15 17:30:00,38.470001220703125
2018-08-15 18:30:00,38.404998779296875
2018-08-15 19:30:00,38.290000915527344
2018-08-16 13:30:00,38.45100021362305
2018-08-16 14:30:00,38.5099983215332
2018-08-16 15:30:00,38.380001068115234
2018-08-16 16:30:00,38.27000045776367
2018-08-16 17:30:00,38.20500183105469
2018-08-16 18:30:00,38.349998474121094
2018-08-16 19:30:00,38.31999969482422
2018-08-17 13:30:00,38.25
2018-08-17 14:30:00,38.1150016784668
2018-08-17 15:30:00,38.54999923706055
2018-08-17 16:30:00,38.422000885009766
2018-08-17 17:30:00,38.380001068115234
2018-08-17 18:30:00,38.459999084472656
2018-08-17 19:30:00,38.45500183105469
2018-08-20 13:30:00,38.84000015258789
2018-08-20 14:30:00,39.029998779296875
2018-08-20 15:30:00,39.119998931884766
2018-08-20 16:30:00,38.939998626708984
2018-08-20 17:30:00,39.04499816894531
2018-08-20 18:30:00,39.08000183105469
2018-08-20 19:30:00,39.209999084472656
2018-08-21 13:30:00,39.5099983215332
2018-08-21 14:30:00,39.55500030517578
2018-08-21 15:30:00,39.474998474121094
2018-08-21 16:30:00,39.54999923706055
2018-08-21 17:30:00,39.4900016784668
2018-08-21 18:30:00,39.345001220703125
2018-08-21 19:30:00,39.375
2018-08-22 13:30:00,39.5
2018-08-22 14:30:00,39.32500076293945
2018-08-22 15:30:00,39.22600173950195
2018-08-22 16:30:00,39.0099983215332
2018-08-22 17:30:00,39.025001525878906
2018-08-22 18:30:00,38.97999954223633
2018-08-22 19:30:00,38.97999954223633
2018-08-23 13:30:00,39.540000915527344
2018-08-23 14:30:00,39.279998779296875
2018-08-23 15:30:00,39.27000045776367
2018-08-23 16:30:00,39.290000915527344
2018-08-23 17:30:00,39.26499938964844
2018-08-23 18:30:00,39.29499816894531
2018-08-23 19:30:00,39.09000015258789
2018-08-24 13:30:00,39.189998626708984
2018-08-24 14:30:00,39.220001220703125
2018-08-24 15:30:00,39.439998626708984
2018-08-24 16:30:00,39.45000076293945
2018-08-24 17:30:00,39.41999816894531
2018-08-24 18:30:00,39.33000183105469
2018-08-24 19:30:00,39.33000183105469
2018-08-27 13:30:00,40.369998931884766
2018-08-27 14:30:00,40.48500061035156
2018-08-27 15:30:00,40.150001525878906
2018-08-27 16:30:00,40.03499984741211
2018-08-27 17:30:00,40.130001068115234
2018-08-27 18:30:00,40.04999923706055
2018-08-27 19:30:00,40.13999938964844
2018-08-28 13:30:00,40.04999923706055
2018-08-28 14:30:00,39.9900016784668
2018-08-28 15:30:00,39.834999084472656
2018-08-28 16:30:00,39.84000015258789
2018-08-28 17:30:00,39.77000045776367
2018-08-28 18:30:00,39.66999816894531
2018-08-28 19:30:00,39.709999084472656
2018-08-29 13:30:00,39.58000183105469
2018-08-29 14:30:00,39.70500183105469
2018-08-29 15:30:00,39.7599983215332
2018-08-29 16:30:00,39.630001068115234
2018-08-29 17:30:00,39.6150016784668
2018-08-29 18:30:00,39.61000061035156
2018-08-29 19:30:00,39.59000015258789
2018-08-30 13:30:00,39.310001373291016
2018-08-30 14:30:00,39.29999923706055
2018-08-30 15:30:00,39.189998626708984
2018-08-30 16:30:00,39.20000076293945
2018-08-30 17:30:00,39.290000915527344
2018-08-30 18:30:00,39.33000183105469
2018-08-30 19:30:00,39.150001525878906
2018-08-31 13:30:00,39.095001220703125
2018-08-31 14:30:00,39.02000045776367
2018-08-31 15:30:00,39.084999084472656
2018-08-31 16:30:00,39.27000045776367
2018-08-31 17:30:00,39.130001068115234
2018-08-31 18:30:00,39.10499954223633
2018-08-31 19:30:00,39.15999984741211
2018-09-04 13:30:00,38.68000030517578
2018-09-04 14:30:00,38.5099983215332
2018-09-04 15:30:00,38.41999816894531
2018-09-04 16:30:00,38.619998931884766
2018-09-04 17:30:00,38.5099983215332
2018-09-04 18:30:00,38.529998779296875
2018-09-04 19:30:00,38.45000076293945
2018-09-05 13:30:00,37.36000061035156
2018-09-05 14:30:00,37.63999938964844
2018-09-05 15:30:00,37.66999816894531
2018-09-05 16:30:00,37.619998931884766
2018-09-05 17:30:00,37.60499954223633
2018-09-05 18:30:00,37.31999969482422
2018-09-05 19:30:00,36.959999084472656
2018-09-06 13:30:00,39.390098571777344
2018-09-06 14:30:00,39.369998931884766
2018-09-06 15:30:00,39.30009841918945
2018-09-06 16:30:00,39.16999816894531
2018-09-06 17:30:00,38.994998931884766
2018-09-06 18:30:00,38.97999954223633
2018-09-06 19:30:00,38.95000076293945
2018-09-07 13:30:00,38.70500183105469
2018-09-07 14:30:00,38.70000076293945
2018-09-07 15:30:00,38.54999923706055
2018-09-07 16:30:00,38.26499938964844
2018-09-07 17:30:00,38.14500045776367
2018-09-07 18:30:00,37.720001220703125
2018-09-07 19:30:00,37.560001373291016
2018-09-10 13:30:00,38.0099983215332
2018-09-10 14:30:00,37.44499969482422
2018-09-10 15:30:00,37.060001373291016
2018-09-10 16:30:00,36.904998779296875
2018-09-10 17:30:00,36.87009811401367
2018-09-10 18:30:00,36.970001220703125
2018-09-10 19:30:00,36.834999084472656
2018-09-11 13:30:00,36.40999984741211
2018-09-11 14:30:00,36.310001373291016
2018-09-11 15:30:00,36.77000045776367
2018-09-11 16:30:00,36.900001525878906
2018-09-11 17:30:00,36.939998626708984
2018-09-11 18:30:00,37.02000045776367
2018-09-11 19:30:00,36.97999954223633
2018-09-12 13:30:00,36.04999923706055
2018-09-12 14:30:00,36.7400016784668
2018-09-12 15:30:00,36.7599983215332
2018-09-12 16:30:00,36.91999816894531
2018-09-12 17:30:00,36.709999084472656
2018-09-12 18:30:00,36.720001220703125
2018-09-12 19:30:00,36.900001525878906
2018-09-13 13:30:00,37.529998779296875
2018-09-13 14:30:00,37.45500183105469
2018-09-13 15:30:00,37.5099983215332
2018-09-13 16:30:00,37.560001373291016
2018-09-13 17:30:00,37.65999984741211
2018-09-13 18:30:00,37.647499084472656
2018-09-13 19:30:00,37.70000076293945
2018-09-14 13:30:00,38.060001373291016
2018-09-14 14:30:00,38.349998474121094
2018-09-14 15:30:00,37.98500061035156
2018-09-14 16:30:00,38.005001068115234
2018-09-14 17:30:00,38.150001525878906
2018-09-14 18:30:00,38.16999816894531
2018-09-14 19:30:00,38.040000915527344
2018-09-17 13:30:00,37.5
2018-09-17 14:30:00,37.56999969482422
2018-09-17 15:30:00,37.529998779296875
2018-09-17 16:30:00,37.529998779296875
2018-09-17 17:30:00,37.45500183105469
2018-09-17 18:30:00,37.279998779296875
2018-09-17 19:30:00,37.130001068115234
2018-09-18 13:30:00,37.54999923706055
2018-09-18 14:30:00,37.81999969482422
2018-09-18 15:30:00,37.4900016784668
2018-09-18 16:30:00,37.439998626708984
2018-09-18 17:30:00,37.48500061035156
2018-09-18 18:30:00,37.45000076293945
2018-09-18 19:30:00,37.45000076293945
2018-09-19 13:30:00,38.02000045776367
2018-09-19 14:30:00,38.18000030517578
2018-09-19 15:30:00,38.525001525878906
2018-09-19 16:30:00,38.494998931884766
2018-09-19 17:30:00,38.56999969482422
2018-09-19 18:30:00,38.79499816894531
2018-09-19 19:30:00,38.720001220703125
2018-09-20 13:30:00,39.0
2018-09-20 14:30:00,39.02000045776367
2018-09-20 15:30:00,39.13999938964844
2018-09-20 16:30:00,39.404998779296875
2018-09-20 17:30:00,39.459999084472656
2018-09-20 18:30:00,39.625
2018-09-20 19:30:00,39.470001220703125
2018-09-21 13:30:00,39.474998474121094
2018-09-21 14:30:00,39.59000015258789
2018-09-21 15:30:00,39.58000183105469
2018-09-21 16:30:00,39.52000045776367
2018-09-21 17:30:00,39.560001373291016
2018-09-21 18:30:00,39.40999984741211
2018-09-21 19:30:00,39.400001525878906
2018-09-24 13:30:00,38.86000061035156
2018-09-24 14:30:00,38.775001525878906
2018-09-24 15:30:00,38.52000045776367
2018-09-24 16:30:00,38.349998474121094
2018-09-24 17:30:00,38.14500045776367
2018-09-24 18:30:00,38.380001068115234
2018-09-24 19:30:00,38.27000045776367
2018-09-25 13:30:00,37.72999954223633
2018-09-25 14:30:00,37.38999938964844
2018-09-25 15:30:00,37.45000076293945
2018-09-25 16:30:00,37.51499938964844
2018-09-25 17:30:00,37.650001525878906
2018-09-25 18:30:00,37.564998626708984
2018-09-25 19:30:00,37.630001068115234
2018-09-26 13:30:00,38.404998779296875
2018-09-26 14:30:00,38.310001373291016
2018-09-26 15:30:00,38.119998931884766
2018-09-26 16:30:00,37.994998931884766
2018-09-26 17:30:00,38.20000076293945
2018-09-26 18:30:00,38.0
2018-09-26 19:30:00,37.845001220703125
2018-09-27 13:30:00,37.845001220703125
2018-09-27 14:30:00,38.11000061035156
2018-09-27 15:30:00,38.25
2018-09-27 16:30:00,38.209999084472656
2018-09-27 17:30:00,38.2400016784668
2018-09-27 18:30:00,38.2599983215332
2018-09-27 19:30:00,38.130001068115234
2018-09-28 13:30:00,37.66999816894531
2018-09-28 14:30:00,38.0099983215332
2018-09-28 15:30:00,37.38999938964844
2018-09-28 16:30:00,37.255001068115234
2018-09-28 17:30:00,37.209999084472656
2018-09-28 18:30:00,37.16999816894531
2018-09-28 19:30:00,37.15999984741211
2018-10-01 13:30:00,37.619998931884766
2018-10-01 14:30:00,37.22999954223633
2018-10-01 15:30:00,37.13999938964844
2018-10-01 16:30:00,37.30500030517578
2018-10-01 17:30:00,37.229801177978516
2018-10-01 18:30:00,37.209999084472656
2018-10-01 19:30:00,37.150001525878906
2018-10-02 13:30:00,36.724998474121094
2018-10-02 14:30:00,37.16999816894531
2018-10-02 15:30:00,37.47999954223633
2018-10-02 16:30:00,37.775001525878906
2018-10-02 17:30:00,37.775001525878906
2018-10-02 18:30:00,37.650001525878906
2018-10-02 19:30:00,37.47999954223633
2018-10-03 13:30:00,37.810001373291016
2018-10-03 14:30:00,37.869998931884766
2018-10-03 15:30:00,38.04999923706055
2018-10-03 16:30:00,38.040000915527344
2018-10-03 17:30:00,38.02000045776367
2018-10-03 18:30:00,37.959999084472656
2018-10-03 19:30:00,38.040000915527344
2018-10-04 13:30:00,37.18000030517578
2018-10-04 14:30:00,36.78499984741211
2018-10-04 15:30:00,36.61000061035156
2018-10-04 16:30:00,36.650001525878906
2018-10-04 17:30:00,36.54999923706055
2018-10-04 18:30:00,36.6150016784668
2018-10-04 19:30:00,36.459999084472656
2018-10-05 13:30:00,36.150001525878906
2018-10-05 14:30:00,35.720001220703125
2018-10-05 15:30:00,35.58000183105469
2018-10-05 16:30:00,35.220001220703125
2018-10-05 17:30:00,35.34000015258789
2018-10-05 18:30:00,35.3849983215332
2018-10-05 19:30:00,35.380001068115234
2018-10-08 13:30:00,35.02000045776367
2018-10-08 14:30:00,34.709999084472656
2018-10-08 15:30:00,34.4900016784668
2018-10-08 16:30:00,34.11000061035156
2018-10-08 17:30:00,34.150001525878906
2018-10-08 18:30:00,34.4900016784668
2018-10-08 19:30:00,34.53900146484375
2018-10-09 13:30:00,34.82500076293945
2018-10-09 14:30:00,34.77000045776367
2018-10-09 15:30:00,34.84000015258789
2018-10-09 16:30:00,34.7599983215332
2018-10-09 17:30:00,34.77000045776367
2018-10-09 18:30:00,34.68000030517578
2018-10-09 19:30:00,34.720001220703125
2018-10-10 13:30:00,34.099998474121094
2018-10-10 14:30:00,34.25
2018-10-10 15:30:00,34.08000183105469
2018-10-10 16:30:00,34.334999084472656
2018-10-10 17:30:00,34.06999969482422
2018-10-10 18:30:00,34.040000915527344
2018-10-10 19:30:00,33.939998626708984
2018-10-11 13:30:00,34.52000045776367
2018-10-11 14:30:00,34.16999816894531
2018-10-11 15:30:00,34.709999084472656
2018-10-11 16:30:00,34.7400016784668
2018-10-11 17:30:00,34.650001525878906
2018-10-11 18:30:00,35.0099983215332
2018-10-11 19:30:00,35.150001525878906
2018-10-12 13:30:00,36.209999084472656
2018-10-12 14:30:00,36.91999816894531
2018-10-12 15:30:00,37.130001068115234
2018-10-12 16:30:00,37.790000915527344
2018-10-12 17:30:00,38.11000061035156
2018-10-12 18:30:00,38.540000915527344
2018-10-12 19:30:00,38.650001525878906
2018-10-15 13:30:00,35.83000183105469
2018-10-15 14:30:00,35.994998931884766
2018-10-15 15:30:00,36.48249816894531
2018-10-15 16:30:00,36.459999084472656
2018-10-15 17:30:00,36.23500061035156
2018-10-15 18:30:00,36.04499816894531
2018-10-15 19:30:00,36.15999984741211
2018-10-16 13:30:00,34.630001068115234
2018-10-16 14:30:00,34.81999969482422
2018-10-16 15:30:00,34.77000045776367
2018-10-16 16:30:00,34.770599365234375
2018-10-16 17:30:00,34.51499938964844
2018-10-16 18:30:00,34.21500015258789
2018-10-16 19:30:00,34.47999954223633
2018-10-17 13:30:00,34.7400016784668
2018-10-17 14:30:00,34.810001373291016
2018-10-17 15:30:00,34.900001525878906
2018-10-17 16:30:00,35.27000045776367
2018-10-17 17:30:00,35.130001068115234
2018-10-17 18:30:00,35.18000030517578
2018-10-17 19:30:00,34.95000076293945
2018-10-18 13:30:00,33.685001373291016
2018-10-18 14:30:00,33.380001068115234
2018-10-18 15:30:00,32.849998474121094
2018-10-18 16:30:00,32.599998474121094
2018-10-18 17:30:00,32.88999938964844
2018-10-18 18:30:00,32.75
2018-10-18 19:30:00,32.75
2018-10-19 13:30:00,33.0
2018-10-19 14:30:00,32.75
2018-10-19 15:30:00,32.400001525878906
2018-10-19 16:30:00,32.650001525878906
2018-10-19 17:30:00,32.77000045776367
2018-10-19 18:30:00,32.779998779296875
2018-10-19 19:30:00,32.63999938964844
2018-10-22 13:30:00,33.56999969482422
2018-10-22 14:30:00,33.68000030517578
2018-10-22 15:30:00,33.56999969482422
2018-10-22 16:30:00,33.394798278808594
2018-10-22 17:30:00,33.459999084472656
2018-10-22 18:30:00,33.69660186767578
2018-10-22 19:30:00,33.459999084472656
2018-10-23 13:30:00,32.47999954223633
2018-10-23 14:30:00,32.529998779296875
2018-10-23 15:30:00,32.779998779296875
2018-10-23 16:30:00,32.40999984741211
2018-10-23 17:30:00,32.380001068115234
2018-10-23 18:30:00,32.5
2018-10-23 19:30:00,32.619998931884766
2018-10-24 13:30:00,31.229999542236328
2018-10-24 14:30:00,30.829999923706055
2018-10-24 15:30:00,30.940000534057617
2018-10-24 16:30:00,30.670000076293945
2018-10-24 17:30:00,30.75
2018-10-24 18:30:00,30.584999084472656
2018-10-24 19:30:00,30.459999084472656
2018-10-25 13:30:00,30.81999969482422
2018-10-25 14:30:00,30.93000030517578
2018-10-25 15:30:00,30.924999237060547
2018-10-25 16:30:00,30.959999084472656
2018-10-25 17:30:00,30.94499969482422
2018-10-25 18:30:00,31.010000228881836
2018-10-25 19:30:00,30.850000381469727
2018-10-26 13:30:00,30.760099411010742
2018-10-26 14:30:00,30.93000030517578
2018-10-26 15:30:00,31.3700008392334
2018-10-26 16:30:00,31.3700008392334
2018-10-26 17:30:00,31.329999923706055
2018-10-26 18:30:00,31.100000381469727
2018-10-26 19:30:00,31.100000381469727
2018-10-29 13:30:00,31.760000228881836
2018-10-29 14:30:00,31.389999389648438
2018-10-29 15:30:00,31.110000610351562
2018-10-29 16:30:00,31.270000457763672
2018-10-29 17:30:00,31.139999389648438
2018-10-29 18:30:00,30.639999389648438
2018-10-29 19:30:00,30.549999237060547
2018-10-30 13:30:00,30.770000457763672
2018-10-30 14:30:00,30.780000686645508
2018-10-30 15:30:00,31.020000457763672
2018-10-30 16:30:00,30.975000381469727
2018-10-30 17:30:00,30.969999313354492
2018-10-30 18:30:00,31.200000762939453
2018-10-30 19:30:00,31.190000534057617
2018-10-31 13:30:00,32.27000045776367
2018-10-31 14:30:00,32.439998626708984
2018-10-31 15:30:00,32.91999816894531
2018-10-31 16:30:00,33.029998779296875
2018-10-31 17:30:00,33.31999969482422
2018-10-31 18:30:00,33.5
2018-10-31 19:30:00,33.279998779296875
2018-11-01 13:30:00,34.18000030517578
2018-11-01 14:30:00,35.15999984741211
2018-11-01 15:30:00,35.119998931884766
2018-11-01 16:30:00,35.2599983215332
2018-11-01 17:30:00,34.71099853515625
2018-11-01 18:30:00,34.810001373291016
2018-11-01 19:30:00,34.880001068115234
2018-11-02 13:30:00,34.8568000793457
2018-11-02 14:30:00,34.86000061035156
2018-11-02 15:30:00,34.970001220703125
2018-11-02 16:30:00,35.04499816894531
2018-11-02 17:30:00,35.18000030517578
2018-11-02 18:30:00,34.97999954223633
2018-11-02 19:30:00,34.970001220703125
