Datetime,DISCK
2017-11-06 14:30:00,15.579999923706055
2017-11-06 15:30:00,15.539999961853027
2017-11-06 16:30:00,15.630000114440918
2017-11-06 17:30:00,15.470000267028809
2017-11-06 18:30:00,15.880000114440918
2017-11-06 19:30:00,16.06999969482422
2017-11-06 20:30:00,16.0
2017-11-07 14:30:00,16.6200008392334
2017-11-07 15:30:00,16.5
2017-11-07 16:30:00,16.38050079345703
2017-11-07 17:30:00,16.34000015258789
2017-11-07 18:30:00,16.31999969482422
2017-11-07 19:30:00,16.190000534057617
2017-11-07 20:30:00,16.209999084472656
2017-11-08 14:30:00,16.209999084472656
2017-11-08 15:30:00,16.075000762939453
2017-11-08 16:30:00,16.049999237060547
2017-11-08 17:30:00,16.020000457763672
2017-11-08 18:30:00,16.020000457763672
2017-11-08 19:30:00,15.944999694824219
2017-11-08 20:30:00,16.0
2017-11-09 14:30:00,16.399999618530273
2017-11-09 15:30:00,16.545000076293945
2017-11-09 16:30:00,16.170000076293945
2017-11-09 17:30:00,16.420000076293945
2017-11-09 18:30:00,16.34000015258789
2017-11-09 19:30:00,16.270000457763672
2017-11-09 20:30:00,16.09000015258789
2017-11-10 14:30:00,16.020000457763672
2017-11-10 15:30:00,16.165000915527344
2017-11-10 16:30:00,16.270000457763672
2017-11-10 17:30:00,16.139999389648438
2017-11-10 18:30:00,16.100000381469727
2017-11-10 19:30:00,16.075000762939453
2017-11-10 20:30:00,16.114999771118164
2017-11-13 14:30:00,15.75
2017-11-13 15:30:00,15.600000381469727
2017-11-13 16:30:00,15.649999618530273
2017-11-13 17:30:00,15.680000305175781
2017-11-13 18:30:00,15.8149995803833
2017-11-13 19:30:00,15.960000038146973
2017-11-13 20:30:00,15.9399995803833
2017-11-14 14:30:00,15.630000114440918
2017-11-14 15:30:00,15.470000267028809
2017-11-14 16:30:00,15.274999618530273
2017-11-14 17:30:00,15.300000190734863
2017-11-14 18:30:00,15.319999694824219
2017-11-14 19:30:00,15.3100004196167
2017-11-14 20:30:00,15.279999732971191
2017-11-15 14:30:00,15.270000457763672
2017-11-15 15:30:00,15.375
2017-11-15 16:30:00,15.5
2017-11-15 17:30:00,15.524999618530273
2017-11-15 18:30:00,15.625
2017-11-15 19:30:00,15.729999542236328
2017-11-15 20:30:00,15.75
2017-11-16 14:30:00,15.270000457763672
2017-11-16 15:30:00,15.369999885559082
2017-11-16 16:30:00,15.460000038146973
2017-11-16 17:30:00,15.680000305175781
2017-11-16 18:30:00,15.600000381469727
2017-11-16 19:30:00,15.739999771118164
2017-11-16 20:30:00,15.720000267028809
2017-11-17 14:30:00,16.579999923706055
2017-11-17 15:30:00,16.280000686645508
2017-11-17 16:30:00,16.4950008392334
2017-11-17 17:30:00,16.489999771118164
2017-11-17 18:30:00,16.489999771118164
2017-11-17 19:30:00,16.43000030517578
2017-11-17 20:30:00,16.450000762939453
2017-11-20 14:30:00,16.1200008392334
2017-11-20 15:30:00,16.149999618530273
2017-11-20 16:30:00,16.18000030517578
2017-11-20 17:30:00,16.165000915527344
2017-11-20 18:30:00,16.260000228881836
2017-11-20 19:30:00,16.25
2017-11-20 20:30:00,16.290000915527344
2017-11-21 14:30:00,16.3799991607666
2017-11-21 15:30:00,16.2450008392334
2017-11-21 16:30:00,16.125200271606445
2017-11-21 17:30:00,15.949999809265137
2017-11-21 18:30:00,16.110000610351562
2017-11-21 19:30:00,16.19499969482422
2017-11-21 20:30:00,16.209999084472656
2017-11-22 14:30:00,16.559999465942383
2017-11-22 15:30:00,16.635000228881836
2017-11-22 16:30:00,16.764999389648438
2017-11-22 17:30:00,16.81999969482422
2017-11-22 18:30:00,16.770000457763672
2017-11-22 19:30:00,16.75
2017-11-22 20:30:00,16.719999313354492
2017-11-24 14:30:00,16.43000030517578
2017-11-24 15:30:00,16.469999313354492
2017-11-24 16:30:00,16.440000534057617
2017-11-24 18:00:00,16.459999084472656
2017-11-27 14:30:00,16.309999465942383
2017-11-27 15:30:00,16.264999389648438
2017-11-27 16:30:00,16.270000457763672
2017-11-27 17:30:00,16.31999969482422
2017-11-27 18:30:00,16.375
2017-11-27 19:30:00,16.375
2017-11-27 20:30:00,16.3799991607666
2017-11-28 14:30:00,16.354999542236328
2017-11-28 15:30:00,16.299999237060547
2017-11-28 16:30:00,16.5
2017-11-28 17:30:00,16.6299991607666
2017-11-28 18:30:00,16.690000534057617
2017-11-28 19:30:00,16.725000381469727
2017-11-28 20:30:00,16.875
2017-11-29 14:30:00,17.43000030517578
2017-11-29 15:30:00,17.59000015258789
2017-11-29 16:30:00,17.450000762939453
2017-11-29 17:30:00,17.4950008392334
2017-11-29 18:30:00,17.53499984741211
2017-11-29 19:30:00,17.665000915527344
2017-11-29 20:30:00,17.780000686645508
2017-11-30 14:30:00,17.65999984741211
2017-11-30 15:30:00,17.65999984741211
2017-11-30 16:30:00,17.700000762939453
2017-11-30 17:30:00,17.764999389648438
2017-11-30 18:30:00,17.795000076293945
2017-11-30 19:30:00,17.844999313354492
2017-11-30 20:30:00,18.094999313354492
2017-12-01 14:30:00,17.8799991607666
2017-12-01 15:30:00,17.860000610351562
2017-12-01 16:30:00,18.0
2017-12-01 17:30:00,18.229999542236328
2017-12-01 18:30:00,18.290000915527344
2017-12-01 19:30:00,18.424999237060547
2017-12-01 20:30:00,18.399999618530273
2017-12-04 14:30:00,19.239999771118164
2017-12-04 15:30:00,19.65999984741211
2017-12-04 16:30:00,19.540000915527344
2017-12-04 17:30:00,19.344999313354492
2017-12-04 18:30:00,19.350000381469727
2017-12-04 19:30:00,19.440000534057617
2017-12-04 20:30:00,19.530000686645508
2017-12-05 14:30:00,18.81999969482422
2017-12-05 15:30:00,18.94499969482422
2017-12-05 16:30:00,18.889999389648438
2017-12-05 17:30:00,18.799999237060547
2017-12-05 18:30:00,18.709999084472656
2017-12-05 19:30:00,18.649999618530273
2017-12-05 20:30:00,18.56999969482422
2017-12-06 14:30:00,18.209999084472656
2017-12-06 15:30:00,18.290000915527344
2017-12-06 16:30:00,18.315000534057617
2017-12-06 17:30:00,18.309999465942383
2017-12-06 18:30:00,18.395000457763672
2017-12-06 19:30:00,18.325000762939453
2017-12-06 20:30:00,18.270000457763672
2017-12-07 14:30:00,18.280000686645508
2017-12-07 15:30:00,18.19499969482422
2017-12-07 16:30:00,18.260000228881836
2017-12-07 17:30:00,18.434999465942383
2017-12-07 18:30:00,18.350000381469727
2017-12-07 19:30:00,18.395000457763672
2017-12-07 20:30:00,18.34000015258789
2017-12-08 14:30:00,18.239999771118164
2017-12-08 15:30:00,18.41010093688965
2017-12-08 16:30:00,18.559999465942383
2017-12-08 17:30:00,18.43000030517578
2017-12-08 18:30:00,18.450000762939453
2017-12-08 19:30:00,18.43000030517578
2017-12-08 20:30:00,18.399999618530273
2017-12-11 14:30:00,18.6200008392334
2017-12-11 15:30:00,18.43000030517578
2017-12-11 16:30:00,18.350000381469727
2017-12-11 17:30:00,18.395000457763672
2017-12-11 18:30:00,18.42009925842285
2017-12-11 19:30:00,18.450000762939453
2017-12-11 20:30:00,18.440000534057617
2017-12-12 14:30:00,18.219999313354492
2017-12-12 15:30:00,18.280000686645508
2017-12-12 16:30:00,18.190000534057617
2017-12-12 17:30:00,18.280000686645508
2017-12-12 18:30:00,18.239999771118164
2017-12-12 19:30:00,18.31999969482422
2017-12-12 20:30:00,18.31999969482422
2017-12-13 14:30:00,18.010000228881836
2017-12-13 15:30:00,18.094999313354492
2017-12-13 16:30:00,18.260000228881836
2017-12-13 17:30:00,18.40999984741211
2017-12-13 18:30:00,18.43000030517578
2017-12-13 19:30:00,18.469999313354492
2017-12-13 20:30:00,18.489999771118164
2017-12-14 14:30:00,18.25
2017-12-14 15:30:00,18.579999923706055
2017-12-14 16:30:00,18.795000076293945
2017-12-14 17:30:00,18.860000610351562
2017-12-14 18:30:00,18.760000228881836
2017-12-14 19:30:00,18.700000762939453
2017-12-14 20:30:00,18.649999618530273
2017-12-15 14:30:00,19.440000534057617
2017-12-15 15:30:00,19.55500030517578
2017-12-15 16:30:00,19.600000381469727
2017-12-15 17:30:00,19.600000381469727
2017-12-15 18:30:00,19.719999313354492
2017-12-15 19:30:00,19.625
2017-12-15 20:30:00,19.690000534057617
2017-12-18 14:30:00,19.594999313354492
2017-12-18 15:30:00,20.017799377441406
2017-12-18 16:30:00,19.979999542236328
2017-12-18 17:30:00,20.229999542236328
2017-12-18 18:30:00,20.309999465942383
2017-12-18 19:30:00,20.329999923706055
2017-12-18 20:30:00,20.420000076293945
2017-12-19 14:30:00,20.6299991607666
2017-12-19 15:30:00,20.704999923706055
2017-12-19 16:30:00,20.75
2017-12-19 17:30:00,20.809999465942383
2017-12-19 18:30:00,20.860000610351562
2017-12-19 19:30:00,20.84000015258789
2017-12-19 20:30:00,20.84000015258789
2017-12-20 14:30:00,21.079999923706055
2017-12-20 15:30:00,21.040000915527344
2017-12-20 16:30:00,21.020000457763672
2017-12-20 17:30:00,21.059999465942383
2017-12-20 18:30:00,21.1200008392334
2017-12-20 19:30:00,21.149999618530273
2017-12-20 20:30:00,21.1299991607666
2017-12-21 14:30:00,22.0049991607666
2017-12-21 15:30:00,22.2549991607666
2017-12-21 16:30:00,22.540000915527344
2017-12-21 17:30:00,22.440000534057617
2017-12-21 18:30:00,22.420000076293945
2017-12-21 19:30:00,22.270000457763672
2017-12-21 20:30:00,22.170000076293945
2017-12-22 14:30:00,22.450000762939453
2017-12-22 15:30:00,22.309999465942383
2017-12-22 16:30:00,22.459999084472656
2017-12-22 17:30:00,22.40999984741211
2017-12-22 18:30:00,22.510000228881836
2017-12-22 19:30:00,22.524999618530273
2017-12-22 20:30:00,22.469999313354492
2017-12-26 14:30:00,22.670000076293945
2017-12-26 15:30:00,22.424999237060547
2017-12-26 16:30:00,22.510000228881836
2017-12-26 17:30:00,22.30500030517578
2017-12-26 18:30:00,22.299999237060547
2017-12-26 19:30:00,22.225000381469727
2017-12-26 20:30:00,22.309999465942383
2017-12-27 14:30:00,22.190000534057617
2017-12-27 15:30:00,21.989999771118164
2017-12-27 16:30:00,21.93000030517578
2017-12-27 17:30:00,21.915000915527344
2017-12-27 18:30:00,21.860000610351562
2017-12-27 19:30:00,21.75
2017-12-27 20:30:00,21.739999771118164
2017-12-28 14:30:00,21.600000381469727
2017-12-28 15:30:00,21.450000762939453
2017-12-28 16:30:00,21.200000762939453
2017-12-28 17:30:00,21.174999237060547
2017-12-28 18:30:00,21.25
2017-12-28 19:30:00,21.239999771118164
2017-12-28 20:30:00,21.264999389648438
2017-12-29 14:30:00,21.40999984741211
2017-12-29 15:30:00,21.25
2017-12-29 16:30:00,21.15999984741211
2017-12-29 17:30:00,21.219999313354492
2017-12-29 18:30:00,21.274999618530273
2017-12-29 19:30:00,21.280000686645508
2017-12-29 20:30:00,21.170000076293945
2018-01-02 14:30:00,21.8700008392334
2018-01-02 15:30:00,21.950000762939453
2018-01-02 16:30:00,22.010000228881836
2018-01-02 17:30:00,21.899999618530273
2018-01-02 18:30:00,21.854999542236328
2018-01-02 19:30:00,21.8799991607666
2018-01-02 20:30:00,21.829999923706055
2018-01-03 14:30:00,21.729999542236328
2018-01-03 15:30:00,21.639999389648438
2018-01-03 16:30:00,21.709999084472656
2018-01-03 17:30:00,21.635000228881836
2018-01-03 18:30:00,21.600000381469727
2018-01-03 19:30:00,21.479999542236328
2018-01-03 20:30:00,21.479999542236328
2018-01-04 14:30:00,20.8799991607666
2018-01-04 15:30:00,21.06999969482422
2018-01-04 16:30:00,20.950000762939453
2018-01-04 17:30:00,20.780000686645508
2018-01-04 18:30:00,20.899999618530273
2018-01-04 19:30:00,20.934999465942383
2018-01-04 20:30:00,20.899999618530273
2018-01-05 14:30:00,20.760000228881836
2018-01-05 15:30:00,20.565000534057617
2018-01-05 16:30:00,20.729999542236328
2018-01-05 17:30:00,20.71500015258789
2018-01-05 18:30:00,20.700000762939453
2018-01-05 19:30:00,20.760000228881836
2018-01-05 20:30:00,20.780000686645508
2018-01-08 14:30:00,20.67300033569336
2018-01-08 15:30:00,20.780000686645508
2018-01-08 16:30:00,21.059999465942383
2018-01-08 17:30:00,21.104999542236328
2018-01-08 18:30:00,21.049999237060547
2018-01-08 19:30:00,21.065000534057617
2018-01-08 20:30:00,21.1299991607666
2018-01-09 14:30:00,21.11210060119629
2018-01-09 15:30:00,20.959999084472656
2018-01-09 16:30:00,21.040000915527344
2018-01-09 17:30:00,21.15999984741211
2018-01-09 18:30:00,20.979999542236328
2018-01-09 19:30:00,20.649999618530273
2018-01-09 20:30:00,20.510000228881836
2018-01-10 14:30:00,20.579999923706055
2018-01-10 15:30:00,20.96500015258789
2018-01-10 16:30:00,21.315000534057617
2018-01-10 17:30:00,21.625
2018-01-10 18:30:00,21.799999237060547
2018-01-10 19:30:00,21.80500030517578
2018-01-10 20:30:00,21.690000534057617
2018-01-11 14:30:00,22.030000686645508
2018-01-11 15:30:00,22.459999084472656
2018-01-11 16:30:00,22.6299991607666
2018-01-11 17:30:00,22.690000534057617
2018-01-11 18:30:00,22.520000457763672
2018-01-11 19:30:00,22.71500015258789
2018-01-11 20:30:00,22.719999313354492
2018-01-12 14:30:00,22.520000457763672
2018-01-12 15:30:00,22.68000030517578
2018-01-12 16:30:00,22.540000915527344
2018-01-12 17:30:00,22.670000076293945
2018-01-12 18:30:00,22.719999313354492
2018-01-12 19:30:00,22.780000686645508
2018-01-12 20:30:00,23.010000228881836
2018-01-16 14:30:00,23.2450008392334
2018-01-16 15:30:00,23.31999969482422
2018-01-16 16:30:00,23.40999984741211
2018-01-16 17:30:00,23.5
2018-01-16 18:30:00,23.440000534057617
2018-01-16 19:30:00,23.315000534057617
2018-01-16 20:30:00,23.190000534057617
2018-01-17 14:30:00,23.040000915527344
2018-01-17 15:30:00,23.145000457763672
2018-01-17 16:30:00,23.0
2018-01-17 17:30:00,23.2450008392334
2018-01-17 18:30:00,23.639999389648438
2018-01-17 19:30:00,23.399999618530273
2018-01-17 20:30:00,23.395000457763672
2018-01-18 14:30:00,23.780000686645508
2018-01-18 15:30:00,23.809999465942383
2018-01-18 16:30:00,23.899999618530273
2018-01-18 17:30:00,24.2450008392334
2018-01-18 18:30:00,24.229999542236328
2018-01-18 19:30:00,24.270000457763672
2018-01-18 20:30:00,24.239999771118164
2018-01-19 14:30:00,23.860000610351562
2018-01-19 15:30:00,24.139999389648438
2018-01-19 16:30:00,24.09000015258789
2018-01-19 17:30:00,24.219999313354492
2018-01-19 18:30:00,24.303600311279297
2018-01-19 19:30:00,24.3700008392334
2018-01-19 20:30:00,24.43000030517578
2018-01-22 14:30:00,24.645000457763672
2018-01-22 15:30:00,24.690000534057617
2018-01-22 16:30:00,25.049999237060547
2018-01-22 17:30:00,25.010000228881836
2018-01-22 18:30:00,25.075000762939453
2018-01-22 19:30:00,25.15999984741211
2018-01-22 20:30:00,25.100000381469727
2018-01-23 14:30:00,24.329999923706055
2018-01-23 15:30:00,24.440000534057617
2018-01-23 16:30:00,24.40999984741211
2018-01-23 17:30:00,24.260000228881836
2018-01-23 18:30:00,24.43000030517578
2018-01-23 19:30:00,24.469999313354492
2018-01-23 20:30:00,24.5
2018-01-24 14:30:00,24.68000030517578
2018-01-24 15:30:00,24.56999969482422
2018-01-24 16:30:00,24.520000457763672
2018-01-24 17:30:00,24.639999389648438
2018-01-24 18:30:00,24.69499969482422
2018-01-24 19:30:00,24.68000030517578
2018-01-24 20:30:00,24.68000030517578
2018-01-25 14:30:00,24.469999313354492
2018-01-25 15:30:00,24.469999313354492
2018-01-25 16:30:00,24.5
2018-01-25 17:30:00,24.479999542236328
2018-01-25 18:30:00,24.3700008392334
2018-01-25 19:30:00,24.325000762939453
2018-01-25 20:30:00,24.440000534057617
2018-01-26 14:30:00,24.399999618530273
2018-01-26 15:30:00,24.510000228881836
2018-01-26 16:30:00,24.549999237060547
2018-01-26 17:30:00,24.700000762939453
2018-01-26 18:30:00,24.729999542236328
2018-01-26 19:30:00,24.739999771118164
2018-01-26 20:30:00,24.815000534057617
2018-01-29 14:30:00,24.610000610351562
2018-01-29 15:30:00,24.549999237060547
2018-01-29 16:30:00,24.479999542236328
2018-01-29 17:30:00,24.709999084472656
2018-01-29 18:30:00,24.774999618530273
2018-01-29 19:30:00,24.774999618530273
2018-01-29 20:30:00,24.690000534057617
2018-01-30 14:30:00,24.690000534057617
2018-01-30 15:30:00,24.639999389648438
2018-01-30 16:30:00,24.579999923706055
2018-01-30 17:30:00,24.239999771118164
2018-01-30 18:30:00,23.809999465942383
2018-01-30 19:30:00,23.8700008392334
2018-01-30 20:30:00,23.860000610351562
2018-01-31 14:30:00,24.09000015258789
2018-01-31 15:30:00,24.120100021362305
2018-01-31 16:30:00,24.18000030517578
2018-01-31 17:30:00,23.915000915527344
2018-01-31 18:30:00,23.790000915527344
2018-01-31 19:30:00,23.795000076293945
2018-01-31 20:30:00,23.860000610351562
2018-02-01 14:30:00,23.959999084472656
2018-02-01 15:30:00,23.959999084472656
2018-02-01 16:30:00,24.299999237060547
2018-02-01 17:30:00,24.18000030517578
2018-02-01 18:30:00,24.110000610351562
2018-02-01 19:30:00,24.170000076293945
2018-02-01 20:30:00,24.174999237060547
2018-02-02 14:30:00,23.5
2018-02-02 15:30:00,23.604999542236328
2018-02-02 16:30:00,23.270000457763672
2018-02-02 17:30:00,23.100000381469727
2018-02-02 18:30:00,22.540000915527344
2018-02-02 19:30:00,22.899999618530273
2018-02-02 20:30:00,22.809999465942383
2018-02-05 14:30:00,22.31999969482422
2018-02-05 15:30:00,22.579999923706055
2018-02-05 16:30:00,22.5
2018-02-05 17:30:00,22.420000076293945
2018-02-05 18:30:00,22.415000915527344
2018-02-05 19:30:00,22.149999618530273
2018-02-05 20:30:00,21.709999084472656
2018-02-06 14:30:00,22.239999771118164
2018-02-06 15:30:00,22.1200008392334
2018-02-06 16:30:00,22.450000762939453
2018-02-06 17:30:00,22.479999542236328
2018-02-06 18:30:00,22.350000381469727
2018-02-06 19:30:00,22.68000030517578
2018-02-06 20:30:00,22.635000228881836
2018-02-07 14:30:00,22.8700008392334
2018-02-07 15:30:00,22.559999465942383
2018-02-07 16:30:00,22.239999771118164
2018-02-07 17:30:00,21.940000534057617
2018-02-07 18:30:00,22.170000076293945
2018-02-07 19:30:00,22.155000686645508
2018-02-07 20:30:00,21.940000534057617
2018-02-08 14:30:00,22.149999618530273
2018-02-08 15:30:00,22.309999465942383
2018-02-08 16:30:00,22.2549991607666
2018-02-08 17:30:00,22.1299991607666
2018-02-08 18:30:00,22.25
2018-02-08 19:30:00,22.0049991607666
2018-02-08 20:30:00,21.584999084472656
2018-02-09 14:30:00,21.375
2018-02-09 15:30:00,21.15999984741211
2018-02-09 16:30:00,20.549999237060547
2018-02-09 17:30:00,20.600000381469727
2018-02-09 18:30:00,21.170000076293945
2018-02-09 19:30:00,21.155000686645508
2018-02-09 20:30:00,21.399999618530273
2018-02-12 14:30:00,21.729999542236328
2018-02-12 15:30:00,21.8700008392334
2018-02-12 16:30:00,22.059999465942383
2018-02-12 17:30:00,22.020000457763672
2018-02-12 18:30:00,22.06999969482422
2018-02-12 19:30:00,22.079999923706055
2018-02-12 20:30:00,21.8799991607666
2018-02-13 14:30:00,22.094999313354492
2018-02-13 15:30:00,22.06999969482422
2018-02-13 16:30:00,22.104999542236328
2018-02-13 17:30:00,22.190000534057617
2018-02-13 18:30:00,22.190000534057617
2018-02-13 19:30:00,22.290000915527344
2018-02-13 20:30:00,22.264999389648438
2018-02-14 14:30:00,22.389999389648438
2018-02-14 15:30:00,22.40999984741211
2018-02-14 16:30:00,22.440000534057617
2018-02-14 17:30:00,22.540000915527344
2018-02-14 18:30:00,22.59000015258789
2018-02-14 19:30:00,22.639999389648438
2018-02-14 20:30:00,22.684999465942383
2018-02-15 14:30:00,22.549999237060547
2018-02-15 15:30:00,22.594999313354492
2018-02-15 16:30:00,22.800100326538086
2018-02-15 17:30:00,22.71500015258789
2018-02-15 18:30:00,22.809999465942383
2018-02-15 19:30:00,22.739999771118164
2018-02-15 20:30:00,22.829999923706055
2018-02-16 14:30:00,22.75
2018-02-16 15:30:00,22.829999923706055
2018-02-16 16:30:00,22.719999313354492
2018-02-16 17:30:00,22.559999465942383
2018-02-16 18:30:00,22.600000381469727
2018-02-16 19:30:00,22.700000762939453
2018-02-16 20:30:00,22.639999389648438
2018-02-20 14:30:00,23.030000686645508
2018-02-20 15:30:00,23.170000076293945
2018-02-20 16:30:00,23.360000610351562
2018-02-20 17:30:00,23.139999389648438
2018-02-20 18:30:00,23.010000228881836
2018-02-20 19:30:00,22.989999771118164
2018-02-20 20:30:00,23.045000076293945
2018-02-21 14:30:00,22.989999771118164
2018-02-21 15:30:00,23.190000534057617
2018-02-21 16:30:00,23.040000915527344
2018-02-21 17:30:00,23.010000228881836
2018-02-21 18:30:00,23.139999389648438
2018-02-21 19:30:00,23.079999923706055
2018-02-21 20:30:00,22.8799991607666
2018-02-22 14:30:00,22.719999313354492
2018-02-22 15:30:00,22.90999984741211
2018-02-22 16:30:00,23.020000457763672
2018-02-22 17:30:00,22.770000457763672
2018-02-22 18:30:00,22.829999923706055
2018-02-22 19:30:00,22.65999984741211
2018-02-22 20:30:00,22.610000610351562
2018-02-23 14:30:00,22.59000015258789
2018-02-23 15:30:00,22.469999313354492
2018-02-23 16:30:00,22.594999313354492
2018-02-23 17:30:00,22.6200008392334
2018-02-23 18:30:00,22.579999923706055
2018-02-23 19:30:00,22.799999237060547
2018-02-23 20:30:00,22.75
2018-02-26 14:30:00,22.950000762939453
2018-02-26 15:30:00,23.389999389648438
2018-02-26 16:30:00,23.280000686645508
2018-02-26 17:30:00,23.479999542236328
2018-02-26 18:30:00,23.7549991607666
2018-02-26 19:30:00,23.75
2018-02-26 20:30:00,23.84000015258789
2018-02-27 14:30:00,24.670000076293945
2018-02-27 15:30:00,24.799999237060547
2018-02-27 16:30:00,25.079999923706055
2018-02-27 17:30:00,24.8799991607666
2018-02-27 18:30:00,24.8700008392334
2018-02-27 19:30:00,24.649999618530273
2018-02-27 20:30:00,24.739999771118164
2018-02-28 14:30:00,23.40999984741211
2018-02-28 15:30:00,23.110000610351562
2018-02-28 16:30:00,22.989999771118164
2018-02-28 17:30:00,23.229999542236328
2018-02-28 18:30:00,23.19499969482422
2018-02-28 19:30:00,23.1200008392334
2018-02-28 20:30:00,22.989999771118164
2018-03-01 14:30:00,22.739999771118164
2018-03-01 15:30:00,22.8799991607666
2018-03-01 16:30:00,22.989999771118164
2018-03-01 17:30:00,22.770000457763672
2018-03-01 18:30:00,22.6299991607666
2018-03-01 19:30:00,22.56999969482422
2018-03-01 20:30:00,22.709999084472656
2018-03-02 14:30:00,22.790000915527344
2018-03-02 15:30:00,22.895000457763672
2018-03-02 16:30:00,22.959999084472656
2018-03-02 17:30:00,22.8700008392334
2018-03-02 18:30:00,23.100000381469727
2018-03-02 19:30:00,23.010000228881836
2018-03-02 20:30:00,23.139999389648438
2018-03-05 14:30:00,23.010000228881836
2018-03-05 15:30:00,23.149999618530273
2018-03-05 16:30:00,23.170000076293945
2018-03-05 17:30:00,23.1299991607666
2018-03-05 18:30:00,23.25
2018-03-05 19:30:00,23.209999084472656
2018-03-05 20:30:00,23.020000457763672
2018-03-06 14:30:00,23.06999969482422
2018-03-06 15:30:00,22.7549991607666
2018-03-06 16:30:00,22.895000457763672
2018-03-06 17:30:00,23.1299991607666
2018-03-06 18:30:00,23.15999984741211
2018-03-06 19:30:00,23.075000762939453
2018-03-06 20:30:00,22.889999389648438
2018-03-07 14:30:00,22.139999389648438
2018-03-07 15:30:00,22.0
2018-03-07 16:30:00,21.5
2018-03-07 17:30:00,21.700000762939453
2018-03-07 18:30:00,21.8700008392334
2018-03-07 19:30:00,22.190000534057617
2018-03-07 20:30:00,22.3799991607666
2018-03-08 14:30:00,22.200000762939453
2018-03-08 15:30:00,22.290000915527344
2018-03-08 16:30:00,22.360000610351562
2018-03-08 17:30:00,22.479999542236328
2018-03-08 18:30:00,22.354999542236328
2018-03-08 19:30:00,22.479999542236328
2018-03-08 20:30:00,22.459999084472656
2018-03-09 14:30:00,22.719999313354492
2018-03-09 15:30:00,22.850000381469727
2018-03-09 16:30:00,22.610000610351562
2018-03-09 17:30:00,22.559999465942383
2018-03-09 18:30:00,22.6200008392334
2018-03-09 19:30:00,22.59000015258789
2018-03-09 20:30:00,22.489999771118164
2018-03-12 13:30:00,22.780000686645508
2018-03-12 14:30:00,22.614999771118164
2018-03-12 15:30:00,22.799999237060547
2018-03-12 16:30:00,22.729999542236328
2018-03-12 17:30:00,22.709999084472656
2018-03-12 18:30:00,22.649999618530273
2018-03-12 19:30:00,22.610000610351562
2018-03-13 13:30:00,22.809999465942383
2018-03-13 14:30:00,22.670000076293945
2018-03-13 15:30:00,22.6200008392334
2018-03-13 16:30:00,22.649999618530273
2018-03-13 17:30:00,22.575000762939453
2018-03-13 18:30:00,22.420000076293945
2018-03-13 19:30:00,22.450000762939453
2018-03-14 13:30:00,22.34000015258789
2018-03-14 14:30:00,22.299999237060547
2018-03-14 15:30:00,22.184999465942383
2018-03-14 16:30:00,22.15999984741211
2018-03-14 17:30:00,22.200000762939453
2018-03-14 18:30:00,22.264999389648438
2018-03-14 19:30:00,22.25
2018-03-15 13:30:00,22.09000015258789
2018-03-15 14:30:00,21.981000900268555
2018-03-15 15:30:00,21.799999237060547
2018-03-15 16:30:00,21.75
2018-03-15 17:30:00,21.594999313354492
2018-03-15 18:30:00,21.600000381469727
2018-03-15 19:30:00,21.610000610351562
2018-03-16 13:30:00,21.709999084472656
2018-03-16 14:30:00,21.875
2018-03-16 15:30:00,21.770000457763672
2018-03-16 16:30:00,21.700000762939453
2018-03-16 17:30:00,21.655000686645508
2018-03-16 18:30:00,21.600000381469727
2018-03-16 19:30:00,21.56999969482422
2018-03-19 13:30:00,21.639999389648438
2018-03-19 14:30:00,21.420000076293945
2018-03-19 15:30:00,21.229999542236328
2018-03-19 16:30:00,21.049999237060547
2018-03-19 17:30:00,21.110000610351562
2018-03-19 18:30:00,21.19499969482422
2018-03-19 19:30:00,21.2450008392334
2018-03-20 13:30:00,20.989999771118164
2018-03-20 14:30:00,20.905000686645508
2018-03-20 15:30:00,20.719999313354492
2018-03-20 16:30:00,20.415000915527344
2018-03-20 17:30:00,20.31999969482422
2018-03-20 18:30:00,20.280000686645508
2018-03-20 19:30:00,20.299999237060547
2018-03-21 13:30:00,20.420000076293945
2018-03-21 14:30:00,20.549999237060547
2018-03-21 15:30:00,20.579999923706055
2018-03-21 16:30:00,20.459999084472656
2018-03-21 17:30:00,20.5
2018-03-21 18:30:00,20.520000457763672
2018-03-21 19:30:00,20.5
2018-03-22 13:30:00,20.059999465942383
2018-03-22 14:30:00,20.020000457763672
2018-03-22 15:30:00,20.110000610351562
2018-03-22 16:30:00,20.059999465942383
2018-03-22 17:30:00,20.024999618530273
2018-03-22 18:30:00,19.985000610351562
2018-03-22 19:30:00,19.8799991607666
2018-03-23 13:30:00,19.979999542236328
2018-03-23 14:30:00,19.860000610351562
2018-03-23 15:30:00,19.860000610351562
2018-03-23 16:30:00,19.8799991607666
2018-03-23 17:30:00,19.850000381469727
2018-03-23 18:30:00,19.510000228881836
2018-03-23 19:30:00,19.43000030517578
2018-03-26 13:30:00,19.360000610351562
2018-03-26 14:30:00,19.450000762939453
2018-03-26 15:30:00,19.56999969482422
2018-03-26 16:30:00,19.7549991607666
2018-03-26 17:30:00,19.860000610351562
2018-03-26 18:30:00,19.864999771118164
2018-03-26 19:30:00,19.889999389648438
2018-03-27 13:30:00,19.780000686645508
2018-03-27 14:30:00,19.69499969482422
2018-03-27 15:30:00,19.889999389648438
2018-03-27 16:30:00,20.200000762939453
2018-03-27 17:30:00,19.989999771118164
2018-03-27 18:30:00,19.729999542236328
2018-03-27 19:30:00,19.739999771118164
2018-03-28 13:30:00,19.899999618530273
2018-03-28 14:30:00,19.614999771118164
2018-03-28 15:30:00,19.614999771118164
2018-03-28 16:30:00,19.530000686645508
2018-03-28 17:30:00,19.420000076293945
2018-03-28 18:30:00,19.299999237060547
2018-03-28 19:30:00,19.270000457763672
2018-03-29 13:30:00,19.09000015258789
2018-03-29 14:30:00,19.270000457763672
2018-03-29 15:30:00,19.299999237060547
2018-03-29 16:30:00,19.485000610351562
2018-03-29 17:30:00,19.440000534057617
2018-03-29 18:30:00,19.645000457763672
2018-03-29 19:30:00,19.514999389648438
2018-04-02 13:30:00,19.90999984741211
2018-04-02 14:30:00,19.704999923706055
2018-04-02 15:30:00,19.540000915527344
2018-04-02 16:30:00,19.469999313354492
2018-04-02 17:30:00,19.43000030517578
2018-04-02 18:30:00,19.485000610351562
2018-04-02 19:30:00,19.579999923706055
2018-04-03 13:30:00,19.604999542236328
2018-04-03 14:30:00,19.719999313354492
2018-04-03 15:30:00,19.670000076293945
2018-04-03 16:30:00,19.809999465942383
2018-04-03 17:30:00,19.829999923706055
2018-04-03 18:30:00,20.100000381469727
2018-04-03 19:30:00,20.18000030517578
2018-04-04 13:30:00,20.190000534057617
2018-04-04 14:30:00,20.334999084472656
2018-04-04 15:30:00,20.329999923706055
2018-04-04 16:30:00,20.264999389648438
2018-04-04 17:30:00,20.440000534057617
2018-04-04 18:30:00,20.6299991607666
2018-04-04 19:30:00,20.65999984741211
2018-04-05 13:30:00,20.774999618530273
2018-04-05 14:30:00,20.6200008392334
2018-04-05 15:30:00,20.700000762939453
2018-04-05 16:30:00,20.7450008392334
2018-04-05 17:30:00,20.729999542236328
2018-04-05 18:30:00,20.75
2018-04-05 19:30:00,20.739999771118164
2018-04-06 13:30:00,20.829999923706055
2018-04-06 14:30:00,20.84000015258789
2018-04-06 15:30:00,20.875
2018-04-06 16:30:00,21.010000228881836
2018-04-06 17:30:00,20.739999771118164
2018-04-06 18:30:00,20.639999389648438
2018-04-06 19:30:00,20.729999542236328
2018-04-09 13:30:00,20.719999313354492
2018-04-09 14:30:00,20.719999313354492
2018-04-09 15:30:00,20.860000610351562
2018-04-09 16:30:00,20.96500015258789
2018-04-09 17:30:00,20.860000610351562
2018-04-09 18:30:00,20.81999969482422
2018-04-09 19:30:00,20.670000076293945
2018-04-10 13:30:00,20.790000915527344
2018-04-10 14:30:00,20.875
2018-04-10 15:30:00,20.665000915527344
2018-04-10 16:30:00,20.920000076293945
2018-04-10 17:30:00,20.790000915527344
2018-04-10 18:30:00,20.760000228881836
2018-04-10 19:30:00,20.68000030517578
2018-04-11 13:30:00,20.520000457763672
2018-04-11 14:30:00,20.5
2018-04-11 15:30:00,20.549999237060547
2018-04-11 16:30:00,20.469999313354492
2018-04-11 17:30:00,20.469999313354492
2018-04-11 18:30:00,20.454999923706055
2018-04-11 19:30:00,20.549999237060547
2018-04-12 13:30:00,20.700000762939453
2018-04-12 14:30:00,20.790000915527344
2018-04-12 15:30:00,20.790000915527344
2018-04-12 16:30:00,20.799999237060547
2018-04-12 17:30:00,21.03350067138672
2018-04-12 18:30:00,21.229999542236328
2018-04-12 19:30:00,21.34000015258789
2018-04-13 13:30:00,20.950000762939453
2018-04-13 14:30:00,21.0
2018-04-13 15:30:00,21.059999465942383
2018-04-13 16:30:00,21.049999237060547
2018-04-13 17:30:00,21.040000915527344
2018-04-13 18:30:00,21.049999237060547
2018-04-13 19:30:00,21.049999237060547
2018-04-16 13:30:00,20.979999542236328
2018-04-16 14:30:00,21.09000015258789
2018-04-16 15:30:00,21.045000076293945
2018-04-16 16:30:00,21.399999618530273
2018-04-16 17:30:00,21.399999618530273
2018-04-16 18:30:00,21.489999771118164
2018-04-16 19:30:00,21.5
2018-04-17 13:30:00,21.780000686645508
2018-04-17 14:30:00,21.979999542236328
2018-04-17 15:30:00,21.8700008392334
2018-04-17 16:30:00,21.834999084472656
2018-04-17 17:30:00,21.84000015258789
2018-04-17 18:30:00,22.014999389648438
2018-04-17 19:30:00,21.969999313354492
2018-04-18 13:30:00,21.9950008392334
2018-04-18 14:30:00,22.170000076293945
2018-04-18 15:30:00,22.05500030517578
2018-04-18 16:30:00,22.06999969482422
2018-04-18 17:30:00,21.969999313354492
2018-04-18 18:30:00,21.829999923706055
2018-04-18 19:30:00,21.7450008392334
2018-04-19 13:30:00,21.940000534057617
2018-04-19 14:30:00,21.809999465942383
2018-04-19 15:30:00,21.670000076293945
2018-04-19 16:30:00,21.559999465942383
2018-04-19 17:30:00,21.6200008392334
2018-04-19 18:30:00,21.674999237060547
2018-04-19 19:30:00,21.639999389648438
2018-04-20 13:30:00,21.530000686645508
2018-04-20 14:30:00,21.34000015258789
2018-04-20 15:30:00,21.329999923706055
2018-04-20 16:30:00,21.3799991607666
2018-04-20 17:30:00,21.360000610351562
2018-04-20 18:30:00,21.399999618530273
2018-04-20 19:30:00,21.469999313354492
2018-04-23 13:30:00,22.0
2018-04-23 14:30:00,22.110000610351562
2018-04-23 15:30:00,22.030000686645508
2018-04-23 16:30:00,22.065000534057617
2018-04-23 17:30:00,22.145000457763672
2018-04-23 18:30:00,22.155000686645508
2018-04-23 19:30:00,22.139999389648438
2018-04-24 13:30:00,22.709999084472656
2018-04-24 14:30:00,22.889999389648438
2018-04-24 15:30:00,22.809999465942383
2018-04-24 16:30:00,22.649999618530273
2018-04-24 17:30:00,22.31999969482422
2018-04-24 18:30:00,22.40999984741211
2018-04-24 19:30:00,22.360000610351562
2018-04-25 13:30:00,22.420000076293945
2018-04-25 14:30:00,22.610000610351562
2018-04-25 15:30:00,22.469999313354492
2018-04-25 16:30:00,22.43000030517578
2018-04-25 17:30:00,22.280000686645508
2018-04-25 18:30:00,22.43000030517578
2018-04-25 19:30:00,22.559999465942383
2018-04-26 13:30:00,22.625
2018-04-26 14:30:00,22.350000381469727
2018-04-26 15:30:00,22.475000381469727
2018-04-26 16:30:00,22.520000457763672
2018-04-26 17:30:00,22.584999084472656
2018-04-26 18:30:00,22.594999313354492
2018-04-26 19:30:00,22.639999389648438
2018-04-27 13:30:00,22.40999984741211
2018-04-27 14:30:00,22.399999618530273
2018-04-27 15:30:00,22.350000381469727
2018-04-27 16:30:00,22.510000228881836
2018-04-27 17:30:00,22.510000228881836
2018-04-27 18:30:00,22.5
2018-04-27 19:30:00,22.5
2018-04-30 13:30:00,22.3799991607666
2018-04-30 14:30:00,22.43000030517578
2018-04-30 15:30:00,22.290000915527344
2018-04-30 16:30:00,22.31999969482422
2018-04-30 17:30:00,22.34000015258789
2018-04-30 18:30:00,22.200000762939453
2018-04-30 19:30:00,22.219999313354492
2018-05-01 13:30:00,22.440000534057617
2018-05-01 14:30:00,22.385000228881836
2018-05-01 15:30:00,22.375
2018-05-01 16:30:00,22.209999084472656
2018-05-01 17:30:00,22.440000534057617
2018-05-01 18:30:00,22.450000762939453
2018-05-01 19:30:00,22.540000915527344
2018-05-02 13:30:00,22.739999771118164
2018-05-02 14:30:00,22.760000228881836
2018-05-02 15:30:00,22.719999313354492
2018-05-02 16:30:00,22.700000762939453
2018-05-02 17:30:00,22.459999084472656
2018-05-02 18:30:00,22.399999618530273
2018-05-02 19:30:00,22.280000686645508
2018-05-03 13:30:00,21.709999084472656
2018-05-03 14:30:00,21.559999465942383
2018-05-03 15:30:00,21.395000457763672
2018-05-03 16:30:00,21.549999237060547
2018-05-03 17:30:00,21.540000915527344
2018-05-03 18:30:00,21.469999313354492
2018-05-03 19:30:00,21.639999389648438
2018-05-04 13:30:00,22.059999465942383
2018-05-04 14:30:00,22.010000228881836
2018-05-04 15:30:00,21.985000610351562
2018-05-04 16:30:00,21.8700008392334
2018-05-04 17:30:00,21.760000228881836
2018-05-04 18:30:00,21.850000381469727
2018-05-04 19:30:00,21.8799991607666
2018-05-07 13:30:00,22.014999389648438
2018-05-07 14:30:00,21.985000610351562
2018-05-07 15:30:00,21.94499969482422
2018-05-07 16:30:00,21.889999389648438
2018-05-07 17:30:00,22.059999465942383
2018-05-07 18:30:00,21.96500015258789
2018-05-07 19:30:00,22.1200008392334
2018-05-08 13:30:00,23.219999313354492
2018-05-08 14:30:00,23.045000076293945
2018-05-08 15:30:00,23.010000228881836
2018-05-08 16:30:00,22.3799991607666
2018-05-08 17:30:00,21.739999771118164
2018-05-08 18:30:00,21.790000915527344
2018-05-08 19:30:00,21.81999969482422
2018-05-09 13:30:00,21.549999237060547
2018-05-09 14:30:00,21.219999313354492
2018-05-09 15:30:00,21.309999465942383
2018-05-09 16:30:00,21.260000228881836
2018-05-09 17:30:00,21.200000762939453
2018-05-09 18:30:00,21.229999542236328
2018-05-09 19:30:00,21.110000610351562
2018-05-10 13:30:00,21.364999771118164
2018-05-10 14:30:00,21.770000457763672
2018-05-10 15:30:00,22.049999237060547
2018-05-10 16:30:00,22.049999237060547
2018-05-10 17:30:00,22.190000534057617
2018-05-10 18:30:00,22.440000534057617
2018-05-10 19:30:00,22.56999969482422
2018-05-11 13:30:00,22.59000015258789
2018-05-11 14:30:00,22.729999542236328
2018-05-11 15:30:00,22.780000686645508
2018-05-11 16:30:00,22.815000534057617
2018-05-11 17:30:00,22.864999771118164
2018-05-11 18:30:00,22.889999389648438
2018-05-11 19:30:00,22.84000015258789
2018-05-14 13:30:00,22.645000457763672
2018-05-14 14:30:00,22.469999313354492
2018-05-14 15:30:00,22.56999969482422
2018-05-14 16:30:00,22.4950008392334
2018-05-14 17:30:00,22.5
2018-05-14 18:30:00,22.56999969482422
2018-05-14 19:30:00,22.5
2018-05-15 13:30:00,22.229999542236328
2018-05-15 14:30:00,22.1200008392334
2018-05-15 15:30:00,21.905000686645508
2018-05-15 16:30:00,21.829999923706055
2018-05-15 17:30:00,21.760000228881836
2018-05-15 18:30:00,21.6200008392334
2018-05-15 19:30:00,21.709999084472656
2018-05-16 13:30:00,21.584999084472656
2018-05-16 14:30:00,21.545000076293945
2018-05-16 15:30:00,21.700000762939453
2018-05-16 16:30:00,21.950000762939453
2018-05-16 17:30:00,22.274999618530273
2018-05-16 18:30:00,22.5
2018-05-16 19:30:00,22.450000762939453
2018-05-17 13:30:00,21.989999771118164
2018-05-17 14:30:00,22.010000228881836
2018-05-17 15:30:00,21.670000076293945
2018-05-17 16:30:00,21.80500030517578
2018-05-17 17:30:00,21.690000534057617
2018-05-17 18:30:00,21.81999969482422
2018-05-17 19:30:00,21.81999969482422
2018-05-18 13:30:00,21.569900512695312
2018-05-18 14:30:00,21.264999389648438
2018-05-18 15:30:00,21.329999923706055
2018-05-18 16:30:00,21.399999618530273
2018-05-18 17:30:00,21.360000610351562
2018-05-18 18:30:00,21.440000534057617
2018-05-18 19:30:00,21.420000076293945
2018-05-21 13:30:00,21.684999465942383
2018-05-21 14:30:00,21.510000228881836
2018-05-21 15:30:00,21.530000686645508
2018-05-21 16:30:00,21.450000762939453
2018-05-21 17:30:00,21.450000762939453
2018-05-21 18:30:00,21.420000076293945
2018-05-21 19:30:00,21.440000534057617
2018-05-22 13:30:00,21.6299991607666
2018-05-22 14:30:00,21.84000015258789
2018-05-22 15:30:00,21.975000381469727
2018-05-22 16:30:00,22.049999237060547
2018-05-22 17:30:00,22.1200008392334
2018-05-22 18:30:00,22.03499984741211
2018-05-22 19:30:00,22.0
2018-05-23 13:30:00,21.3700008392334
2018-05-23 14:30:00,21.3700008392334
2018-05-23 15:30:00,21.299999237060547
2018-05-23 16:30:00,21.21500015258789
2018-05-23 17:30:00,21.215599060058594
2018-05-23 18:30:00,21.334999084472656
2018-05-23 19:30:00,21.34000015258789
2018-05-24 13:30:00,20.969999313354492
2018-05-24 14:30:00,21.09000015258789
2018-05-24 15:30:00,21.09000015258789
2018-05-24 16:30:00,21.06999969482422
2018-05-24 17:30:00,21.1200008392334
2018-05-24 18:30:00,21.298999786376953
2018-05-24 19:30:00,21.239999771118164
2018-05-25 13:30:00,21.03499984741211
2018-05-25 14:30:00,21.200000762939453
2018-05-25 15:30:00,21.059999465942383
2018-05-25 16:30:00,21.0
2018-05-25 17:30:00,20.899999618530273
2018-05-25 18:30:00,20.905000686645508
2018-05-25 19:30:00,20.950000762939453
2018-05-29 13:30:00,20.65999984741211
2018-05-29 14:30:00,20.489999771118164
2018-05-29 15:30:00,20.349000930786133
2018-05-29 16:30:00,20.395000457763672
2018-05-29 17:30:00,20.450000762939453
2018-05-29 18:30:00,20.395000457763672
2018-05-29 19:30:00,20.40999984741211
2018-05-30 13:30:00,20.350000381469727
2018-05-30 14:30:00,20.34000015258789
2018-05-30 15:30:00,20.299999237060547
2018-05-30 16:30:00,20.239999771118164
2018-05-30 17:30:00,20.110000610351562
2018-05-30 18:30:00,19.969999313354492
2018-05-30 19:30:00,19.93000030517578
2018-05-31 13:30:00,19.34000015258789
2018-05-31 14:30:00,19.434999465942383
2018-05-31 15:30:00,19.329999923706055
2018-05-31 16:30:00,19.420000076293945
2018-05-31 17:30:00,19.549999237060547
2018-05-31 18:30:00,19.739999771118164
2018-05-31 19:30:00,19.770000457763672
2018-06-01 13:30:00,19.700000762939453
2018-06-01 14:30:00,19.645000457763672
2018-06-01 15:30:00,19.799999237060547
2018-06-01 16:30:00,19.764999389648438
2018-06-01 17:30:00,19.780000686645508
2018-06-01 18:30:00,19.76609992980957
2018-06-01 19:30:00,19.860000610351562
2018-06-04 13:30:00,19.81999969482422
2018-06-04 14:30:00,19.790000915527344
2018-06-04 15:30:00,19.760000228881836
2018-06-04 16:30:00,19.860000610351562
2018-06-04 17:30:00,19.899999618530273
2018-06-04 18:30:00,20.020000457763672
2018-06-04 19:30:00,19.979999542236328
2018-06-05 13:30:00,20.670000076293945
2018-06-05 14:30:00,20.649999618530273
2018-06-05 15:30:00,20.5
2018-06-05 16:30:00,20.55419921875
2018-06-05 17:30:00,20.639999389648438
2018-06-05 18:30:00,20.655000686645508
2018-06-05 19:30:00,20.639999389648438
2018-06-06 13:30:00,20.270000457763672
2018-06-06 14:30:00,20.530000686645508
2018-06-06 15:30:00,20.700000762939453
2018-06-06 16:30:00,21.045000076293945
2018-06-06 17:30:00,21.06999969482422
2018-06-06 18:30:00,21.149999618530273
2018-06-06 19:30:00,21.149999618530273
2018-06-07 13:30:00,21.260000228881836
2018-06-07 14:30:00,21.229999542236328
2018-06-07 15:30:00,21.40999984741211
2018-06-07 16:30:00,21.309999465942383
2018-06-07 17:30:00,21.389999389648438
2018-06-07 18:30:00,21.469999313354492
2018-06-07 19:30:00,21.469999313354492
2018-06-08 13:30:00,21.56999969482422
2018-06-08 14:30:00,21.645000457763672
2018-06-08 15:30:00,21.739999771118164
2018-06-08 16:30:00,21.739999771118164
2018-06-08 17:30:00,21.684999465942383
2018-06-08 18:30:00,21.7450008392334
2018-06-08 19:30:00,21.799999237060547
2018-06-11 13:30:00,22.6299991607666
2018-06-11 14:30:00,22.610000610351562
2018-06-11 15:30:00,22.889999389648438
2018-06-11 16:30:00,22.709999084472656
2018-06-11 17:30:00,22.639999389648438
2018-06-11 18:30:00,22.68000030517578
2018-06-11 19:30:00,22.639999389648438
2018-06-12 13:30:00,22.59000015258789
2018-06-12 14:30:00,22.514999389648438
2018-06-12 15:30:00,22.639999389648438
2018-06-12 16:30:00,22.68000030517578
2018-06-12 17:30:00,22.639999389648438
2018-06-12 18:30:00,22.690000534057617
2018-06-12 19:30:00,22.829999923706055
2018-06-13 13:30:00,23.829999923706055
2018-06-13 14:30:00,23.799999237060547
2018-06-13 15:30:00,23.739999771118164
2018-06-13 16:30:00,23.68000030517578
2018-06-13 17:30:00,23.309999465942383
2018-06-13 18:30:00,23.155000686645508
2018-06-13 19:30:00,23.149999618530273
2018-06-14 13:30:00,24.049999237060547
2018-06-14 14:30:00,23.780000686645508
2018-06-14 15:30:00,23.93000030517578
2018-06-14 16:30:00,24.084999084472656
2018-06-14 17:30:00,24.03499984741211
2018-06-14 18:30:00,24.125
2018-06-14 19:30:00,24.149999618530273
2018-06-15 13:30:00,25.25
2018-06-15 14:30:00,24.860000610351562
2018-06-15 15:30:00,24.979999542236328
2018-06-15 16:30:00,25.06999969482422
2018-06-15 17:30:00,25.084999084472656
2018-06-15 18:30:00,25.184999465942383
2018-06-15 19:30:00,25.31999969482422
2018-06-18 13:30:00,24.940000534057617
2018-06-18 14:30:00,25.0
2018-06-18 15:30:00,25.030000686645508
2018-06-18 16:30:00,25.209999084472656
2018-06-18 17:30:00,25.200000762939453
2018-06-18 18:30:00,25.25
2018-06-18 19:30:00,25.344999313354492
2018-06-19 13:30:00,25.360000610351562
2018-06-19 14:30:00,25.3799991607666
2018-06-19 15:30:00,25.53499984741211
2018-06-19 16:30:00,25.459999084472656
2018-06-19 17:30:00,25.489999771118164
2018-06-19 18:30:00,25.59000015258789
2018-06-19 19:30:00,25.690000534057617
2018-06-20 13:30:00,25.8700008392334
2018-06-20 14:30:00,25.959999084472656
2018-06-20 15:30:00,26.1560001373291
2018-06-20 16:30:00,26.309999465942383
2018-06-20 17:30:00,26.3799991607666
2018-06-20 18:30:00,26.280000686645508
2018-06-20 19:30:00,26.174999237060547
2018-06-21 13:30:00,25.700000762939453
2018-06-21 14:30:00,25.93000030517578
2018-06-21 15:30:00,26.100000381469727
2018-06-21 16:30:00,26.030000686645508
2018-06-21 17:30:00,26.0
2018-06-21 18:30:00,25.889999389648438
2018-06-21 19:30:00,25.93000030517578
2018-06-22 13:30:00,26.125
2018-06-22 14:30:00,26.28499984741211
2018-06-22 15:30:00,26.139999389648438
2018-06-22 16:30:00,26.209999084472656
2018-06-22 17:30:00,26.200000762939453
2018-06-22 18:30:00,26.434999465942383
2018-06-22 19:30:00,26.239999771118164
2018-06-25 13:30:00,26.170000076293945
2018-06-25 14:30:00,25.920000076293945
2018-06-25 15:30:00,25.959999084472656
2018-06-25 16:30:00,26.09000015258789
2018-06-25 17:30:00,26.059999465942383
2018-06-25 18:30:00,25.959999084472656
2018-06-25 19:30:00,26.110000610351562
2018-06-26 13:30:00,25.799999237060547
2018-06-26 14:30:00,25.704999923706055
2018-06-26 15:30:00,25.6299991607666
2018-06-26 16:30:00,25.739999771118164
2018-06-26 17:30:00,25.709999084472656
2018-06-26 18:30:00,25.8700008392334
2018-06-26 19:30:00,25.885000228881836
2018-06-27 13:30:00,26.200000762939453
2018-06-27 14:30:00,26.204999923706055
2018-06-27 15:30:00,26.219999313354492
2018-06-27 16:30:00,26.209999084472656
2018-06-27 17:30:00,26.149999618530273
2018-06-27 18:30:00,26.239999771118164
2018-06-27 19:30:00,26.09000015258789
2018-06-28 13:30:00,26.110000610351562
2018-06-28 14:30:00,26.259899139404297
2018-06-28 15:30:00,26.260000228881836
2018-06-28 16:30:00,26.264999389648438
2018-06-28 17:30:00,26.31999969482422
2018-06-28 18:30:00,26.325000762939453
2018-06-28 19:30:00,26.309999465942383
2018-06-29 13:30:00,26.200000762939453
2018-06-29 14:30:00,26.061800003051758
2018-06-29 15:30:00,26.030000686645508
2018-06-29 16:30:00,25.899999618530273
2018-06-29 17:30:00,25.739999771118164
2018-06-29 18:30:00,25.6299991607666
2018-06-29 19:30:00,25.5
2018-07-02 13:30:00,25.290000915527344
2018-07-02 14:30:00,25.5
2018-07-02 15:30:00,25.389999389648438
2018-07-02 16:30:00,25.31999969482422
2018-07-02 17:30:00,25.399999618530273
2018-07-02 18:30:00,25.475000381469727
2018-07-02 19:30:00,25.579999923706055
2018-07-03 13:30:00,25.700000762939453
2018-07-03 14:30:00,25.579999923706055
2018-07-03 15:30:00,25.549999237060547
2018-07-03 17:00:00,25.71809959411621
2018-07-05 13:30:00,25.31999969482422
2018-07-05 14:30:00,25.34000015258789
2018-07-05 15:30:00,25.40999984741211
2018-07-05 16:30:00,25.59000015258789
2018-07-05 17:30:00,25.5
2018-07-05 18:30:00,25.5
2018-07-05 19:30:00,25.559999465942383
2018-07-06 13:30:00,25.89900016784668
2018-07-06 14:30:00,25.799999237060547
2018-07-06 15:30:00,25.790000915527344
2018-07-06 16:30:00,25.850000381469727
2018-07-06 17:30:00,25.809999465942383
2018-07-06 18:30:00,25.78499984741211
2018-07-06 19:30:00,25.770000457763672
2018-07-09 13:30:00,25.790000915527344
2018-07-09 14:30:00,25.979999542236328
2018-07-09 15:30:00,25.950000762939453
2018-07-09 16:30:00,26.059999465942383
2018-07-09 17:30:00,26.03499984741211
2018-07-09 18:30:00,26.094999313354492
2018-07-09 19:30:00,26.1299991607666
2018-07-10 13:30:00,25.920000076293945
2018-07-10 14:30:00,25.959999084472656
2018-07-10 15:30:00,25.985000610351562
2018-07-10 16:30:00,25.959999084472656
2018-07-10 17:30:00,26.1200008392334
2018-07-10 18:30:00,26.170000076293945
2018-07-10 19:30:00,26.229999542236328
2018-07-11 13:30:00,26.149999618530273
2018-07-11 14:30:00,26.100000381469727
2018-07-11 15:30:00,25.899999618530273
2018-07-11 16:30:00,25.860000610351562
2018-07-11 17:30:00,25.739999771118164
2018-07-11 18:30:00,25.68000030517578
2018-07-11 19:30:00,25.6200008392334
2018-07-12 13:30:00,25.8799991607666
2018-07-12 14:30:00,25.709999084472656
2018-07-12 15:30:00,25.790000915527344
2018-07-12 16:30:00,25.790000915527344
2018-07-12 17:30:00,25.645000457763672
2018-07-12 18:30:00,25.604999542236328
2018-07-12 19:30:00,25.5
2018-07-13 13:30:00,25.645000457763672
2018-07-13 14:30:00,25.71500015258789
2018-07-13 15:30:00,25.510000228881836
2018-07-13 16:30:00,25.514999389648438
2018-07-13 17:30:00,25.424800872802734
2018-07-13 18:30:00,25.44499969482422
2018-07-13 19:30:00,25.5
2018-07-16 13:30:00,25.395000457763672
2018-07-16 14:30:00,25.360000610351562
2018-07-16 15:30:00,25.350000381469727
2018-07-16 16:30:00,25.280000686645508
2018-07-16 17:30:00,25.18000030517578
2018-07-16 18:30:00,25.334999084472656
2018-07-16 19:30:00,25.360000610351562
2018-07-17 13:30:00,25.309999465942383
2018-07-17 14:30:00,25.250999450683594
2018-07-17 15:30:00,24.690000534057617
2018-07-17 16:30:00,24.309999465942383
2018-07-17 17:30:00,24.440000534057617
2018-07-17 18:30:00,24.584999084472656
2018-07-17 19:30:00,24.610000610351562
2018-07-18 13:30:00,24.649999618530273
2018-07-18 14:30:00,24.760000228881836
2018-07-18 15:30:00,24.875
2018-07-18 16:30:00,24.68000030517578
2018-07-18 17:30:00,24.790000915527344
2018-07-18 18:30:00,24.760000228881836
2018-07-18 19:30:00,24.774999618530273
2018-07-19 13:30:00,24.860000610351562
2018-07-19 14:30:00,25.100000381469727
2018-07-19 15:30:00,25.165000915527344
2018-07-19 16:30:00,25.110000610351562
2018-07-19 17:30:00,24.915000915527344
2018-07-19 18:30:00,24.75
2018-07-19 19:30:00,24.709999084472656
2018-07-20 13:30:00,24.540000915527344
2018-07-20 14:30:00,24.6299991607666
2018-07-20 15:30:00,24.600000381469727
2018-07-20 16:30:00,24.489999771118164
2018-07-20 17:30:00,24.5049991607666
2018-07-20 18:30:00,24.600000381469727
2018-07-20 19:30:00,24.59000015258789
2018-07-23 13:30:00,24.520000457763672
2018-07-23 14:30:00,24.469999313354492
2018-07-23 15:30:00,24.575000762939453
2018-07-23 16:30:00,24.53499984741211
2018-07-23 17:30:00,24.579999923706055
2018-07-23 18:30:00,24.6299991607666
2018-07-23 19:30:00,24.59000015258789
2018-07-24 13:30:00,24.489999771118164
2018-07-24 14:30:00,24.280000686645508
2018-07-24 15:30:00,24.2450008392334
2018-07-24 16:30:00,24.235000610351562
2018-07-24 17:30:00,24.09000015258789
2018-07-24 18:30:00,24.135000228881836
2018-07-24 19:30:00,24.1299991607666
2018-07-25 13:30:00,24.139999389648438
2018-07-25 14:30:00,24.049999237060547
2018-07-25 15:30:00,23.940000534057617
2018-07-25 16:30:00,23.885000228881836
2018-07-25 17:30:00,23.950000762939453
2018-07-25 18:30:00,23.989999771118164
2018-07-25 19:30:00,24.059999465942383
2018-07-26 13:30:00,24.3700008392334
2018-07-26 14:30:00,24.389999389648438
2018-07-26 15:30:00,24.584999084472656
2018-07-26 16:30:00,24.59000015258789
2018-07-26 17:30:00,24.559999465942383
2018-07-26 18:30:00,24.489999771118164
2018-07-26 19:30:00,24.440000534057617
2018-07-27 13:30:00,24.219999313354492
2018-07-27 14:30:00,24.149999618530273
2018-07-27 15:30:00,24.09000015258789
2018-07-27 16:30:00,24.139999389648438
2018-07-27 17:30:00,24.18000030517578
2018-07-27 18:30:00,24.235000610351562
2018-07-27 19:30:00,24.270000457763672
2018-07-30 13:30:00,24.34000015258789
2018-07-30 14:30:00,24.459999084472656
2018-07-30 15:30:00,24.399999618530273
2018-07-30 16:30:00,24.260000228881836
2018-07-30 17:30:00,24.290000915527344
2018-07-30 18:30:00,24.25
2018-07-30 19:30:00,24.309999465942383
2018-07-31 13:30:00,24.399999618530273
2018-07-31 14:30:00,24.469999313354492
2018-07-31 15:30:00,24.420000076293945
2018-07-31 16:30:00,24.43000030517578
2018-07-31 17:30:00,24.59000015258789
2018-07-31 18:30:00,24.600000381469727
2018-07-31 19:30:00,24.549999237060547
2018-08-01 13:30:00,24.479999542236328
2018-08-01 14:30:00,24.1200008392334
2018-08-01 15:30:00,24.059999465942383
2018-08-01 16:30:00,24.0
2018-08-01 17:30:00,24.1200008392334
2018-08-01 18:30:00,24.209999084472656
2018-08-01 19:30:00,24.200000762939453
2018-08-02 13:30:00,24.1200008392334
2018-08-02 14:30:00,24.1299991607666
2018-08-02 15:30:00,24.219999313354492
2018-08-02 16:30:00,24.3799991607666
2018-08-02 17:30:00,24.375
2018-08-02 18:30:00,24.350000381469727
2018-08-02 19:30:00,24.440000534057617
2018-08-03 13:30:00,24.709999084472656
2018-08-03 14:30:00,24.725000381469727
2018-08-03 15:30:00,24.81999969482422
2018-08-03 16:30:00,24.799999237060547
2018-08-03 17:30:00,24.829999923706055
2018-08-03 18:30:00,24.920000076293945
2018-08-03 19:30:00,24.940000534057617
2018-08-06 13:30:00,24.709999084472656
2018-08-06 14:30:00,24.753000259399414
2018-08-06 15:30:00,24.943199157714844
2018-08-06 16:30:00,24.959999084472656
2018-08-06 17:30:00,25.045000076293945
2018-08-06 18:30:00,24.844999313354492
2018-08-06 19:30:00,24.809999465942383
2018-08-07 13:30:00,22.979999542236328
2018-08-07 14:30:00,23.6299991607666
2018-08-07 15:30:00,23.600000381469727
2018-08-07 16:30:00,24.030000686645508
2018-08-07 17:30:00,23.639999389648438
2018-08-07 18:30:00,23.770000457763672
2018-08-07 19:30:00,23.809999465942383
2018-08-08 13:30:00,24.139999389648438
2018-08-08 14:30:00,24.18000030517578
2018-08-08 15:30:00,24.139999389648438
2018-08-08 16:30:00,24.030000686645508
2018-08-08 17:30:00,23.93000030517578
2018-08-08 18:30:00,23.950000762939453
2018-08-08 19:30:00,23.959999084472656
2018-08-09 13:30:00,24.270000457763672
2018-08-09 14:30:00,24.479999542236328
2018-08-09 15:30:00,24.639999389648438
2018-08-09 16:30:00,24.479999542236328
2018-08-09 17:30:00,24.3799991607666
2018-08-09 18:30:00,24.385000228881836
2018-08-09 19:30:00,24.299999237060547
2018-08-10 13:30:00,24.020000457763672
2018-08-10 14:30:00,24.125
2018-08-10 15:30:00,24.139999389648438
2018-08-10 16:30:00,24.040000915527344
2018-08-10 17:30:00,24.049999237060547
2018-08-10 18:30:00,24.114999771118164
2018-08-10 19:30:00,24.15999984741211
2018-08-13 13:30:00,24.309999465942383
2018-08-13 14:30:00,24.049999237060547
2018-08-13 15:30:00,24.010000228881836
2018-08-13 16:30:00,24.079999923706055
2018-08-13 17:30:00,24.260000228881836
2018-08-13 18:30:00,24.190000534057617
2018-08-13 19:30:00,24.1299991607666
2018-08-14 13:30:00,24.6299991607666
2018-08-14 14:30:00,24.540000915527344
2018-08-14 15:30:00,24.565000534057617
2018-08-14 16:30:00,24.530000686645508
2018-08-14 17:30:00,24.690000534057617
2018-08-14 18:30:00,24.6299991607666
2018-08-14 19:30:00,24.56999969482422
2018-08-15 13:30:00,24.31999969482422
2018-08-15 14:30:00,24.209999084472656
2018-08-15 15:30:00,24.25
2018-08-15 16:30:00,24.290000915527344
2018-08-15 17:30:00,24.260000228881836
2018-08-15 18:30:00,24.229999542236328
2018-08-15 19:30:00,24.239999771118164
2018-08-16 13:30:00,24.31999969482422
2018-08-16 14:30:00,24.559999465942383
2018-08-16 15:30:00,24.530000686645508
2018-08-16 16:30:00,24.514999389648438
2018-08-16 17:30:00,24.5
2018-08-16 18:30:00,24.540000915527344
2018-08-16 19:30:00,24.5
2018-08-17 13:30:00,24.610000610351562
2018-08-17 14:30:00,24.479999542236328
2018-08-17 15:30:00,24.559999465942383
2018-08-17 16:30:00,24.520000457763672
2018-08-17 17:30:00,24.809999465942383
2018-08-17 18:30:00,24.950000762939453
2018-08-17 19:30:00,24.93000030517578
2018-08-20 13:30:00,25.3799991607666
2018-08-20 14:30:00,25.309999465942383
2018-08-20 15:30:00,25.600000381469727
2018-08-20 16:30:00,25.549999237060547
2018-08-20 17:30:00,25.75
2018-08-20 18:30:00,25.735000610351562
2018-08-20 19:30:00,25.809999465942383
2018-08-21 13:30:00,26.645000457763672
2018-08-21 14:30:00,26.75
2018-08-21 15:30:00,27.030000686645508
2018-08-21 16:30:00,27.239999771118164
2018-08-21 17:30:00,27.34000015258789
2018-08-21 18:30:00,27.43000030517578
2018-08-21 19:30:00,27.31999969482422
2018-08-22 13:30:00,26.950000762939453
2018-08-22 14:30:00,26.93000030517578
2018-08-22 15:30:00,27.03499984741211
2018-08-22 16:30:00,27.0
2018-08-22 17:30:00,27.049999237060547
2018-08-22 18:30:00,26.829999923706055
2018-08-22 19:30:00,26.834999084472656
2018-08-23 13:30:00,26.559999465942383
2018-08-23 14:30:00,26.579999923706055
2018-08-23 15:30:00,26.729999542236328
2018-08-23 16:30:00,26.610000610351562
2018-08-23 17:30:00,26.520000457763672
2018-08-23 18:30:00,26.469999313354492
2018-08-23 19:30:00,26.579999923706055
2018-08-24 13:30:00,26.84000015258789
2018-08-24 14:30:00,26.739999771118164
2018-08-24 15:30:00,26.780000686645508
2018-08-24 16:30:00,26.690000534057617
2018-08-24 17:30:00,26.56999969482422
2018-08-24 18:30:00,26.360000610351562
2018-08-24 19:30:00,26.329999923706055
2018-08-27 13:30:00,26.5
2018-08-27 14:30:00,26.545000076293945
2018-08-27 15:30:00,26.469999313354492
2018-08-27 16:30:00,26.540000915527344
2018-08-27 17:30:00,26.469999313354492
2018-08-27 18:30:00,26.530000686645508
2018-08-27 19:30:00,26.520000457763672
2018-08-28 13:30:00,26.5
2018-08-28 14:30:00,26.489999771118164
2018-08-28 15:30:00,26.3700008392334
2018-08-28 16:30:00,26.200000762939453
2018-08-28 17:30:00,26.059999465942383
2018-08-28 18:30:00,26.014999389648438
2018-08-28 19:30:00,26.059999465942383
2018-08-29 13:30:00,25.950000762939453
2018-08-29 14:30:00,26.05500030517578
2018-08-29 15:30:00,26.274999618530273
2018-08-29 16:30:00,26.1200008392334
2018-08-29 17:30:00,26.084999084472656
2018-08-29 18:30:00,26.09000015258789
2018-08-29 19:30:00,26.1200008392334
2018-08-30 13:30:00,26.059999465942383
2018-08-30 14:30:00,25.989999771118164
2018-08-30 15:30:00,25.969999313354492
2018-08-30 16:30:00,26.020000457763672
2018-08-30 17:30:00,26.0
2018-08-30 18:30:00,26.030000686645508
2018-08-30 19:30:00,26.1200008392334
2018-08-31 13:30:00,25.950000762939453
2018-08-31 14:30:00,25.989999771118164
2018-08-31 15:30:00,25.81999969482422
2018-08-31 16:30:00,25.75
2018-08-31 17:30:00,25.645000457763672
2018-08-31 18:30:00,25.545000076293945
2018-08-31 19:30:00,25.649999618530273
2018-09-04 13:30:00,25.399999618530273
2018-09-04 14:30:00,25.6200008392334
2018-09-04 15:30:00,25.670000076293945
2018-09-04 16:30:00,25.673099517822266
2018-09-04 17:30:00,25.559999465942383
2018-09-04 18:30:00,25.375
2018-09-04 19:30:00,25.329999923706055
2018-09-05 13:30:00,25.6299991607666
2018-09-05 14:30:00,25.670000076293945
2018-09-05 15:30:00,25.579999923706055
2018-09-05 16:30:00,25.579999923706055
2018-09-05 17:30:00,25.68000030517578
2018-09-05 18:30:00,25.7450008392334
2018-09-05 19:30:00,25.440000534057617
2018-09-06 13:30:00,25.65999984741211
2018-09-06 14:30:00,25.65999984741211
2018-09-06 15:30:00,25.6200008392334
2018-09-06 16:30:00,25.364999771118164
2018-09-06 17:30:00,25.420000076293945
2018-09-06 18:30:00,25.440000534057617
2018-09-06 19:30:00,25.440000534057617
2018-09-07 13:30:00,25.969999313354492
2018-09-07 14:30:00,25.690000534057617
2018-09-07 15:30:00,25.549999237060547
2018-09-07 16:30:00,25.524999618530273
2018-09-07 17:30:00,25.75
2018-09-07 18:30:00,25.795000076293945
2018-09-07 19:30:00,25.760000228881836
2018-09-10 13:30:00,25.8700008392334
2018-09-10 14:30:00,25.84000015258789
2018-09-10 15:30:00,25.7450008392334
2018-09-10 16:30:00,25.761600494384766
2018-09-10 17:30:00,25.969999313354492
2018-09-10 18:30:00,26.114999771118164
2018-09-10 19:30:00,26.21500015258789
2018-09-11 13:30:00,26.34000015258789
2018-09-11 14:30:00,26.489999771118164
2018-09-11 15:30:00,26.524999618530273
2018-09-11 16:30:00,26.6299991607666
2018-09-11 17:30:00,26.540000915527344
2018-09-11 18:30:00,26.559999465942383
2018-09-11 19:30:00,26.459999084472656
2018-09-12 13:30:00,28.059999465942383
2018-09-12 14:30:00,28.25
2018-09-12 15:30:00,28.229999542236328
2018-09-12 16:30:00,27.899999618530273
2018-09-12 17:30:00,27.989999771118164
2018-09-12 18:30:00,28.2549991607666
2018-09-12 19:30:00,28.350000381469727
2018-09-13 13:30:00,29.329999923706055
2018-09-13 14:30:00,29.309999465942383
2018-09-13 15:30:00,29.479999542236328
2018-09-13 16:30:00,29.524999618530273
2018-09-13 17:30:00,29.565000534057617
2018-09-13 18:30:00,29.3799991607666
2018-09-13 19:30:00,29.229999542236328
2018-09-14 13:30:00,29.594999313354492
2018-09-14 14:30:00,29.739999771118164
2018-09-14 15:30:00,29.729999542236328
2018-09-14 16:30:00,29.719999313354492
2018-09-14 17:30:00,29.639999389648438
2018-09-14 18:30:00,29.700000762939453
2018-09-14 19:30:00,29.559999465942383
2018-09-17 13:30:00,29.34000015258789
2018-09-17 14:30:00,29.360000610351562
2018-09-17 15:30:00,29.299999237060547
2018-09-17 16:30:00,29.309999465942383
2018-09-17 17:30:00,29.329999923706055
2018-09-17 18:30:00,29.290000915527344
2018-09-17 19:30:00,29.309999465942383
2018-09-18 13:30:00,28.860000610351562
2018-09-18 14:30:00,28.959999084472656
2018-09-18 15:30:00,28.889999389648438
2018-09-18 16:30:00,28.700000762939453
2018-09-18 17:30:00,28.790000915527344
2018-09-18 18:30:00,28.75
2018-09-18 19:30:00,28.969999313354492
2018-09-19 13:30:00,29.31999969482422
2018-09-19 14:30:00,29.239999771118164
2018-09-19 15:30:00,29.43000030517578
2018-09-19 16:30:00,29.440000534057617
2018-09-19 17:30:00,29.3700008392334
2018-09-19 18:30:00,29.280000686645508
2018-09-19 19:30:00,29.43000030517578
2018-09-20 13:30:00,29.469999313354492
2018-09-20 14:30:00,29.450000762939453
2018-09-20 15:30:00,29.545000076293945
2018-09-20 16:30:00,29.530000686645508
2018-09-20 17:30:00,29.709999084472656
2018-09-20 18:30:00,29.639999389648438
2018-09-20 19:30:00,29.6200008392334
2018-09-21 13:30:00,29.760000228881836
2018-09-21 14:30:00,29.829999923706055
2018-09-21 15:30:00,29.81999969482422
2018-09-21 16:30:00,29.809999465942383
2018-09-21 17:30:00,29.780000686645508
2018-09-21 18:30:00,29.43000030517578
2018-09-21 19:30:00,29.079999923706055
2018-09-24 13:30:00,29.239999771118164
2018-09-24 14:30:00,29.325000762939453
2018-09-24 15:30:00,29.204999923706055
2018-09-24 16:30:00,29.079999923706055
2018-09-24 17:30:00,29.110000610351562
2018-09-24 18:30:00,29.06999969482422
2018-09-24 19:30:00,29.1200008392334
2018-09-25 13:30:00,29.2450008392334
2018-09-25 14:30:00,29.139999389648438
2018-09-25 15:30:00,28.985000610351562
2018-09-25 16:30:00,29.030000686645508
2018-09-25 17:30:00,28.934999465942383
2018-09-25 18:30:00,28.940000534057617
2018-09-25 19:30:00,28.920000076293945
2018-09-26 13:30:00,28.829999923706055
2018-09-26 14:30:00,28.950000762939453
2018-09-26 15:30:00,29.020000457763672
2018-09-26 16:30:00,29.127500534057617
2018-09-26 17:30:00,29.170000076293945
2018-09-26 18:30:00,29.145000457763672
2018-09-26 19:30:00,29.020000457763672
2018-09-27 13:30:00,29.34000015258789
2018-09-27 14:30:00,29.329999923706055
2018-09-27 15:30:00,29.40999984741211
2018-09-27 16:30:00,29.350000381469727
2018-09-27 17:30:00,29.309999465942383
2018-09-27 18:30:00,29.44499969482422
2018-09-27 19:30:00,29.40999984741211
2018-09-28 13:30:00,29.440000534057617
2018-09-28 14:30:00,29.329999923706055
2018-09-28 15:30:00,29.415000915527344
2018-09-28 16:30:00,29.40999984741211
2018-09-28 17:30:00,29.3799991607666
2018-09-28 18:30:00,29.545000076293945
2018-09-28 19:30:00,29.56999969482422
2018-10-01 13:30:00,29.81999969482422
2018-10-01 14:30:00,29.94499969482422
2018-10-01 15:30:00,29.760000228881836
2018-10-01 16:30:00,29.674999237060547
2018-10-01 17:30:00,29.700000762939453
2018-10-01 18:30:00,29.719999313354492
2018-10-01 19:30:00,29.8700008392334
2018-10-02 13:30:00,29.875
2018-10-02 14:30:00,29.90999984741211
2018-10-02 15:30:00,30.110000610351562
2018-10-02 16:30:00,30.25
2018-10-02 17:30:00,30.40999984741211
2018-10-02 18:30:00,30.229999542236328
2018-10-02 19:30:00,30.364999771118164
2018-10-03 13:30:00,30.639999389648438
2018-10-03 14:30:00,30.690000534057617
2018-10-03 15:30:00,30.93000030517578
2018-10-03 16:30:00,30.8700008392334
2018-10-03 17:30:00,30.934999465942383
2018-10-03 18:30:00,30.565000534057617
2018-10-03 19:30:00,30.610000610351562
2018-10-04 13:30:00,30.5
2018-10-04 14:30:00,30.565000534057617
2018-10-04 15:30:00,30.420000076293945
2018-10-04 16:30:00,30.389999389648438
2018-10-04 17:30:00,30.299999237060547
2018-10-04 18:30:00,30.3799991607666
2018-10-04 19:30:00,30.579999923706055
2018-10-05 13:30:00,31.15999984741211
2018-10-05 14:30:00,30.75
2018-10-05 15:30:00,30.614999771118164
2018-10-05 16:30:00,30.31999969482422
2018-10-05 17:30:00,30.3700008392334
2018-10-05 18:30:00,30.25
2018-10-05 19:30:00,30.229999542236328
2018-10-08 13:30:00,29.799999237060547
2018-10-08 14:30:00,29.690000534057617
2018-10-08 15:30:00,29.59000015258789
2018-10-08 16:30:00,29.75
2018-10-08 17:30:00,30.059999465942383
2018-10-08 18:30:00,30.2450008392334
2018-10-08 19:30:00,30.239999771118164
2018-10-09 13:30:00,29.90999984741211
2018-10-09 14:30:00,29.969999313354492
2018-10-09 15:30:00,30.1299991607666
2018-10-09 16:30:00,29.969999313354492
2018-10-09 17:30:00,29.979999542236328
2018-10-09 18:30:00,29.81999969482422
2018-10-09 19:30:00,29.770000457763672
2018-10-10 13:30:00,30.190000534057617
2018-10-10 14:30:00,30.06999969482422
2018-10-10 15:30:00,30.079999923706055
2018-10-10 16:30:00,29.969999313354492
2018-10-10 17:30:00,29.795000076293945
2018-10-10 18:30:00,29.709999084472656
2018-10-10 19:30:00,29.350000381469727
2018-10-11 13:30:00,28.729999542236328
2018-10-11 14:30:00,28.479999542236328
2018-10-11 15:30:00,28.940000534057617
2018-10-11 16:30:00,28.709999084472656
2018-10-11 17:30:00,28.43000030517578
2018-10-11 18:30:00,28.559999465942383
2018-10-11 19:30:00,28.459999084472656
2018-10-12 13:30:00,29.09000015258789
2018-10-12 14:30:00,29.209999084472656
2018-10-12 15:30:00,29.049999237060547
2018-10-12 16:30:00,28.760000228881836
2018-10-12 17:30:00,28.790000915527344
2018-10-12 18:30:00,28.940000534057617
2018-10-12 19:30:00,29.040000915527344
2018-10-15 13:30:00,29.350000381469727
2018-10-15 14:30:00,29.389999389648438
2018-10-15 15:30:00,29.399999618530273
2018-10-15 16:30:00,29.469999313354492
2018-10-15 17:30:00,29.434999465942383
2018-10-15 18:30:00,29.559999465942383
2018-10-15 19:30:00,29.420000076293945
2018-10-16 13:30:00,29.729999542236328
2018-10-16 14:30:00,29.709999084472656
2018-10-16 15:30:00,29.780000686645508
2018-10-16 16:30:00,29.989999771118164
2018-10-16 17:30:00,30.059999465942383
2018-10-16 18:30:00,29.989999771118164
2018-10-16 19:30:00,30.09000015258789
2018-10-17 13:30:00,29.93000030517578
2018-10-17 14:30:00,30.100000381469727
2018-10-17 15:30:00,30.235000610351562
2018-10-17 16:30:00,30.25
2018-10-17 17:30:00,30.09000015258789
2018-10-17 18:30:00,30.190000534057617
2018-10-17 19:30:00,30.110000610351562
2018-10-18 13:30:00,30.200000762939453
2018-10-18 14:30:00,30.110000610351562
2018-10-18 15:30:00,29.989999771118164
2018-10-18 16:30:00,30.0
2018-10-18 17:30:00,30.100000381469727
2018-10-18 18:30:00,30.040000915527344
2018-10-18 19:30:00,30.100000381469727
2018-10-19 13:30:00,30.209999084472656
2018-10-19 14:30:00,30.334999084472656
2018-10-19 15:30:00,29.639999389648438
2018-10-19 16:30:00,29.719999313354492
2018-10-19 17:30:00,30.239999771118164
2018-10-19 18:30:00,30.200000762939453
2018-10-19 19:30:00,30.219999313354492
2018-10-22 13:30:00,30.030000686645508
2018-10-22 14:30:00,30.110000610351562
2018-10-22 15:30:00,30.010000228881836
2018-10-22 16:30:00,30.06999969482422
2018-10-22 17:30:00,29.989999771118164
2018-10-22 18:30:00,30.1299991607666
2018-10-22 19:30:00,30.110000610351562
2018-10-23 13:30:00,29.40999984741211
2018-10-23 14:30:00,29.329999923706055
2018-10-23 15:30:00,29.290000915527344
2018-10-23 16:30:00,29.610000610351562
2018-10-23 17:30:00,29.610000610351562
2018-10-23 18:30:00,29.75
2018-10-23 19:30:00,29.729999542236328
2018-10-24 13:30:00,28.6299991607666
2018-10-24 14:30:00,27.950000762939453
2018-10-24 15:30:00,28.15999984741211
2018-10-24 16:30:00,27.6299991607666
2018-10-24 17:30:00,27.3700008392334
2018-10-24 18:30:00,27.350000381469727
2018-10-24 19:30:00,27.09000015258789
2018-10-25 13:30:00,27.989999771118164
2018-10-25 14:30:00,28.270000457763672
2018-10-25 15:30:00,27.940000534057617
2018-10-25 16:30:00,27.959999084472656
2018-10-25 17:30:00,28.290000915527344
2018-10-25 18:30:00,28.360000610351562
2018-10-25 19:30:00,28.184999465942383
2018-10-26 13:30:00,27.31999969482422
2018-10-26 14:30:00,27.59000015258789
2018-10-26 15:30:00,27.700000762939453
2018-10-26 16:30:00,27.670000076293945
2018-10-26 17:30:00,27.545000076293945
2018-10-26 18:30:00,27.389999389648438
2018-10-26 19:30:00,27.43000030517578
2018-10-29 13:30:00,28.440000534057617
2018-10-29 14:30:00,28.09000015258789
2018-10-29 15:30:00,27.6200008392334
2018-10-29 16:30:00,27.639999389648438
2018-10-29 17:30:00,27.8799991607666
2018-10-29 18:30:00,27.459999084472656
2018-10-29 19:30:00,27.579999923706055
2018-10-30 13:30:00,28.530000686645508
2018-10-30 14:30:00,28.43000030517578
2018-10-30 15:30:00,28.760000228881836
2018-10-30 16:30:00,28.219999313354492
2018-10-30 17:30:00,28.139999389648438
2018-10-30 18:30:00,28.299999237060547
2018-10-30 19:30:00,28.360000610351562
2018-10-31 13:30:00,28.979999542236328
2018-10-31 14:30:00,29.329999923706055
2018-10-31 15:30:00,29.329999923706055
2018-10-31 16:30:00,29.309999465942383
2018-10-31 17:30:00,29.450000762939453
2018-10-31 18:30:00,29.520000457763672
2018-10-31 19:30:00,29.290000915527344
2018-11-01 13:30:00,29.360000610351562
2018-11-01 14:30:00,29.459999084472656
2018-11-01 15:30:00,29.395000457763672
2018-11-01 16:30:00,29.450000762939453
2018-11-01 17:30:00,29.774999618530273
2018-11-01 18:30:00,29.78499984741211
2018-11-01 19:30:00,29.770000457763672
2018-11-02 13:30:00,30.010000228881836
2018-11-02 14:30:00,29.15999984741211
2018-11-02 15:30:00,29.270000457763672
2018-11-02 16:30:00,29.229999542236328
2018-11-02 17:30:00,29.389999389648438
2018-11-02 18:30:00,29.09000015258789
2018-11-02 19:30:00,29.139999389648438
