Datetime,EBAY
2017-11-06 14:30:00,37.43000030517578
2017-11-06 15:30:00,37.529998779296875
2017-11-06 16:30:00,37.459999084472656
2017-11-06 17:30:00,37.494998931884766
2017-11-06 18:30:00,37.52000045776367
2017-11-06 19:30:00,37.44660186767578
2017-11-06 20:30:00,37.375
2017-11-07 14:30:00,37.400001525878906
2017-11-07 15:30:00,37.1349983215332
2017-11-07 16:30:00,37.220001220703125
2017-11-07 17:30:00,37.31999969482422
2017-11-07 18:30:00,37.2400016784668
2017-11-07 19:30:00,37.310001373291016
2017-11-07 20:30:00,37.400001525878906
2017-11-08 14:30:00,37.07500076293945
2017-11-08 15:30:00,37.025001525878906
2017-11-08 16:30:00,37.040000915527344
2017-11-08 17:30:00,37.06999969482422
2017-11-08 18:30:00,37.06999969482422
2017-11-08 19:30:00,37.060001373291016
2017-11-08 20:30:00,37.0099983215332
2017-11-09 14:30:00,35.810001373291016
2017-11-09 15:30:00,35.55500030517578
2017-11-09 16:30:00,35.505001068115234
2017-11-09 17:30:00,35.689998626708984
2017-11-09 18:30:00,35.75
2017-11-09 19:30:00,35.755001068115234
2017-11-09 20:30:00,35.68000030517578
2017-11-10 14:30:00,35.51499938964844
2017-11-10 15:30:00,35.77000045776367
2017-11-10 16:30:00,35.90999984741211
2017-11-10 17:30:00,35.78499984741211
2017-11-10 18:30:00,36.029998779296875
2017-11-10 19:30:00,35.970001220703125
2017-11-10 20:30:00,35.94499969482422
2017-11-13 14:30:00,35.65999984741211
2017-11-13 15:30:00,35.974998474121094
2017-11-13 16:30:00,36.02000045776367
2017-11-13 17:30:00,36.06999969482422
2017-11-13 18:30:00,35.939998626708984
2017-11-13 19:30:00,35.89500045776367
2017-11-13 20:30:00,35.84000015258789
2017-11-14 14:30:00,35.47999954223633
2017-11-14 15:30:00,35.380001068115234
2017-11-14 16:30:00,35.345001220703125
2017-11-14 17:30:00,35.33000183105469
2017-11-14 18:30:00,35.290000915527344
2017-11-14 19:30:00,35.26499938964844
2017-11-14 20:30:00,35.220001220703125
2017-11-15 14:30:00,35.060001373291016
2017-11-15 15:30:00,35.17499923706055
2017-11-15 16:30:00,35.29499816894531
2017-11-15 17:30:00,35.2400016784668
2017-11-15 18:30:00,35.32500076293945
2017-11-15 19:30:00,35.41999816894531
2017-11-15 20:30:00,35.29999923706055
2017-11-16 14:30:00,35.57500076293945
2017-11-16 15:30:00,35.540000915527344
2017-11-16 16:30:00,35.63999938964844
2017-11-16 17:30:00,35.66999816894531
2017-11-16 18:30:00,35.790000915527344
2017-11-16 19:30:00,35.63999938964844
2017-11-16 20:30:00,35.619998931884766
2017-11-17 14:30:00,35.380001068115234
2017-11-17 15:30:00,35.39500045776367
2017-11-17 16:30:00,35.5099983215332
2017-11-17 17:30:00,35.70000076293945
2017-11-17 18:30:00,35.63999938964844
2017-11-17 19:30:00,35.650001525878906
2017-11-17 20:30:00,35.58000183105469
2017-11-20 14:30:00,35.73500061035156
2017-11-20 15:30:00,35.8849983215332
2017-11-20 16:30:00,35.6150016784668
2017-11-20 17:30:00,35.58000183105469
2017-11-20 18:30:00,35.474998474121094
2017-11-20 19:30:00,35.41999816894531
2017-11-20 20:30:00,35.529998779296875
2017-11-21 14:30:00,35.68000030517578
2017-11-21 15:30:00,35.779998779296875
2017-11-21 16:30:00,35.83000183105469
2017-11-21 17:30:00,35.900001525878906
2017-11-21 18:30:00,35.95000076293945
2017-11-21 19:30:00,35.970001220703125
2017-11-21 20:30:00,35.95000076293945
2017-11-22 14:30:00,36.11000061035156
2017-11-22 15:30:00,35.900001525878906
2017-11-22 16:30:00,36.040000915527344
2017-11-22 17:30:00,36.0099983215332
2017-11-22 18:30:00,35.942501068115234
2017-11-22 19:30:00,36.029998779296875
2017-11-22 20:30:00,35.93000030517578
2017-11-24 14:30:00,35.77000045776367
2017-11-24 15:30:00,35.80500030517578
2017-11-24 16:30:00,35.80500030517578
2017-11-24 18:00:00,35.83570098876953
2017-11-27 14:30:00,36.1349983215332
2017-11-27 15:30:00,35.95600128173828
2017-11-27 16:30:00,36.06079864501953
2017-11-27 17:30:00,36.05500030517578
2017-11-27 18:30:00,36.099998474121094
2017-11-27 19:30:00,36.125
2017-11-27 20:30:00,35.9900016784668
2017-11-28 14:30:00,35.91999816894531
2017-11-28 15:30:00,36.005001068115234
2017-11-28 16:30:00,36.16999816894531
2017-11-28 17:30:00,36.025001525878906
2017-11-28 18:30:00,35.95000076293945
2017-11-28 19:30:00,35.63999938964844
2017-11-28 20:30:00,35.5
2017-11-29 14:30:00,34.36000061035156
2017-11-29 15:30:00,34.209999084472656
2017-11-29 16:30:00,34.314998626708984
2017-11-29 17:30:00,34.599998474121094
2017-11-29 18:30:00,34.459999084472656
2017-11-29 19:30:00,34.45000076293945
2017-11-29 20:30:00,34.369998931884766
2017-11-30 14:30:00,35.029998779296875
2017-11-30 15:30:00,35.060001373291016
2017-11-30 16:30:00,35.08000183105469
2017-11-30 17:30:00,34.959999084472656
2017-11-30 18:30:00,34.845001220703125
2017-11-30 19:30:00,34.63999938964844
2017-11-30 20:30:00,34.650001525878906
2017-12-01 14:30:00,35.16999816894531
2017-12-01 15:30:00,34.720001220703125
2017-12-01 16:30:00,34.95000076293945
2017-12-01 17:30:00,35.099998474121094
2017-12-01 18:30:00,35.130001068115234
2017-12-01 19:30:00,35.154998779296875
2017-12-01 20:30:00,35.189998626708984
2017-12-04 14:30:00,35.53099822998047
2017-12-04 15:30:00,35.77000045776367
2017-12-04 16:30:00,35.77510070800781
2017-12-04 17:30:00,35.96879959106445
2017-12-04 18:30:00,35.900001525878906
2017-12-04 19:30:00,35.900001525878906
2017-12-04 20:30:00,35.70000076293945
2017-12-05 14:30:00,36.90999984741211
2017-12-05 15:30:00,37.13999938964844
2017-12-05 16:30:00,36.98500061035156
2017-12-05 17:30:00,36.95000076293945
2017-12-05 18:30:00,36.875
2017-12-05 19:30:00,36.79999923706055
2017-12-05 20:30:00,36.810001373291016
2017-12-06 14:30:00,36.560001373291016
2017-12-06 15:30:00,36.68000030517578
2017-12-06 16:30:00,36.63999938964844
2017-12-06 17:30:00,36.68000030517578
2017-12-06 18:30:00,36.8650016784668
2017-12-06 19:30:00,36.834999084472656
2017-12-06 20:30:00,36.83000183105469
2017-12-07 14:30:00,36.959999084472656
2017-12-07 15:30:00,36.90999984741211
2017-12-07 16:30:00,36.85499954223633
2017-12-07 17:30:00,36.810001373291016
2017-12-07 18:30:00,36.81949996948242
2017-12-07 19:30:00,36.872501373291016
2017-12-07 20:30:00,36.849998474121094
2017-12-08 14:30:00,37.7598991394043
2017-12-08 15:30:00,37.84000015258789
2017-12-08 16:30:00,37.869998931884766
2017-12-08 17:30:00,37.84000015258789
2017-12-08 18:30:00,37.61000061035156
2017-12-08 19:30:00,37.54999923706055
2017-12-08 20:30:00,37.650001525878906
2017-12-11 14:30:00,37.45500183105469
2017-12-11 15:30:00,37.4900016784668
2017-12-11 16:30:00,37.34000015258789
2017-12-11 17:30:00,37.38999938964844
2017-12-11 18:30:00,37.43000030517578
2017-12-11 19:30:00,37.41999816894531
2017-12-11 20:30:00,37.52000045776367
2017-12-12 14:30:00,37.40999984741211
2017-12-12 15:30:00,37.40999984741211
2017-12-12 16:30:00,37.404998779296875
2017-12-12 17:30:00,37.43000030517578
2017-12-12 18:30:00,37.400001525878906
2017-12-12 19:30:00,37.404998779296875
2017-12-12 20:30:00,37.45000076293945
2017-12-13 14:30:00,37.43000030517578
2017-12-13 15:30:00,37.45000076293945
2017-12-13 16:30:00,37.47999954223633
2017-12-13 17:30:00,37.400001525878906
2017-12-13 18:30:00,37.439998626708984
2017-12-13 19:30:00,37.459999084472656
2017-12-13 20:30:00,37.40999984741211
2017-12-14 14:30:00,37.66999816894531
2017-12-14 15:30:00,37.709999084472656
2017-12-14 16:30:00,37.59000015258789
2017-12-14 17:30:00,37.619998931884766
2017-12-14 18:30:00,37.540000915527344
2017-12-14 19:30:00,37.560001373291016
2017-12-14 20:30:00,37.59000015258789
2017-12-15 14:30:00,37.92499923706055
2017-12-15 15:30:00,37.95000076293945
2017-12-15 16:30:00,37.98500061035156
2017-12-15 17:30:00,38.04999923706055
2017-12-15 18:30:00,38.18000030517578
2017-12-15 19:30:00,38.25
2017-12-15 20:30:00,38.36000061035156
2017-12-18 14:30:00,38.5
2017-12-18 15:30:00,38.38999938964844
2017-12-18 16:30:00,38.400001525878906
2017-12-18 17:30:00,38.32500076293945
2017-12-18 18:30:00,38.27000045776367
2017-12-18 19:30:00,38.18000030517578
2017-12-18 20:30:00,38.189998626708984
2017-12-19 14:30:00,37.93000030517578
2017-12-19 15:30:00,37.9900016784668
2017-12-19 16:30:00,37.849998474121094
2017-12-19 17:30:00,37.8650016784668
2017-12-19 18:30:00,37.88999938964844
2017-12-19 19:30:00,37.810001373291016
2017-12-19 20:30:00,37.81999969482422
2017-12-20 14:30:00,37.915000915527344
2017-12-20 15:30:00,37.939998626708984
2017-12-20 16:30:00,37.92499923706055
2017-12-20 17:30:00,38.0
2017-12-20 18:30:00,37.91419982910156
2017-12-20 19:30:00,37.8849983215332
2017-12-20 20:30:00,37.93000030517578
2017-12-21 14:30:00,37.95000076293945
2017-12-21 15:30:00,37.95000076293945
2017-12-21 16:30:00,37.95500183105469
2017-12-21 17:30:00,37.9900016784668
2017-12-21 18:30:00,37.95000076293945
2017-12-21 19:30:00,37.817501068115234
2017-12-21 20:30:00,37.81999969482422
2017-12-22 14:30:00,37.59000015258789
2017-12-22 15:30:00,37.650001525878906
2017-12-22 16:30:00,37.689998626708984
2017-12-22 17:30:00,37.75
2017-12-22 18:30:00,37.880001068115234
2017-12-22 19:30:00,37.810001373291016
2017-12-22 20:30:00,37.75
2017-12-26 14:30:00,37.76499938964844
2017-12-26 15:30:00,37.935001373291016
2017-12-26 16:30:00,37.935001373291016
2017-12-26 17:30:00,37.97999954223633
2017-12-26 18:30:00,37.95989990234375
2017-12-26 19:30:00,37.939998626708984
2017-12-26 20:30:00,37.94499969482422
2017-12-27 14:30:00,37.86000061035156
2017-12-27 15:30:00,37.81999969482422
2017-12-27 16:30:00,37.79999923706055
2017-12-27 17:30:00,37.7599983215332
2017-12-27 18:30:00,37.685001373291016
2017-12-27 19:30:00,37.59000015258789
2017-12-27 20:30:00,37.599998474121094
2017-12-28 14:30:00,37.57500076293945
2017-12-28 15:30:00,37.755001068115234
2017-12-28 16:30:00,37.720001220703125
2017-12-28 17:30:00,37.775001525878906
2017-12-28 18:30:00,37.77000045776367
2017-12-28 19:30:00,37.85499954223633
2017-12-28 20:30:00,37.90999984741211
2017-12-29 14:30:00,37.779998779296875
2017-12-29 15:30:00,37.779998779296875
2017-12-29 16:30:00,37.81999969482422
2017-12-29 17:30:00,37.7599983215332
2017-12-29 18:30:00,37.76499938964844
2017-12-29 19:30:00,37.869998931884766
2017-12-29 20:30:00,37.75
2018-01-02 14:30:00,38.22999954223633
2018-01-02 15:30:00,38.06999969482422
2018-01-02 16:30:00,37.994998931884766
2018-01-02 17:30:00,37.97999954223633
2018-01-02 18:30:00,38.005001068115234
2018-01-02 19:30:00,38.095001220703125
2018-01-02 20:30:00,38.060001373291016
2018-01-03 14:30:00,38.685001373291016
2018-01-03 15:30:00,38.845001220703125
2018-01-03 16:30:00,38.88999938964844
2018-01-03 17:30:00,38.95500183105469
2018-01-03 18:30:00,39.130001068115234
2018-01-03 19:30:00,39.17499923706055
2018-01-03 20:30:00,39.25
2018-01-04 14:30:00,39.220001220703125
2018-01-04 15:30:00,38.8650016784668
2018-01-04 16:30:00,38.625
2018-01-04 17:30:00,38.70000076293945
2018-01-04 18:30:00,38.529998779296875
2018-01-04 19:30:00,38.59000015258789
2018-01-04 20:30:00,38.58000183105469
2018-01-05 14:30:00,39.39500045776367
2018-01-05 15:30:00,39.63999938964844
2018-01-05 16:30:00,39.68000030517578
2018-01-05 17:30:00,39.72999954223633
2018-01-05 18:30:00,39.70000076293945
2018-01-05 19:30:00,39.65999984741211
2018-01-05 20:30:00,39.68000030517578
2018-01-08 14:30:00,39.93000030517578
2018-01-08 15:30:00,40.02000045776367
2018-01-08 16:30:00,39.97999954223633
2018-01-08 17:30:00,39.935001373291016
2018-01-08 18:30:00,39.79999923706055
2018-01-08 19:30:00,39.779998779296875
2018-01-08 20:30:00,39.810001373291016
2018-01-09 14:30:00,39.68000030517578
2018-01-09 15:30:00,39.66699981689453
2018-01-09 16:30:00,39.685001373291016
2018-01-09 17:30:00,39.68000030517578
2018-01-09 18:30:00,39.650001525878906
2018-01-09 19:30:00,39.529998779296875
2018-01-09 20:30:00,39.54999923706055
2018-01-10 14:30:00,38.31999969482422
2018-01-10 15:30:00,37.939998626708984
2018-01-10 16:30:00,37.7599983215332
2018-01-10 17:30:00,37.790000915527344
2018-01-10 18:30:00,37.63999938964844
2018-01-10 19:30:00,37.61000061035156
2018-01-10 20:30:00,37.70000076293945
2018-01-11 14:30:00,37.65999984741211
2018-01-11 15:30:00,37.709999084472656
2018-01-11 16:30:00,37.720001220703125
2018-01-11 17:30:00,37.779998779296875
2018-01-11 18:30:00,37.68000030517578
2018-01-11 19:30:00,37.75
2018-01-11 20:30:00,37.79999923706055
2018-01-12 14:30:00,38.060001373291016
2018-01-12 15:30:00,38.19499969482422
2018-01-12 16:30:00,38.099998474121094
2018-01-12 17:30:00,38.10770034790039
2018-01-12 18:30:00,38.04010009765625
2018-01-12 19:30:00,37.99440002441406
2018-01-12 20:30:00,38.0
2018-01-16 14:30:00,37.744998931884766
2018-01-16 15:30:00,37.9900016784668
2018-01-16 16:30:00,37.90999984741211
2018-01-16 17:30:00,37.68000030517578
2018-01-16 18:30:00,37.56999969482422
2018-01-16 19:30:00,37.685001373291016
2018-01-16 20:30:00,37.68000030517578
2018-01-17 14:30:00,37.9900016784668
2018-01-17 15:30:00,38.029998779296875
2018-01-17 16:30:00,38.15999984741211
2018-01-17 17:30:00,38.255001068115234
2018-01-17 18:30:00,38.26499938964844
2018-01-17 19:30:00,38.154998779296875
2018-01-17 20:30:00,37.9900016784668
2018-01-18 14:30:00,38.78499984741211
2018-01-18 15:30:00,38.65999984741211
2018-01-18 16:30:00,38.560001373291016
2018-01-18 17:30:00,38.439998626708984
2018-01-18 18:30:00,38.72999954223633
2018-01-18 19:30:00,38.7599983215332
2018-01-18 20:30:00,38.7400016784668
2018-01-19 14:30:00,38.654998779296875
2018-01-19 15:30:00,38.439998626708984
2018-01-19 16:30:00,38.41999816894531
2018-01-19 17:30:00,38.244998931884766
2018-01-19 18:30:00,38.28499984741211
2018-01-19 19:30:00,38.439998626708984
2018-01-19 20:30:00,38.41999816894531
2018-01-22 14:30:00,39.2599983215332
2018-01-22 15:30:00,39.310001373291016
2018-01-22 16:30:00,39.689998626708984
2018-01-22 17:30:00,39.41999816894531
2018-01-22 18:30:00,39.545799255371094
2018-01-22 19:30:00,39.53499984741211
2018-01-22 20:30:00,39.58000183105469
2018-01-23 14:30:00,39.375
2018-01-23 15:30:00,39.58000183105469
2018-01-23 16:30:00,39.63999938964844
2018-01-23 17:30:00,39.619998931884766
2018-01-23 18:30:00,39.654998779296875
2018-01-23 19:30:00,39.852500915527344
2018-01-23 20:30:00,39.7599983215332
2018-01-24 14:30:00,40.45000076293945
2018-01-24 15:30:00,40.16999816894531
2018-01-24 16:30:00,40.09000015258789
2018-01-24 17:30:00,39.81999969482422
2018-01-24 18:30:00,40.11000061035156
2018-01-24 19:30:00,39.775001525878906
2018-01-24 20:30:00,39.81999969482422
2018-01-25 14:30:00,40.150001525878906
2018-01-25 15:30:00,40.189998626708984
2018-01-25 16:30:00,40.150001525878906
2018-01-25 17:30:00,40.2400016784668
2018-01-25 18:30:00,40.279998779296875
2018-01-25 19:30:00,40.14500045776367
2018-01-25 20:30:00,40.02000045776367
2018-01-26 14:30:00,40.22999954223633
2018-01-26 15:30:00,40.66999816894531
2018-01-26 16:30:00,40.6349983215332
2018-01-26 17:30:00,40.839900970458984
2018-01-26 18:30:00,40.599998474121094
2018-01-26 19:30:00,40.69499969482422
2018-01-26 20:30:00,40.88999938964844
2018-01-29 14:30:00,40.790000915527344
2018-01-29 15:30:00,40.77000045776367
2018-01-29 16:30:00,40.91999816894531
2018-01-29 17:30:00,40.900001525878906
2018-01-29 18:30:00,40.93000030517578
2018-01-29 19:30:00,40.915000915527344
2018-01-29 20:30:00,40.790000915527344
2018-01-30 14:30:00,40.65999984741211
2018-01-30 15:30:00,40.560001373291016
2018-01-30 16:30:00,40.40679931640625
2018-01-30 17:30:00,40.29990005493164
2018-01-30 18:30:00,40.369998931884766
2018-01-30 19:30:00,40.4900016784668
2018-01-30 20:30:00,40.400001525878906
2018-01-31 14:30:00,40.540000915527344
2018-01-31 15:30:00,40.56999969482422
2018-01-31 16:30:00,40.79999923706055
2018-01-31 17:30:00,40.86000061035156
2018-01-31 18:30:00,40.66999816894531
2018-01-31 19:30:00,40.904998779296875
2018-01-31 20:30:00,40.58000183105469
2018-02-01 14:30:00,46.349998474121094
2018-02-01 15:30:00,46.314998626708984
2018-02-01 16:30:00,46.220001220703125
2018-02-01 17:30:00,46.849998474121094
2018-02-01 18:30:00,46.349998474121094
2018-02-01 19:30:00,46.170101165771484
2018-02-01 20:30:00,46.16999816894531
2018-02-02 14:30:00,45.70000076293945
2018-02-02 15:30:00,45.20000076293945
2018-02-02 16:30:00,45.189998626708984
2018-02-02 17:30:00,45.0
2018-02-02 18:30:00,44.54499816894531
2018-02-02 19:30:00,44.560001373291016
2018-02-02 20:30:00,44.310001373291016
2018-02-05 14:30:00,44.099998474121094
2018-02-05 15:30:00,44.029998779296875
2018-02-05 16:30:00,43.4900016784668
2018-02-05 17:30:00,43.2599983215332
2018-02-05 18:30:00,43.14250183105469
2018-02-05 19:30:00,42.959999084472656
2018-02-05 20:30:00,42.38999938964844
2018-02-06 14:30:00,42.38999938964844
2018-02-06 15:30:00,41.880001068115234
2018-02-06 16:30:00,42.290000915527344
2018-02-06 17:30:00,42.233299255371094
2018-02-06 18:30:00,42.04499816894531
2018-02-06 19:30:00,42.84000015258789
2018-02-06 20:30:00,42.81999969482422
2018-02-07 14:30:00,42.720001220703125
2018-02-07 15:30:00,42.91999816894531
2018-02-07 16:30:00,42.779998779296875
2018-02-07 17:30:00,42.459999084472656
2018-02-07 18:30:00,42.66999816894531
2018-02-07 19:30:00,42.65999984741211
2018-02-07 20:30:00,42.33000183105469
2018-02-08 14:30:00,42.66999816894531
2018-02-08 15:30:00,42.150001525878906
2018-02-08 16:30:00,42.16999816894531
2018-02-08 17:30:00,42.0
2018-02-08 18:30:00,41.91999816894531
2018-02-08 19:30:00,41.7599983215332
2018-02-08 20:30:00,41.029998779296875
2018-02-09 14:30:00,41.5
2018-02-09 15:30:00,41.15999984741211
2018-02-09 16:30:00,40.58000183105469
2018-02-09 17:30:00,40.689998626708984
2018-02-09 18:30:00,41.189998626708984
2018-02-09 19:30:00,41.47999954223633
2018-02-09 20:30:00,41.65999984741211
2018-02-12 14:30:00,41.790000915527344
2018-02-12 15:30:00,41.97999954223633
2018-02-12 16:30:00,42.33000183105469
2018-02-12 17:30:00,42.42499923706055
2018-02-12 18:30:00,42.5
2018-02-12 19:30:00,42.4900016784668
2018-02-12 20:30:00,42.33000183105469
2018-02-13 14:30:00,42.45000076293945
2018-02-13 15:30:00,42.65999984741211
2018-02-13 16:30:00,42.255001068115234
2018-02-13 17:30:00,42.36000061035156
2018-02-13 18:30:00,42.349998474121094
2018-02-13 19:30:00,42.33000183105469
2018-02-13 20:30:00,42.15999984741211
2018-02-14 14:30:00,42.279998779296875
2018-02-14 15:30:00,42.40999984741211
2018-02-14 16:30:00,42.38999938964844
2018-02-14 17:30:00,42.56999969482422
2018-02-14 18:30:00,42.349998474121094
2018-02-14 19:30:00,42.380001068115234
2018-02-14 20:30:00,42.45000076293945
2018-02-15 14:30:00,42.560001373291016
2018-02-15 15:30:00,42.709999084472656
2018-02-15 16:30:00,42.95500183105469
2018-02-15 17:30:00,43.06999969482422
2018-02-15 18:30:00,43.09000015258789
2018-02-15 19:30:00,43.150001525878906
2018-02-15 20:30:00,43.02000045776367
2018-02-16 14:30:00,43.58000183105469
2018-02-16 15:30:00,43.459999084472656
2018-02-16 16:30:00,43.55929946899414
2018-02-16 17:30:00,43.303001403808594
2018-02-16 18:30:00,43.400001525878906
2018-02-16 19:30:00,43.43000030517578
2018-02-16 20:30:00,43.34000015258789
2018-02-20 14:30:00,43.459999084472656
2018-02-20 15:30:00,43.689998626708984
2018-02-20 16:30:00,43.7599983215332
2018-02-20 17:30:00,43.58000183105469
2018-02-20 18:30:00,43.529998779296875
2018-02-20 19:30:00,43.29999923706055
2018-02-20 20:30:00,43.400001525878906
2018-02-21 14:30:00,43.2400016784668
2018-02-21 15:30:00,43.54999923706055
2018-02-21 16:30:00,43.47999954223633
2018-02-21 17:30:00,43.54999923706055
2018-02-21 18:30:00,43.560001373291016
2018-02-21 19:30:00,43.41999816894531
2018-02-21 20:30:00,43.119998931884766
2018-02-22 14:30:00,43.220001220703125
2018-02-22 15:30:00,43.435001373291016
2018-02-22 16:30:00,43.32500076293945
2018-02-22 17:30:00,43.189998626708984
2018-02-22 18:30:00,43.119998931884766
2018-02-22 19:30:00,42.970001220703125
2018-02-22 20:30:00,42.83000183105469
2018-02-23 14:30:00,42.83000183105469
2018-02-23 15:30:00,43.255001068115234
2018-02-23 16:30:00,43.44499969482422
2018-02-23 17:30:00,43.43000030517578
2018-02-23 18:30:00,43.5099983215332
2018-02-23 19:30:00,43.66999816894531
2018-02-23 20:30:00,43.685001373291016
2018-02-26 14:30:00,43.779998779296875
2018-02-26 15:30:00,43.7599983215332
2018-02-26 16:30:00,43.709999084472656
2018-02-26 17:30:00,43.869998931884766
2018-02-26 18:30:00,43.7599983215332
2018-02-26 19:30:00,43.84000015258789
2018-02-26 20:30:00,43.84000015258789
2018-02-27 14:30:00,43.66999816894531
2018-02-27 15:30:00,43.369998931884766
2018-02-27 16:30:00,43.21500015258789
2018-02-27 17:30:00,43.369998931884766
2018-02-27 18:30:00,43.310001373291016
2018-02-27 19:30:00,43.19499969482422
2018-02-27 20:30:00,43.13999938964844
2018-02-28 14:30:00,43.150001525878906
2018-02-28 15:30:00,43.09000015258789
2018-02-28 16:30:00,43.060001373291016
2018-02-28 17:30:00,43.2400016784668
2018-02-28 18:30:00,43.279998779296875
2018-02-28 19:30:00,43.08000183105469
2018-02-28 20:30:00,42.849998474121094
2018-03-01 14:30:00,42.77000045776367
2018-03-01 15:30:00,42.65999984741211
2018-03-01 16:30:00,42.56999969482422
2018-03-01 17:30:00,42.459999084472656
2018-03-01 18:30:00,42.31999969482422
2018-03-01 19:30:00,42.404998779296875
2018-03-01 20:30:00,42.27000045776367
2018-03-02 14:30:00,42.439998626708984
2018-03-02 15:30:00,42.650001525878906
2018-03-02 16:30:00,42.90999984741211
2018-03-02 17:30:00,42.650001525878906
2018-03-02 18:30:00,42.7400016784668
2018-03-02 19:30:00,42.834999084472656
2018-03-02 20:30:00,42.95000076293945
2018-03-05 14:30:00,42.75
2018-03-05 15:30:00,43.2400016784668
2018-03-05 16:30:00,43.2400016784668
2018-03-05 17:30:00,43.209999084472656
2018-03-05 18:30:00,43.06999969482422
2018-03-05 19:30:00,43.209999084472656
2018-03-05 20:30:00,43.20000076293945
2018-03-06 14:30:00,43.2599983215332
2018-03-06 15:30:00,42.97999954223633
2018-03-06 16:30:00,43.029998779296875
2018-03-06 17:30:00,43.15010070800781
2018-03-06 18:30:00,43.08679962158203
2018-03-06 19:30:00,43.06999969482422
2018-03-06 20:30:00,43.13999938964844
2018-03-07 14:30:00,43.692501068115234
2018-03-07 15:30:00,43.665000915527344
2018-03-07 16:30:00,43.709999084472656
2018-03-07 17:30:00,43.71500015258789
2018-03-07 18:30:00,43.790000915527344
2018-03-07 19:30:00,43.91999816894531
2018-03-07 20:30:00,43.93000030517578
2018-03-08 14:30:00,44.13999938964844
2018-03-08 15:30:00,43.599998474121094
2018-03-08 16:30:00,43.6349983215332
2018-03-08 17:30:00,43.470001220703125
2018-03-08 18:30:00,43.459999084472656
2018-03-08 19:30:00,43.540000915527344
2018-03-08 20:30:00,43.66999816894531
2018-03-09 14:30:00,43.494998931884766
2018-03-09 15:30:00,43.560001373291016
2018-03-09 16:30:00,43.619998931884766
2018-03-09 17:30:00,43.7400016784668
2018-03-09 18:30:00,43.79999923706055
2018-03-09 19:30:00,43.810001373291016
2018-03-09 20:30:00,43.79499816894531
2018-03-12 13:30:00,43.72999954223633
2018-03-12 14:30:00,43.529998779296875
2018-03-12 15:30:00,43.65999984741211
2018-03-12 16:30:00,43.790000915527344
2018-03-12 17:30:00,43.81999969482422
2018-03-12 18:30:00,43.875
2018-03-12 19:30:00,43.900001525878906
2018-03-13 13:30:00,43.34000015258789
2018-03-13 14:30:00,42.779998779296875
2018-03-13 15:30:00,42.79999923706055
2018-03-13 16:30:00,42.98500061035156
2018-03-13 17:30:00,42.86000061035156
2018-03-13 18:30:00,42.790000915527344
2018-03-13 19:30:00,42.83000183105469
2018-03-14 13:30:00,42.849998474121094
2018-03-14 14:30:00,42.869998931884766
2018-03-14 15:30:00,42.88999938964844
2018-03-14 16:30:00,42.915000915527344
2018-03-14 17:30:00,42.994998931884766
2018-03-14 18:30:00,42.77000045776367
2018-03-14 19:30:00,42.81999969482422
2018-03-15 13:30:00,42.415000915527344
2018-03-15 14:30:00,42.685001373291016
2018-03-15 15:30:00,42.619998931884766
2018-03-15 16:30:00,42.595001220703125
2018-03-15 17:30:00,42.54999923706055
2018-03-15 18:30:00,42.7400016784668
2018-03-15 19:30:00,42.599998474121094
2018-03-16 13:30:00,42.63999938964844
2018-03-16 14:30:00,42.6150016784668
2018-03-16 15:30:00,42.54499816894531
2018-03-16 16:30:00,42.52000045776367
2018-03-16 17:30:00,42.439998626708984
2018-03-16 18:30:00,42.439998626708984
2018-03-16 19:30:00,42.45000076293945
2018-03-19 13:30:00,42.66999816894531
2018-03-19 14:30:00,42.2400016784668
2018-03-19 15:30:00,42.02000045776367
2018-03-19 16:30:00,41.80500030517578
2018-03-19 17:30:00,41.91999816894531
2018-03-19 18:30:00,41.97999954223633
2018-03-19 19:30:00,42.099998474121094
2018-03-20 13:30:00,41.904998779296875
2018-03-20 14:30:00,41.810001373291016
2018-03-20 15:30:00,41.98500061035156
2018-03-20 16:30:00,41.79999923706055
2018-03-20 17:30:00,41.9900016784668
2018-03-20 18:30:00,42.09000015258789
2018-03-20 19:30:00,41.959999084472656
2018-03-21 13:30:00,41.810001373291016
2018-03-21 14:30:00,41.91999816894531
2018-03-21 15:30:00,42.0099983215332
2018-03-21 16:30:00,41.970001220703125
2018-03-21 17:30:00,41.79999923706055
2018-03-21 18:30:00,41.7400016784668
2018-03-21 19:30:00,41.66999816894531
2018-03-22 13:30:00,41.5
2018-03-22 14:30:00,41.06999969482422
2018-03-22 15:30:00,41.060001373291016
2018-03-22 16:30:00,41.04999923706055
2018-03-22 17:30:00,41.040000915527344
2018-03-22 18:30:00,40.90999984741211
2018-03-22 19:30:00,40.58000183105469
2018-03-23 13:30:00,40.63999938964844
2018-03-23 14:30:00,40.599998474121094
2018-03-23 15:30:00,40.45000076293945
2018-03-23 16:30:00,40.43000030517578
2018-03-23 17:30:00,40.25
2018-03-23 18:30:00,40.0099983215332
2018-03-23 19:30:00,39.720001220703125
2018-03-26 13:30:00,40.02000045776367
2018-03-26 14:30:00,39.7400016784668
2018-03-26 15:30:00,40.08000183105469
2018-03-26 16:30:00,40.150001525878906
2018-03-26 17:30:00,40.47999954223633
2018-03-26 18:30:00,40.696998596191406
2018-03-26 19:30:00,41.0099983215332
2018-03-27 13:30:00,40.959999084472656
2018-03-27 14:30:00,40.83000183105469
2018-03-27 15:30:00,40.974998474121094
2018-03-27 16:30:00,41.0099983215332
2018-03-27 17:30:00,40.4900016784668
2018-03-27 18:30:00,40.33000183105469
2018-03-27 19:30:00,40.22999954223633
2018-03-28 13:30:00,40.11980056762695
2018-03-28 14:30:00,40.290000915527344
2018-03-28 15:30:00,40.650001525878906
2018-03-28 16:30:00,40.70000076293945
2018-03-28 17:30:00,40.31999969482422
2018-03-28 18:30:00,40.349998474121094
2018-03-28 19:30:00,40.119998931884766
2018-03-29 13:30:00,40.09000015258789
2018-03-29 14:30:00,40.33000183105469
2018-03-29 15:30:00,40.45000076293945
2018-03-29 16:30:00,40.44499969482422
2018-03-29 17:30:00,40.47999954223633
2018-03-29 18:30:00,40.540000915527344
2018-03-29 19:30:00,40.2400016784668
2018-04-02 13:30:00,39.630001068115234
2018-04-02 14:30:00,39.47999954223633
2018-04-02 15:30:00,39.400001525878906
2018-04-02 16:30:00,39.18000030517578
2018-04-02 17:30:00,39.119998931884766
2018-04-02 18:30:00,39.209999084472656
2018-04-02 19:30:00,39.36000061035156
2018-04-03 13:30:00,39.36000061035156
2018-04-03 14:30:00,39.689998626708984
2018-04-03 15:30:00,39.32500076293945
2018-04-03 16:30:00,39.540000915527344
2018-04-03 17:30:00,39.42499923706055
2018-04-03 18:30:00,39.80500030517578
2018-04-03 19:30:00,39.599998474121094
2018-04-04 13:30:00,39.16999816894531
2018-04-04 14:30:00,39.275001525878906
2018-04-04 15:30:00,39.599998474121094
2018-04-04 16:30:00,39.41999816894531
2018-04-04 17:30:00,39.689998626708984
2018-04-04 18:30:00,39.900001525878906
2018-04-04 19:30:00,39.79999923706055
2018-04-05 13:30:00,39.88999938964844
2018-04-05 14:30:00,39.9900016784668
2018-04-05 15:30:00,39.900001525878906
2018-04-05 16:30:00,39.790000915527344
2018-04-05 17:30:00,39.849998474121094
2018-04-05 18:30:00,40.060001373291016
2018-04-05 19:30:00,40.029998779296875
2018-04-06 13:30:00,39.599998474121094
2018-04-06 14:30:00,39.459999084472656
2018-04-06 15:30:00,39.474998474121094
2018-04-06 16:30:00,39.560001373291016
2018-04-06 17:30:00,39.130001068115234
2018-04-06 18:30:00,39.11000061035156
2018-04-06 19:30:00,39.08000183105469
2018-04-09 13:30:00,39.30500030517578
2018-04-09 14:30:00,39.400001525878906
2018-04-09 15:30:00,39.40999984741211
2018-04-09 16:30:00,39.43000030517578
2018-04-09 17:30:00,39.279998779296875
2018-04-09 18:30:00,39.029998779296875
2018-04-09 19:30:00,38.880001068115234
2018-04-10 13:30:00,39.439998626708984
2018-04-10 14:30:00,39.599998474121094
2018-04-10 15:30:00,39.48500061035156
2018-04-10 16:30:00,39.54999923706055
2018-04-10 17:30:00,39.529998779296875
2018-04-10 18:30:00,39.689998626708984
2018-04-10 19:30:00,39.59000015258789
2018-04-11 13:30:00,41.0099983215332
2018-04-11 14:30:00,40.52000045776367
2018-04-11 15:30:00,40.79499816894531
2018-04-11 16:30:00,40.720001220703125
2018-04-11 17:30:00,40.599998474121094
2018-04-11 18:30:00,40.31999969482422
2018-04-11 19:30:00,39.83000183105469
2018-04-12 13:30:00,40.4900016784668
2018-04-12 14:30:00,40.189998626708984
2018-04-12 15:30:00,40.10499954223633
2018-04-12 16:30:00,40.20000076293945
2018-04-12 17:30:00,40.369998931884766
2018-04-12 18:30:00,40.497501373291016
2018-04-12 19:30:00,40.52000045776367
2018-04-13 13:30:00,40.275001525878906
2018-04-13 14:30:00,40.275001525878906
2018-04-13 15:30:00,40.18000030517578
2018-04-13 16:30:00,40.16999816894531
2018-04-13 17:30:00,40.09000015258789
2018-04-13 18:30:00,39.86000061035156
2018-04-13 19:30:00,39.88999938964844
2018-04-16 13:30:00,40.0
2018-04-16 14:30:00,39.959999084472656
2018-04-16 15:30:00,40.34000015258789
2018-04-16 16:30:00,40.45000076293945
2018-04-16 17:30:00,40.279998779296875
2018-04-16 18:30:00,40.150001525878906
2018-04-16 19:30:00,40.189998626708984
2018-04-17 13:30:00,40.34000015258789
2018-04-17 14:30:00,40.5
2018-04-17 15:30:00,40.720001220703125
2018-04-17 16:30:00,40.59000015258789
2018-04-17 17:30:00,40.5099983215332
2018-04-17 18:30:00,40.709999084472656
2018-04-17 19:30:00,40.61000061035156
2018-04-18 13:30:00,41.38999938964844
2018-04-18 14:30:00,41.61000061035156
2018-04-18 15:30:00,41.40999984741211
2018-04-18 16:30:00,41.58000183105469
2018-04-18 17:30:00,41.650001525878906
2018-04-18 18:30:00,41.75
2018-04-18 19:30:00,41.7599983215332
2018-04-19 13:30:00,42.16999816894531
2018-04-19 14:30:00,41.70500183105469
2018-04-19 15:30:00,41.540000915527344
2018-04-19 16:30:00,41.79999923706055
2018-04-19 17:30:00,42.040000915527344
2018-04-19 18:30:00,42.05500030517578
2018-04-19 19:30:00,42.11000061035156
2018-04-20 13:30:00,42.94499969482422
2018-04-20 14:30:00,42.58000183105469
2018-04-20 15:30:00,42.525001525878906
2018-04-20 16:30:00,42.4900016784668
2018-04-20 17:30:00,42.345001220703125
2018-04-20 18:30:00,42.130001068115234
2018-04-20 19:30:00,42.209999084472656
2018-04-23 13:30:00,41.970001220703125
2018-04-23 14:30:00,42.11000061035156
2018-04-23 15:30:00,41.970001220703125
2018-04-23 16:30:00,41.97850036621094
2018-04-23 17:30:00,41.64099884033203
2018-04-23 18:30:00,41.619998931884766
2018-04-23 19:30:00,41.59000015258789
2018-04-24 13:30:00,41.744998931884766
2018-04-24 14:30:00,41.494998931884766
2018-04-24 15:30:00,41.244998931884766
2018-04-24 16:30:00,41.10499954223633
2018-04-24 17:30:00,40.875
2018-04-24 18:30:00,41.154998779296875
2018-04-24 19:30:00,41.18000030517578
2018-04-25 13:30:00,40.650001525878906
2018-04-25 14:30:00,40.83000183105469
2018-04-25 15:30:00,40.650001525878906
2018-04-25 16:30:00,40.689998626708984
2018-04-25 17:30:00,40.86000061035156
2018-04-25 18:30:00,40.904998779296875
2018-04-25 19:30:00,40.97999954223633
2018-04-26 13:30:00,38.45500183105469
2018-04-26 14:30:00,38.47999954223633
2018-04-26 15:30:00,38.439998626708984
2018-04-26 16:30:00,38.439998626708984
2018-04-26 17:30:00,38.83000183105469
2018-04-26 18:30:00,38.654998779296875
2018-04-26 19:30:00,38.68000030517578
2018-04-27 13:30:00,38.71500015258789
2018-04-27 14:30:00,38.20000076293945
2018-04-27 15:30:00,38.040000915527344
2018-04-27 16:30:00,38.125
2018-04-27 17:30:00,38.209999084472656
2018-04-27 18:30:00,38.04999923706055
2018-04-27 19:30:00,38.22999954223633
2018-04-30 13:30:00,38.209999084472656
2018-04-30 14:30:00,38.125
2018-04-30 15:30:00,37.845001220703125
2018-04-30 16:30:00,37.97999954223633
2018-04-30 17:30:00,38.04999923706055
2018-04-30 18:30:00,37.91999816894531
2018-04-30 19:30:00,37.869998931884766
2018-05-01 13:30:00,37.709999084472656
2018-05-01 14:30:00,37.599998474121094
2018-05-01 15:30:00,37.63999938964844
2018-05-01 16:30:00,37.52000045776367
2018-05-01 17:30:00,37.814998626708984
2018-05-01 18:30:00,37.724998474121094
2018-05-01 19:30:00,37.81999969482422
2018-05-02 13:30:00,37.83000183105469
2018-05-02 14:30:00,37.900001525878906
2018-05-02 15:30:00,37.5
2018-05-02 16:30:00,37.540000915527344
2018-05-02 17:30:00,37.470001220703125
2018-05-02 18:30:00,37.185001373291016
2018-05-02 19:30:00,37.189998626708984
2018-05-03 13:30:00,37.189998626708984
2018-05-03 14:30:00,37.119998931884766
2018-05-03 15:30:00,37.099998474121094
2018-05-03 16:30:00,37.470001220703125
2018-05-03 17:30:00,37.540000915527344
2018-05-03 18:30:00,37.689998626708984
2018-05-03 19:30:00,37.63999938964844
2018-05-04 13:30:00,37.814998626708984
2018-05-04 14:30:00,37.970001220703125
2018-05-04 15:30:00,37.900001525878906
2018-05-04 16:30:00,37.939998626708984
2018-05-04 17:30:00,38.06999969482422
2018-05-04 18:30:00,38.08000183105469
2018-05-04 19:30:00,38.0
2018-05-07 13:30:00,37.81999969482422
2018-05-07 14:30:00,38.04999923706055
2018-05-07 15:30:00,37.93000030517578
2018-05-07 16:30:00,37.80500030517578
2018-05-07 17:30:00,37.95000076293945
2018-05-07 18:30:00,37.73500061035156
2018-05-07 19:30:00,37.79999923706055
2018-05-08 13:30:00,37.70000076293945
2018-05-08 14:30:00,37.720001220703125
2018-05-08 15:30:00,37.70000076293945
2018-05-08 16:30:00,37.849998474121094
2018-05-08 17:30:00,38.02000045776367
2018-05-08 18:30:00,38.11000061035156
2018-05-08 19:30:00,38.099998474121094
2018-05-09 13:30:00,38.47999954223633
2018-05-09 14:30:00,38.4900016784668
2018-05-09 15:30:00,38.40999984741211
2018-05-09 16:30:00,38.4900016784668
2018-05-09 17:30:00,38.459999084472656
2018-05-09 18:30:00,38.41999816894531
2018-05-09 19:30:00,38.2400016784668
2018-05-10 13:30:00,38.310001373291016
2018-05-10 14:30:00,38.369998931884766
2018-05-10 15:30:00,38.43000030517578
2018-05-10 16:30:00,38.51499938964844
2018-05-10 17:30:00,38.40999984741211
2018-05-10 18:30:00,38.29999923706055
2018-05-10 19:30:00,38.5099983215332
2018-05-11 13:30:00,38.67499923706055
2018-05-11 14:30:00,38.525001525878906
2018-05-11 15:30:00,38.3849983215332
2018-05-11 16:30:00,38.220001220703125
2018-05-11 17:30:00,38.244998931884766
2018-05-11 18:30:00,38.20500183105469
2018-05-11 19:30:00,38.247501373291016
2018-05-14 13:30:00,38.52000045776367
2018-05-14 14:30:00,38.529998779296875
2018-05-14 15:30:00,38.5099983215332
2018-05-14 16:30:00,38.26499938964844
2018-05-14 17:30:00,38.380001068115234
2018-05-14 18:30:00,38.4900016784668
2018-05-14 19:30:00,38.38999938964844
2018-05-15 13:30:00,37.77000045776367
2018-05-15 14:30:00,37.814998626708984
2018-05-15 15:30:00,37.912498474121094
2018-05-15 16:30:00,37.9900016784668
2018-05-15 17:30:00,37.959999084472656
2018-05-15 18:30:00,37.970001220703125
2018-05-15 19:30:00,38.08000183105469
2018-05-16 13:30:00,38.27000045776367
2018-05-16 14:30:00,38.31999969482422
2018-05-16 15:30:00,38.5
2018-05-16 16:30:00,38.435001373291016
2018-05-16 17:30:00,38.43000030517578
2018-05-16 18:30:00,38.310001373291016
2018-05-16 19:30:00,38.349998474121094
2018-05-17 13:30:00,38.755001068115234
2018-05-17 14:30:00,38.685001373291016
2018-05-17 15:30:00,38.599998474121094
2018-05-17 16:30:00,38.540000915527344
2018-05-17 17:30:00,38.404998779296875
2018-05-17 18:30:00,38.404998779296875
2018-05-17 19:30:00,38.404998779296875
2018-05-18 13:30:00,38.290000915527344
2018-05-18 14:30:00,38.459999084472656
2018-05-18 15:30:00,38.375
2018-05-18 16:30:00,38.32500076293945
2018-05-18 17:30:00,38.3849983215332
2018-05-18 18:30:00,38.40999984741211
2018-05-18 19:30:00,38.31999969482422
2018-05-21 13:30:00,38.599998474121094
2018-05-21 14:30:00,38.5
2018-05-21 15:30:00,38.54999923706055
2018-05-21 16:30:00,38.505001068115234
2018-05-21 17:30:00,38.26499938964844
2018-05-21 18:30:00,38.349998474121094
2018-05-21 19:30:00,38.279998779296875
2018-05-22 13:30:00,37.97999954223633
2018-05-22 14:30:00,37.93000030517578
2018-05-22 15:30:00,37.89500045776367
2018-05-22 16:30:00,37.84000015258789
2018-05-22 17:30:00,37.779998779296875
2018-05-22 18:30:00,37.80500030517578
2018-05-22 19:30:00,37.77000045776367
2018-05-23 13:30:00,37.650001525878906
2018-05-23 14:30:00,37.560001373291016
2018-05-23 15:30:00,37.650001525878906
2018-05-23 16:30:00,37.78499984741211
2018-05-23 17:30:00,37.935001373291016
2018-05-23 18:30:00,38.02000045776367
2018-05-23 19:30:00,38.029998779296875
2018-05-24 13:30:00,37.83000183105469
2018-05-24 14:30:00,37.7599983215332
2018-05-24 15:30:00,37.915000915527344
2018-05-24 16:30:00,37.96500015258789
2018-05-24 17:30:00,37.9900016784668
2018-05-24 18:30:00,37.88999938964844
2018-05-24 19:30:00,37.78499984741211
2018-05-25 13:30:00,38.220001220703125
2018-05-25 14:30:00,38.029998779296875
2018-05-25 15:30:00,38.0
2018-05-25 16:30:00,38.05500030517578
2018-05-25 17:30:00,37.98500061035156
2018-05-25 18:30:00,38.029998779296875
2018-05-25 19:30:00,37.939998626708984
2018-05-29 13:30:00,37.70000076293945
2018-05-29 14:30:00,37.56999969482422
2018-05-29 15:30:00,37.505001068115234
2018-05-29 16:30:00,37.470001220703125
2018-05-29 17:30:00,37.560001373291016
2018-05-29 18:30:00,37.470001220703125
2018-05-29 19:30:00,37.529998779296875
2018-05-30 13:30:00,37.81999969482422
2018-05-30 14:30:00,38.09000015258789
2018-05-30 15:30:00,38.01499938964844
2018-05-30 16:30:00,37.880001068115234
2018-05-30 17:30:00,37.86000061035156
2018-05-30 18:30:00,37.92499923706055
2018-05-30 19:30:00,37.849998474121094
2018-05-31 13:30:00,37.52000045776367
2018-05-31 14:30:00,37.41999816894531
2018-05-31 15:30:00,37.58000183105469
2018-05-31 16:30:00,37.66999816894531
2018-05-31 17:30:00,37.5099983215332
2018-05-31 18:30:00,37.70000076293945
2018-05-31 19:30:00,37.709999084472656
2018-06-01 13:30:00,38.59000015258789
2018-06-01 14:30:00,38.720001220703125
2018-06-01 15:30:00,38.53499984741211
2018-06-01 16:30:00,38.529998779296875
2018-06-01 17:30:00,38.560001373291016
2018-06-01 18:30:00,38.41999816894531
2018-06-01 19:30:00,38.34000015258789
2018-06-04 13:30:00,38.595001220703125
2018-06-04 14:30:00,38.66999816894531
2018-06-04 15:30:00,38.810001373291016
2018-06-04 16:30:00,39.060001373291016
2018-06-04 17:30:00,38.96500015258789
2018-06-04 18:30:00,39.040000915527344
2018-06-04 19:30:00,39.07500076293945
2018-06-05 13:30:00,39.900001525878906
2018-06-05 14:30:00,40.02000045776367
2018-06-05 15:30:00,39.98500061035156
2018-06-05 16:30:00,40.20500183105469
2018-06-05 17:30:00,40.11000061035156
2018-06-05 18:30:00,39.935001373291016
2018-06-05 19:30:00,40.040000915527344
2018-06-06 13:30:00,39.435001373291016
2018-06-06 14:30:00,39.709999084472656
2018-06-06 15:30:00,39.70500183105469
2018-06-06 16:30:00,39.81999969482422
2018-06-06 17:30:00,39.81999969482422
2018-06-06 18:30:00,39.93000030517578
2018-06-06 19:30:00,39.959999084472656
2018-06-07 13:30:00,40.154998779296875
2018-06-07 14:30:00,40.54999923706055
2018-06-07 15:30:00,40.77000045776367
2018-06-07 16:30:00,40.58330154418945
2018-06-07 17:30:00,40.4900016784668
2018-06-07 18:30:00,40.5099983215332
2018-06-07 19:30:00,40.459999084472656
2018-06-08 13:30:00,40.150001525878906
2018-06-08 14:30:00,40.099998474121094
2018-06-08 15:30:00,40.29999923706055
2018-06-08 16:30:00,40.29999923706055
2018-06-08 17:30:00,40.310001373291016
2018-06-08 18:30:00,40.19499969482422
2018-06-08 19:30:00,40.290000915527344
2018-06-11 13:30:00,40.18119812011719
2018-06-11 14:30:00,40.290000915527344
2018-06-11 15:30:00,40.470001220703125
2018-06-11 16:30:00,40.64720153808594
2018-06-11 17:30:00,40.665000915527344
2018-06-11 18:30:00,40.70000076293945
2018-06-11 19:30:00,40.47999954223633
2018-06-12 13:30:00,40.43000030517578
2018-06-12 14:30:00,40.400001525878906
2018-06-12 15:30:00,40.54999923706055
2018-06-12 16:30:00,40.529998779296875
2018-06-12 17:30:00,40.334999084472656
2018-06-12 18:30:00,40.35499954223633
2018-06-12 19:30:00,40.459999084472656
2018-06-13 13:30:00,39.2599983215332
2018-06-13 14:30:00,39.52000045776367
2018-06-13 15:30:00,39.61000061035156
2018-06-13 16:30:00,39.41999816894531
2018-06-13 17:30:00,39.040000915527344
2018-06-13 18:30:00,39.33000183105469
2018-06-13 19:30:00,39.31999969482422
2018-06-14 13:30:00,39.34000015258789
2018-06-14 14:30:00,39.04899978637695
2018-06-14 15:30:00,39.39500045776367
2018-06-14 16:30:00,39.2400016784668
2018-06-14 17:30:00,39.11000061035156
2018-06-14 18:30:00,38.98500061035156
2018-06-14 19:30:00,38.994998931884766
2018-06-15 13:30:00,38.6150016784668
2018-06-15 14:30:00,38.59000015258789
2018-06-15 15:30:00,38.540000915527344
2018-06-15 16:30:00,38.73500061035156
2018-06-15 17:30:00,38.869998931884766
2018-06-15 18:30:00,38.98500061035156
2018-06-15 19:30:00,38.88999938964844
2018-06-18 13:30:00,38.70000076293945
2018-06-18 14:30:00,38.96500015258789
2018-06-18 15:30:00,38.900001525878906
2018-06-18 16:30:00,38.88999938964844
2018-06-18 17:30:00,38.875
2018-06-18 18:30:00,38.86000061035156
2018-06-18 19:30:00,38.849998474121094
2018-06-19 13:30:00,38.66999816894531
2018-06-19 14:30:00,39.114498138427734
2018-06-19 15:30:00,39.2400016784668
2018-06-19 16:30:00,39.095001220703125
2018-06-19 17:30:00,39.16999816894531
2018-06-19 18:30:00,39.189998626708984
2018-06-19 19:30:00,39.189998626708984
2018-06-20 13:30:00,39.28499984741211
2018-06-20 14:30:00,39.459999084472656
2018-06-20 15:30:00,39.45500183105469
2018-06-20 16:30:00,39.33000183105469
2018-06-20 17:30:00,39.3650016784668
2018-06-20 18:30:00,39.36000061035156
2018-06-20 19:30:00,39.2599983215332
2018-06-21 13:30:00,38.470001220703125
2018-06-21 14:30:00,38.625
2018-06-21 15:30:00,38.47999954223633
2018-06-21 16:30:00,38.255001068115234
2018-06-21 17:30:00,38.119998931884766
2018-06-21 18:30:00,38.02000045776367
2018-06-21 19:30:00,38.0
2018-06-22 13:30:00,37.779998779296875
2018-06-22 14:30:00,37.9900016784668
2018-06-22 15:30:00,37.83000183105469
2018-06-22 16:30:00,37.89500045776367
2018-06-22 17:30:00,37.8849983215332
2018-06-22 18:30:00,37.974998474121094
2018-06-22 19:30:00,38.08000183105469
2018-06-25 13:30:00,37.51499938964844
2018-06-25 14:30:00,37.09000015258789
2018-06-25 15:30:00,37.0099983215332
2018-06-25 16:30:00,36.869998931884766
2018-06-25 17:30:00,36.935001373291016
2018-06-25 18:30:00,36.84000015258789
2018-06-25 19:30:00,37.10499954223633
2018-06-26 13:30:00,36.849998474121094
2018-06-26 14:30:00,37.040000915527344
2018-06-26 15:30:00,37.130001068115234
2018-06-26 16:30:00,37.23659896850586
2018-06-26 17:30:00,37.040000915527344
2018-06-26 18:30:00,37.0
2018-06-26 19:30:00,36.97999954223633
2018-06-27 13:30:00,37.02000045776367
2018-06-27 14:30:00,36.75
2018-06-27 15:30:00,36.77000045776367
2018-06-27 16:30:00,36.38999938964844
2018-06-27 17:30:00,36.400001525878906
2018-06-27 18:30:00,36.5099983215332
2018-06-27 19:30:00,36.290000915527344
2018-06-28 13:30:00,35.78499984741211
2018-06-28 14:30:00,35.9900016784668
2018-06-28 15:30:00,36.08000183105469
2018-06-28 16:30:00,36.025001525878906
2018-06-28 17:30:00,36.2400016784668
2018-06-28 18:30:00,36.209999084472656
2018-06-28 19:30:00,36.13999938964844
2018-06-29 13:30:00,36.344600677490234
2018-06-29 14:30:00,36.290000915527344
2018-06-29 15:30:00,36.34000015258789
2018-06-29 16:30:00,36.31999969482422
2018-06-29 17:30:00,36.42499923706055
2018-06-29 18:30:00,36.369998931884766
2018-06-29 19:30:00,36.2599983215332
2018-07-02 13:30:00,36.29999923706055
2018-07-02 14:30:00,36.400001525878906
2018-07-02 15:30:00,36.29999923706055
2018-07-02 16:30:00,36.279998779296875
2018-07-02 17:30:00,36.560001373291016
2018-07-02 18:30:00,36.53499984741211
2018-07-02 19:30:00,36.65999984741211
2018-07-03 13:30:00,36.86000061035156
2018-07-03 14:30:00,36.82500076293945
2018-07-03 15:30:00,36.810001373291016
2018-07-03 17:00:00,36.619998931884766
2018-07-05 13:30:00,36.619998931884766
2018-07-05 14:30:00,36.849998474121094
2018-07-05 15:30:00,36.959999084472656
2018-07-05 16:30:00,37.060001373291016
2018-07-05 17:30:00,36.974998474121094
2018-07-05 18:30:00,37.060001373291016
2018-07-05 19:30:00,37.029998779296875
2018-07-06 13:30:00,37.13999938964844
2018-07-06 14:30:00,37.380001068115234
2018-07-06 15:30:00,37.45500183105469
2018-07-06 16:30:00,37.40999984741211
2018-07-06 17:30:00,37.41999816894531
2018-07-06 18:30:00,37.48500061035156
2018-07-06 19:30:00,37.400001525878906
2018-07-09 13:30:00,37.61000061035156
2018-07-09 14:30:00,37.720001220703125
2018-07-09 15:30:00,37.665000915527344
2018-07-09 16:30:00,37.79999923706055
2018-07-09 17:30:00,37.790000915527344
2018-07-09 18:30:00,37.84000015258789
2018-07-09 19:30:00,37.91999816894531
2018-07-10 13:30:00,37.404998779296875
2018-07-10 14:30:00,37.27009963989258
2018-07-10 15:30:00,37.27000045776367
2018-07-10 16:30:00,37.1349983215332
2018-07-10 17:30:00,37.165000915527344
2018-07-10 18:30:00,37.0
2018-07-10 19:30:00,37.029998779296875
2018-07-11 13:30:00,37.25
2018-07-11 14:30:00,36.994998931884766
2018-07-11 15:30:00,36.959999084472656
2018-07-11 16:30:00,36.92499923706055
2018-07-11 17:30:00,36.869998931884766
2018-07-11 18:30:00,36.915000915527344
2018-07-11 19:30:00,36.970001220703125
2018-07-12 13:30:00,37.494998931884766
2018-07-12 14:30:00,37.459999084472656
2018-07-12 15:30:00,37.72999954223633
2018-07-12 16:30:00,37.72999954223633
2018-07-12 17:30:00,37.654998779296875
2018-07-12 18:30:00,37.654998779296875
2018-07-12 19:30:00,37.560001373291016
2018-07-13 13:30:00,37.560001373291016
2018-07-13 14:30:00,37.54999923706055
2018-07-13 15:30:00,37.459999084472656
2018-07-13 16:30:00,37.21500015258789
2018-07-13 17:30:00,37.36000061035156
2018-07-13 18:30:00,37.5099983215332
2018-07-13 19:30:00,37.61000061035156
2018-07-16 13:30:00,37.959999084472656
2018-07-16 14:30:00,37.83000183105469
2018-07-16 15:30:00,37.77000045776367
2018-07-16 16:30:00,37.61000061035156
2018-07-16 17:30:00,37.59000015258789
2018-07-16 18:30:00,37.63999938964844
2018-07-16 19:30:00,37.72999954223633
2018-07-17 13:30:00,37.689998626708984
2018-07-17 14:30:00,37.814998626708984
2018-07-17 15:30:00,38.130001068115234
2018-07-17 16:30:00,38.040000915527344
2018-07-17 17:30:00,37.83000183105469
2018-07-17 18:30:00,37.779998779296875
2018-07-17 19:30:00,37.81999969482422
2018-07-18 13:30:00,37.849998474121094
2018-07-18 14:30:00,38.01499938964844
2018-07-18 15:30:00,38.125
2018-07-18 16:30:00,38.13999938964844
2018-07-18 17:30:00,38.01499938964844
2018-07-18 18:30:00,38.026100158691406
2018-07-18 19:30:00,37.939998626708984
2018-07-19 13:30:00,34.409000396728516
2018-07-19 14:30:00,34.81890106201172
2018-07-19 15:30:00,35.13999938964844
2018-07-19 16:30:00,35.1150016784668
2018-07-19 17:30:00,34.7400016784668
2018-07-19 18:30:00,34.314998626708984
2018-07-19 19:30:00,34.11000061035156
2018-07-20 13:30:00,34.37009811401367
2018-07-20 14:30:00,34.611000061035156
2018-07-20 15:30:00,34.46500015258789
2018-07-20 16:30:00,34.375
2018-07-20 17:30:00,34.209999084472656
2018-07-20 18:30:00,34.220001220703125
2018-07-20 19:30:00,34.20000076293945
2018-07-23 13:30:00,33.650001525878906
2018-07-23 14:30:00,33.61000061035156
2018-07-23 15:30:00,33.7599983215332
2018-07-23 16:30:00,33.81999969482422
2018-07-23 17:30:00,33.814998626708984
2018-07-23 18:30:00,33.72999954223633
2018-07-23 19:30:00,33.79999923706055
2018-07-24 13:30:00,34.0
2018-07-24 14:30:00,33.84000015258789
2018-07-24 15:30:00,33.80720138549805
2018-07-24 16:30:00,33.5099983215332
2018-07-24 17:30:00,33.540000915527344
2018-07-24 18:30:00,33.54499816894531
2018-07-24 19:30:00,33.52000045776367
2018-07-25 13:30:00,33.720001220703125
2018-07-25 14:30:00,33.709999084472656
2018-07-25 15:30:00,33.880001068115234
2018-07-25 16:30:00,33.775001525878906
2018-07-25 17:30:00,34.0
2018-07-25 18:30:00,33.915000915527344
2018-07-25 19:30:00,33.88999938964844
2018-07-26 13:30:00,34.439998626708984
2018-07-26 14:30:00,34.459999084472656
2018-07-26 15:30:00,34.36000061035156
2018-07-26 16:30:00,34.529998779296875
2018-07-26 17:30:00,34.4900016784668
2018-07-26 18:30:00,34.470001220703125
2018-07-26 19:30:00,34.43000030517578
2018-07-27 13:30:00,34.48500061035156
2018-07-27 14:30:00,34.380001068115234
2018-07-27 15:30:00,34.2400016784668
2018-07-27 16:30:00,34.0099983215332
2018-07-27 17:30:00,33.939998626708984
2018-07-27 18:30:00,33.8849983215332
2018-07-27 19:30:00,33.79999923706055
2018-07-30 13:30:00,33.650001525878906
2018-07-30 14:30:00,33.71500015258789
2018-07-30 15:30:00,33.54999923706055
2018-07-30 16:30:00,33.665000915527344
2018-07-30 17:30:00,33.720001220703125
2018-07-30 18:30:00,33.71500015258789
2018-07-30 19:30:00,33.68000030517578
2018-07-31 13:30:00,33.54999923706055
2018-07-31 14:30:00,33.59000015258789
2018-07-31 15:30:00,33.72999954223633
2018-07-31 16:30:00,33.46500015258789
2018-07-31 17:30:00,33.45000076293945
2018-07-31 18:30:00,33.435001373291016
2018-07-31 19:30:00,33.459999084472656
2018-08-01 13:30:00,33.36000061035156
2018-08-01 14:30:00,33.30500030517578
2018-08-01 15:30:00,33.03499984741211
2018-08-01 16:30:00,33.029998779296875
2018-08-01 17:30:00,33.064998626708984
2018-08-01 18:30:00,33.15999984741211
2018-08-01 19:30:00,33.084999084472656
2018-08-02 13:30:00,33.23500061035156
2018-08-02 14:30:00,33.185001373291016
2018-08-02 15:30:00,33.380001068115234
2018-08-02 16:30:00,33.310001373291016
2018-08-02 17:30:00,33.220001220703125
2018-08-02 18:30:00,33.279998779296875
2018-08-02 19:30:00,33.220001220703125
2018-08-03 13:30:00,33.439998626708984
2018-08-03 14:30:00,33.46500015258789
2018-08-03 15:30:00,33.519901275634766
2018-08-03 16:30:00,33.5099983215332
2018-08-03 17:30:00,33.53499984741211
2018-08-03 18:30:00,33.689998626708984
2018-08-03 19:30:00,33.66999816894531
2018-08-06 13:30:00,33.900001525878906
2018-08-06 14:30:00,33.900001525878906
2018-08-06 15:30:00,34.025001525878906
2018-08-06 16:30:00,34.130001068115234
2018-08-06 17:30:00,34.06999969482422
2018-08-06 18:30:00,34.10499954223633
2018-08-06 19:30:00,34.0
2018-08-07 13:30:00,33.939998626708984
2018-08-07 14:30:00,33.869998931884766
2018-08-07 15:30:00,33.91999816894531
2018-08-07 16:30:00,33.900001525878906
2018-08-07 17:30:00,33.79999923706055
2018-08-07 18:30:00,33.79999923706055
2018-08-07 19:30:00,33.772499084472656
2018-08-08 13:30:00,33.86000061035156
2018-08-08 14:30:00,33.86000061035156
2018-08-08 15:30:00,33.790000915527344
2018-08-08 16:30:00,33.88999938964844
2018-08-08 17:30:00,33.91999816894531
2018-08-08 18:30:00,33.900001525878906
2018-08-08 19:30:00,33.84000015258789
2018-08-09 13:30:00,34.029998779296875
2018-08-09 14:30:00,34.02000045776367
2018-08-09 15:30:00,33.98500061035156
2018-08-09 16:30:00,34.04999923706055
2018-08-09 17:30:00,34.08000183105469
2018-08-09 18:30:00,34.040000915527344
2018-08-09 19:30:00,34.15999984741211
2018-08-10 13:30:00,34.11000061035156
2018-08-10 14:30:00,34.33000183105469
2018-08-10 15:30:00,34.2599983215332
2018-08-10 16:30:00,34.22999954223633
2018-08-10 17:30:00,34.119998931884766
2018-08-10 18:30:00,34.220001220703125
2018-08-10 19:30:00,34.09000015258789
2018-08-13 13:30:00,34.15999984741211
2018-08-13 14:30:00,34.27000045776367
2018-08-13 15:30:00,34.165000915527344
2018-08-13 16:30:00,34.029998779296875
2018-08-13 17:30:00,34.029998779296875
2018-08-13 18:30:00,33.95000076293945
2018-08-13 19:30:00,33.88999938964844
2018-08-14 13:30:00,34.400001525878906
2018-08-14 14:30:00,34.56999969482422
2018-08-14 15:30:00,34.70000076293945
2018-08-14 16:30:00,34.45000076293945
2018-08-14 17:30:00,34.505001068115234
2018-08-14 18:30:00,34.529998779296875
2018-08-14 19:30:00,34.400001525878906
2018-08-15 13:30:00,33.720001220703125
2018-08-15 14:30:00,33.77000045776367
2018-08-15 15:30:00,33.77000045776367
2018-08-15 16:30:00,33.75
2018-08-15 17:30:00,33.779998779296875
2018-08-15 18:30:00,33.88999938964844
2018-08-15 19:30:00,33.849998474121094
2018-08-16 13:30:00,33.7599983215332
2018-08-16 14:30:00,33.84000015258789
2018-08-16 15:30:00,33.904998779296875
2018-08-16 16:30:00,33.93000030517578
2018-08-16 17:30:00,33.869998931884766
2018-08-16 18:30:00,33.790000915527344
2018-08-16 19:30:00,33.779998779296875
2018-08-17 13:30:00,33.790000915527344
2018-08-17 14:30:00,33.90999984741211
2018-08-17 15:30:00,34.09000015258789
2018-08-17 16:30:00,34.1349983215332
2018-08-17 17:30:00,34.22999954223633
2018-08-17 18:30:00,34.13999938964844
2018-08-17 19:30:00,34.005001068115234
2018-08-20 13:30:00,34.02000045776367
2018-08-20 14:30:00,34.07500076293945
2018-08-20 15:30:00,34.099998474121094
2018-08-20 16:30:00,34.060001373291016
2018-08-20 17:30:00,34.04499816894531
2018-08-20 18:30:00,34.0
2018-08-20 19:30:00,34.0099983215332
2018-08-21 13:30:00,34.470001220703125
2018-08-21 14:30:00,34.59000015258789
2018-08-21 15:30:00,34.70000076293945
2018-08-21 16:30:00,34.78269958496094
2018-08-21 17:30:00,34.70399856567383
2018-08-21 18:30:00,34.54999923706055
2018-08-21 19:30:00,34.529998779296875
2018-08-22 13:30:00,34.29499816894531
2018-08-22 14:30:00,34.400001525878906
2018-08-22 15:30:00,34.54999923706055
2018-08-22 16:30:00,34.61000061035156
2018-08-22 17:30:00,34.689998626708984
2018-08-22 18:30:00,34.744998931884766
2018-08-22 19:30:00,34.70000076293945
2018-08-23 13:30:00,34.59000015258789
2018-08-23 14:30:00,34.314998626708984
2018-08-23 15:30:00,34.369998931884766
2018-08-23 16:30:00,34.31999969482422
2018-08-23 17:30:00,34.40999984741211
2018-08-23 18:30:00,34.459999084472656
2018-08-23 19:30:00,34.40999984741211
2018-08-24 13:30:00,34.709999084472656
2018-08-24 14:30:00,34.709999084472656
2018-08-24 15:30:00,34.56999969482422
2018-08-24 16:30:00,34.540000915527344
2018-08-24 17:30:00,34.529998779296875
2018-08-24 18:30:00,34.52000045776367
2018-08-24 19:30:00,34.529998779296875
2018-08-27 13:30:00,34.73500061035156
2018-08-27 14:30:00,34.59000015258789
2018-08-27 15:30:00,34.619998931884766
2018-08-27 16:30:00,34.58000183105469
2018-08-27 17:30:00,34.57400131225586
2018-08-27 18:30:00,34.55659866333008
2018-08-27 19:30:00,34.58000183105469
2018-08-28 13:30:00,34.6150016784668
2018-08-28 14:30:00,34.560001373291016
2018-08-28 15:30:00,34.630001068115234
2018-08-28 16:30:00,34.650001525878906
2018-08-28 17:30:00,34.7400016784668
2018-08-28 18:30:00,34.779998779296875
2018-08-28 19:30:00,34.75
2018-08-29 13:30:00,34.88999938964844
2018-08-29 14:30:00,34.974998474121094
2018-08-29 15:30:00,35.05500030517578
2018-08-29 16:30:00,35.1349983215332
2018-08-29 17:30:00,34.97999954223633
2018-08-29 18:30:00,34.994998931884766
2018-08-29 19:30:00,34.95000076293945
2018-08-30 13:30:00,34.880001068115234
2018-08-30 14:30:00,34.869998931884766
2018-08-30 15:30:00,34.86000061035156
2018-08-30 16:30:00,34.93000030517578
2018-08-30 17:30:00,34.86000061035156
2018-08-30 18:30:00,34.830101013183594
2018-08-30 19:30:00,34.810001373291016
2018-08-31 13:30:00,34.94070053100586
2018-08-31 14:30:00,34.970001220703125
2018-08-31 15:30:00,34.84000015258789
2018-08-31 16:30:00,34.790000915527344
2018-08-31 17:30:00,34.70000076293945
2018-08-31 18:30:00,34.599998474121094
2018-08-31 19:30:00,34.61000061035156
2018-09-04 13:30:00,34.75
2018-09-04 14:30:00,34.849998474121094
2018-09-04 15:30:00,34.75
2018-09-04 16:30:00,34.61000061035156
2018-09-04 17:30:00,34.69499969482422
2018-09-04 18:30:00,34.70500183105469
2018-09-04 19:30:00,34.790000915527344
2018-09-05 13:30:00,34.1349983215332
2018-09-05 14:30:00,34.11000061035156
2018-09-05 15:30:00,34.2400016784668
2018-09-05 16:30:00,34.29499816894531
2018-09-05 17:30:00,34.25
2018-09-05 18:30:00,34.150001525878906
2018-09-05 19:30:00,34.13999938964844
2018-09-06 13:30:00,33.91999816894531
2018-09-06 14:30:00,33.599998474121094
2018-09-06 15:30:00,33.57500076293945
2018-09-06 16:30:00,33.45000076293945
2018-09-06 17:30:00,33.41999816894531
2018-09-06 18:30:00,33.630001068115234
2018-09-06 19:30:00,33.650001525878906
2018-09-07 13:30:00,33.66999816894531
2018-09-07 14:30:00,33.7400016784668
2018-09-07 15:30:00,33.72999954223633
2018-09-07 16:30:00,33.75
2018-09-07 17:30:00,33.84000015258789
2018-09-07 18:30:00,33.939998626708984
2018-09-07 19:30:00,34.0
2018-09-10 13:30:00,33.80500030517578
2018-09-10 14:30:00,33.900001525878906
2018-09-10 15:30:00,33.685001373291016
2018-09-10 16:30:00,33.76499938964844
2018-09-10 17:30:00,33.72999954223633
2018-09-10 18:30:00,33.61000061035156
2018-09-10 19:30:00,33.720001220703125
2018-09-11 13:30:00,33.93000030517578
2018-09-11 14:30:00,33.9900016784668
2018-09-11 15:30:00,34.06999969482422
2018-09-11 16:30:00,34.060001373291016
2018-09-11 17:30:00,34.15999984741211
2018-09-11 18:30:00,34.04499816894531
2018-09-11 19:30:00,34.11000061035156
2018-09-12 13:30:00,33.880001068115234
2018-09-12 14:30:00,34.13999938964844
2018-09-12 15:30:00,34.20000076293945
2018-09-12 16:30:00,34.349998474121094
2018-09-12 17:30:00,34.349998474121094
2018-09-12 18:30:00,34.35499954223633
2018-09-12 19:30:00,34.2599983215332
2018-09-13 13:30:00,34.59000015258789
2018-09-13 14:30:00,34.810001373291016
2018-09-13 15:30:00,34.630001068115234
2018-09-13 16:30:00,34.54499816894531
2018-09-13 17:30:00,34.59000015258789
2018-09-13 18:30:00,34.54499816894531
2018-09-13 19:30:00,34.44499969482422
2018-09-14 13:30:00,34.375
2018-09-14 14:30:00,34.36000061035156
2018-09-14 15:30:00,34.06999969482422
2018-09-14 16:30:00,34.03499984741211
2018-09-14 17:30:00,34.09000015258789
2018-09-14 18:30:00,34.13999938964844
2018-09-14 19:30:00,34.09000015258789
2018-09-17 13:30:00,34.150001525878906
2018-09-17 14:30:00,34.220001220703125
2018-09-17 15:30:00,34.2400016784668
2018-09-17 16:30:00,34.209999084472656
2018-09-17 17:30:00,34.29999923706055
2018-09-17 18:30:00,34.27000045776367
2018-09-17 19:30:00,34.20000076293945
2018-09-18 13:30:00,34.25
2018-09-18 14:30:00,34.334999084472656
2018-09-18 15:30:00,34.298301696777344
2018-09-18 16:30:00,34.22999954223633
2018-09-18 17:30:00,34.290000915527344
2018-09-18 18:30:00,34.2599983215332
2018-09-18 19:30:00,34.119998931884766
2018-09-19 13:30:00,34.150001525878906
2018-09-19 14:30:00,34.19499969482422
2018-09-19 15:30:00,34.25
2018-09-19 16:30:00,34.29499816894531
2018-09-19 17:30:00,34.34000015258789
2018-09-19 18:30:00,34.290000915527344
2018-09-19 19:30:00,34.220001220703125
2018-09-20 13:30:00,33.970001220703125
2018-09-20 14:30:00,34.099998474121094
2018-09-20 15:30:00,34.150001525878906
2018-09-20 16:30:00,34.150001525878906
2018-09-20 17:30:00,34.22999954223633
2018-09-20 18:30:00,34.244998931884766
2018-09-20 19:30:00,34.22999954223633
2018-09-21 13:30:00,34.060001373291016
2018-09-21 14:30:00,34.06999969482422
2018-09-21 15:30:00,34.099998474121094
2018-09-21 16:30:00,34.130001068115234
2018-09-21 17:30:00,34.1150016784668
2018-09-21 18:30:00,34.02000045776367
2018-09-21 19:30:00,34.029998779296875
2018-09-24 13:30:00,33.79999923706055
2018-09-24 14:30:00,33.814998626708984
2018-09-24 15:30:00,33.7599983215332
2018-09-24 16:30:00,33.685001373291016
2018-09-24 17:30:00,33.7400016784668
2018-09-24 18:30:00,33.68000030517578
2018-09-24 19:30:00,33.720001220703125
2018-09-25 13:30:00,33.36009979248047
2018-09-25 14:30:00,33.25
2018-09-25 15:30:00,32.84000015258789
2018-09-25 16:30:00,32.66999816894531
2018-09-25 17:30:00,32.939998626708984
2018-09-25 18:30:00,32.959999084472656
2018-09-25 19:30:00,32.75
2018-09-26 13:30:00,33.58000183105469
2018-09-26 14:30:00,34.09000015258789
2018-09-26 15:30:00,33.8650016784668
2018-09-26 16:30:00,33.93000030517578
2018-09-26 17:30:00,33.959999084472656
2018-09-26 18:30:00,33.82500076293945
2018-09-26 19:30:00,33.56999969482422
2018-09-27 13:30:00,33.5099983215332
2018-09-27 14:30:00,33.68000030517578
2018-09-27 15:30:00,33.650001525878906
2018-09-27 16:30:00,33.43000030517578
2018-09-27 17:30:00,33.29999923706055
2018-09-27 18:30:00,33.3650016784668
2018-09-27 19:30:00,33.34000015258789
2018-09-28 13:30:00,32.900001525878906
2018-09-28 14:30:00,33.099998474121094
2018-09-28 15:30:00,32.900001525878906
2018-09-28 16:30:00,32.90999984741211
2018-09-28 17:30:00,32.90999984741211
2018-09-28 18:30:00,32.994998931884766
2018-09-28 19:30:00,33.02000045776367
2018-10-01 13:30:00,33.08000183105469
2018-10-01 14:30:00,32.79999923706055
2018-10-01 15:30:00,32.720001220703125
2018-10-01 16:30:00,32.56999969482422
2018-10-01 17:30:00,32.529998779296875
2018-10-01 18:30:00,32.505001068115234
2018-10-01 19:30:00,32.529998779296875
2018-10-02 13:30:00,32.46500015258789
2018-10-02 14:30:00,32.720001220703125
2018-10-02 15:30:00,32.59000015258789
2018-10-02 16:30:00,32.54999923706055
2018-10-02 17:30:00,32.650001525878906
2018-10-02 18:30:00,32.564998626708984
2018-10-02 19:30:00,32.560001373291016
2018-10-03 13:30:00,32.8400993347168
2018-10-03 14:30:00,32.76499938964844
2018-10-03 15:30:00,32.84000015258789
2018-10-03 16:30:00,32.790000915527344
2018-10-03 17:30:00,32.84339904785156
2018-10-03 18:30:00,32.779998779296875
2018-10-03 19:30:00,32.75
2018-10-04 13:30:00,32.81999969482422
2018-10-04 14:30:00,32.65999984741211
2018-10-04 15:30:00,32.52000045776367
2018-10-04 16:30:00,32.49250030517578
2018-10-04 17:30:00,32.529998779296875
2018-10-04 18:30:00,32.59000015258789
2018-10-04 19:30:00,32.63999938964844
2018-10-05 13:30:00,32.630001068115234
2018-10-05 14:30:00,32.470001220703125
2018-10-05 15:30:00,32.25
2018-10-05 16:30:00,32.279998779296875
2018-10-05 17:30:00,32.48500061035156
2018-10-05 18:30:00,32.36249923706055
2018-10-05 19:30:00,32.22999954223633
2018-10-08 13:30:00,32.77000045776367
2018-10-08 14:30:00,32.65999984741211
2018-10-08 15:30:00,32.64500045776367
2018-10-08 16:30:00,32.42499923706055
2018-10-08 17:30:00,32.48500061035156
2018-10-08 18:30:00,32.47999954223633
2018-10-08 19:30:00,32.59000015258789
2018-10-09 13:30:00,34.43000030517578
2018-10-09 14:30:00,34.275001525878906
2018-10-09 15:30:00,34.08000183105469
2018-10-09 16:30:00,33.85499954223633
2018-10-09 17:30:00,33.22999954223633
2018-10-09 18:30:00,33.290000915527344
2018-10-09 19:30:00,33.279998779296875
2018-10-10 13:30:00,32.529998779296875
2018-10-10 14:30:00,32.27000045776367
2018-10-10 15:30:00,32.27000045776367
2018-10-10 16:30:00,32.310001373291016
2018-10-10 17:30:00,32.10499954223633
2018-10-10 18:30:00,32.02000045776367
2018-10-10 19:30:00,31.68000030517578
2018-10-11 13:30:00,31.405000686645508
2018-10-11 14:30:00,31.25
2018-10-11 15:30:00,31.440000534057617
2018-10-11 16:30:00,31.420000076293945
2018-10-11 17:30:00,31.200000762939453
2018-10-11 18:30:00,31.5
2018-10-11 19:30:00,31.399999618530273
2018-10-12 13:30:00,31.530000686645508
2018-10-12 14:30:00,31.600000381469727
2018-10-12 15:30:00,31.389999389648438
2018-10-12 16:30:00,31.450000762939453
2018-10-12 17:30:00,31.540000915527344
2018-10-12 18:30:00,31.690000534057617
2018-10-12 19:30:00,31.709999084472656
2018-10-15 13:30:00,31.700000762939453
2018-10-15 14:30:00,31.940000534057617
2018-10-15 15:30:00,31.979999542236328
2018-10-15 16:30:00,31.954999923706055
2018-10-15 17:30:00,31.979999542236328
2018-10-15 18:30:00,32.04499816894531
2018-10-15 19:30:00,31.860000610351562
2018-10-16 13:30:00,32.02000045776367
2018-10-16 14:30:00,32.255001068115234
2018-10-16 15:30:00,32.18000030517578
2018-10-16 16:30:00,32.28499984741211
2018-10-16 17:30:00,32.29999923706055
2018-10-16 18:30:00,32.220001220703125
2018-10-16 19:30:00,32.2599983215332
2018-10-17 13:30:00,31.815000534057617
2018-10-17 14:30:00,31.639999389648438
2018-10-17 15:30:00,31.780000686645508
2018-10-17 16:30:00,31.979999542236328
2018-10-17 17:30:00,31.895000457763672
2018-10-17 18:30:00,31.969999313354492
2018-10-17 19:30:00,32.0099983215332
2018-10-18 13:30:00,31.739999771118164
2018-10-18 14:30:00,31.559999465942383
2018-10-18 15:30:00,31.594999313354492
2018-10-18 16:30:00,31.375
2018-10-18 17:30:00,31.59000015258789
2018-10-18 18:30:00,31.625
2018-10-18 19:30:00,31.559999465942383
2018-10-19 13:30:00,28.920000076293945
2018-10-19 14:30:00,28.850000381469727
2018-10-19 15:30:00,28.55500030517578
2018-10-19 16:30:00,28.600000381469727
2018-10-19 17:30:00,28.75
2018-10-19 18:30:00,28.69499969482422
2018-10-19 19:30:00,28.739999771118164
2018-10-22 13:30:00,28.170000076293945
2018-10-22 14:30:00,28.424999237060547
2018-10-22 15:30:00,28.229999542236328
2018-10-22 16:30:00,28.545000076293945
2018-10-22 17:30:00,28.559999465942383
2018-10-22 18:30:00,28.645000457763672
2018-10-22 19:30:00,28.489999771118164
2018-10-23 13:30:00,27.75
2018-10-23 14:30:00,27.899999618530273
2018-10-23 15:30:00,27.920000076293945
2018-10-23 16:30:00,28.0
2018-10-23 17:30:00,28.125
2018-10-23 18:30:00,28.25
2018-10-23 19:30:00,28.200000762939453
2018-10-24 13:30:00,28.260000228881836
2018-10-24 14:30:00,27.81999969482422
2018-10-24 15:30:00,27.8799991607666
2018-10-24 16:30:00,27.6200008392334
2018-10-24 17:30:00,27.6299991607666
2018-10-24 18:30:00,27.440000534057617
2018-10-24 19:30:00,27.290000915527344
2018-10-25 13:30:00,28.010000228881836
2018-10-25 14:30:00,27.969999313354492
2018-10-25 15:30:00,28.010000228881836
2018-10-25 16:30:00,28.18000030517578
2018-10-25 17:30:00,28.270000457763672
2018-10-25 18:30:00,28.1299991607666
2018-10-25 19:30:00,28.06999969482422
2018-10-26 13:30:00,27.290000915527344
2018-10-26 14:30:00,27.459999084472656
2018-10-26 15:30:00,27.565000534057617
2018-10-26 16:30:00,27.69499969482422
2018-10-26 17:30:00,27.440000534057617
2018-10-26 18:30:00,27.2549991607666
2018-10-26 19:30:00,27.34000015258789
2018-10-29 13:30:00,27.6299991607666
2018-10-29 14:30:00,27.469999313354492
2018-10-29 15:30:00,27.110000610351562
2018-10-29 16:30:00,27.114999771118164
2018-10-29 17:30:00,27.049999237060547
2018-10-29 18:30:00,26.600000381469727
2018-10-29 19:30:00,26.81999969482422
2018-10-30 13:30:00,27.420000076293945
2018-10-30 14:30:00,27.469999313354492
2018-10-30 15:30:00,27.489999771118164
2018-10-30 16:30:00,27.209999084472656
2018-10-30 17:30:00,27.0
2018-10-30 18:30:00,27.43000030517578
2018-10-30 19:30:00,27.489999771118164
2018-10-31 13:30:00,28.155000686645508
2018-10-31 14:30:00,28.30500030517578
2018-10-31 15:30:00,29.079999923706055
2018-10-31 16:30:00,29.25
2018-10-31 17:30:00,29.229999542236328
2018-10-31 18:30:00,29.21500015258789
2018-10-31 19:30:00,29.030000686645508
2018-11-01 13:30:00,29.579999923706055
2018-11-01 14:30:00,29.950000762939453
2018-11-01 15:30:00,29.56999969482422
2018-11-01 16:30:00,29.530000686645508
2018-11-01 17:30:00,29.610000610351562
2018-11-01 18:30:00,29.579999923706055
2018-11-01 19:30:00,29.520000457763672
2018-11-02 13:30:00,29.489999771118164
2018-11-02 14:30:00,29.59000015258789
2018-11-02 15:30:00,29.68000030517578
2018-11-02 16:30:00,29.399999618530273
2018-11-02 17:30:00,29.700000762939453
2018-11-02 18:30:00,29.979999542236328
2018-11-02 19:30:00,29.8799991607666
