Datetime,ESRX
2017-11-06 14:30:00,60.43000030517578
2017-11-06 15:30:00,60.630001068115234
2017-11-06 16:30:00,60.58000183105469
2017-11-06 17:30:00,60.5
2017-11-06 18:30:00,60.68000030517578
2017-11-06 19:30:00,60.70000076293945
2017-11-06 20:30:00,60.619998931884766
2017-11-07 14:30:00,60.650001525878906
2017-11-07 15:30:00,60.689998626708984
2017-11-07 16:30:00,60.29999923706055
2017-11-07 17:30:00,60.380001068115234
2017-11-07 18:30:00,60.305999755859375
2017-11-07 19:30:00,60.40999984741211
2017-11-07 20:30:00,60.599998474121094
2017-11-08 14:30:00,60.54999923706055
2017-11-08 15:30:00,60.540000915527344
2017-11-08 16:30:00,60.54999923706055
2017-11-08 17:30:00,60.84000015258789
2017-11-08 18:30:00,61.11000061035156
2017-11-08 19:30:00,61.040000915527344
2017-11-08 20:30:00,61.290000915527344
2017-11-09 14:30:00,60.86000061035156
2017-11-09 15:30:00,60.63999938964844
2017-11-09 16:30:00,60.47999954223633
2017-11-09 17:30:00,60.63999938964844
2017-11-09 18:30:00,60.779998779296875
2017-11-09 19:30:00,60.79999923706055
2017-11-09 20:30:00,60.75
2017-11-10 14:30:00,60.28499984741211
2017-11-10 15:30:00,60.0
2017-11-10 16:30:00,59.529998779296875
2017-11-10 17:30:00,59.619998931884766
2017-11-10 18:30:00,59.77000045776367
2017-11-10 19:30:00,59.9900016784668
2017-11-10 20:30:00,60.060001373291016
2017-11-13 14:30:00,60.1349983215332
2017-11-13 15:30:00,60.619998931884766
2017-11-13 16:30:00,60.70000076293945
2017-11-13 17:30:00,60.54349899291992
2017-11-13 18:30:00,60.86000061035156
2017-11-13 19:30:00,61.27000045776367
2017-11-13 20:30:00,60.869998931884766
2017-11-14 14:30:00,59.7400016784668
2017-11-14 15:30:00,60.04999923706055
2017-11-14 16:30:00,60.119998931884766
2017-11-14 17:30:00,59.970001220703125
2017-11-14 18:30:00,60.29999923706055
2017-11-14 19:30:00,60.08000183105469
2017-11-14 20:30:00,60.27000045776367
2017-11-15 14:30:00,59.720001220703125
2017-11-15 15:30:00,60.185001373291016
2017-11-15 16:30:00,60.3650016784668
2017-11-15 17:30:00,60.04999923706055
2017-11-15 18:30:00,60.040000915527344
2017-11-15 19:30:00,60.11000061035156
2017-11-15 20:30:00,60.04999923706055
2017-11-16 14:30:00,61.560001373291016
2017-11-16 15:30:00,61.599998474121094
2017-11-16 16:30:00,62.0
2017-11-16 17:30:00,62.119998931884766
2017-11-16 18:30:00,62.459999084472656
2017-11-16 19:30:00,62.40999984741211
2017-11-16 20:30:00,62.439998626708984
2017-11-17 14:30:00,61.790000915527344
2017-11-17 15:30:00,61.7400016784668
2017-11-17 16:30:00,62.09000015258789
2017-11-17 17:30:00,62.06999969482422
2017-11-17 18:30:00,62.040000915527344
2017-11-17 19:30:00,61.9900016784668
2017-11-17 20:30:00,61.95500183105469
2017-11-20 14:30:00,61.52000045776367
2017-11-20 15:30:00,61.31999969482422
2017-11-20 16:30:00,61.209999084472656
2017-11-20 17:30:00,61.22999954223633
2017-11-20 18:30:00,61.540000915527344
2017-11-20 19:30:00,61.29999923706055
2017-11-20 20:30:00,61.43000030517578
2017-11-21 14:30:00,61.290000915527344
2017-11-21 15:30:00,61.119998931884766
2017-11-21 16:30:00,61.36000061035156
2017-11-21 17:30:00,61.459999084472656
2017-11-21 18:30:00,61.380001068115234
2017-11-21 19:30:00,61.29999923706055
2017-11-21 20:30:00,61.189998626708984
2017-11-22 14:30:00,62.34000015258789
2017-11-22 15:30:00,62.59000015258789
2017-11-22 16:30:00,62.5
2017-11-22 17:30:00,61.91999816894531
2017-11-22 18:30:00,62.20000076293945
2017-11-22 19:30:00,62.33000183105469
2017-11-22 20:30:00,62.119998931884766
2017-11-24 14:30:00,60.779998779296875
2017-11-24 15:30:00,61.25
2017-11-24 16:30:00,61.279998779296875
2017-11-24 18:00:00,61.125099182128906
2017-11-27 14:30:00,60.88999938964844
2017-11-27 15:30:00,61.08000183105469
2017-11-27 16:30:00,61.40999984741211
2017-11-27 17:30:00,61.2599983215332
2017-11-27 18:30:00,61.2400016784668
2017-11-27 19:30:00,61.43989944458008
2017-11-27 20:30:00,61.470001220703125
2017-11-28 14:30:00,60.83000183105469
2017-11-28 15:30:00,60.720001220703125
2017-11-28 16:30:00,61.04999923706055
2017-11-28 17:30:00,60.91999816894531
2017-11-28 18:30:00,61.2400016784668
2017-11-28 19:30:00,61.505001068115234
2017-11-28 20:30:00,61.439998626708984
2017-11-29 14:30:00,63.97999954223633
2017-11-29 15:30:00,64.2699966430664
2017-11-29 16:30:00,64.31999969482422
2017-11-29 17:30:00,63.630001068115234
2017-11-29 18:30:00,63.38999938964844
2017-11-29 19:30:00,62.185001373291016
2017-11-29 20:30:00,62.86000061035156
2017-11-30 14:30:00,63.279998779296875
2017-11-30 15:30:00,63.55500030517578
2017-11-30 16:30:00,64.11000061035156
2017-11-30 17:30:00,64.17500305175781
2017-11-30 18:30:00,64.41000366210938
2017-11-30 19:30:00,64.69000244140625
2017-11-30 20:30:00,65.19000244140625
2017-12-01 14:30:00,64.2300033569336
2017-12-01 15:30:00,63.84000015258789
2017-12-01 16:30:00,64.27239990234375
2017-12-01 17:30:00,64.58999633789062
2017-12-01 18:30:00,64.20999908447266
2017-12-01 19:30:00,64.3550033569336
2017-12-01 20:30:00,64.41999816894531
2017-12-04 14:30:00,67.97470092773438
2017-12-04 15:30:00,67.9000015258789
2017-12-04 16:30:00,67.33670043945312
2017-12-04 17:30:00,67.22000122070312
2017-12-04 18:30:00,67.5199966430664
2017-12-04 19:30:00,68.11000061035156
2017-12-04 20:30:00,68.16000366210938
2017-12-05 14:30:00,67.30999755859375
2017-12-05 15:30:00,66.9800033569336
2017-12-05 16:30:00,67.52999877929688
2017-12-05 17:30:00,67.73999786376953
2017-12-05 18:30:00,67.87999725341797
2017-12-05 19:30:00,68.0
2017-12-05 20:30:00,67.8499984741211
2017-12-06 14:30:00,68.1449966430664
2017-12-06 15:30:00,68.01000213623047
2017-12-06 16:30:00,68.20999908447266
2017-12-06 17:30:00,68.69999694824219
2017-12-06 18:30:00,68.61000061035156
2017-12-06 19:30:00,68.58000183105469
2017-12-06 20:30:00,68.58000183105469
2017-12-07 14:30:00,67.92500305175781
2017-12-07 15:30:00,67.83999633789062
2017-12-07 16:30:00,67.7699966430664
2017-12-07 17:30:00,67.7300033569336
2017-12-07 18:30:00,67.75
2017-12-07 19:30:00,67.58000183105469
2017-12-07 20:30:00,67.41999816894531
2017-12-08 14:30:00,68.33999633789062
2017-12-08 15:30:00,68.36000061035156
2017-12-08 16:30:00,68.63999938964844
2017-12-08 17:30:00,68.16500091552734
2017-12-08 18:30:00,68.12999725341797
2017-12-08 19:30:00,68.0
2017-12-08 20:30:00,68.1500015258789
2017-12-11 14:30:00,67.7699966430664
2017-12-11 15:30:00,68.01000213623047
2017-12-11 16:30:00,68.05500030517578
2017-12-11 17:30:00,68.4800033569336
2017-12-11 18:30:00,68.45999908447266
2017-12-11 19:30:00,68.2699966430664
2017-12-11 20:30:00,68.37999725341797
2017-12-12 14:30:00,68.31999969482422
2017-12-12 15:30:00,68.06999969482422
2017-12-12 16:30:00,68.02999877929688
2017-12-12 17:30:00,68.56999969482422
2017-12-12 18:30:00,68.5999984741211
2017-12-12 19:30:00,68.53500366210938
2017-12-12 20:30:00,68.56999969482422
2017-12-13 14:30:00,68.42500305175781
2017-12-13 15:30:00,68.3499984741211
2017-12-13 16:30:00,68.69080352783203
2017-12-13 17:30:00,68.94000244140625
2017-12-13 18:30:00,69.06999969482422
2017-12-13 19:30:00,68.66500091552734
2017-12-13 20:30:00,68.56999969482422
2017-12-14 14:30:00,69.8290023803711
2017-12-14 15:30:00,70.33000183105469
2017-12-14 16:30:00,70.02999877929688
2017-12-14 17:30:00,69.88999938964844
2017-12-14 18:30:00,69.38999938964844
2017-12-14 19:30:00,69.1500015258789
2017-12-14 20:30:00,69.01000213623047
2017-12-15 14:30:00,72.0199966430664
2017-12-15 15:30:00,70.80999755859375
2017-12-15 16:30:00,71.55999755859375
2017-12-15 17:30:00,71.36000061035156
2017-12-15 18:30:00,71.56999969482422
2017-12-15 19:30:00,71.51000213623047
2017-12-15 20:30:00,71.43000030517578
2017-12-18 14:30:00,72.61000061035156
2017-12-18 15:30:00,72.97000122070312
2017-12-18 16:30:00,72.8364028930664
2017-12-18 17:30:00,72.88999938964844
2017-12-18 18:30:00,73.16000366210938
2017-12-18 19:30:00,73.37000274658203
2017-12-18 20:30:00,73.41500091552734
2017-12-19 14:30:00,74.20999908447266
2017-12-19 15:30:00,74.25
2017-12-19 16:30:00,74.51000213623047
2017-12-19 17:30:00,74.05999755859375
2017-12-19 18:30:00,73.8499984741211
2017-12-19 19:30:00,73.8499984741211
2017-12-19 20:30:00,73.66999816894531
2017-12-20 14:30:00,74.36000061035156
2017-12-20 15:30:00,74.12989807128906
2017-12-20 16:30:00,74.04000091552734
2017-12-20 17:30:00,74.20999908447266
2017-12-20 18:30:00,74.20999908447266
2017-12-20 19:30:00,74.22000122070312
2017-12-20 20:30:00,73.98999786376953
2017-12-21 14:30:00,74.0199966430664
2017-12-21 15:30:00,74.3499984741211
2017-12-21 16:30:00,74.33000183105469
2017-12-21 17:30:00,74.51000213623047
2017-12-21 18:30:00,74.5999984741211
2017-12-21 19:30:00,74.6500015258789
2017-12-21 20:30:00,74.45999908447266
2017-12-22 14:30:00,74.37999725341797
2017-12-22 15:30:00,74.28500366210938
2017-12-22 16:30:00,74.29000091552734
2017-12-22 17:30:00,74.23999786376953
2017-12-22 18:30:00,74.40989685058594
2017-12-22 19:30:00,74.55999755859375
2017-12-22 20:30:00,74.52999877929688
2017-12-26 14:30:00,75.55999755859375
2017-12-26 15:30:00,75.27999877929688
2017-12-26 16:30:00,75.5199966430664
2017-12-26 17:30:00,75.02130126953125
2017-12-26 18:30:00,74.97000122070312
2017-12-26 19:30:00,75.18499755859375
2017-12-26 20:30:00,74.98999786376953
2017-12-27 14:30:00,75.05000305175781
2017-12-27 15:30:00,74.98999786376953
2017-12-27 16:30:00,74.94999694824219
2017-12-27 17:30:00,74.97000122070312
2017-12-27 18:30:00,75.01000213623047
2017-12-27 19:30:00,74.9000015258789
2017-12-27 20:30:00,74.87000274658203
2017-12-28 14:30:00,74.91000366210938
2017-12-28 15:30:00,74.81999969482422
2017-12-28 16:30:00,74.77999877929688
2017-12-28 17:30:00,74.7300033569336
2017-12-28 18:30:00,74.77999877929688
2017-12-28 19:30:00,74.86000061035156
2017-12-28 20:30:00,74.97000122070312
2017-12-29 14:30:00,74.98829650878906
2017-12-29 15:30:00,75.08809661865234
2017-12-29 16:30:00,74.88999938964844
2017-12-29 17:30:00,74.94000244140625
2017-12-29 18:30:00,74.91999816894531
2017-12-29 19:30:00,74.9800033569336
2017-12-29 20:30:00,74.6500015258789
2018-01-02 14:30:00,75.87999725341797
2018-01-02 15:30:00,75.64730072021484
2018-01-02 16:30:00,75.41010284423828
2018-01-02 17:30:00,75.30500030517578
2018-01-02 18:30:00,75.19000244140625
2018-01-02 19:30:00,75.23999786376953
2018-01-02 20:30:00,75.22000122070312
2018-01-03 14:30:00,75.54499816894531
2018-01-03 15:30:00,75.62000274658203
2018-01-03 16:30:00,75.40499877929688
2018-01-03 17:30:00,75.52999877929688
2018-01-03 18:30:00,75.52010345458984
2018-01-03 19:30:00,75.66000366210938
2018-01-03 20:30:00,75.62999725341797
2018-01-04 14:30:00,75.58499908447266
2018-01-04 15:30:00,75.33000183105469
2018-01-04 16:30:00,75.83000183105469
2018-01-04 17:30:00,76.08999633789062
2018-01-04 18:30:00,75.9000015258789
2018-01-04 19:30:00,76.13500213623047
2018-01-04 20:30:00,76.06999969482422
2018-01-05 14:30:00,75.44999694824219
2018-01-05 15:30:00,75.36000061035156
2018-01-05 16:30:00,75.30000305175781
2018-01-05 17:30:00,75.45999908447266
2018-01-05 18:30:00,75.62999725341797
2018-01-05 19:30:00,75.87000274658203
2018-01-05 20:30:00,75.98999786376953
2018-01-08 14:30:00,75.58000183105469
2018-01-08 15:30:00,75.5999984741211
2018-01-08 16:30:00,75.80999755859375
2018-01-08 17:30:00,76.27999877929688
2018-01-08 18:30:00,76.16999816894531
2018-01-08 19:30:00,76.37999725341797
2018-01-08 20:30:00,76.55000305175781
2018-01-09 14:30:00,77.45999908447266
2018-01-09 15:30:00,77.83000183105469
2018-01-09 16:30:00,78.26000213623047
2018-01-09 17:30:00,78.62999725341797
2018-01-09 18:30:00,79.30000305175781
2018-01-09 19:30:00,79.83000183105469
2018-01-09 20:30:00,79.91000366210938
2018-01-10 14:30:00,79.54000091552734
2018-01-10 15:30:00,80.15499877929688
2018-01-10 16:30:00,80.06999969482422
2018-01-10 17:30:00,80.5199966430664
2018-01-10 18:30:00,80.0199966430664
2018-01-10 19:30:00,80.27999877929688
2018-01-10 20:30:00,80.36000061035156
2018-01-11 14:30:00,80.44999694824219
2018-01-11 15:30:00,80.24500274658203
2018-01-11 16:30:00,80.38500213623047
2018-01-11 17:30:00,80.33000183105469
2018-01-11 18:30:00,80.25
2018-01-11 19:30:00,80.02999877929688
2018-01-11 20:30:00,80.0999984741211
2018-01-12 14:30:00,81.08000183105469
2018-01-12 15:30:00,81.0199966430664
2018-01-12 16:30:00,81.4000015258789
2018-01-12 17:30:00,81.19999694824219
2018-01-12 18:30:00,80.97000122070312
2018-01-12 19:30:00,80.94000244140625
2018-01-12 20:30:00,80.83000183105469
2018-01-16 14:30:00,80.45999908447266
2018-01-16 15:30:00,80.41999816894531
2018-01-16 16:30:00,80.3499984741211
2018-01-16 17:30:00,80.26000213623047
2018-01-16 18:30:00,80.33999633789062
2018-01-16 19:30:00,80.37999725341797
2018-01-16 20:30:00,80.41000366210938
2018-01-17 14:30:00,80.86000061035156
2018-01-17 15:30:00,80.51000213623047
2018-01-17 16:30:00,80.87999725341797
2018-01-17 17:30:00,80.88500213623047
2018-01-17 18:30:00,80.91000366210938
2018-01-17 19:30:00,80.76000213623047
2018-01-17 20:30:00,80.7699966430664
2018-01-18 14:30:00,80.2074966430664
2018-01-18 15:30:00,80.05000305175781
2018-01-18 16:30:00,80.06999969482422
2018-01-18 17:30:00,79.99500274658203
2018-01-18 18:30:00,80.08999633789062
2018-01-18 19:30:00,80.01000213623047
2018-01-18 20:30:00,80.0
2018-01-19 14:30:00,79.93000030517578
2018-01-19 15:30:00,79.99500274658203
2018-01-19 16:30:00,79.98999786376953
2018-01-19 17:30:00,80.08000183105469
2018-01-19 18:30:00,80.05000305175781
2018-01-19 19:30:00,80.1500015258789
2018-01-19 20:30:00,80.2300033569336
2018-01-22 14:30:00,80.5
2018-01-22 15:30:00,80.5999984741211
2018-01-22 16:30:00,80.86000061035156
2018-01-22 17:30:00,80.98999786376953
2018-01-22 18:30:00,81.13999938964844
2018-01-22 19:30:00,80.9800033569336
2018-01-22 20:30:00,81.12000274658203
2018-01-23 14:30:00,81.16000366210938
2018-01-23 15:30:00,81.05000305175781
2018-01-23 16:30:00,81.05000305175781
2018-01-23 17:30:00,81.16000366210938
2018-01-23 18:30:00,81.4000015258789
2018-01-23 19:30:00,81.33000183105469
2018-01-23 20:30:00,81.1500015258789
2018-01-24 14:30:00,81.48999786376953
2018-01-24 15:30:00,81.12999725341797
2018-01-24 16:30:00,81.12999725341797
2018-01-24 17:30:00,81.02999877929688
2018-01-24 18:30:00,81.01000213623047
2018-01-24 19:30:00,81.01000213623047
2018-01-24 20:30:00,80.97000122070312
2018-01-25 14:30:00,80.8499984741211
2018-01-25 15:30:00,80.72000122070312
2018-01-25 16:30:00,80.97000122070312
2018-01-25 17:30:00,80.9000015258789
2018-01-25 18:30:00,80.87000274658203
2018-01-25 19:30:00,80.91999816894531
2018-01-25 20:30:00,80.81999969482422
2018-01-26 14:30:00,80.92500305175781
2018-01-26 15:30:00,81.0
2018-01-26 16:30:00,81.36499786376953
2018-01-26 17:30:00,81.33000183105469
2018-01-26 18:30:00,81.06999969482422
2018-01-26 19:30:00,81.0999984741211
2018-01-26 20:30:00,81.23999786376953
2018-01-29 14:30:00,82.30000305175781
2018-01-29 15:30:00,83.2300033569336
2018-01-29 16:30:00,83.33999633789062
2018-01-29 17:30:00,83.0999984741211
2018-01-29 18:30:00,82.66000366210938
2018-01-29 19:30:00,82.11000061035156
2018-01-29 20:30:00,81.91000366210938
2018-01-30 14:30:00,74.92500305175781
2018-01-30 15:30:00,76.88999938964844
2018-01-30 16:30:00,76.86000061035156
2018-01-30 17:30:00,77.20999908447266
2018-01-30 18:30:00,78.83000183105469
2018-01-30 19:30:00,79.0199966430664
2018-01-30 20:30:00,79.30000305175781
2018-01-31 14:30:00,79.19000244140625
2018-01-31 15:30:00,79.04000091552734
2018-01-31 16:30:00,79.2699966430664
2018-01-31 17:30:00,79.1500015258789
2018-01-31 18:30:00,79.01010131835938
2018-01-31 19:30:00,78.7699966430664
2018-01-31 20:30:00,79.19999694824219
2018-02-01 14:30:00,77.95999908447266
2018-02-01 15:30:00,77.91000366210938
2018-02-01 16:30:00,77.87999725341797
2018-02-01 17:30:00,78.01000213623047
2018-02-01 18:30:00,78.15899658203125
2018-02-01 19:30:00,77.92970275878906
2018-02-01 20:30:00,78.11000061035156
2018-02-02 14:30:00,77.69999694824219
2018-02-02 15:30:00,77.61519622802734
2018-02-02 16:30:00,77.54499816894531
2018-02-02 17:30:00,77.2300033569336
2018-02-02 18:30:00,76.61499786376953
2018-02-02 19:30:00,76.61000061035156
2018-02-02 20:30:00,76.5
2018-02-05 14:30:00,76.82499694824219
2018-02-05 15:30:00,77.04000091552734
2018-02-05 16:30:00,76.66999816894531
2018-02-05 17:30:00,76.5
2018-02-05 18:30:00,76.3499984741211
2018-02-05 19:30:00,76.02999877929688
2018-02-05 20:30:00,74.51000213623047
2018-02-06 14:30:00,74.91000366210938
2018-02-06 15:30:00,74.5999984741211
2018-02-06 16:30:00,75.41000366210938
2018-02-06 17:30:00,75.16999816894531
2018-02-06 18:30:00,74.43000030517578
2018-02-06 19:30:00,75.75
2018-02-06 20:30:00,75.94999694824219
2018-02-07 14:30:00,75.83000183105469
2018-02-07 15:30:00,75.87000274658203
2018-02-07 16:30:00,76.16999816894531
2018-02-07 17:30:00,75.77999877929688
2018-02-07 18:30:00,75.69000244140625
2018-02-07 19:30:00,75.44999694824219
2018-02-07 20:30:00,74.94000244140625
2018-02-08 14:30:00,75.25
2018-02-08 15:30:00,74.5374984741211
2018-02-08 16:30:00,74.56999969482422
2018-02-08 17:30:00,74.6500015258789
2018-02-08 18:30:00,74.91999816894531
2018-02-08 19:30:00,74.77999877929688
2018-02-08 20:30:00,73.33999633789062
2018-02-09 14:30:00,71.55000305175781
2018-02-09 15:30:00,71.05999755859375
2018-02-09 16:30:00,69.19999694824219
2018-02-09 17:30:00,69.2300033569336
2018-02-09 18:30:00,70.25
2018-02-09 19:30:00,70.6500015258789
2018-02-09 20:30:00,71.70999908447266
2018-02-12 14:30:00,72.47000122070312
2018-02-12 15:30:00,72.83000183105469
2018-02-12 16:30:00,73.44999694824219
2018-02-12 17:30:00,73.08999633789062
2018-02-12 18:30:00,73.16000366210938
2018-02-12 19:30:00,73.2300033569336
2018-02-12 20:30:00,72.9000015258789
2018-02-13 14:30:00,73.01000213623047
2018-02-13 15:30:00,73.52999877929688
2018-02-13 16:30:00,73.4800033569336
2018-02-13 17:30:00,73.83999633789062
2018-02-13 18:30:00,73.62999725341797
2018-02-13 19:30:00,73.61000061035156
2018-02-13 20:30:00,73.62000274658203
2018-02-14 14:30:00,73.68000030517578
2018-02-14 15:30:00,73.88999938964844
2018-02-14 16:30:00,73.97000122070312
2018-02-14 17:30:00,74.2699966430664
2018-02-14 18:30:00,74.5199966430664
2018-02-14 19:30:00,74.86000061035156
2018-02-14 20:30:00,74.93000030517578
2018-02-15 14:30:00,74.98999786376953
2018-02-15 15:30:00,74.80500030517578
2018-02-15 16:30:00,74.61000061035156
2018-02-15 17:30:00,74.5999984741211
2018-02-15 18:30:00,74.5199966430664
2018-02-15 19:30:00,74.44000244140625
2018-02-15 20:30:00,74.06999969482422
2018-02-16 14:30:00,74.68000030517578
2018-02-16 15:30:00,74.76000213623047
2018-02-16 16:30:00,75.41000366210938
2018-02-16 17:30:00,75.08999633789062
2018-02-16 18:30:00,74.8499984741211
2018-02-16 19:30:00,75.33999633789062
2018-02-16 20:30:00,75.22000122070312
2018-02-20 14:30:00,75.29000091552734
2018-02-20 15:30:00,76.13999938964844
2018-02-20 16:30:00,76.21099853515625
2018-02-20 17:30:00,76.01000213623047
2018-02-20 18:30:00,75.98999786376953
2018-02-20 19:30:00,75.91000366210938
2018-02-20 20:30:00,76.05000305175781
2018-02-21 14:30:00,76.48999786376953
2018-02-21 15:30:00,76.93000030517578
2018-02-21 16:30:00,76.48999786376953
2018-02-21 17:30:00,76.54000091552734
2018-02-21 18:30:00,77.0
2018-02-21 19:30:00,76.61000061035156
2018-02-21 20:30:00,75.83000183105469
2018-02-22 14:30:00,76.02999877929688
2018-02-22 15:30:00,75.88999938964844
2018-02-22 16:30:00,75.62999725341797
2018-02-22 17:30:00,75.08000183105469
2018-02-22 18:30:00,75.19999694824219
2018-02-22 19:30:00,74.94000244140625
2018-02-22 20:30:00,74.7300033569336
2018-02-23 14:30:00,75.0250015258789
2018-02-23 15:30:00,75.06999969482422
2018-02-23 16:30:00,75.55000305175781
2018-02-23 17:30:00,75.94999694824219
2018-02-23 18:30:00,76.0199966430664
2018-02-23 19:30:00,76.94000244140625
2018-02-23 20:30:00,77.01000213623047
2018-02-26 14:30:00,76.97000122070312
2018-02-26 15:30:00,77.43900299072266
2018-02-26 16:30:00,77.72000122070312
2018-02-26 17:30:00,77.80000305175781
2018-02-26 18:30:00,77.86000061035156
2018-02-26 19:30:00,77.75
2018-02-26 20:30:00,77.66000366210938
2018-02-27 14:30:00,78.18000030517578
2018-02-27 15:30:00,77.86000061035156
2018-02-27 16:30:00,78.7300033569336
2018-02-27 17:30:00,79.0999984741211
2018-02-27 18:30:00,78.3499984741211
2018-02-27 19:30:00,78.48999786376953
2018-02-27 20:30:00,78.63999938964844
2018-02-28 14:30:00,77.0
2018-02-28 15:30:00,77.04499816894531
2018-02-28 16:30:00,76.26000213623047
2018-02-28 17:30:00,76.16500091552734
2018-02-28 18:30:00,76.44000244140625
2018-02-28 19:30:00,76.25
2018-02-28 20:30:00,75.41999816894531
2018-03-01 14:30:00,75.26000213623047
2018-03-01 15:30:00,75.78500366210938
2018-03-01 16:30:00,75.30999755859375
2018-03-01 17:30:00,74.5199966430664
2018-03-01 18:30:00,74.06999969482422
2018-03-01 19:30:00,73.98999786376953
2018-03-01 20:30:00,74.05000305175781
2018-03-02 14:30:00,74.1500015258789
2018-03-02 15:30:00,74.55500030517578
2018-03-02 16:30:00,75.05000305175781
2018-03-02 17:30:00,74.70999908447266
2018-03-02 18:30:00,74.95999908447266
2018-03-02 19:30:00,74.22000122070312
2018-03-02 20:30:00,74.76000213623047
2018-03-05 14:30:00,74.61000061035156
2018-03-05 15:30:00,74.94000244140625
2018-03-05 16:30:00,75.26000213623047
2018-03-05 17:30:00,75.5
2018-03-05 18:30:00,74.80000305175781
2018-03-05 19:30:00,75.05999755859375
2018-03-05 20:30:00,74.75
2018-03-06 14:30:00,75.11000061035156
2018-03-06 15:30:00,74.47000122070312
2018-03-06 16:30:00,74.4800033569336
2018-03-06 17:30:00,74.58999633789062
2018-03-06 18:30:00,74.19999694824219
2018-03-06 19:30:00,74.63999938964844
2018-03-06 20:30:00,74.58000183105469
2018-03-07 14:30:00,73.86000061035156
2018-03-07 15:30:00,73.93000030517578
2018-03-07 16:30:00,72.8499984741211
2018-03-07 17:30:00,72.86000061035156
2018-03-07 18:30:00,72.95999908447266
2018-03-07 19:30:00,73.02999877929688
2018-03-07 20:30:00,73.41000366210938
2018-03-08 14:30:00,81.54499816894531
2018-03-08 15:30:00,81.55000305175781
2018-03-08 16:30:00,80.16500091552734
2018-03-08 17:30:00,79.81999969482422
2018-03-08 18:30:00,79.69000244140625
2018-03-08 19:30:00,79.47000122070312
2018-03-08 20:30:00,79.72000122070312
2018-03-09 14:30:00,80.01000213623047
2018-03-09 15:30:00,80.52999877929688
2018-03-09 16:30:00,80.69000244140625
2018-03-09 17:30:00,80.7750015258789
2018-03-09 18:30:00,80.5354995727539
2018-03-09 19:30:00,81.06500244140625
2018-03-09 20:30:00,80.73999786376953
2018-03-12 13:30:00,79.67500305175781
2018-03-12 14:30:00,79.17500305175781
2018-03-12 15:30:00,79.30000305175781
2018-03-12 16:30:00,78.97000122070312
2018-03-12 17:30:00,78.76000213623047
2018-03-12 18:30:00,78.62999725341797
2018-03-12 19:30:00,78.26000213623047
2018-03-13 13:30:00,77.69999694824219
2018-03-13 14:30:00,77.66000366210938
2018-03-13 15:30:00,77.44999694824219
2018-03-13 16:30:00,77.2300033569336
2018-03-13 17:30:00,77.27999877929688
2018-03-13 18:30:00,76.8499984741211
2018-03-13 19:30:00,77.0199966430664
2018-03-14 13:30:00,76.6500015258789
2018-03-14 14:30:00,76.19000244140625
2018-03-14 15:30:00,76.83000183105469
2018-03-14 16:30:00,76.55000305175781
2018-03-14 17:30:00,76.76000213623047
2018-03-14 18:30:00,76.70999908447266
2018-03-14 19:30:00,76.7300033569336
2018-03-15 13:30:00,76.68499755859375
2018-03-15 14:30:00,76.94000244140625
2018-03-15 15:30:00,76.87999725341797
2018-03-15 16:30:00,76.80000305175781
2018-03-15 17:30:00,76.1500015258789
2018-03-15 18:30:00,76.37000274658203
2018-03-15 19:30:00,76.3499984741211
2018-03-16 13:30:00,76.33000183105469
2018-03-16 14:30:00,76.41999816894531
2018-03-16 15:30:00,76.27999877929688
2018-03-16 16:30:00,76.31500244140625
2018-03-16 17:30:00,76.33999633789062
2018-03-16 18:30:00,76.29000091552734
2018-03-16 19:30:00,75.9800033569336
2018-03-19 13:30:00,74.33000183105469
2018-03-19 14:30:00,74.12999725341797
2018-03-19 15:30:00,73.19999694824219
2018-03-19 16:30:00,73.45999908447266
2018-03-19 17:30:00,73.55000305175781
2018-03-19 18:30:00,73.22000122070312
2018-03-19 19:30:00,72.98999786376953
2018-03-20 13:30:00,73.20999908447266
2018-03-20 14:30:00,72.81500244140625
2018-03-20 15:30:00,72.81999969482422
2018-03-20 16:30:00,72.4000015258789
2018-03-20 17:30:00,72.56999969482422
2018-03-20 18:30:00,72.58999633789062
2018-03-20 19:30:00,72.41000366210938
2018-03-21 13:30:00,72.45999908447266
2018-03-21 14:30:00,72.3499984741211
2018-03-21 15:30:00,72.48999786376953
2018-03-21 16:30:00,72.47000122070312
2018-03-21 17:30:00,72.4800033569336
2018-03-21 18:30:00,72.33000183105469
2018-03-21 19:30:00,71.79000091552734
2018-03-22 13:30:00,71.6321029663086
2018-03-22 14:30:00,71.66000366210938
2018-03-22 15:30:00,71.44450378417969
2018-03-22 16:30:00,71.44999694824219
2018-03-22 17:30:00,71.2699966430664
2018-03-22 18:30:00,71.0
2018-03-22 19:30:00,70.45999908447266
2018-03-23 13:30:00,70.25
2018-03-23 14:30:00,70.23999786376953
2018-03-23 15:30:00,70.43499755859375
2018-03-23 16:30:00,70.55999755859375
2018-03-23 17:30:00,70.41999816894531
2018-03-23 18:30:00,70.11000061035156
2018-03-23 19:30:00,70.0999984741211
2018-03-26 13:30:00,69.87000274658203
2018-03-26 14:30:00,69.44999694824219
2018-03-26 15:30:00,69.96499633789062
2018-03-26 16:30:00,70.19000244140625
2018-03-26 17:30:00,70.11000061035156
2018-03-26 18:30:00,70.69000244140625
2018-03-26 19:30:00,71.69999694824219
2018-03-27 13:30:00,71.77999877929688
2018-03-27 14:30:00,71.62999725341797
2018-03-27 15:30:00,71.62999725341797
2018-03-27 16:30:00,71.5999984741211
2018-03-27 17:30:00,71.32499694824219
2018-03-27 18:30:00,70.30000305175781
2018-03-27 19:30:00,70.4000015258789
2018-03-28 13:30:00,70.4625015258789
2018-03-28 14:30:00,69.94000244140625
2018-03-28 15:30:00,70.16000366210938
2018-03-28 16:30:00,70.20999908447266
2018-03-28 17:30:00,70.1500015258789
2018-03-28 18:30:00,69.80999755859375
2018-03-28 19:30:00,69.70999908447266
2018-03-29 13:30:00,69.37999725341797
2018-03-29 14:30:00,69.73999786376953
2018-03-29 15:30:00,69.31999969482422
2018-03-29 16:30:00,69.12000274658203
2018-03-29 17:30:00,69.58999633789062
2018-03-29 18:30:00,69.44000244140625
2018-03-29 19:30:00,69.08999633789062
2018-04-02 13:30:00,67.76000213623047
2018-04-02 14:30:00,67.76000213623047
2018-04-02 15:30:00,67.44000244140625
2018-04-02 16:30:00,67.80999755859375
2018-04-02 17:30:00,67.23999786376953
2018-04-02 18:30:00,67.19000244140625
2018-04-02 19:30:00,67.86000061035156
2018-04-03 13:30:00,68.13999938964844
2018-04-03 14:30:00,68.63999938964844
2018-04-03 15:30:00,68.56670379638672
2018-04-03 16:30:00,68.66000366210938
2018-04-03 17:30:00,68.61000061035156
2018-04-03 18:30:00,69.12000274658203
2018-04-03 19:30:00,68.98999786376953
2018-04-04 13:30:00,69.08999633789062
2018-04-04 14:30:00,68.98999786376953
2018-04-04 15:30:00,69.11000061035156
2018-04-04 16:30:00,68.95999908447266
2018-04-04 17:30:00,69.47000122070312
2018-04-04 18:30:00,70.53500366210938
2018-04-04 19:30:00,70.0199966430664
2018-04-05 13:30:00,69.58000183105469
2018-04-05 14:30:00,69.75
2018-04-05 15:30:00,69.5
2018-04-05 16:30:00,69.2699966430664
2018-04-05 17:30:00,69.25
2018-04-05 18:30:00,69.41000366210938
2018-04-05 19:30:00,69.19999694824219
2018-04-06 13:30:00,68.77999877929688
2018-04-06 14:30:00,68.75
2018-04-06 15:30:00,68.30000305175781
2018-04-06 16:30:00,68.37000274658203
2018-04-06 17:30:00,67.8499984741211
2018-04-06 18:30:00,67.73999786376953
2018-04-06 19:30:00,67.88999938964844
2018-04-09 13:30:00,68.44999694824219
2018-04-09 14:30:00,68.97000122070312
2018-04-09 15:30:00,68.69000244140625
2018-04-09 16:30:00,68.9000015258789
2018-04-09 17:30:00,68.83000183105469
2018-04-09 18:30:00,68.56999969482422
2018-04-09 19:30:00,68.06999969482422
2018-04-10 13:30:00,69.06500244140625
2018-04-10 14:30:00,68.97000122070312
2018-04-10 15:30:00,68.69999694824219
2018-04-10 16:30:00,69.27999877929688
2018-04-10 17:30:00,69.80000305175781
2018-04-10 18:30:00,69.99099731445312
2018-04-10 19:30:00,69.83000183105469
2018-04-11 13:30:00,69.5199966430664
2018-04-11 14:30:00,69.43000030517578
2018-04-11 15:30:00,69.70999908447266
2018-04-11 16:30:00,69.33000183105469
2018-04-11 17:30:00,69.26000213623047
2018-04-11 18:30:00,69.43000030517578
2018-04-11 19:30:00,69.72000122070312
2018-04-12 13:30:00,71.26000213623047
2018-04-12 14:30:00,72.08999633789062
2018-04-12 15:30:00,71.91999816894531
2018-04-12 16:30:00,71.41000366210938
2018-04-12 17:30:00,71.74500274658203
2018-04-12 18:30:00,71.9000015258789
2018-04-12 19:30:00,71.61000061035156
2018-04-13 13:30:00,72.0199966430664
2018-04-13 14:30:00,71.8196029663086
2018-04-13 15:30:00,71.91999816894531
2018-04-13 16:30:00,71.95999908447266
2018-04-13 17:30:00,71.76470184326172
2018-04-13 18:30:00,71.08999633789062
2018-04-13 19:30:00,71.62000274658203
2018-04-16 13:30:00,72.61000061035156
2018-04-16 14:30:00,72.25499725341797
2018-04-16 15:30:00,72.30000305175781
2018-04-16 16:30:00,72.73100280761719
2018-04-16 17:30:00,72.40380096435547
2018-04-16 18:30:00,72.2300033569336
2018-04-16 19:30:00,71.98999786376953
2018-04-17 13:30:00,72.55000305175781
2018-04-17 14:30:00,72.66500091552734
2018-04-17 15:30:00,72.94999694824219
2018-04-17 16:30:00,72.66000366210938
2018-04-17 17:30:00,72.38999938964844
2018-04-17 18:30:00,72.7300033569336
2018-04-17 19:30:00,72.51000213623047
2018-04-18 13:30:00,73.62999725341797
2018-04-18 14:30:00,74.29000091552734
2018-04-18 15:30:00,74.26000213623047
2018-04-18 16:30:00,74.73999786376953
2018-04-18 17:30:00,74.88999938964844
2018-04-18 18:30:00,74.87000274658203
2018-04-18 19:30:00,74.70999908447266
2018-04-19 13:30:00,74.19000244140625
2018-04-19 14:30:00,74.20999908447266
2018-04-19 15:30:00,74.01000213623047
2018-04-19 16:30:00,73.73999786376953
2018-04-19 17:30:00,73.78170013427734
2018-04-19 18:30:00,73.5
2018-04-19 19:30:00,73.76000213623047
2018-04-20 13:30:00,73.69999694824219
2018-04-20 14:30:00,73.05999755859375
2018-04-20 15:30:00,72.80000305175781
2018-04-20 16:30:00,72.66999816894531
2018-04-20 17:30:00,73.38999938964844
2018-04-20 18:30:00,73.3499984741211
2018-04-20 19:30:00,73.47000122070312
2018-04-23 13:30:00,74.5
2018-04-23 14:30:00,74.5999984741211
2018-04-23 15:30:00,75.38999938964844
2018-04-23 16:30:00,74.83999633789062
2018-04-23 17:30:00,74.47000122070312
2018-04-23 18:30:00,74.8499984741211
2018-04-23 19:30:00,75.05000305175781
2018-04-24 13:30:00,75.7300033569336
2018-04-24 14:30:00,75.87999725341797
2018-04-24 15:30:00,75.51000213623047
2018-04-24 16:30:00,75.29000091552734
2018-04-24 17:30:00,75.06999969482422
2018-04-24 18:30:00,75.37999725341797
2018-04-24 19:30:00,75.48999786376953
2018-04-25 13:30:00,75.58930206298828
2018-04-25 14:30:00,76.0999984741211
2018-04-25 15:30:00,76.0999984741211
2018-04-25 16:30:00,76.12000274658203
2018-04-25 17:30:00,76.13999938964844
2018-04-25 18:30:00,76.62000274658203
2018-04-25 19:30:00,76.52999877929688
2018-04-26 13:30:00,76.53500366210938
2018-04-26 14:30:00,76.47000122070312
2018-04-26 15:30:00,76.51000213623047
2018-04-26 16:30:00,76.88999938964844
2018-04-26 17:30:00,76.97000122070312
2018-04-26 18:30:00,76.83999633789062
2018-04-26 19:30:00,76.69999694824219
2018-04-27 13:30:00,77.1500015258789
2018-04-27 14:30:00,77.58000183105469
2018-04-27 15:30:00,77.48999786376953
2018-04-27 16:30:00,77.26000213623047
2018-04-27 17:30:00,77.33000183105469
2018-04-27 18:30:00,77.30000305175781
2018-04-27 19:30:00,77.22000122070312
2018-04-30 13:30:00,77.16999816894531
2018-04-30 14:30:00,76.98999786376953
2018-04-30 15:30:00,76.31999969482422
2018-04-30 16:30:00,75.6449966430664
2018-04-30 17:30:00,75.6500015258789
2018-04-30 18:30:00,75.47000122070312
2018-04-30 19:30:00,75.68000030517578
2018-05-01 13:30:00,74.83999633789062
2018-05-01 14:30:00,74.5999984741211
2018-05-01 15:30:00,75.09860229492188
2018-05-01 16:30:00,75.19000244140625
2018-05-01 17:30:00,75.4800033569336
2018-05-01 18:30:00,75.52999877929688
2018-05-01 19:30:00,75.86000061035156
2018-05-02 13:30:00,75.11000061035156
2018-05-02 14:30:00,75.63999938964844
2018-05-02 15:30:00,75.16000366210938
2018-05-02 16:30:00,75.2300033569336
2018-05-02 17:30:00,75.08999633789062
2018-05-02 18:30:00,74.51000213623047
2018-05-02 19:30:00,74.05000305175781
2018-05-03 13:30:00,72.1093978881836
2018-05-03 14:30:00,72.3499984741211
2018-05-03 15:30:00,72.51000213623047
2018-05-03 16:30:00,73.20549774169922
2018-05-03 17:30:00,73.55999755859375
2018-05-03 18:30:00,71.81999969482422
2018-05-03 19:30:00,72.19000244140625
2018-05-04 13:30:00,71.69999694824219
2018-05-04 14:30:00,71.76069641113281
2018-05-04 15:30:00,71.73999786376953
2018-05-04 16:30:00,71.62999725341797
2018-05-04 17:30:00,71.41500091552734
2018-05-04 18:30:00,71.48999786376953
2018-05-04 19:30:00,69.30999755859375
2018-05-07 13:30:00,69.97000122070312
2018-05-07 14:30:00,69.38999938964844
2018-05-07 15:30:00,69.31500244140625
2018-05-07 16:30:00,69.4800033569336
2018-05-07 17:30:00,69.47000122070312
2018-05-07 18:30:00,69.4800033569336
2018-05-07 19:30:00,69.69999694824219
2018-05-08 13:30:00,68.94000244140625
2018-05-08 14:30:00,68.68000030517578
2018-05-08 15:30:00,68.30010223388672
2018-05-08 16:30:00,68.375
2018-05-08 17:30:00,68.18000030517578
2018-05-08 18:30:00,68.20999908447266
2018-05-08 19:30:00,68.13999938964844
2018-05-09 13:30:00,67.83999633789062
2018-05-09 14:30:00,67.5999984741211
2018-05-09 15:30:00,67.5
2018-05-09 16:30:00,68.58000183105469
2018-05-09 17:30:00,69.05999755859375
2018-05-09 18:30:00,68.95999908447266
2018-05-09 19:30:00,68.63999938964844
2018-05-10 13:30:00,70.87999725341797
2018-05-10 14:30:00,71.3499984741211
2018-05-10 15:30:00,70.77999877929688
2018-05-10 16:30:00,71.19000244140625
2018-05-10 17:30:00,70.66999816894531
2018-05-10 18:30:00,70.45999908447266
2018-05-10 19:30:00,71.01000213623047
2018-05-11 13:30:00,71.44000244140625
2018-05-11 14:30:00,71.26000213623047
2018-05-11 15:30:00,71.4800033569336
2018-05-11 16:30:00,71.04049682617188
2018-05-11 17:30:00,72.97000122070312
2018-05-11 18:30:00,73.58000183105469
2018-05-11 19:30:00,72.81999969482422
2018-05-14 13:30:00,73.68000030517578
2018-05-14 14:30:00,73.51000213623047
2018-05-14 15:30:00,73.75
2018-05-14 16:30:00,73.63999938964844
2018-05-14 17:30:00,73.63999938964844
2018-05-14 18:30:00,73.6500015258789
2018-05-14 19:30:00,73.69999694824219
2018-05-15 13:30:00,73.51000213623047
2018-05-15 14:30:00,73.49220275878906
2018-05-15 15:30:00,73.30999755859375
2018-05-15 16:30:00,73.30999755859375
2018-05-15 17:30:00,73.23999786376953
2018-05-15 18:30:00,73.02999877929688
2018-05-15 19:30:00,73.27999877929688
2018-05-16 13:30:00,73.3499984741211
2018-05-16 14:30:00,73.4749984741211
2018-05-16 15:30:00,73.66999816894531
2018-05-16 16:30:00,73.9198989868164
2018-05-16 17:30:00,73.80999755859375
2018-05-16 18:30:00,73.69000244140625
2018-05-16 19:30:00,73.75
2018-05-17 13:30:00,74.56999969482422
2018-05-17 14:30:00,76.12750244140625
2018-05-17 15:30:00,76.01000213623047
2018-05-17 16:30:00,75.75
2018-05-17 17:30:00,75.69000244140625
2018-05-17 18:30:00,76.00479888916016
2018-05-17 19:30:00,76.37999725341797
2018-05-18 13:30:00,75.62999725341797
2018-05-18 14:30:00,76.19000244140625
2018-05-18 15:30:00,76.27999877929688
2018-05-18 16:30:00,76.04000091552734
2018-05-18 17:30:00,76.05000305175781
2018-05-18 18:30:00,75.90499877929688
2018-05-18 19:30:00,75.63999938964844
2018-05-21 13:30:00,76.18000030517578
2018-05-21 14:30:00,76.12000274658203
2018-05-21 15:30:00,76.3499984741211
2018-05-21 16:30:00,76.37999725341797
2018-05-21 17:30:00,76.5
2018-05-21 18:30:00,76.06999969482422
2018-05-21 19:30:00,76.51000213623047
2018-05-22 13:30:00,77.81500244140625
2018-05-22 14:30:00,77.91000366210938
2018-05-22 15:30:00,78.02749633789062
2018-05-22 16:30:00,78.03700256347656
2018-05-22 17:30:00,77.91000366210938
2018-05-22 18:30:00,77.88999938964844
2018-05-22 19:30:00,77.75
2018-05-23 13:30:00,76.98999786376953
2018-05-23 14:30:00,76.5999984741211
2018-05-23 15:30:00,76.56999969482422
2018-05-23 16:30:00,76.66000366210938
2018-05-23 17:30:00,76.80000305175781
2018-05-23 18:30:00,76.9010009765625
2018-05-23 19:30:00,77.0199966430664
2018-05-24 13:30:00,75.88999938964844
2018-05-24 14:30:00,76.0199966430664
2018-05-24 15:30:00,76.3499984741211
2018-05-24 16:30:00,76.54000091552734
2018-05-24 17:30:00,76.72000122070312
2018-05-24 18:30:00,76.73999786376953
2018-05-24 19:30:00,76.83000183105469
2018-05-25 13:30:00,77.31999969482422
2018-05-25 14:30:00,77.30999755859375
2018-05-25 15:30:00,77.27999877929688
2018-05-25 16:30:00,77.06999969482422
2018-05-25 17:30:00,77.11000061035156
2018-05-25 18:30:00,77.1500015258789
2018-05-25 19:30:00,77.02999877929688
2018-05-29 13:30:00,76.5
2018-05-29 14:30:00,76.12000274658203
2018-05-29 15:30:00,75.89009857177734
2018-05-29 16:30:00,75.89800262451172
2018-05-29 17:30:00,75.94000244140625
2018-05-29 18:30:00,75.7699966430664
2018-05-29 19:30:00,76.0999984741211
2018-05-30 13:30:00,76.5199966430664
2018-05-30 14:30:00,76.55999755859375
2018-05-30 15:30:00,77.12000274658203
2018-05-30 16:30:00,77.06999969482422
2018-05-30 17:30:00,77.24500274658203
2018-05-30 18:30:00,76.68000030517578
2018-05-30 19:30:00,76.1500015258789
2018-05-31 13:30:00,76.06400299072266
2018-05-31 14:30:00,75.82499694824219
2018-05-31 15:30:00,75.77030181884766
2018-05-31 16:30:00,75.54000091552734
2018-05-31 17:30:00,75.27999877929688
2018-05-31 18:30:00,75.56999969482422
2018-05-31 19:30:00,76.73999786376953
2018-06-01 13:30:00,76.52999877929688
2018-06-01 14:30:00,76.04000091552734
2018-06-01 15:30:00,76.20999908447266
2018-06-01 16:30:00,76.73999786376953
2018-06-01 17:30:00,76.79000091552734
2018-06-01 18:30:00,77.08000183105469
2018-06-01 19:30:00,77.04000091552734
2018-06-04 13:30:00,76.58000183105469
2018-06-04 14:30:00,76.16000366210938
2018-06-04 15:30:00,76.0
2018-06-04 16:30:00,76.05999755859375
2018-06-04 17:30:00,75.31999969482422
2018-06-04 18:30:00,75.45999908447266
2018-06-04 19:30:00,75.55000305175781
2018-06-05 13:30:00,75.63999938964844
2018-06-05 14:30:00,75.04000091552734
2018-06-05 15:30:00,74.53500366210938
2018-06-05 16:30:00,75.13999938964844
2018-06-05 17:30:00,75.25
2018-06-05 18:30:00,75.12999725341797
2018-06-05 19:30:00,74.86000061035156
2018-06-06 13:30:00,75.43000030517578
2018-06-06 14:30:00,75.63999938964844
2018-06-06 15:30:00,75.80999755859375
2018-06-06 16:30:00,75.75
2018-06-06 17:30:00,76.2699966430664
2018-06-06 18:30:00,76.70999908447266
2018-06-06 19:30:00,76.5199966430664
2018-06-07 13:30:00,76.94000244140625
2018-06-07 14:30:00,77.33999633789062
2018-06-07 15:30:00,77.77999877929688
2018-06-07 16:30:00,77.65499877929688
2018-06-07 17:30:00,78.0
2018-06-07 18:30:00,77.95999908447266
2018-06-07 19:30:00,78.16000366210938
2018-06-08 13:30:00,78.2699966430664
2018-06-08 14:30:00,78.58999633789062
2018-06-08 15:30:00,78.37000274658203
2018-06-08 16:30:00,78.51000213623047
2018-06-08 17:30:00,78.52999877929688
2018-06-08 18:30:00,78.56999969482422
2018-06-08 19:30:00,78.41000366210938
2018-06-11 13:30:00,78.51000213623047
2018-06-11 14:30:00,78.73999786376953
2018-06-11 15:30:00,79.0999984741211
2018-06-11 16:30:00,79.42500305175781
2018-06-11 17:30:00,79.4000015258789
2018-06-11 18:30:00,79.69499969482422
2018-06-11 19:30:00,79.55000305175781
2018-06-12 13:30:00,78.83159637451172
2018-06-12 14:30:00,79.08999633789062
2018-06-12 15:30:00,79.29000091552734
2018-06-12 16:30:00,79.26000213623047
2018-06-12 17:30:00,79.18000030517578
2018-06-12 18:30:00,79.13999938964844
2018-06-12 19:30:00,79.16999816894531
2018-06-13 13:30:00,82.66999816894531
2018-06-13 14:30:00,82.16000366210938
2018-06-13 15:30:00,82.29440307617188
2018-06-13 16:30:00,81.75
2018-06-13 17:30:00,81.31999969482422
2018-06-13 18:30:00,82.06999969482422
2018-06-13 19:30:00,81.68000030517578
2018-06-14 13:30:00,81.99520111083984
2018-06-14 14:30:00,81.61000061035156
2018-06-14 15:30:00,82.04000091552734
2018-06-14 16:30:00,82.01000213623047
2018-06-14 17:30:00,82.3499984741211
2018-06-14 18:30:00,82.36000061035156
2018-06-14 19:30:00,82.25
2018-06-15 13:30:00,81.70999908447266
2018-06-15 14:30:00,82.01000213623047
2018-06-15 15:30:00,82.05000305175781
2018-06-15 16:30:00,82.0199966430664
2018-06-15 17:30:00,81.9800033569336
2018-06-15 18:30:00,82.08999633789062
2018-06-15 19:30:00,81.75
2018-06-18 13:30:00,80.95999908447266
2018-06-18 14:30:00,80.69999694824219
2018-06-18 15:30:00,80.38999938964844
2018-06-18 16:30:00,80.16999816894531
2018-06-18 17:30:00,80.42500305175781
2018-06-18 18:30:00,80.31999969482422
2018-06-18 19:30:00,80.45999908447266
2018-06-19 13:30:00,80.37000274658203
2018-06-19 14:30:00,80.16999816894531
2018-06-19 15:30:00,80.08000183105469
2018-06-19 16:30:00,80.18000030517578
2018-06-19 17:30:00,80.3499984741211
2018-06-19 18:30:00,80.3113021850586
2018-06-19 19:30:00,80.61000061035156
2018-06-20 13:30:00,80.08000183105469
2018-06-20 14:30:00,80.22000122070312
2018-06-20 15:30:00,80.36000061035156
2018-06-20 16:30:00,80.23500061035156
2018-06-20 17:30:00,80.40070343017578
2018-06-20 18:30:00,80.30999755859375
2018-06-20 19:30:00,80.13999938964844
2018-06-21 13:30:00,79.41000366210938
2018-06-21 14:30:00,79.47000122070312
2018-06-21 15:30:00,79.26000213623047
2018-06-21 16:30:00,79.41999816894531
2018-06-21 17:30:00,79.6500015258789
2018-06-21 18:30:00,79.19000244140625
2018-06-21 19:30:00,79.37000274658203
2018-06-22 13:30:00,79.19000244140625
2018-06-22 14:30:00,79.55999755859375
2018-06-22 15:30:00,79.47000122070312
2018-06-22 16:30:00,78.80899810791016
2018-06-22 17:30:00,79.16000366210938
2018-06-22 18:30:00,79.5199966430664
2018-06-22 19:30:00,79.23999786376953
2018-06-25 13:30:00,79.52999877929688
2018-06-25 14:30:00,79.58000183105469
2018-06-25 15:30:00,79.6500015258789
2018-06-25 16:30:00,79.31999969482422
2018-06-25 17:30:00,78.91500091552734
2018-06-25 18:30:00,78.95999908447266
2018-06-25 19:30:00,79.2300033569336
2018-06-26 13:30:00,78.46499633789062
2018-06-26 14:30:00,78.50499725341797
2018-06-26 15:30:00,78.66999816894531
2018-06-26 16:30:00,78.44999694824219
2018-06-26 17:30:00,78.20500183105469
2018-06-26 18:30:00,77.94999694824219
2018-06-26 19:30:00,77.88500213623047
2018-06-27 13:30:00,78.08000183105469
2018-06-27 14:30:00,78.13999938964844
2018-06-27 15:30:00,78.77999877929688
2018-06-27 16:30:00,78.7300033569336
2018-06-27 17:30:00,78.79000091552734
2018-06-27 18:30:00,78.94000244140625
2018-06-27 19:30:00,78.73999786376953
2018-06-28 13:30:00,76.48500061035156
2018-06-28 14:30:00,76.95500183105469
2018-06-28 15:30:00,77.55000305175781
2018-06-28 16:30:00,77.68000030517578
2018-06-28 17:30:00,77.56999969482422
2018-06-28 18:30:00,77.56999969482422
2018-06-28 19:30:00,77.6509017944336
2018-06-29 13:30:00,77.3499984741211
2018-06-29 14:30:00,77.63999938964844
2018-06-29 15:30:00,77.63999938964844
2018-06-29 16:30:00,77.55000305175781
2018-06-29 17:30:00,77.58999633789062
2018-06-29 18:30:00,77.58999633789062
2018-06-29 19:30:00,77.18000030517578
2018-07-02 13:30:00,77.18000030517578
2018-07-02 14:30:00,77.5
2018-07-02 15:30:00,77.38999938964844
2018-07-02 16:30:00,77.18000030517578
2018-07-02 17:30:00,77.80999755859375
2018-07-02 18:30:00,77.88999938964844
2018-07-02 19:30:00,77.9800033569336
2018-07-03 13:30:00,78.62999725341797
2018-07-03 14:30:00,79.4000015258789
2018-07-03 15:30:00,79.9000015258789
2018-07-03 17:00:00,79.37429809570312
2018-07-05 13:30:00,79.75399780273438
2018-07-05 14:30:00,79.63999938964844
2018-07-05 15:30:00,79.87000274658203
2018-07-05 16:30:00,80.04000091552734
2018-07-05 17:30:00,79.95999908447266
2018-07-05 18:30:00,80.05000305175781
2018-07-05 19:30:00,79.95999908447266
2018-07-06 13:30:00,80.16999816894531
2018-07-06 14:30:00,80.48999786376953
2018-07-06 15:30:00,80.30000305175781
2018-07-06 16:30:00,80.23999786376953
2018-07-06 17:30:00,80.15350341796875
2018-07-06 18:30:00,80.25
2018-07-06 19:30:00,80.06999969482422
2018-07-09 13:30:00,80.51000213623047
2018-07-09 14:30:00,80.27999877929688
2018-07-09 15:30:00,80.16000366210938
2018-07-09 16:30:00,79.63999938964844
2018-07-09 17:30:00,79.9000015258789
2018-07-09 18:30:00,79.73999786376953
2018-07-09 19:30:00,79.62999725341797
2018-07-10 13:30:00,80.19000244140625
2018-07-10 14:30:00,80.01000213623047
2018-07-10 15:30:00,80.09500122070312
2018-07-10 16:30:00,80.1500015258789
2018-07-10 17:30:00,80.3949966430664
2018-07-10 18:30:00,80.29000091552734
2018-07-10 19:30:00,80.55999755859375
2018-07-11 13:30:00,80.27999877929688
2018-07-11 14:30:00,80.26000213623047
2018-07-11 15:30:00,80.39070129394531
2018-07-11 16:30:00,80.5250015258789
2018-07-11 17:30:00,80.72000122070312
2018-07-11 18:30:00,80.69999694824219
2018-07-11 19:30:00,80.58000183105469
2018-07-12 13:30:00,80.53250122070312
2018-07-12 14:30:00,80.48999786376953
2018-07-12 15:30:00,80.53780364990234
2018-07-12 16:30:00,82.41000366210938
2018-07-12 17:30:00,82.45999908447266
2018-07-12 18:30:00,81.77999877929688
2018-07-12 19:30:00,81.61000061035156
2018-07-13 13:30:00,81.29000091552734
2018-07-13 14:30:00,81.4000015258789
2018-07-13 15:30:00,81.58999633789062
2018-07-13 16:30:00,81.88999938964844
2018-07-13 17:30:00,81.72000122070312
2018-07-13 18:30:00,81.58000183105469
2018-07-13 19:30:00,81.4800033569336
2018-07-16 13:30:00,80.81999969482422
2018-07-16 14:30:00,81.12999725341797
2018-07-16 15:30:00,81.29000091552734
2018-07-16 16:30:00,81.05000305175781
2018-07-16 17:30:00,81.0199966430664
2018-07-16 18:30:00,80.98999786376953
2018-07-16 19:30:00,80.91000366210938
2018-07-17 13:30:00,80.22000122070312
2018-07-17 14:30:00,80.08000183105469
2018-07-17 15:30:00,80.19999694824219
2018-07-17 16:30:00,80.18000030517578
2018-07-17 17:30:00,80.18000030517578
2018-07-17 18:30:00,80.30999755859375
2018-07-17 19:30:00,79.86000061035156
2018-07-18 13:30:00,78.68000030517578
2018-07-18 14:30:00,78.87999725341797
2018-07-18 15:30:00,78.45999908447266
2018-07-18 16:30:00,77.98999786376953
2018-07-18 17:30:00,78.2699966430664
2018-07-18 18:30:00,78.12000274658203
2018-07-18 19:30:00,77.88999938964844
2018-07-19 13:30:00,76.30000305175781
2018-07-19 14:30:00,77.22000122070312
2018-07-19 15:30:00,76.81999969482422
2018-07-19 16:30:00,76.66000366210938
2018-07-19 17:30:00,76.6050033569336
2018-07-19 18:30:00,76.7699966430664
2018-07-19 19:30:00,76.70999908447266
2018-07-20 13:30:00,76.37999725341797
2018-07-20 14:30:00,77.05000305175781
2018-07-20 15:30:00,77.02999877929688
2018-07-20 16:30:00,77.02999877929688
2018-07-20 17:30:00,77.25
2018-07-20 18:30:00,77.63999938964844
2018-07-20 19:30:00,77.55999755859375
2018-07-23 13:30:00,77.94999694824219
2018-07-23 14:30:00,78.94999694824219
2018-07-23 15:30:00,79.43000030517578
2018-07-23 16:30:00,79.91999816894531
2018-07-23 17:30:00,79.51499938964844
2018-07-23 18:30:00,79.1500015258789
2018-07-23 19:30:00,79.41999816894531
2018-07-24 13:30:00,80.44000244140625
2018-07-24 14:30:00,80.22000122070312
2018-07-24 15:30:00,80.0999984741211
2018-07-24 16:30:00,79.90499877929688
2018-07-24 17:30:00,79.82499694824219
2018-07-24 18:30:00,79.51000213623047
2018-07-24 19:30:00,79.37999725341797
2018-07-25 13:30:00,79.41500091552734
2018-07-25 14:30:00,79.2699966430664
2018-07-25 15:30:00,79.26000213623047
2018-07-25 16:30:00,79.02999877929688
2018-07-25 17:30:00,78.93499755859375
2018-07-25 18:30:00,78.80000305175781
2018-07-25 19:30:00,78.73999786376953
2018-07-26 13:30:00,79.88999938964844
2018-07-26 14:30:00,79.66000366210938
2018-07-26 15:30:00,79.77999877929688
2018-07-26 16:30:00,79.75
2018-07-26 17:30:00,79.69000244140625
2018-07-26 18:30:00,79.7699966430664
2018-07-26 19:30:00,79.48999786376953
2018-07-27 13:30:00,79.2699966430664
2018-07-27 14:30:00,79.23999786376953
2018-07-27 15:30:00,79.45500183105469
2018-07-27 16:30:00,79.27999877929688
2018-07-27 17:30:00,79.18900299072266
2018-07-27 18:30:00,79.30999755859375
2018-07-27 19:30:00,79.44999694824219
2018-07-30 13:30:00,80.3499984741211
2018-07-30 14:30:00,80.44000244140625
2018-07-30 15:30:00,80.31999969482422
2018-07-30 16:30:00,79.92500305175781
2018-07-30 17:30:00,80.08999633789062
2018-07-30 18:30:00,79.91999816894531
2018-07-30 19:30:00,79.79000091552734
2018-07-31 13:30:00,80.11000061035156
2018-07-31 14:30:00,80.41000366210938
2018-07-31 15:30:00,80.4800033569336
2018-07-31 16:30:00,80.12000274658203
2018-07-31 17:30:00,79.98999786376953
2018-07-31 18:30:00,79.61000061035156
2018-07-31 19:30:00,79.47000122070312
2018-08-01 13:30:00,79.19000244140625
2018-08-01 14:30:00,78.91999816894531
2018-08-01 15:30:00,78.67630004882812
2018-08-01 16:30:00,78.56999969482422
2018-08-01 17:30:00,78.70999908447266
2018-08-01 18:30:00,76.16999816894531
2018-08-01 19:30:00,74.54000091552734
2018-08-02 13:30:00,77.58999633789062
2018-08-02 14:30:00,78.19999694824219
2018-08-02 15:30:00,78.81999969482422
2018-08-02 16:30:00,78.29000091552734
2018-08-02 17:30:00,78.16000366210938
2018-08-02 18:30:00,77.80999755859375
2018-08-02 19:30:00,77.9800033569336
2018-08-03 13:30:00,78.33000183105469
2018-08-03 14:30:00,78.09500122070312
2018-08-03 15:30:00,78.30000305175781
2018-08-03 16:30:00,78.0
2018-08-03 17:30:00,78.06999969482422
2018-08-03 18:30:00,77.69000244140625
2018-08-03 19:30:00,77.51000213623047
2018-08-06 13:30:00,77.1500015258789
2018-08-06 14:30:00,77.54000091552734
2018-08-06 15:30:00,77.13999938964844
2018-08-06 16:30:00,77.04000091552734
2018-08-06 17:30:00,77.16500091552734
2018-08-06 18:30:00,77.1050033569336
2018-08-06 19:30:00,76.83499908447266
2018-08-07 13:30:00,77.69000244140625
2018-08-07 14:30:00,77.69999694824219
2018-08-07 15:30:00,77.98999786376953
2018-08-07 16:30:00,78.22000122070312
2018-08-07 17:30:00,78.55000305175781
2018-08-07 18:30:00,78.91999816894531
2018-08-07 19:30:00,78.91999816894531
2018-08-08 13:30:00,80.45999908447266
2018-08-08 14:30:00,79.77999877929688
2018-08-08 15:30:00,77.33999633789062
2018-08-08 16:30:00,77.05000305175781
2018-08-08 17:30:00,78.13999938964844
2018-08-08 18:30:00,79.20999908447266
2018-08-08 19:30:00,78.88999938964844
2018-08-09 13:30:00,79.55000305175781
2018-08-09 14:30:00,81.06999969482422
2018-08-09 15:30:00,81.48999786376953
2018-08-09 16:30:00,81.0199966430664
2018-08-09 17:30:00,81.8655014038086
2018-08-09 18:30:00,81.8949966430664
2018-08-09 19:30:00,81.83999633789062
2018-08-10 13:30:00,84.5999984741211
2018-08-10 14:30:00,84.76000213623047
2018-08-10 15:30:00,84.30000305175781
2018-08-10 16:30:00,84.33000183105469
2018-08-10 17:30:00,84.02970123291016
2018-08-10 18:30:00,83.91000366210938
2018-08-10 19:30:00,83.68000030517578
2018-08-13 13:30:00,84.05899810791016
2018-08-13 14:30:00,84.00499725341797
2018-08-13 15:30:00,83.69000244140625
2018-08-13 16:30:00,83.81999969482422
2018-08-13 17:30:00,84.19999694824219
2018-08-13 18:30:00,84.15779876708984
2018-08-13 19:30:00,84.02999877929688
2018-08-14 13:30:00,84.9800033569336
2018-08-14 14:30:00,85.4800033569336
2018-08-14 15:30:00,85.5
2018-08-14 16:30:00,85.4749984741211
2018-08-14 17:30:00,85.5
2018-08-14 18:30:00,85.76000213623047
2018-08-14 19:30:00,86.05000305175781
2018-08-15 13:30:00,86.0199966430664
2018-08-15 14:30:00,86.41000366210938
2018-08-15 15:30:00,86.5199966430664
2018-08-15 16:30:00,86.51000213623047
2018-08-15 17:30:00,86.44999694824219
2018-08-15 18:30:00,86.6050033569336
2018-08-15 19:30:00,86.69999694824219
2018-08-16 13:30:00,87.54000091552734
2018-08-16 14:30:00,87.14610290527344
2018-08-16 15:30:00,87.41000366210938
2018-08-16 16:30:00,87.20500183105469
2018-08-16 17:30:00,87.05000305175781
2018-08-16 18:30:00,87.33999633789062
2018-08-16 19:30:00,87.36000061035156
2018-08-17 13:30:00,86.94000244140625
2018-08-17 14:30:00,87.2699966430664
2018-08-17 15:30:00,87.42500305175781
2018-08-17 16:30:00,87.18000030517578
2018-08-17 17:30:00,87.5250015258789
2018-08-17 18:30:00,87.31999969482422
2018-08-17 19:30:00,87.44999694824219
2018-08-20 13:30:00,88.11000061035156
2018-08-20 14:30:00,88.12000274658203
2018-08-20 15:30:00,88.0999984741211
2018-08-20 16:30:00,88.19000244140625
2018-08-20 17:30:00,88.08000183105469
2018-08-20 18:30:00,87.98999786376953
2018-08-20 19:30:00,88.0
2018-08-21 13:30:00,87.88999938964844
2018-08-21 14:30:00,88.01000213623047
2018-08-21 15:30:00,87.97000122070312
2018-08-21 16:30:00,88.01000213623047
2018-08-21 17:30:00,88.01000213623047
2018-08-21 18:30:00,88.0
2018-08-21 19:30:00,87.8499984741211
2018-08-22 13:30:00,87.66999816894531
2018-08-22 14:30:00,87.9800033569336
2018-08-22 15:30:00,88.0199966430664
2018-08-22 16:30:00,88.25
2018-08-22 17:30:00,88.11000061035156
2018-08-22 18:30:00,87.88999938964844
2018-08-22 19:30:00,87.97000122070312
2018-08-23 13:30:00,88.22000122070312
2018-08-23 14:30:00,88.20999908447266
2018-08-23 15:30:00,88.20539855957031
2018-08-23 16:30:00,87.94999694824219
2018-08-23 17:30:00,87.80590057373047
2018-08-23 18:30:00,87.8499984741211
2018-08-23 19:30:00,87.73999786376953
2018-08-24 13:30:00,88.33000183105469
2018-08-24 14:30:00,88.08999633789062
2018-08-24 15:30:00,88.08999633789062
2018-08-24 16:30:00,88.05999755859375
2018-08-24 17:30:00,88.16000366210938
2018-08-24 18:30:00,88.0999984741211
2018-08-24 19:30:00,87.83999633789062
2018-08-27 13:30:00,87.58999633789062
2018-08-27 14:30:00,87.63500213623047
2018-08-27 15:30:00,87.5999984741211
2018-08-27 16:30:00,87.30000305175781
2018-08-27 17:30:00,87.4800033569336
2018-08-27 18:30:00,87.45719909667969
2018-08-27 19:30:00,87.80999755859375
2018-08-28 13:30:00,87.95999908447266
2018-08-28 14:30:00,88.0199966430664
2018-08-28 15:30:00,88.0999984741211
2018-08-28 16:30:00,88.30999755859375
2018-08-28 17:30:00,88.3499984741211
2018-08-28 18:30:00,88.19999694824219
2018-08-28 19:30:00,88.06999969482422
2018-08-29 13:30:00,88.33999633789062
2018-08-29 14:30:00,88.66000366210938
2018-08-29 15:30:00,88.58999633789062
2018-08-29 16:30:00,88.73999786376953
2018-08-29 17:30:00,88.54720306396484
2018-08-29 18:30:00,88.7699966430664
2018-08-29 19:30:00,88.52999877929688
2018-08-30 13:30:00,88.73999786376953
2018-08-30 14:30:00,88.5999984741211
2018-08-30 15:30:00,88.56999969482422
2018-08-30 16:30:00,88.38999938964844
2018-08-30 17:30:00,88.36000061035156
2018-08-30 18:30:00,88.33000183105469
2018-08-30 19:30:00,88.26000213623047
2018-08-31 13:30:00,88.29000091552734
2018-08-31 14:30:00,88.31999969482422
2018-08-31 15:30:00,88.19000244140625
2018-08-31 16:30:00,88.19499969482422
2018-08-31 17:30:00,88.12000274658203
2018-08-31 18:30:00,88.11000061035156
2018-08-31 19:30:00,88.01000213623047
2018-09-04 13:30:00,87.48999786376953
2018-09-04 14:30:00,87.23989868164062
2018-09-04 15:30:00,87.08999633789062
2018-09-04 16:30:00,87.2300033569336
2018-09-04 17:30:00,87.26000213623047
2018-09-04 18:30:00,87.0199966430664
2018-09-04 19:30:00,86.95999908447266
2018-09-05 13:30:00,86.7699966430664
2018-09-05 14:30:00,86.66000366210938
2018-09-05 15:30:00,86.62999725341797
2018-09-05 16:30:00,86.43000030517578
2018-09-05 17:30:00,90.20999908447266
2018-09-05 18:30:00,90.04499816894531
2018-09-05 19:30:00,89.8499984741211
2018-09-06 13:30:00,89.46499633789062
2018-09-06 14:30:00,89.19999694824219
2018-09-06 15:30:00,89.27999877929688
2018-09-06 16:30:00,89.30999755859375
2018-09-06 17:30:00,89.56999969482422
2018-09-06 18:30:00,90.08000183105469
2018-09-06 19:30:00,90.29000091552734
2018-09-07 13:30:00,90.5999984741211
2018-09-07 14:30:00,90.44000244140625
2018-09-07 15:30:00,90.48999786376953
2018-09-07 16:30:00,90.58000183105469
2018-09-07 17:30:00,90.32479858398438
2018-09-07 18:30:00,90.70999908447266
2018-09-07 19:30:00,90.80999755859375
2018-09-10 13:30:00,90.8499984741211
2018-09-10 14:30:00,90.58999633789062
2018-09-10 15:30:00,90.51000213623047
2018-09-10 16:30:00,90.37000274658203
2018-09-10 17:30:00,90.30829620361328
2018-09-10 18:30:00,90.30989837646484
2018-09-10 19:30:00,90.16999816894531
2018-09-11 13:30:00,89.5199966430664
2018-09-11 14:30:00,89.4800033569336
2018-09-11 15:30:00,89.72000122070312
2018-09-11 16:30:00,89.6500015258789
2018-09-11 17:30:00,89.61499786376953
2018-09-11 18:30:00,89.54000091552734
2018-09-11 19:30:00,89.6500015258789
2018-09-12 13:30:00,89.80000305175781
2018-09-12 14:30:00,89.70999908447266
2018-09-12 15:30:00,89.44999694824219
2018-09-12 16:30:00,89.66000366210938
2018-09-12 17:30:00,89.69000244140625
2018-09-12 18:30:00,89.95999908447266
2018-09-12 19:30:00,89.98999786376953
2018-09-13 13:30:00,90.80999755859375
2018-09-13 14:30:00,90.94499969482422
2018-09-13 15:30:00,90.97000122070312
2018-09-13 16:30:00,90.94000244140625
2018-09-13 17:30:00,91.11000061035156
2018-09-13 18:30:00,91.33000183105469
2018-09-13 19:30:00,91.33999633789062
2018-09-14 13:30:00,91.29000091552734
2018-09-14 14:30:00,91.5199966430664
2018-09-14 15:30:00,91.58999633789062
2018-09-14 16:30:00,91.5199966430664
2018-09-14 17:30:00,91.58999633789062
2018-09-14 18:30:00,91.62000274658203
2018-09-14 19:30:00,91.81999969482422
2018-09-17 13:30:00,92.30000305175781
2018-09-17 14:30:00,92.98500061035156
2018-09-17 15:30:00,93.36000061035156
2018-09-17 16:30:00,93.04000091552734
2018-09-17 17:30:00,92.86000061035156
2018-09-17 18:30:00,95.05000305175781
2018-09-17 19:30:00,95.27999877929688
2018-09-18 13:30:00,95.44999694824219
2018-09-18 14:30:00,95.72000122070312
2018-09-18 15:30:00,95.62120056152344
2018-09-18 16:30:00,95.6500015258789
2018-09-18 17:30:00,95.54000091552734
2018-09-18 18:30:00,95.2300033569336
2018-09-18 19:30:00,94.98999786376953
2018-09-19 13:30:00,95.22000122070312
2018-09-19 14:30:00,94.7300033569336
2018-09-19 15:30:00,94.6050033569336
2018-09-19 16:30:00,94.62999725341797
2018-09-19 17:30:00,94.48999786376953
2018-09-19 18:30:00,94.55000305175781
2018-09-19 19:30:00,94.68000030517578
2018-09-20 13:30:00,95.04000091552734
2018-09-20 14:30:00,95.22000122070312
2018-09-20 15:30:00,95.26000213623047
2018-09-20 16:30:00,95.20010375976562
2018-09-20 17:30:00,95.27120208740234
2018-09-20 18:30:00,95.31999969482422
2018-09-20 19:30:00,95.04000091552734
2018-09-21 13:30:00,95.06999969482422
2018-09-21 14:30:00,95.01000213623047
2018-09-21 15:30:00,94.98999786376953
2018-09-21 16:30:00,95.01000213623047
2018-09-21 17:30:00,94.96099853515625
2018-09-21 18:30:00,95.0
2018-09-21 19:30:00,94.62000274658203
2018-09-24 13:30:00,94.72000122070312
2018-09-24 14:30:00,94.52999877929688
2018-09-24 15:30:00,94.23999786376953
2018-09-24 16:30:00,94.37000274658203
2018-09-24 17:30:00,94.42500305175781
2018-09-24 18:30:00,94.55000305175781
2018-09-24 19:30:00,94.41000366210938
2018-09-25 13:30:00,94.05000305175781
2018-09-25 14:30:00,94.26000213623047
2018-09-25 15:30:00,94.47000122070312
2018-09-25 16:30:00,93.55000305175781
2018-09-25 17:30:00,93.22000122070312
2018-09-25 18:30:00,93.80000305175781
2018-09-25 19:30:00,94.06999969482422
2018-09-26 13:30:00,94.03829956054688
2018-09-26 14:30:00,94.4000015258789
2018-09-26 15:30:00,94.31999969482422
2018-09-26 16:30:00,94.80000305175781
2018-09-26 17:30:00,94.95999908447266
2018-09-26 18:30:00,94.80000305175781
2018-09-26 19:30:00,94.30000305175781
2018-09-27 13:30:00,94.69999694824219
2018-09-27 14:30:00,95.0
2018-09-27 15:30:00,95.00499725341797
2018-09-27 16:30:00,94.76000213623047
2018-09-27 17:30:00,94.7699966430664
2018-09-27 18:30:00,94.73999786376953
2018-09-27 19:30:00,94.80000305175781
2018-09-28 13:30:00,94.7300033569336
2018-09-28 14:30:00,94.7699966430664
2018-09-28 15:30:00,94.7300033569336
2018-09-28 16:30:00,94.94000244140625
2018-09-28 17:30:00,95.08000183105469
2018-09-28 18:30:00,95.13999938964844
2018-09-28 19:30:00,95.02999877929688
2018-10-01 13:30:00,96.07499694824219
2018-10-01 14:30:00,96.22000122070312
2018-10-01 15:30:00,95.86009979248047
2018-10-01 16:30:00,95.79000091552734
2018-10-01 17:30:00,95.66999816894531
2018-10-01 18:30:00,95.31999969482422
2018-10-01 19:30:00,95.08000183105469
2018-10-02 13:30:00,95.42019653320312
2018-10-02 14:30:00,95.62000274658203
2018-10-02 15:30:00,95.5
2018-10-02 16:30:00,95.72000122070312
2018-10-02 17:30:00,95.4000015258789
2018-10-02 18:30:00,95.16999816894531
2018-10-02 19:30:00,95.27999877929688
2018-10-03 13:30:00,95.55000305175781
2018-10-03 14:30:00,94.94039916992188
2018-10-03 15:30:00,95.45999908447266
2018-10-03 16:30:00,95.44999694824219
2018-10-03 17:30:00,95.79000091552734
2018-10-03 18:30:00,95.38999938964844
2018-10-03 19:30:00,95.37000274658203
2018-10-04 13:30:00,95.19999694824219
2018-10-04 14:30:00,95.13999938964844
2018-10-04 15:30:00,95.19000244140625
2018-10-04 16:30:00,95.13999938964844
2018-10-04 17:30:00,95.06999969482422
2018-10-04 18:30:00,95.18000030517578
2018-10-04 19:30:00,95.29000091552734
2018-10-05 13:30:00,96.05000305175781
2018-10-05 14:30:00,95.55999755859375
2018-10-05 15:30:00,95.625
2018-10-05 16:30:00,95.66999816894531
2018-10-05 17:30:00,95.77999877929688
2018-10-05 18:30:00,95.9800033569336
2018-10-05 19:30:00,96.05000305175781
2018-10-08 13:30:00,95.7300033569336
2018-10-08 14:30:00,95.2300033569336
2018-10-08 15:30:00,95.2300033569336
2018-10-08 16:30:00,94.95999908447266
2018-10-08 17:30:00,95.5199966430664
2018-10-08 18:30:00,95.66000366210938
2018-10-08 19:30:00,95.55999755859375
2018-10-09 13:30:00,96.44999694824219
2018-10-09 14:30:00,96.5
2018-10-09 15:30:00,96.23999786376953
2018-10-09 16:30:00,95.98999786376953
2018-10-09 17:30:00,96.25
2018-10-09 18:30:00,96.30999755859375
2018-10-09 19:30:00,96.5
2018-10-10 13:30:00,96.31999969482422
2018-10-10 14:30:00,97.1500015258789
2018-10-10 15:30:00,96.9000015258789
2018-10-10 16:30:00,96.77999877929688
2018-10-10 17:30:00,96.0199966430664
2018-10-10 18:30:00,95.93000030517578
2018-10-10 19:30:00,94.87999725341797
2018-10-11 13:30:00,95.05999755859375
2018-10-11 14:30:00,94.43000030517578
2018-10-11 15:30:00,95.12000274658203
2018-10-11 16:30:00,94.79000091552734
2018-10-11 17:30:00,94.31999969482422
2018-10-11 18:30:00,94.27999877929688
2018-10-11 19:30:00,93.7300033569336
2018-10-12 13:30:00,94.55000305175781
2018-10-12 14:30:00,94.9800033569336
2018-10-12 15:30:00,94.68000030517578
2018-10-12 16:30:00,94.54000091552734
2018-10-12 17:30:00,94.30999755859375
2018-10-12 18:30:00,94.3949966430664
2018-10-12 19:30:00,94.29000091552734
2018-10-15 13:30:00,94.0199966430664
2018-10-15 14:30:00,94.01000213623047
2018-10-15 15:30:00,93.81999969482422
2018-10-15 16:30:00,94.55000305175781
2018-10-15 17:30:00,94.29000091552734
2018-10-15 18:30:00,93.91000366210938
2018-10-15 19:30:00,93.5
2018-10-16 13:30:00,95.11000061035156
2018-10-16 14:30:00,95.76000213623047
2018-10-16 15:30:00,96.01000213623047
2018-10-16 16:30:00,96.0634994506836
2018-10-16 17:30:00,96.0250015258789
2018-10-16 18:30:00,96.0602035522461
2018-10-16 19:30:00,96.19999694824219
2018-10-17 13:30:00,95.2782974243164
2018-10-17 14:30:00,95.25
2018-10-17 15:30:00,95.93000030517578
2018-10-17 16:30:00,96.27999877929688
2018-10-17 17:30:00,95.64569854736328
2018-10-17 18:30:00,95.9000015258789
2018-10-17 19:30:00,95.77999877929688
2018-10-18 13:30:00,96.25
2018-10-18 14:30:00,95.97000122070312
2018-10-18 15:30:00,95.69550323486328
2018-10-18 16:30:00,95.6500015258789
2018-10-18 17:30:00,95.93000030517578
2018-10-18 18:30:00,95.83000183105469
2018-10-18 19:30:00,96.18000030517578
2018-10-19 13:30:00,96.69000244140625
2018-10-19 14:30:00,96.37999725341797
2018-10-19 15:30:00,95.88999938964844
2018-10-19 16:30:00,95.80999755859375
2018-10-19 17:30:00,95.29000091552734
2018-10-19 18:30:00,95.44999694824219
2018-10-19 19:30:00,95.30999755859375
2018-10-22 13:30:00,94.86000061035156
2018-10-22 14:30:00,95.30999755859375
2018-10-22 15:30:00,94.54000091552734
2018-10-22 16:30:00,94.81999969482422
2018-10-22 17:30:00,94.70999908447266
2018-10-22 18:30:00,95.05000305175781
2018-10-22 19:30:00,95.0
2018-10-23 13:30:00,94.19999694824219
2018-10-23 14:30:00,94.33999633789062
2018-10-23 15:30:00,94.73999786376953
2018-10-23 16:30:00,94.87000274658203
2018-10-23 17:30:00,95.12999725341797
2018-10-23 18:30:00,95.43499755859375
2018-10-23 19:30:00,95.5
2018-10-24 13:30:00,95.0186996459961
2018-10-24 14:30:00,94.58999633789062
2018-10-24 15:30:00,94.62000274658203
2018-10-24 16:30:00,94.11000061035156
2018-10-24 17:30:00,94.04000091552734
2018-10-24 18:30:00,93.33000183105469
2018-10-24 19:30:00,92.0
2018-10-25 13:30:00,93.93009948730469
2018-10-25 14:30:00,94.37999725341797
2018-10-25 15:30:00,94.95999908447266
2018-10-25 16:30:00,95.13880157470703
2018-10-25 17:30:00,95.0999984741211
2018-10-25 18:30:00,95.52999877929688
2018-10-25 19:30:00,95.41500091552734
2018-10-26 13:30:00,94.51000213623047
2018-10-26 14:30:00,94.5999984741211
2018-10-26 15:30:00,94.87999725341797
2018-10-26 16:30:00,94.73999786376953
2018-10-26 17:30:00,94.37999725341797
2018-10-26 18:30:00,94.2699966430664
2018-10-26 19:30:00,94.30000305175781
2018-10-29 13:30:00,95.75
2018-10-29 14:30:00,95.37000274658203
2018-10-29 15:30:00,94.94000244140625
2018-10-29 16:30:00,95.1500015258789
2018-10-29 17:30:00,94.69999694824219
2018-10-29 18:30:00,94.26000213623047
2018-10-29 19:30:00,94.91999816894531
2018-10-30 13:30:00,95.32499694824219
2018-10-30 14:30:00,95.43000030517578
2018-10-30 15:30:00,95.16999816894531
2018-10-30 16:30:00,94.79000091552734
2018-10-30 17:30:00,94.54499816894531
2018-10-30 18:30:00,95.08000183105469
2018-10-30 19:30:00,95.44999694824219
2018-10-31 13:30:00,96.33529663085938
2018-10-31 14:30:00,96.13999938964844
2018-10-31 15:30:00,96.0719985961914
2018-10-31 16:30:00,95.6449966430664
2018-10-31 17:30:00,96.31999969482422
2018-10-31 18:30:00,96.30999755859375
2018-10-31 19:30:00,96.87999725341797
2018-11-01 13:30:00,97.80000305175781
2018-11-01 14:30:00,97.44999694824219
2018-11-01 15:30:00,97.1500015258789
2018-11-01 16:30:00,96.30000305175781
2018-11-01 17:30:00,96.41999816894531
2018-11-01 18:30:00,96.63999938964844
2018-11-01 19:30:00,97.2699966430664
2018-11-02 13:30:00,96.9800033569336
2018-11-02 14:30:00,96.47000122070312
2018-11-02 15:30:00,96.36000061035156
2018-11-02 16:30:00,96.2699966430664
2018-11-02 17:30:00,96.68000030517578
2018-11-02 18:30:00,96.33499908447266
2018-11-02 19:30:00,96.7300033569336
