Datetime,EXPE
2017-11-06 14:30:00,122.69999694824219
2017-11-06 15:30:00,123.20999908447266
2017-11-06 16:30:00,122.68000030517578
2017-11-06 17:30:00,122.61000061035156
2017-11-06 18:30:00,122.77999877929688
2017-11-06 19:30:00,122.69999694824219
2017-11-06 20:30:00,123.0
2017-11-07 14:30:00,120.58999633789062
2017-11-07 15:30:00,120.79000091552734
2017-11-07 16:30:00,120.44999694824219
2017-11-07 17:30:00,120.91000366210938
2017-11-07 18:30:00,120.61000061035156
2017-11-07 19:30:00,119.98999786376953
2017-11-07 20:30:00,119.5999984741211
2017-11-08 14:30:00,118.05999755859375
2017-11-08 15:30:00,118.08280181884766
2017-11-08 16:30:00,118.11000061035156
2017-11-08 17:30:00,118.40010070800781
2017-11-08 18:30:00,118.58000183105469
2017-11-08 19:30:00,118.37999725341797
2017-11-08 20:30:00,118.55999755859375
2017-11-09 14:30:00,117.37000274658203
2017-11-09 15:30:00,117.43000030517578
2017-11-09 16:30:00,116.55999755859375
2017-11-09 17:30:00,117.08999633789062
2017-11-09 18:30:00,117.37000274658203
2017-11-09 19:30:00,117.41000366210938
2017-11-09 20:30:00,117.30000305175781
2017-11-10 14:30:00,117.11000061035156
2017-11-10 15:30:00,118.2750015258789
2017-11-10 16:30:00,120.2699966430664
2017-11-10 17:30:00,119.49810028076172
2017-11-10 18:30:00,120.80999755859375
2017-11-10 19:30:00,120.47000122070312
2017-11-10 20:30:00,120.72000122070312
2017-11-13 14:30:00,120.16999816894531
2017-11-13 15:30:00,120.66999816894531
2017-11-13 16:30:00,120.4800033569336
2017-11-13 17:30:00,120.22000122070312
2017-11-13 18:30:00,119.79000091552734
2017-11-13 19:30:00,120.12999725341797
2017-11-13 20:30:00,120.29010009765625
2017-11-14 14:30:00,120.94999694824219
2017-11-14 15:30:00,120.87000274658203
2017-11-14 16:30:00,121.08000183105469
2017-11-14 17:30:00,121.44499969482422
2017-11-14 18:30:00,122.31500244140625
2017-11-14 19:30:00,122.43000030517578
2017-11-14 20:30:00,122.11000061035156
2017-11-15 14:30:00,120.88999938964844
2017-11-15 15:30:00,120.98999786376953
2017-11-15 16:30:00,120.55999755859375
2017-11-15 17:30:00,120.83499908447266
2017-11-15 18:30:00,121.375
2017-11-15 19:30:00,120.8499984741211
2017-11-15 20:30:00,121.16000366210938
2017-11-16 14:30:00,121.51499938964844
2017-11-16 15:30:00,121.81999969482422
2017-11-16 16:30:00,122.22000122070312
2017-11-16 17:30:00,122.30699920654297
2017-11-16 18:30:00,122.0999984741211
2017-11-16 19:30:00,122.54000091552734
2017-11-16 20:30:00,121.98999786376953
2017-11-17 14:30:00,123.05000305175781
2017-11-17 15:30:00,123.8499984741211
2017-11-17 16:30:00,124.06999969482422
2017-11-17 17:30:00,123.20999908447266
2017-11-17 18:30:00,123.37999725341797
2017-11-17 19:30:00,123.77999877929688
2017-11-17 20:30:00,123.95999908447266
2017-11-20 14:30:00,124.2300033569336
2017-11-20 15:30:00,124.29000091552734
2017-11-20 16:30:00,122.83000183105469
2017-11-20 17:30:00,122.77999877929688
2017-11-20 18:30:00,122.32099914550781
2017-11-20 19:30:00,123.2750015258789
2017-11-20 20:30:00,123.5
2017-11-21 14:30:00,123.80999755859375
2017-11-21 15:30:00,124.69999694824219
2017-11-21 16:30:00,124.87999725341797
2017-11-21 17:30:00,124.93000030517578
2017-11-21 18:30:00,125.18000030517578
2017-11-21 19:30:00,125.05999755859375
2017-11-21 20:30:00,124.9000015258789
2017-11-22 14:30:00,125.41999816894531
2017-11-22 15:30:00,126.83000183105469
2017-11-22 16:30:00,127.33000183105469
2017-11-22 17:30:00,127.20999908447266
2017-11-22 18:30:00,127.22000122070312
2017-11-22 19:30:00,127.16999816894531
2017-11-22 20:30:00,127.01000213623047
2017-11-24 14:30:00,126.68000030517578
2017-11-24 15:30:00,127.20999908447266
2017-11-24 16:30:00,127.02110290527344
2017-11-24 18:00:00,126.80999755859375
2017-11-27 14:30:00,128.3800048828125
2017-11-27 15:30:00,127.4749984741211
2017-11-27 16:30:00,127.22049713134766
2017-11-27 17:30:00,127.41999816894531
2017-11-27 18:30:00,127.19999694824219
2017-11-27 19:30:00,126.97000122070312
2017-11-27 20:30:00,126.72000122070312
2017-11-28 14:30:00,125.68000030517578
2017-11-28 15:30:00,126.33999633789062
2017-11-28 16:30:00,125.95999908447266
2017-11-28 17:30:00,125.11000061035156
2017-11-28 18:30:00,125.3499984741211
2017-11-28 19:30:00,125.2699966430664
2017-11-28 20:30:00,125.68000030517578
2017-11-29 14:30:00,121.79499816894531
2017-11-29 15:30:00,122.37000274658203
2017-11-29 16:30:00,122.45999908447266
2017-11-29 17:30:00,123.12000274658203
2017-11-29 18:30:00,122.51000213623047
2017-11-29 19:30:00,121.77899932861328
2017-11-29 20:30:00,122.0199966430664
2017-11-30 14:30:00,122.13999938964844
2017-11-30 15:30:00,122.16000366210938
2017-11-30 16:30:00,123.0
2017-11-30 17:30:00,122.62999725341797
2017-11-30 18:30:00,122.5
2017-11-30 19:30:00,122.30999755859375
2017-11-30 20:30:00,122.45999908447266
2017-12-01 14:30:00,123.08519744873047
2017-12-01 15:30:00,121.4800033569336
2017-12-01 16:30:00,122.22000122070312
2017-12-01 17:30:00,122.25
2017-12-01 18:30:00,122.58000183105469
2017-12-01 19:30:00,122.22000122070312
2017-12-01 20:30:00,122.70999908447266
2017-12-04 14:30:00,123.69000244140625
2017-12-04 15:30:00,123.69499969482422
2017-12-04 16:30:00,123.41999816894531
2017-12-04 17:30:00,123.55999755859375
2017-12-04 18:30:00,123.30999755859375
2017-12-04 19:30:00,122.9800033569336
2017-12-04 20:30:00,122.29000091552734
2017-12-05 14:30:00,121.76000213623047
2017-12-05 15:30:00,121.5
2017-12-05 16:30:00,120.66500091552734
2017-12-05 17:30:00,121.41000366210938
2017-12-05 18:30:00,120.95999908447266
2017-12-05 19:30:00,120.66999816894531
2017-12-05 20:30:00,120.7699966430664
2017-12-06 14:30:00,119.81999969482422
2017-12-06 15:30:00,119.14749908447266
2017-12-06 16:30:00,119.23999786376953
2017-12-06 17:30:00,119.0
2017-12-06 18:30:00,119.4000015258789
2017-12-06 19:30:00,119.15579986572266
2017-12-06 20:30:00,119.16999816894531
2017-12-07 14:30:00,118.22000122070312
2017-12-07 15:30:00,118.30000305175781
2017-12-07 16:30:00,118.83000183105469
2017-12-07 17:30:00,118.77999877929688
2017-12-07 18:30:00,118.4800033569336
2017-12-07 19:30:00,119.16000366210938
2017-12-07 20:30:00,119.16999816894531
2017-12-08 14:30:00,118.86479949951172
2017-12-08 15:30:00,118.7300033569336
2017-12-08 16:30:00,118.30000305175781
2017-12-08 17:30:00,118.11000061035156
2017-12-08 18:30:00,117.93000030517578
2017-12-08 19:30:00,117.58999633789062
2017-12-08 20:30:00,117.48999786376953
2017-12-11 14:30:00,118.88999938964844
2017-12-11 15:30:00,118.26000213623047
2017-12-11 16:30:00,118.0
2017-12-11 17:30:00,117.62000274658203
2017-12-11 18:30:00,117.79000091552734
2017-12-11 19:30:00,118.04000091552734
2017-12-11 20:30:00,117.86000061035156
2017-12-12 14:30:00,118.01000213623047
2017-12-12 15:30:00,118.31999969482422
2017-12-12 16:30:00,118.25
2017-12-12 17:30:00,118.66000366210938
2017-12-12 18:30:00,118.61000061035156
2017-12-12 19:30:00,118.49500274658203
2017-12-12 20:30:00,118.68000030517578
2017-12-13 14:30:00,118.55000305175781
2017-12-13 15:30:00,118.86000061035156
2017-12-13 16:30:00,118.75
2017-12-13 17:30:00,118.80000305175781
2017-12-13 18:30:00,118.87999725341797
2017-12-13 19:30:00,118.70999908447266
2017-12-13 20:30:00,118.54000091552734
2017-12-14 14:30:00,119.04000091552734
2017-12-14 15:30:00,119.37000274658203
2017-12-14 16:30:00,119.38999938964844
2017-12-14 17:30:00,120.01000213623047
2017-12-14 18:30:00,119.91999816894531
2017-12-14 19:30:00,120.55000305175781
2017-12-14 20:30:00,119.9000015258789
2017-12-15 14:30:00,120.27999877929688
2017-12-15 15:30:00,120.66000366210938
2017-12-15 16:30:00,120.5
2017-12-15 17:30:00,120.6500015258789
2017-12-15 18:30:00,121.13999938964844
2017-12-15 19:30:00,121.06999969482422
2017-12-15 20:30:00,120.91000366210938
2017-12-18 14:30:00,122.47000122070312
2017-12-18 15:30:00,122.4437026977539
2017-12-18 16:30:00,122.48280334472656
2017-12-18 17:30:00,122.47000122070312
2017-12-18 18:30:00,122.62010192871094
2017-12-18 19:30:00,122.33000183105469
2017-12-18 20:30:00,121.95999908447266
2017-12-19 14:30:00,121.58999633789062
2017-12-19 15:30:00,122.69000244140625
2017-12-19 16:30:00,122.75
2017-12-19 17:30:00,122.37999725341797
2017-12-19 18:30:00,122.29000091552734
2017-12-19 19:30:00,121.55999755859375
2017-12-19 20:30:00,121.45999908447266
2017-12-20 14:30:00,120.36000061035156
2017-12-20 15:30:00,120.62000274658203
2017-12-20 16:30:00,120.33000183105469
2017-12-20 17:30:00,120.42620086669922
2017-12-20 18:30:00,120.13999938964844
2017-12-20 19:30:00,120.13999938964844
2017-12-20 20:30:00,120.02999877929688
2017-12-21 14:30:00,120.33000183105469
2017-12-21 15:30:00,120.44999694824219
2017-12-21 16:30:00,121.54499816894531
2017-12-21 17:30:00,121.02999877929688
2017-12-21 18:30:00,120.7300033569336
2017-12-21 19:30:00,120.41000366210938
2017-12-21 20:30:00,120.02999877929688
2017-12-22 14:30:00,120.23999786376953
2017-12-22 15:30:00,121.30999755859375
2017-12-22 16:30:00,121.2699966430664
2017-12-22 17:30:00,120.87000274658203
2017-12-22 18:30:00,120.9000015258789
2017-12-22 19:30:00,120.5
2017-12-22 20:30:00,120.13999938964844
2017-12-26 14:30:00,120.07579803466797
2017-12-26 15:30:00,119.79000091552734
2017-12-26 16:30:00,119.65499877929688
2017-12-26 17:30:00,119.59500122070312
2017-12-26 18:30:00,119.36000061035156
2017-12-26 19:30:00,119.27999877929688
2017-12-26 20:30:00,119.44999694824219
2017-12-27 14:30:00,120.56999969482422
2017-12-27 15:30:00,120.28479766845703
2017-12-27 16:30:00,120.36000061035156
2017-12-27 17:30:00,119.91999816894531
2017-12-27 18:30:00,120.23999786376953
2017-12-27 19:30:00,120.16999816894531
2017-12-27 20:30:00,120.33000183105469
2017-12-28 14:30:00,120.56999969482422
2017-12-28 15:30:00,121.05000305175781
2017-12-28 16:30:00,121.24500274658203
2017-12-28 17:30:00,121.16000366210938
2017-12-28 18:30:00,121.01000213623047
2017-12-28 19:30:00,121.29000091552734
2017-12-28 20:30:00,121.23999786376953
2017-12-29 14:30:00,120.31999969482422
2017-12-29 15:30:00,120.1500015258789
2017-12-29 16:30:00,119.75
2017-12-29 17:30:00,119.44000244140625
2017-12-29 18:30:00,119.61000061035156
2017-12-29 19:30:00,119.83999633789062
2017-12-29 20:30:00,119.7699966430664
2018-01-02 14:30:00,122.4000015258789
2018-01-02 15:30:00,121.93499755859375
2018-01-02 16:30:00,121.2699966430664
2018-01-02 17:30:00,121.12000274658203
2018-01-02 18:30:00,121.31999969482422
2018-01-02 19:30:00,121.55999755859375
2018-01-02 20:30:00,121.43000030517578
2018-01-03 14:30:00,127.4000015258789
2018-01-03 15:30:00,126.2699966430664
2018-01-03 16:30:00,125.53500366210938
2018-01-03 17:30:00,125.6500015258789
2018-01-03 18:30:00,125.48999786376953
2018-01-03 19:30:00,125.91999816894531
2018-01-03 20:30:00,125.16000366210938
2018-01-04 14:30:00,125.19999694824219
2018-01-04 15:30:00,124.875
2018-01-04 16:30:00,124.43000030517578
2018-01-04 17:30:00,124.3499984741211
2018-01-04 18:30:00,125.4800033569336
2018-01-04 19:30:00,126.12999725341797
2018-01-04 20:30:00,126.18000030517578
2018-01-05 14:30:00,125.99690246582031
2018-01-05 15:30:00,126.05000305175781
2018-01-05 16:30:00,126.44999694824219
2018-01-05 17:30:00,126.38500213623047
2018-01-05 18:30:00,126.9800033569336
2018-01-05 19:30:00,127.20999908447266
2018-01-05 20:30:00,127.0999984741211
2018-01-08 14:30:00,126.83999633789062
2018-01-08 15:30:00,126.36000061035156
2018-01-08 16:30:00,126.4800033569336
2018-01-08 17:30:00,126.98999786376953
2018-01-08 18:30:00,127.51499938964844
2018-01-08 19:30:00,127.80000305175781
2018-01-08 20:30:00,128.1699981689453
2018-01-09 14:30:00,127.6050033569336
2018-01-09 15:30:00,127.87000274658203
2018-01-09 16:30:00,127.45899963378906
2018-01-09 17:30:00,127.66000366210938
2018-01-09 18:30:00,127.87409973144531
2018-01-09 19:30:00,127.45999908447266
2018-01-09 20:30:00,127.29000091552734
2018-01-10 14:30:00,127.70500183105469
2018-01-10 15:30:00,126.95999908447266
2018-01-10 16:30:00,127.5999984741211
2018-01-10 17:30:00,127.25
2018-01-10 18:30:00,126.5999984741211
2018-01-10 19:30:00,127.08999633789062
2018-01-10 20:30:00,127.18000030517578
2018-01-11 14:30:00,128.6300048828125
2018-01-11 15:30:00,129.5500030517578
2018-01-11 16:30:00,130.27999877929688
2018-01-11 17:30:00,130.46499633789062
2018-01-11 18:30:00,130.5399932861328
2018-01-11 19:30:00,130.26499938964844
2018-01-11 20:30:00,129.4199981689453
2018-01-12 14:30:00,129.0
2018-01-12 15:30:00,130.25999450683594
2018-01-12 16:30:00,130.82000732421875
2018-01-12 17:30:00,131.27000427246094
2018-01-12 18:30:00,132.1699981689453
2018-01-12 19:30:00,132.41000366210938
2018-01-12 20:30:00,132.35000610351562
2018-01-16 14:30:00,133.33999633789062
2018-01-16 15:30:00,132.7050018310547
2018-01-16 16:30:00,132.25
2018-01-16 17:30:00,131.94000244140625
2018-01-16 18:30:00,130.44000244140625
2018-01-16 19:30:00,131.05999755859375
2018-01-16 20:30:00,130.58999633789062
2018-01-17 14:30:00,129.8000030517578
2018-01-17 15:30:00,129.74000549316406
2018-01-17 16:30:00,129.8000030517578
2018-01-17 17:30:00,129.9199981689453
2018-01-17 18:30:00,130.75
2018-01-17 19:30:00,130.4550018310547
2018-01-17 20:30:00,130.6199951171875
2018-01-18 14:30:00,128.0500030517578
2018-01-18 15:30:00,127.58999633789062
2018-01-18 16:30:00,128.6199951171875
2018-01-18 17:30:00,127.375
2018-01-18 18:30:00,127.44000244140625
2018-01-18 19:30:00,127.20999908447266
2018-01-18 20:30:00,126.83999633789062
2018-01-19 14:30:00,125.16000366210938
2018-01-19 15:30:00,125.23999786376953
2018-01-19 16:30:00,125.54000091552734
2018-01-19 17:30:00,125.3499984741211
2018-01-19 18:30:00,125.81919860839844
2018-01-19 19:30:00,125.7699966430664
2018-01-19 20:30:00,126.26000213623047
2018-01-22 14:30:00,126.66999816894531
2018-01-22 15:30:00,127.3499984741211
2018-01-22 16:30:00,127.91000366210938
2018-01-22 17:30:00,128.10000610351562
2018-01-22 18:30:00,127.63999938964844
2018-01-22 19:30:00,128.02999877929688
2018-01-22 20:30:00,128.14999389648438
2018-01-23 14:30:00,128.16000366210938
2018-01-23 15:30:00,128.14500427246094
2018-01-23 16:30:00,127.83999633789062
2018-01-23 17:30:00,128.5399932861328
2018-01-23 18:30:00,128.72999572753906
2018-01-23 19:30:00,128.77000427246094
2018-01-23 20:30:00,128.9499969482422
2018-01-24 14:30:00,131.34500122070312
2018-01-24 15:30:00,131.14999389648438
2018-01-24 16:30:00,129.75999450683594
2018-01-24 17:30:00,130.05999755859375
2018-01-24 18:30:00,130.63999938964844
2018-01-24 19:30:00,130.77000427246094
2018-01-24 20:30:00,130.47999572753906
2018-01-25 14:30:00,131.2899932861328
2018-01-25 15:30:00,131.55999755859375
2018-01-25 16:30:00,131.49000549316406
2018-01-25 17:30:00,131.3115997314453
2018-01-25 18:30:00,130.91000366210938
2018-01-25 19:30:00,130.9199981689453
2018-01-25 20:30:00,131.1699981689453
2018-01-26 14:30:00,131.77999877929688
2018-01-26 15:30:00,132.13999938964844
2018-01-26 16:30:00,131.8300018310547
2018-01-26 17:30:00,131.77999877929688
2018-01-26 18:30:00,131.6699981689453
2018-01-26 19:30:00,131.7100067138672
2018-01-26 20:30:00,131.75
2018-01-29 14:30:00,131.27999877929688
2018-01-29 15:30:00,131.11000061035156
2018-01-29 16:30:00,130.36000061035156
2018-01-29 17:30:00,130.94000244140625
2018-01-29 18:30:00,130.92999267578125
2018-01-29 19:30:00,130.55999755859375
2018-01-29 20:30:00,130.38999938964844
2018-01-30 14:30:00,128.77000427246094
2018-01-30 15:30:00,129.22999572753906
2018-01-30 16:30:00,129.42999267578125
2018-01-30 17:30:00,128.80999755859375
2018-01-30 18:30:00,128.49000549316406
2018-01-30 19:30:00,129.00999450683594
2018-01-30 20:30:00,128.89999389648438
2018-01-31 14:30:00,128.71629333496094
2018-01-31 15:30:00,128.3699951171875
2018-01-31 16:30:00,128.44000244140625
2018-01-31 17:30:00,128.25
2018-01-31 18:30:00,127.44000244140625
2018-01-31 19:30:00,127.44000244140625
2018-01-31 20:30:00,128.0399932861328
2018-02-01 14:30:00,129.94000244140625
2018-02-01 15:30:00,129.91000366210938
2018-02-01 16:30:00,130.2100067138672
2018-02-01 17:30:00,130.1999969482422
2018-02-01 18:30:00,129.82000732421875
2018-02-01 19:30:00,129.02000427246094
2018-02-01 20:30:00,129.11000061035156
2018-02-02 14:30:00,126.98500061035156
2018-02-02 15:30:00,126.62000274658203
2018-02-02 16:30:00,126.81999969482422
2018-02-02 17:30:00,126.30999755859375
2018-02-02 18:30:00,126.37000274658203
2018-02-02 19:30:00,126.76000213623047
2018-02-02 20:30:00,126.62999725341797
2018-02-05 14:30:00,127.75
2018-02-05 15:30:00,127.12000274658203
2018-02-05 16:30:00,127.6500015258789
2018-02-05 17:30:00,126.80000305175781
2018-02-05 18:30:00,126.95999908447266
2018-02-05 19:30:00,126.76000213623047
2018-02-05 20:30:00,125.05000305175781
2018-02-06 14:30:00,126.5199966430664
2018-02-06 15:30:00,127.5999984741211
2018-02-06 16:30:00,127.13999938964844
2018-02-06 17:30:00,126.55999755859375
2018-02-06 18:30:00,125.01000213623047
2018-02-06 19:30:00,128.02999877929688
2018-02-06 20:30:00,127.29000091552734
2018-02-07 14:30:00,130.24000549316406
2018-02-07 15:30:00,129.85000610351562
2018-02-07 16:30:00,129.3350067138672
2018-02-07 17:30:00,128.57000732421875
2018-02-07 18:30:00,129.9499969482422
2018-02-07 19:30:00,130.44000244140625
2018-02-07 20:30:00,129.35000610351562
2018-02-08 14:30:00,129.6649932861328
2018-02-08 15:30:00,127.72000122070312
2018-02-08 16:30:00,126.8499984741211
2018-02-08 17:30:00,126.19999694824219
2018-02-08 18:30:00,127.19999694824219
2018-02-08 19:30:00,125.83989715576172
2018-02-08 20:30:00,122.77999877929688
2018-02-09 14:30:00,104.13999938964844
2018-02-09 15:30:00,102.02999877929688
2018-02-09 16:30:00,100.62000274658203
2018-02-09 17:30:00,99.05000305175781
2018-02-09 18:30:00,101.0
2018-02-09 19:30:00,101.83499908447266
2018-02-09 20:30:00,103.30999755859375
2018-02-12 14:30:00,101.44999694824219
2018-02-12 15:30:00,101.04000091552734
2018-02-12 16:30:00,102.73999786376953
2018-02-12 17:30:00,102.7699966430664
2018-02-12 18:30:00,103.11000061035156
2018-02-12 19:30:00,101.96499633789062
2018-02-12 20:30:00,102.81999969482422
2018-02-13 14:30:00,100.25
2018-02-13 15:30:00,101.69999694824219
2018-02-13 16:30:00,101.66999816894531
2018-02-13 17:30:00,101.58499908447266
2018-02-13 18:30:00,102.14920043945312
2018-02-13 19:30:00,101.62999725341797
2018-02-13 20:30:00,101.75
2018-02-14 14:30:00,99.45999908447266
2018-02-14 15:30:00,99.9000015258789
2018-02-14 16:30:00,100.0199966430664
2018-02-14 17:30:00,100.19999694824219
2018-02-14 18:30:00,100.13999938964844
2018-02-14 19:30:00,99.98999786376953
2018-02-14 20:30:00,100.08999633789062
2018-02-15 14:30:00,102.02999877929688
2018-02-15 15:30:00,102.75
2018-02-15 16:30:00,101.88999938964844
2018-02-15 17:30:00,101.93499755859375
2018-02-15 18:30:00,101.91999816894531
2018-02-15 19:30:00,102.0
2018-02-15 20:30:00,102.20999908447266
2018-02-16 14:30:00,101.83999633789062
2018-02-16 15:30:00,102.91000366210938
2018-02-16 16:30:00,103.18499755859375
2018-02-16 17:30:00,102.88999938964844
2018-02-16 18:30:00,102.94499969482422
2018-02-16 19:30:00,104.16000366210938
2018-02-16 20:30:00,103.86000061035156
2018-02-20 14:30:00,104.41999816894531
2018-02-20 15:30:00,104.20999908447266
2018-02-20 16:30:00,105.5
2018-02-20 17:30:00,105.69000244140625
2018-02-20 18:30:00,105.26000213623047
2018-02-20 19:30:00,104.0999984741211
2018-02-20 20:30:00,104.11000061035156
2018-02-21 14:30:00,104.30500030517578
2018-02-21 15:30:00,104.20059967041016
2018-02-21 16:30:00,104.19000244140625
2018-02-21 17:30:00,103.75
2018-02-21 18:30:00,104.44000244140625
2018-02-21 19:30:00,103.87000274658203
2018-02-21 20:30:00,103.05000305175781
2018-02-22 14:30:00,103.9800033569336
2018-02-22 15:30:00,104.13999938964844
2018-02-22 16:30:00,104.37999725341797
2018-02-22 17:30:00,104.08999633789062
2018-02-22 18:30:00,104.625
2018-02-22 19:30:00,104.52999877929688
2018-02-22 20:30:00,104.52999877929688
2018-02-23 14:30:00,105.5199966430664
2018-02-23 15:30:00,104.75
2018-02-23 16:30:00,104.55999755859375
2018-02-23 17:30:00,105.16999816894531
2018-02-23 18:30:00,105.68000030517578
2018-02-23 19:30:00,106.72250366210938
2018-02-23 20:30:00,106.3499984741211
2018-02-26 14:30:00,106.05999755859375
2018-02-26 15:30:00,105.62999725341797
2018-02-26 16:30:00,105.9749984741211
2018-02-26 17:30:00,106.30000305175781
2018-02-26 18:30:00,106.47720336914062
2018-02-26 19:30:00,106.68990325927734
2018-02-26 20:30:00,106.62000274658203
2018-02-27 14:30:00,104.94999694824219
2018-02-27 15:30:00,104.62999725341797
2018-02-27 16:30:00,105.00499725341797
2018-02-27 17:30:00,105.0999984741211
2018-02-27 18:30:00,104.86000061035156
2018-02-27 19:30:00,104.0
2018-02-27 20:30:00,103.69999694824219
2018-02-28 14:30:00,105.08000183105469
2018-02-28 15:30:00,105.77999877929688
2018-02-28 16:30:00,105.4791030883789
2018-02-28 17:30:00,106.22000122070312
2018-02-28 18:30:00,106.36519622802734
2018-02-28 19:30:00,106.06999969482422
2018-02-28 20:30:00,105.16999816894531
2018-03-01 14:30:00,104.79000091552734
2018-03-01 15:30:00,104.37999725341797
2018-03-01 16:30:00,104.15499877929688
2018-03-01 17:30:00,103.7300033569336
2018-03-01 18:30:00,103.36000061035156
2018-03-01 19:30:00,103.7699966430664
2018-03-01 20:30:00,103.98999786376953
2018-03-02 14:30:00,101.7699966430664
2018-03-02 15:30:00,103.13999938964844
2018-03-02 16:30:00,104.02999877929688
2018-03-02 17:30:00,103.52999877929688
2018-03-02 18:30:00,103.9000015258789
2018-03-02 19:30:00,103.69999694824219
2018-03-02 20:30:00,104.51000213623047
2018-03-05 14:30:00,104.73999786376953
2018-03-05 15:30:00,105.7249984741211
2018-03-05 16:30:00,106.69999694824219
2018-03-05 17:30:00,108.19000244140625
2018-03-05 18:30:00,108.30000305175781
2018-03-05 19:30:00,108.11000061035156
2018-03-05 20:30:00,107.66000366210938
2018-03-06 14:30:00,107.8499984741211
2018-03-06 15:30:00,107.54499816894531
2018-03-06 16:30:00,108.40599822998047
2018-03-06 17:30:00,108.2300033569336
2018-03-06 18:30:00,108.26010131835938
2018-03-06 19:30:00,108.52999877929688
2018-03-06 20:30:00,108.62000274658203
2018-03-07 14:30:00,109.76000213623047
2018-03-07 15:30:00,110.3499984741211
2018-03-07 16:30:00,110.33999633789062
2018-03-07 17:30:00,111.58000183105469
2018-03-07 18:30:00,111.69000244140625
2018-03-07 19:30:00,112.30000305175781
2018-03-07 20:30:00,111.33000183105469
2018-03-08 14:30:00,110.87999725341797
2018-03-08 15:30:00,111.23999786376953
2018-03-08 16:30:00,111.66000366210938
2018-03-08 17:30:00,110.63999938964844
2018-03-08 18:30:00,110.18000030517578
2018-03-08 19:30:00,110.18000030517578
2018-03-08 20:30:00,110.33000183105469
2018-03-09 14:30:00,110.48999786376953
2018-03-09 15:30:00,110.51000213623047
2018-03-09 16:30:00,111.4000015258789
2018-03-09 17:30:00,111.53500366210938
2018-03-09 18:30:00,111.5
2018-03-09 19:30:00,112.3499984741211
2018-03-09 20:30:00,112.22000122070312
2018-03-12 13:30:00,113.7300033569336
2018-03-12 14:30:00,112.77999877929688
2018-03-12 15:30:00,113.62000274658203
2018-03-12 16:30:00,114.11000061035156
2018-03-12 17:30:00,114.2300033569336
2018-03-12 18:30:00,114.47000122070312
2018-03-12 19:30:00,114.4000015258789
2018-03-13 13:30:00,113.2699966430664
2018-03-13 14:30:00,111.88999938964844
2018-03-13 15:30:00,111.02999877929688
2018-03-13 16:30:00,111.12000274658203
2018-03-13 17:30:00,110.70999908447266
2018-03-13 18:30:00,110.33999633789062
2018-03-13 19:30:00,109.5199966430664
2018-03-14 13:30:00,109.80000305175781
2018-03-14 14:30:00,109.91999816894531
2018-03-14 15:30:00,111.2300033569336
2018-03-14 16:30:00,113.18000030517578
2018-03-14 17:30:00,114.02999877929688
2018-03-14 18:30:00,113.11000061035156
2018-03-14 19:30:00,113.2699966430664
2018-03-15 13:30:00,111.33999633789062
2018-03-15 14:30:00,112.0
2018-03-15 15:30:00,111.97000122070312
2018-03-15 16:30:00,111.72000122070312
2018-03-15 17:30:00,111.81999969482422
2018-03-15 18:30:00,112.36000061035156
2018-03-15 19:30:00,112.45999908447266
2018-03-16 13:30:00,113.3499984741211
2018-03-16 14:30:00,113.97000122070312
2018-03-16 15:30:00,113.16000366210938
2018-03-16 16:30:00,112.66999816894531
2018-03-16 17:30:00,112.83999633789062
2018-03-16 18:30:00,113.0199966430664
2018-03-16 19:30:00,113.22000122070312
2018-03-19 13:30:00,112.4800033569336
2018-03-19 14:30:00,111.58999633789062
2018-03-19 15:30:00,111.54000091552734
2018-03-19 16:30:00,110.73999786376953
2018-03-19 17:30:00,110.83000183105469
2018-03-19 18:30:00,110.45480346679688
2018-03-19 19:30:00,111.08000183105469
2018-03-20 13:30:00,111.31999969482422
2018-03-20 14:30:00,109.70999908447266
2018-03-20 15:30:00,109.62000274658203
2018-03-20 16:30:00,109.05999755859375
2018-03-20 17:30:00,109.68499755859375
2018-03-20 18:30:00,110.12999725341797
2018-03-20 19:30:00,110.30999755859375
2018-03-21 13:30:00,111.5199966430664
2018-03-21 14:30:00,110.87000274658203
2018-03-21 15:30:00,110.23999786376953
2018-03-21 16:30:00,110.18000030517578
2018-03-21 17:30:00,110.13999938964844
2018-03-21 18:30:00,109.4000015258789
2018-03-21 19:30:00,109.23999786376953
2018-03-22 13:30:00,108.18000030517578
2018-03-22 14:30:00,106.41000366210938
2018-03-22 15:30:00,106.37999725341797
2018-03-22 16:30:00,107.69999694824219
2018-03-22 17:30:00,106.95999908447266
2018-03-22 18:30:00,107.44999694824219
2018-03-22 19:30:00,106.97000122070312
2018-03-23 13:30:00,106.66999816894531
2018-03-23 14:30:00,106.7699966430664
2018-03-23 15:30:00,107.12000274658203
2018-03-23 16:30:00,107.11000061035156
2018-03-23 17:30:00,106.69999694824219
2018-03-23 18:30:00,106.5
2018-03-23 19:30:00,106.11000061035156
2018-03-26 13:30:00,105.80999755859375
2018-03-26 14:30:00,104.97000122070312
2018-03-26 15:30:00,105.44999694824219
2018-03-26 16:30:00,105.41000366210938
2018-03-26 17:30:00,106.2300033569336
2018-03-26 18:30:00,106.5199966430664
2018-03-26 19:30:00,106.83000183105469
2018-03-27 13:30:00,106.5999984741211
2018-03-27 14:30:00,106.86000061035156
2018-03-27 15:30:00,107.19999694824219
2018-03-27 16:30:00,106.91000366210938
2018-03-27 17:30:00,106.56999969482422
2018-03-27 18:30:00,105.5250015258789
2018-03-27 19:30:00,105.5999984741211
2018-03-28 13:30:00,105.30000305175781
2018-03-28 14:30:00,106.02999877929688
2018-03-28 15:30:00,107.86000061035156
2018-03-28 16:30:00,108.02999877929688
2018-03-28 17:30:00,107.92720031738281
2018-03-28 18:30:00,106.83000183105469
2018-03-28 19:30:00,106.31999969482422
2018-03-29 13:30:00,107.94999694824219
2018-03-29 14:30:00,109.27999877929688
2018-03-29 15:30:00,109.37000274658203
2018-03-29 16:30:00,109.38999938964844
2018-03-29 17:30:00,110.38999938964844
2018-03-29 18:30:00,110.19000244140625
2018-03-29 19:30:00,110.41999816894531
2018-04-02 13:30:00,108.31999969482422
2018-04-02 14:30:00,108.11000061035156
2018-04-02 15:30:00,108.16000366210938
2018-04-02 16:30:00,107.66999816894531
2018-04-02 17:30:00,106.43000030517578
2018-04-02 18:30:00,106.30999755859375
2018-04-02 19:30:00,106.79000091552734
2018-04-03 13:30:00,106.38999938964844
2018-04-03 14:30:00,107.29000091552734
2018-04-03 15:30:00,106.4000015258789
2018-04-03 16:30:00,106.55999755859375
2018-04-03 17:30:00,106.16999816894531
2018-04-03 18:30:00,106.80500030517578
2018-04-03 19:30:00,107.01000213623047
2018-04-04 13:30:00,105.95999908447266
2018-04-04 14:30:00,106.76000213623047
2018-04-04 15:30:00,107.4708023071289
2018-04-04 16:30:00,107.04000091552734
2018-04-04 17:30:00,107.93000030517578
2018-04-04 18:30:00,108.83000183105469
2018-04-04 19:30:00,109.2300033569336
2018-04-05 13:30:00,110.86000061035156
2018-04-05 14:30:00,111.0199966430664
2018-04-05 15:30:00,110.45999908447266
2018-04-05 16:30:00,110.23999786376953
2018-04-05 17:30:00,110.12999725341797
2018-04-05 18:30:00,110.3499984741211
2018-04-05 19:30:00,110.11000061035156
2018-04-06 13:30:00,108.87999725341797
2018-04-06 14:30:00,107.75
2018-04-06 15:30:00,107.58499908447266
2018-04-06 16:30:00,108.30000305175781
2018-04-06 17:30:00,106.94999694824219
2018-04-06 18:30:00,107.05000305175781
2018-04-06 19:30:00,107.54000091552734
2018-04-09 13:30:00,109.05999755859375
2018-04-09 14:30:00,108.62999725341797
2018-04-09 15:30:00,109.1500015258789
2018-04-09 16:30:00,108.94000244140625
2018-04-09 17:30:00,108.27999877929688
2018-04-09 18:30:00,107.77999877929688
2018-04-09 19:30:00,107.23999786376953
2018-04-10 13:30:00,107.61000061035156
2018-04-10 14:30:00,108.44000244140625
2018-04-10 15:30:00,107.69000244140625
2018-04-10 16:30:00,108.02999877929688
2018-04-10 17:30:00,108.54000091552734
2018-04-10 18:30:00,109.31999969482422
2018-04-10 19:30:00,108.48999786376953
2018-04-11 13:30:00,108.05500030517578
2018-04-11 14:30:00,107.91000366210938
2018-04-11 15:30:00,108.45500183105469
2018-04-11 16:30:00,107.9000015258789
2018-04-11 17:30:00,107.87999725341797
2018-04-11 18:30:00,107.44999694824219
2018-04-11 19:30:00,107.5
2018-04-12 13:30:00,109.02999877929688
2018-04-12 14:30:00,108.33999633789062
2018-04-12 15:30:00,107.56999969482422
2018-04-12 16:30:00,106.9000015258789
2018-04-12 17:30:00,107.11000061035156
2018-04-12 18:30:00,107.3550033569336
2018-04-12 19:30:00,107.19000244140625
2018-04-13 13:30:00,106.63999938964844
2018-04-13 14:30:00,107.06999969482422
2018-04-13 15:30:00,107.2300033569336
2018-04-13 16:30:00,107.12000274658203
2018-04-13 17:30:00,107.12000274658203
2018-04-13 18:30:00,106.87000274658203
2018-04-13 19:30:00,107.19999694824219
2018-04-16 13:30:00,107.93000030517578
2018-04-16 14:30:00,107.73999786376953
2018-04-16 15:30:00,108.41999816894531
2018-04-16 16:30:00,109.02339935302734
2018-04-16 17:30:00,108.70999908447266
2018-04-16 18:30:00,109.33000183105469
2018-04-16 19:30:00,109.16999816894531
2018-04-17 13:30:00,110.41200256347656
2018-04-17 14:30:00,111.12000274658203
2018-04-17 15:30:00,110.58000183105469
2018-04-17 16:30:00,110.8499984741211
2018-04-17 17:30:00,110.36000061035156
2018-04-17 18:30:00,110.31999969482422
2018-04-17 19:30:00,110.44999694824219
2018-04-18 13:30:00,109.5999984741211
2018-04-18 14:30:00,110.3499984741211
2018-04-18 15:30:00,110.45999908447266
2018-04-18 16:30:00,110.13999938964844
2018-04-18 17:30:00,110.4800033569336
2018-04-18 18:30:00,110.5
2018-04-18 19:30:00,110.2699966430664
2018-04-19 13:30:00,111.40499877929688
2018-04-19 14:30:00,110.79000091552734
2018-04-19 15:30:00,110.38999938964844
2018-04-19 16:30:00,110.58000183105469
2018-04-19 17:30:00,111.34500122070312
2018-04-19 18:30:00,111.37000274658203
2018-04-19 19:30:00,111.36000061035156
2018-04-20 13:30:00,111.16000366210938
2018-04-20 14:30:00,109.4000015258789
2018-04-20 15:30:00,109.41999816894531
2018-04-20 16:30:00,109.44000244140625
2018-04-20 17:30:00,109.2699966430664
2018-04-20 18:30:00,109.6500015258789
2018-04-20 19:30:00,109.79000091552734
2018-04-23 13:30:00,111.4800033569336
2018-04-23 14:30:00,111.72000122070312
2018-04-23 15:30:00,111.32499694824219
2018-04-23 16:30:00,110.8499984741211
2018-04-23 17:30:00,109.80000305175781
2018-04-23 18:30:00,110.0
2018-04-23 19:30:00,110.37999725341797
2018-04-24 13:30:00,111.93000030517578
2018-04-24 14:30:00,111.25
2018-04-24 15:30:00,110.87000274658203
2018-04-24 16:30:00,110.29000091552734
2018-04-24 17:30:00,110.26000213623047
2018-04-24 18:30:00,110.96499633789062
2018-04-24 19:30:00,110.76000213623047
2018-04-25 13:30:00,107.73999786376953
2018-04-25 14:30:00,109.11000061035156
2018-04-25 15:30:00,109.44010162353516
2018-04-25 16:30:00,109.44000244140625
2018-04-25 17:30:00,108.61000061035156
2018-04-25 18:30:00,108.55999755859375
2018-04-25 19:30:00,108.44000244140625
2018-04-26 13:30:00,106.94000244140625
2018-04-26 14:30:00,107.15499877929688
2018-04-26 15:30:00,107.21499633789062
2018-04-26 16:30:00,106.08999633789062
2018-04-26 17:30:00,106.30500030517578
2018-04-26 18:30:00,106.5
2018-04-26 19:30:00,106.31999969482422
2018-04-27 13:30:00,115.25
2018-04-27 14:30:00,115.05999755859375
2018-04-27 15:30:00,115.22000122070312
2018-04-27 16:30:00,114.9800033569336
2018-04-27 17:30:00,115.4800033569336
2018-04-27 18:30:00,115.05000305175781
2018-04-27 19:30:00,115.12999725341797
2018-04-30 13:30:00,116.1449966430664
2018-04-30 14:30:00,116.0250015258789
2018-04-30 15:30:00,115.2417984008789
2018-04-30 16:30:00,115.45999908447266
2018-04-30 17:30:00,115.6500015258789
2018-04-30 18:30:00,115.26000213623047
2018-04-30 19:30:00,115.16999816894531
2018-05-01 13:30:00,113.95999908447266
2018-05-01 14:30:00,113.97000122070312
2018-05-01 15:30:00,113.66500091552734
2018-05-01 16:30:00,112.98500061035156
2018-05-01 17:30:00,112.93499755859375
2018-05-01 18:30:00,113.01000213623047
2018-05-01 19:30:00,113.52999877929688
2018-05-02 13:30:00,114.0
2018-05-02 14:30:00,114.48999786376953
2018-05-02 15:30:00,114.48999786376953
2018-05-02 16:30:00,114.88999938964844
2018-05-02 17:30:00,115.26000213623047
2018-05-02 18:30:00,114.6500015258789
2018-05-02 19:30:00,114.44000244140625
2018-05-03 13:30:00,111.87000274658203
2018-05-03 14:30:00,111.0
2018-05-03 15:30:00,110.75
2018-05-03 16:30:00,110.94000244140625
2018-05-03 17:30:00,110.45999908447266
2018-05-03 18:30:00,110.87000274658203
2018-05-03 19:30:00,111.25
2018-05-04 13:30:00,110.20500183105469
2018-05-04 14:30:00,109.9800033569336
2018-05-04 15:30:00,110.3499984741211
2018-05-04 16:30:00,109.98670196533203
2018-05-04 17:30:00,109.87999725341797
2018-05-04 18:30:00,109.81999969482422
2018-05-04 19:30:00,110.12999725341797
2018-05-07 13:30:00,112.44999694824219
2018-05-07 14:30:00,112.15499877929688
2018-05-07 15:30:00,111.94000244140625
2018-05-07 16:30:00,111.52999877929688
2018-05-07 17:30:00,111.15499877929688
2018-05-07 18:30:00,110.86000061035156
2018-05-07 19:30:00,110.94000244140625
2018-05-08 13:30:00,110.15499877929688
2018-05-08 14:30:00,110.83999633789062
2018-05-08 15:30:00,110.38999938964844
2018-05-08 16:30:00,110.21499633789062
2018-05-08 17:30:00,110.72000122070312
2018-05-08 18:30:00,110.58999633789062
2018-05-08 19:30:00,110.5199966430664
2018-05-09 13:30:00,111.7699966430664
2018-05-09 14:30:00,111.4000015258789
2018-05-09 15:30:00,111.80999755859375
2018-05-09 16:30:00,111.93000030517578
2018-05-09 17:30:00,111.48999786376953
2018-05-09 18:30:00,111.91999816894531
2018-05-09 19:30:00,112.22000122070312
2018-05-10 13:30:00,114.73999786376953
2018-05-10 14:30:00,114.56999969482422
2018-05-10 15:30:00,115.37000274658203
2018-05-10 16:30:00,115.48999786376953
2018-05-10 17:30:00,114.5
2018-05-10 18:30:00,114.13999938964844
2018-05-10 19:30:00,113.94000244140625
2018-05-11 13:30:00,113.33499908447266
2018-05-11 14:30:00,113.72000122070312
2018-05-11 15:30:00,113.69020080566406
2018-05-11 16:30:00,114.0
2018-05-11 17:30:00,113.81999969482422
2018-05-11 18:30:00,113.94999694824219
2018-05-11 19:30:00,113.91999816894531
2018-05-14 13:30:00,114.25
2018-05-14 14:30:00,113.94999694824219
2018-05-14 15:30:00,113.87999725341797
2018-05-14 16:30:00,113.91000366210938
2018-05-14 17:30:00,113.91999816894531
2018-05-14 18:30:00,114.47000122070312
2018-05-14 19:30:00,114.63999938964844
2018-05-15 13:30:00,114.0999984741211
2018-05-15 14:30:00,114.05500030517578
2018-05-15 15:30:00,113.7699966430664
2018-05-15 16:30:00,114.0199966430664
2018-05-15 17:30:00,113.62000274658203
2018-05-15 18:30:00,113.52999877929688
2018-05-15 19:30:00,114.01000213623047
2018-05-16 13:30:00,115.98999786376953
2018-05-16 14:30:00,115.83999633789062
2018-05-16 15:30:00,116.2509994506836
2018-05-16 16:30:00,115.81999969482422
2018-05-16 17:30:00,115.68000030517578
2018-05-16 18:30:00,115.5999984741211
2018-05-16 19:30:00,115.58000183105469
2018-05-17 13:30:00,116.2750015258789
2018-05-17 14:30:00,116.45999908447266
2018-05-17 15:30:00,115.79000091552734
2018-05-17 16:30:00,115.68000030517578
2018-05-17 17:30:00,115.48999786376953
2018-05-17 18:30:00,115.75
2018-05-17 19:30:00,115.66999816894531
2018-05-18 13:30:00,114.97000122070312
2018-05-18 14:30:00,115.29989624023438
2018-05-18 15:30:00,115.4000015258789
2018-05-18 16:30:00,115.29000091552734
2018-05-18 17:30:00,115.24500274658203
2018-05-18 18:30:00,115.2300033569336
2018-05-18 19:30:00,115.08000183105469
2018-05-21 13:30:00,116.54000091552734
2018-05-21 14:30:00,115.94999694824219
2018-05-21 15:30:00,116.06999969482422
2018-05-21 16:30:00,115.94000244140625
2018-05-21 17:30:00,115.93000030517578
2018-05-21 18:30:00,116.19499969482422
2018-05-21 19:30:00,116.36000061035156
2018-05-22 13:30:00,117.44999694824219
2018-05-22 14:30:00,117.79000091552734
2018-05-22 15:30:00,116.83519744873047
2018-05-22 16:30:00,117.02999877929688
2018-05-22 17:30:00,116.95999908447266
2018-05-22 18:30:00,116.62000274658203
2018-05-22 19:30:00,116.29000091552734
2018-05-23 13:30:00,114.76000213623047
2018-05-23 14:30:00,114.7300033569336
2018-05-23 15:30:00,114.86000061035156
2018-05-23 16:30:00,115.16999816894531
2018-05-23 17:30:00,115.33999633789062
2018-05-23 18:30:00,115.29000091552734
2018-05-23 19:30:00,115.23999786376953
2018-05-24 13:30:00,116.2300033569336
2018-05-24 14:30:00,116.30999755859375
2018-05-24 15:30:00,116.31999969482422
2018-05-24 16:30:00,116.66000366210938
2018-05-24 17:30:00,116.69000244140625
2018-05-24 18:30:00,116.86000061035156
2018-05-24 19:30:00,116.98999786376953
2018-05-25 13:30:00,117.19000244140625
2018-05-25 14:30:00,117.5999984741211
2018-05-25 15:30:00,117.44999694824219
2018-05-25 16:30:00,117.69999694824219
2018-05-25 17:30:00,117.93000030517578
2018-05-25 18:30:00,117.97000122070312
2018-05-25 19:30:00,117.80999755859375
2018-05-29 13:30:00,117.5999984741211
2018-05-29 14:30:00,117.63999938964844
2018-05-29 15:30:00,117.2300033569336
2018-05-29 16:30:00,117.5199966430664
2018-05-29 17:30:00,117.31999969482422
2018-05-29 18:30:00,116.98999786376953
2018-05-29 19:30:00,117.23999786376953
2018-05-30 13:30:00,117.30000305175781
2018-05-30 14:30:00,117.73999786376953
2018-05-30 15:30:00,117.51000213623047
2018-05-30 16:30:00,117.93000030517578
2018-05-30 17:30:00,117.77999877929688
2018-05-30 18:30:00,118.05000305175781
2018-05-30 19:30:00,118.01000213623047
2018-05-31 13:30:00,119.37999725341797
2018-05-31 14:30:00,119.47000122070312
2018-05-31 15:30:00,119.86499786376953
2018-05-31 16:30:00,120.16000366210938
2018-05-31 17:30:00,120.16999816894531
2018-05-31 18:30:00,120.48999786376953
2018-05-31 19:30:00,121.04000091552734
2018-06-01 13:30:00,121.48999786376953
2018-06-01 14:30:00,121.72000122070312
2018-06-01 15:30:00,121.11000061035156
2018-06-01 16:30:00,120.87000274658203
2018-06-01 17:30:00,120.91999816894531
2018-06-01 18:30:00,120.25
2018-06-01 19:30:00,120.01000213623047
2018-06-04 13:30:00,119.63999938964844
2018-06-04 14:30:00,119.91999816894531
2018-06-04 15:30:00,119.6500015258789
2018-06-04 16:30:00,119.58000183105469
2018-06-04 17:30:00,119.04499816894531
2018-06-04 18:30:00,118.91999816894531
2018-06-04 19:30:00,118.9000015258789
2018-06-05 13:30:00,119.5999984741211
2018-06-05 14:30:00,119.48999786376953
2018-06-05 15:30:00,119.52999877929688
2018-06-05 16:30:00,120.0
2018-06-05 17:30:00,120.58000183105469
2018-06-05 18:30:00,120.66500091552734
2018-06-05 19:30:00,120.16999816894531
2018-06-06 13:30:00,121.98999786376953
2018-06-06 14:30:00,122.45999908447266
2018-06-06 15:30:00,122.77999877929688
2018-06-06 16:30:00,123.01000213623047
2018-06-06 17:30:00,122.81999969482422
2018-06-06 18:30:00,122.52999877929688
2018-06-06 19:30:00,122.41000366210938
2018-06-07 13:30:00,121.42500305175781
2018-06-07 14:30:00,120.91000366210938
2018-06-07 15:30:00,120.62999725341797
2018-06-07 16:30:00,120.05999755859375
2018-06-07 17:30:00,120.04000091552734
2018-06-07 18:30:00,120.44999694824219
2018-06-07 19:30:00,120.33999633789062
2018-06-08 13:30:00,119.6698989868164
2018-06-08 14:30:00,119.83999633789062
2018-06-08 15:30:00,120.3499984741211
2018-06-08 16:30:00,120.36000061035156
2018-06-08 17:30:00,120.81999969482422
2018-06-08 18:30:00,121.1500015258789
2018-06-08 19:30:00,120.87999725341797
2018-06-11 13:30:00,122.69000244140625
2018-06-11 14:30:00,123.05999755859375
2018-06-11 15:30:00,123.87999725341797
2018-06-11 16:30:00,124.41000366210938
2018-06-11 17:30:00,124.25
2018-06-11 18:30:00,124.07499694824219
2018-06-11 19:30:00,123.62999725341797
2018-06-12 13:30:00,123.97000122070312
2018-06-12 14:30:00,123.62000274658203
2018-06-12 15:30:00,124.41999816894531
2018-06-12 16:30:00,124.4800033569336
2018-06-12 17:30:00,124.2300033569336
2018-06-12 18:30:00,124.41000366210938
2018-06-12 19:30:00,124.41000366210938
2018-06-13 13:30:00,123.2300033569336
2018-06-13 14:30:00,123.37000274658203
2018-06-13 15:30:00,123.27999877929688
2018-06-13 16:30:00,122.6500015258789
2018-06-13 17:30:00,121.94999694824219
2018-06-13 18:30:00,122.56999969482422
2018-06-13 19:30:00,122.33000183105469
2018-06-14 13:30:00,123.27999877929688
2018-06-14 14:30:00,122.91000366210938
2018-06-14 15:30:00,123.44999694824219
2018-06-14 16:30:00,122.98999786376953
2018-06-14 17:30:00,123.5999984741211
2018-06-14 18:30:00,123.6500015258789
2018-06-14 19:30:00,123.58000183105469
2018-06-15 13:30:00,123.61000061035156
2018-06-15 14:30:00,123.38500213623047
2018-06-15 15:30:00,123.68000030517578
2018-06-15 16:30:00,123.76000213623047
2018-06-15 17:30:00,123.77999877929688
2018-06-15 18:30:00,123.61000061035156
2018-06-15 19:30:00,124.13999938964844
2018-06-18 13:30:00,124.37000274658203
2018-06-18 14:30:00,124.52999877929688
2018-06-18 15:30:00,124.97000122070312
2018-06-18 16:30:00,125.25
2018-06-18 17:30:00,125.18000030517578
2018-06-18 18:30:00,125.45999908447266
2018-06-18 19:30:00,125.2300033569336
2018-06-19 13:30:00,124.06999969482422
2018-06-19 14:30:00,124.73999786376953
2018-06-19 15:30:00,124.69999694824219
2018-06-19 16:30:00,124.45999908447266
2018-06-19 17:30:00,125.0
2018-06-19 18:30:00,124.66000366210938
2018-06-19 19:30:00,124.68000030517578
2018-06-20 13:30:00,124.70999908447266
2018-06-20 14:30:00,124.55000305175781
2018-06-20 15:30:00,124.63999938964844
2018-06-20 16:30:00,124.73999786376953
2018-06-20 17:30:00,125.0199966430664
2018-06-20 18:30:00,124.86000061035156
2018-06-20 19:30:00,124.91999816894531
2018-06-21 13:30:00,124.31999969482422
2018-06-21 14:30:00,124.92500305175781
2018-06-21 15:30:00,124.75499725341797
2018-06-21 16:30:00,124.52839660644531
2018-06-21 17:30:00,124.33999633789062
2018-06-21 18:30:00,123.94999694824219
2018-06-21 19:30:00,123.58999633789062
2018-06-22 13:30:00,124.68000030517578
2018-06-22 14:30:00,124.41000366210938
2018-06-22 15:30:00,124.95999908447266
2018-06-22 16:30:00,124.62000274658203
2018-06-22 17:30:00,124.36000061035156
2018-06-22 18:30:00,124.43000030517578
2018-06-22 19:30:00,124.81999969482422
2018-06-25 13:30:00,122.88999938964844
2018-06-25 14:30:00,122.16000366210938
2018-06-25 15:30:00,122.63999938964844
2018-06-25 16:30:00,122.55000305175781
2018-06-25 17:30:00,122.4800033569336
2018-06-25 18:30:00,122.1449966430664
2018-06-25 19:30:00,122.87000274658203
2018-06-26 13:30:00,121.60299682617188
2018-06-26 14:30:00,121.93000030517578
2018-06-26 15:30:00,122.30000305175781
2018-06-26 16:30:00,122.3499984741211
2018-06-26 17:30:00,122.08999633789062
2018-06-26 18:30:00,121.83000183105469
2018-06-26 19:30:00,122.0
2018-06-27 13:30:00,122.70999908447266
2018-06-27 14:30:00,121.91999816894531
2018-06-27 15:30:00,121.69999694824219
2018-06-27 16:30:00,121.12000274658203
2018-06-27 17:30:00,121.08999633789062
2018-06-27 18:30:00,121.11000061035156
2018-06-27 19:30:00,120.33999633789062
2018-06-28 13:30:00,119.58000183105469
2018-06-28 14:30:00,120.12000274658203
2018-06-28 15:30:00,119.38999938964844
2018-06-28 16:30:00,119.9000015258789
2018-06-28 17:30:00,120.2300033569336
2018-06-28 18:30:00,120.18000030517578
2018-06-28 19:30:00,120.5
2018-06-29 13:30:00,120.44999694824219
2018-06-29 14:30:00,120.25
2018-06-29 15:30:00,119.83999633789062
2018-06-29 16:30:00,120.25
2018-06-29 17:30:00,120.61000061035156
2018-06-29 18:30:00,120.41999816894531
2018-06-29 19:30:00,120.18000030517578
2018-07-02 13:30:00,121.5999984741211
2018-07-02 14:30:00,121.0199966430664
2018-07-02 15:30:00,120.80999755859375
2018-07-02 16:30:00,120.75
2018-07-02 17:30:00,121.56999969482422
2018-07-02 18:30:00,121.27999877929688
2018-07-02 19:30:00,121.83000183105469
2018-07-03 13:30:00,123.37999725341797
2018-07-03 14:30:00,124.3499984741211
2018-07-03 15:30:00,124.54000091552734
2018-07-03 17:00:00,123.25
2018-07-05 13:30:00,123.1500015258789
2018-07-05 14:30:00,123.54499816894531
2018-07-05 15:30:00,123.58999633789062
2018-07-05 16:30:00,123.30999755859375
2018-07-05 17:30:00,123.19999694824219
2018-07-05 18:30:00,123.51499938964844
2018-07-05 19:30:00,123.81999969482422
2018-07-06 13:30:00,124.94000244140625
2018-07-06 14:30:00,125.76000213623047
2018-07-06 15:30:00,125.83000183105469
2018-07-06 16:30:00,125.7300033569336
2018-07-06 17:30:00,125.87319946289062
2018-07-06 18:30:00,125.83000183105469
2018-07-06 19:30:00,125.98999786376953
2018-07-09 13:30:00,126.38999938964844
2018-07-09 14:30:00,126.95999908447266
2018-07-09 15:30:00,127.01499938964844
2018-07-09 16:30:00,127.48500061035156
2018-07-09 17:30:00,127.0999984741211
2018-07-09 18:30:00,127.1552963256836
2018-07-09 19:30:00,127.02999877929688
2018-07-10 13:30:00,126.5199966430664
2018-07-10 14:30:00,127.20999908447266
2018-07-10 15:30:00,127.48999786376953
2018-07-10 16:30:00,127.45999908447266
2018-07-10 17:30:00,127.3499984741211
2018-07-10 18:30:00,127.37000274658203
2018-07-10 19:30:00,127.26000213623047
2018-07-11 13:30:00,125.44999694824219
2018-07-11 14:30:00,124.12000274658203
2018-07-11 15:30:00,124.13500213623047
2018-07-11 16:30:00,124.47000122070312
2018-07-11 17:30:00,124.51000213623047
2018-07-11 18:30:00,124.9000015258789
2018-07-11 19:30:00,125.12999725341797
2018-07-12 13:30:00,126.43000030517578
2018-07-12 14:30:00,126.27999877929688
2018-07-12 15:30:00,127.3499984741211
2018-07-12 16:30:00,127.73999786376953
2018-07-12 17:30:00,127.56999969482422
2018-07-12 18:30:00,127.58999633789062
2018-07-12 19:30:00,127.37000274658203
2018-07-13 13:30:00,127.25
2018-07-13 14:30:00,126.94999694824219
2018-07-13 15:30:00,126.12000274658203
2018-07-13 16:30:00,126.08499908447266
2018-07-13 17:30:00,126.41999816894531
2018-07-13 18:30:00,126.66000366210938
2018-07-13 19:30:00,126.94000244140625
2018-07-16 13:30:00,127.27999877929688
2018-07-16 14:30:00,126.4000015258789
2018-07-16 15:30:00,126.7300033569336
2018-07-16 16:30:00,126.73999786376953
2018-07-16 17:30:00,126.97000122070312
2018-07-16 18:30:00,126.52999877929688
2018-07-16 19:30:00,126.69000244140625
2018-07-17 13:30:00,127.58000183105469
2018-07-17 14:30:00,127.94999694824219
2018-07-17 15:30:00,128.6999969482422
2018-07-17 16:30:00,129.33999633789062
2018-07-17 17:30:00,129.22999572753906
2018-07-17 18:30:00,128.72999572753906
2018-07-17 19:30:00,128.7899932861328
2018-07-18 13:30:00,127.87000274658203
2018-07-18 14:30:00,128.0500030517578
2018-07-18 15:30:00,128.2949981689453
2018-07-18 16:30:00,128.10000610351562
2018-07-18 17:30:00,127.91500091552734
2018-07-18 18:30:00,127.44999694824219
2018-07-18 19:30:00,127.51000213623047
2018-07-19 13:30:00,127.4000015258789
2018-07-19 14:30:00,127.88999938964844
2018-07-19 15:30:00,128.08999633789062
2018-07-19 16:30:00,128.1199951171875
2018-07-19 17:30:00,128.18499755859375
2018-07-19 18:30:00,127.81999969482422
2018-07-19 19:30:00,127.83000183105469
2018-07-20 13:30:00,126.68000030517578
2018-07-20 14:30:00,126.625
2018-07-20 15:30:00,125.72000122070312
2018-07-20 16:30:00,125.4800033569336
2018-07-20 17:30:00,126.29000091552734
2018-07-20 18:30:00,125.51000213623047
2018-07-20 19:30:00,125.5199966430664
2018-07-23 13:30:00,125.43000030517578
2018-07-23 14:30:00,125.7699966430664
2018-07-23 15:30:00,125.94999694824219
2018-07-23 16:30:00,125.73999786376953
2018-07-23 17:30:00,126.27999877929688
2018-07-23 18:30:00,126.37000274658203
2018-07-23 19:30:00,126.37999725341797
2018-07-24 13:30:00,128.27999877929688
2018-07-24 14:30:00,127.55000305175781
2018-07-24 15:30:00,126.51000213623047
2018-07-24 16:30:00,126.98999786376953
2018-07-24 17:30:00,127.28070068359375
2018-07-24 18:30:00,127.36000061035156
2018-07-24 19:30:00,127.2300033569336
2018-07-25 13:30:00,126.30999755859375
2018-07-25 14:30:00,126.45999908447266
2018-07-25 15:30:00,126.5
2018-07-25 16:30:00,126.6050033569336
2018-07-25 17:30:00,127.7699966430664
2018-07-25 18:30:00,127.4000015258789
2018-07-25 19:30:00,127.55999755859375
2018-07-26 13:30:00,126.9800033569336
2018-07-26 14:30:00,127.29000091552734
2018-07-26 15:30:00,128.11000061035156
2018-07-26 16:30:00,127.6050033569336
2018-07-26 17:30:00,126.95500183105469
2018-07-26 18:30:00,125.44999694824219
2018-07-26 19:30:00,125.79000091552734
2018-07-27 13:30:00,137.16990661621094
2018-07-27 14:30:00,136.23440551757812
2018-07-27 15:30:00,136.0399932861328
2018-07-27 16:30:00,136.8300018310547
2018-07-27 17:30:00,135.77999877929688
2018-07-27 18:30:00,137.25
2018-07-27 19:30:00,137.80999755859375
2018-07-30 13:30:00,136.99000549316406
2018-07-30 14:30:00,136.41000366210938
2018-07-30 15:30:00,135.6300048828125
2018-07-30 16:30:00,135.7899932861328
2018-07-30 17:30:00,136.36000061035156
2018-07-30 18:30:00,135.24000549316406
2018-07-30 19:30:00,134.82000732421875
2018-07-31 13:30:00,132.6699981689453
2018-07-31 14:30:00,132.9199981689453
2018-07-31 15:30:00,133.75709533691406
2018-07-31 16:30:00,134.27000427246094
2018-07-31 17:30:00,133.9199981689453
2018-07-31 18:30:00,134.0800018310547
2018-07-31 19:30:00,133.83999633789062
2018-08-01 13:30:00,134.52000427246094
2018-08-01 14:30:00,133.58999633789062
2018-08-01 15:30:00,132.82000732421875
2018-08-01 16:30:00,132.86000061035156
2018-08-01 17:30:00,133.1999969482422
2018-08-01 18:30:00,133.9199981689453
2018-08-01 19:30:00,133.69000244140625
2018-08-02 13:30:00,132.70799255371094
2018-08-02 14:30:00,132.80999755859375
2018-08-02 15:30:00,133.0
2018-08-02 16:30:00,132.82000732421875
2018-08-02 17:30:00,132.74899291992188
2018-08-02 18:30:00,132.6999969482422
2018-08-02 19:30:00,132.86000061035156
2018-08-03 13:30:00,132.875
2018-08-03 14:30:00,132.52999877929688
2018-08-03 15:30:00,132.50999450683594
2018-08-03 16:30:00,132.55999755859375
2018-08-03 17:30:00,132.58999633789062
2018-08-03 18:30:00,132.39999389648438
2018-08-03 19:30:00,132.10000610351562
2018-08-06 13:30:00,133.27999877929688
2018-08-06 14:30:00,133.44000244140625
2018-08-06 15:30:00,133.67999267578125
2018-08-06 16:30:00,133.5500030517578
2018-08-06 17:30:00,133.2550048828125
2018-08-06 18:30:00,133.7324981689453
2018-08-06 19:30:00,133.0399932861328
2018-08-07 13:30:00,133.75999450683594
2018-08-07 14:30:00,133.32000732421875
2018-08-07 15:30:00,133.30999755859375
2018-08-07 16:30:00,133.10000610351562
2018-08-07 17:30:00,133.1199951171875
2018-08-07 18:30:00,133.11500549316406
2018-08-07 19:30:00,133.0399932861328
2018-08-08 13:30:00,131.63999938964844
2018-08-08 14:30:00,131.75
2018-08-08 15:30:00,131.39950561523438
2018-08-08 16:30:00,131.31500244140625
2018-08-08 17:30:00,132.05999755859375
2018-08-08 18:30:00,131.9199981689453
2018-08-08 19:30:00,131.66000366210938
2018-08-09 13:30:00,133.625
2018-08-09 14:30:00,133.33999633789062
2018-08-09 15:30:00,133.50999450683594
2018-08-09 16:30:00,133.0850067138672
2018-08-09 17:30:00,133.3800048828125
2018-08-09 18:30:00,132.66000366210938
2018-08-09 19:30:00,132.72999572753906
2018-08-10 13:30:00,131.27000427246094
2018-08-10 14:30:00,131.9199981689453
2018-08-10 15:30:00,133.02999877929688
2018-08-10 16:30:00,132.4199981689453
2018-08-10 17:30:00,131.27999877929688
2018-08-10 18:30:00,131.88499450683594
2018-08-10 19:30:00,131.9499969482422
2018-08-13 13:30:00,132.25
2018-08-13 14:30:00,131.6999969482422
2018-08-13 15:30:00,131.25999450683594
2018-08-13 16:30:00,131.80999755859375
2018-08-13 17:30:00,131.82000732421875
2018-08-13 18:30:00,131.5399932861328
2018-08-13 19:30:00,131.49000549316406
2018-08-14 13:30:00,132.17999267578125
2018-08-14 14:30:00,133.33999633789062
2018-08-14 15:30:00,133.69000244140625
2018-08-14 16:30:00,134.0
2018-08-14 17:30:00,134.16000366210938
2018-08-14 18:30:00,133.5500030517578
2018-08-14 19:30:00,133.47999572753906
2018-08-15 13:30:00,131.6999969482422
2018-08-15 14:30:00,131.6199951171875
2018-08-15 15:30:00,131.19000244140625
2018-08-15 16:30:00,130.52000427246094
2018-08-15 17:30:00,131.38999938964844
2018-08-15 18:30:00,131.63999938964844
2018-08-15 19:30:00,131.6999969482422
2018-08-16 13:30:00,132.65499877929688
2018-08-16 14:30:00,133.1199951171875
2018-08-16 15:30:00,133.0850067138672
2018-08-16 16:30:00,132.41000366210938
2018-08-16 17:30:00,131.9199981689453
2018-08-16 18:30:00,131.30999755859375
2018-08-16 19:30:00,131.17999267578125
2018-08-17 13:30:00,130.57000732421875
2018-08-17 14:30:00,130.41000366210938
2018-08-17 15:30:00,131.02000427246094
2018-08-17 16:30:00,130.8000030517578
2018-08-17 17:30:00,131.19000244140625
2018-08-17 18:30:00,131.00999450683594
2018-08-17 19:30:00,131.02000427246094
2018-08-20 13:30:00,131.36000061035156
2018-08-20 14:30:00,131.6699981689453
2018-08-20 15:30:00,131.9600067138672
2018-08-20 16:30:00,131.1699981689453
2018-08-20 17:30:00,131.49000549316406
2018-08-20 18:30:00,131.66000366210938
2018-08-20 19:30:00,131.5399932861328
2018-08-21 13:30:00,131.80999755859375
2018-08-21 14:30:00,131.3000030517578
2018-08-21 15:30:00,131.52000427246094
2018-08-21 16:30:00,131.99000549316406
2018-08-21 17:30:00,131.77499389648438
2018-08-21 18:30:00,131.47999572753906
2018-08-21 19:30:00,131.52000427246094
2018-08-22 13:30:00,129.47999572753906
2018-08-22 14:30:00,129.11000061035156
2018-08-22 15:30:00,128.9949951171875
2018-08-22 16:30:00,129.19500732421875
2018-08-22 17:30:00,128.92999267578125
2018-08-22 18:30:00,129.17999267578125
2018-08-22 19:30:00,128.8800048828125
2018-08-23 13:30:00,128.72000122070312
2018-08-23 14:30:00,128.3699951171875
2018-08-23 15:30:00,129.0399932861328
2018-08-23 16:30:00,128.97000122070312
2018-08-23 17:30:00,129.5500030517578
2018-08-23 18:30:00,129.1999969482422
2018-08-23 19:30:00,128.9199981689453
2018-08-24 13:30:00,130.1732940673828
2018-08-24 14:30:00,130.25999450683594
2018-08-24 15:30:00,130.58900451660156
2018-08-24 16:30:00,130.32000732421875
2018-08-24 17:30:00,130.53500366210938
2018-08-24 18:30:00,130.1699981689453
2018-08-24 19:30:00,130.2100067138672
2018-08-27 13:30:00,131.99000549316406
2018-08-27 14:30:00,131.5399932861328
2018-08-27 15:30:00,131.69000244140625
2018-08-27 16:30:00,131.47000122070312
2018-08-27 17:30:00,131.4199981689453
2018-08-27 18:30:00,131.38999938964844
2018-08-27 19:30:00,131.91000366210938
2018-08-28 13:30:00,131.86000061035156
2018-08-28 14:30:00,131.75
2018-08-28 15:30:00,131.52999877929688
2018-08-28 16:30:00,131.25
2018-08-28 17:30:00,131.67999267578125
2018-08-28 18:30:00,131.63999938964844
2018-08-28 19:30:00,131.5500030517578
2018-08-29 13:30:00,131.9600067138672
2018-08-29 14:30:00,132.3800048828125
2018-08-29 15:30:00,132.6999969482422
2018-08-29 16:30:00,133.0800018310547
2018-08-29 17:30:00,133.04420471191406
2018-08-29 18:30:00,133.22000122070312
2018-08-29 19:30:00,132.75
2018-08-30 13:30:00,132.4600067138672
2018-08-30 14:30:00,131.80999755859375
2018-08-30 15:30:00,131.61500549316406
2018-08-30 16:30:00,132.16000366210938
2018-08-30 17:30:00,131.7899932861328
2018-08-30 18:30:00,131.4499969482422
2018-08-30 19:30:00,131.42999267578125
2018-08-31 13:30:00,130.8300018310547
2018-08-31 14:30:00,130.6750030517578
2018-08-31 15:30:00,130.6300048828125
2018-08-31 16:30:00,130.5800018310547
2018-08-31 17:30:00,130.49000549316406
2018-08-31 18:30:00,130.4600067138672
2018-08-31 19:30:00,130.49000549316406
2018-09-04 13:30:00,128.61000061035156
2018-09-04 14:30:00,127.47000122070312
2018-09-04 15:30:00,127.05999755859375
2018-09-04 16:30:00,126.98999786376953
2018-09-04 17:30:00,127.30999755859375
2018-09-04 18:30:00,127.33999633789062
2018-09-04 19:30:00,127.36000061035156
2018-09-05 13:30:00,124.4000015258789
2018-09-05 14:30:00,124.93000030517578
2018-09-05 15:30:00,125.27999877929688
2018-09-05 16:30:00,125.0999984741211
2018-09-05 17:30:00,124.81999969482422
2018-09-05 18:30:00,124.19999694824219
2018-09-05 19:30:00,123.8499984741211
2018-09-06 13:30:00,123.54000091552734
2018-09-06 14:30:00,122.81999969482422
2018-09-06 15:30:00,122.87000274658203
2018-09-06 16:30:00,123.30999755859375
2018-09-06 17:30:00,124.5199966430664
2018-09-06 18:30:00,124.7300033569336
2018-09-06 19:30:00,124.52999877929688
2018-09-07 13:30:00,127.5
2018-09-07 14:30:00,128.4499969482422
2018-09-07 15:30:00,127.98999786376953
2018-09-07 16:30:00,128.8699951171875
2018-09-07 17:30:00,129.28500366210938
2018-09-07 18:30:00,128.60000610351562
2018-09-07 19:30:00,128.8300018310547
2018-09-10 13:30:00,128.36000061035156
2018-09-10 14:30:00,128.92999267578125
2018-09-10 15:30:00,128.8300018310547
2018-09-10 16:30:00,128.88999938964844
2018-09-10 17:30:00,128.99000549316406
2018-09-10 18:30:00,129.05999755859375
2018-09-10 19:30:00,129.0500030517578
2018-09-11 13:30:00,128.4499969482422
2018-09-11 14:30:00,128.8699951171875
2018-09-11 15:30:00,129.52999877929688
2018-09-11 16:30:00,129.5399932861328
2018-09-11 17:30:00,129.6699981689453
2018-09-11 18:30:00,129.74000549316406
2018-09-11 19:30:00,129.77000427246094
2018-09-12 13:30:00,129.77999877929688
2018-09-12 14:30:00,131.10000610351562
2018-09-12 15:30:00,131.2303009033203
2018-09-12 16:30:00,131.86500549316406
2018-09-12 17:30:00,131.6199951171875
2018-09-12 18:30:00,131.5399932861328
2018-09-12 19:30:00,131.22999572753906
2018-09-13 13:30:00,130.2899932861328
2018-09-13 14:30:00,130.27999877929688
2018-09-13 15:30:00,130.3800048828125
2018-09-13 16:30:00,130.5399932861328
2018-09-13 17:30:00,130.5
2018-09-13 18:30:00,130.51499938964844
2018-09-13 19:30:00,130.3699951171875
2018-09-14 13:30:00,131.3000030517578
2018-09-14 14:30:00,131.13999938964844
2018-09-14 15:30:00,129.8000030517578
2018-09-14 16:30:00,129.6999969482422
2018-09-14 17:30:00,129.8800048828125
2018-09-14 18:30:00,129.61000061035156
2018-09-14 19:30:00,129.72000122070312
2018-09-17 13:30:00,128.89999389648438
2018-09-17 14:30:00,129.44000244140625
2018-09-17 15:30:00,129.94000244140625
2018-09-17 16:30:00,129.48500061035156
2018-09-17 17:30:00,129.61000061035156
2018-09-17 18:30:00,128.9199981689453
2018-09-17 19:30:00,128.97999572753906
2018-09-18 13:30:00,129.92999267578125
2018-09-18 14:30:00,130.8699951171875
2018-09-18 15:30:00,131.0500030517578
2018-09-18 16:30:00,131.0800018310547
2018-09-18 17:30:00,130.89500427246094
2018-09-18 18:30:00,130.86000061035156
2018-09-18 19:30:00,130.7100067138672
2018-09-19 13:30:00,131.2592010498047
2018-09-19 14:30:00,131.9600067138672
2018-09-19 15:30:00,132.36000061035156
2018-09-19 16:30:00,132.58999633789062
2018-09-19 17:30:00,132.6300048828125
2018-09-19 18:30:00,132.6699981689453
2018-09-19 19:30:00,132.77000427246094
2018-09-20 13:30:00,134.07000732421875
2018-09-20 14:30:00,133.5500030517578
2018-09-20 15:30:00,133.57000732421875
2018-09-20 16:30:00,133.8350067138672
2018-09-20 17:30:00,133.68499755859375
2018-09-20 18:30:00,133.9199981689453
2018-09-20 19:30:00,134.39999389648438
2018-09-21 13:30:00,135.39500427246094
2018-09-21 14:30:00,134.8300018310547
2018-09-21 15:30:00,134.64500427246094
2018-09-21 16:30:00,135.1300048828125
2018-09-21 17:30:00,134.61000061035156
2018-09-21 18:30:00,134.25999450683594
2018-09-21 19:30:00,133.72999572753906
2018-09-24 13:30:00,132.64999389648438
2018-09-24 14:30:00,132.6300048828125
2018-09-24 15:30:00,132.9199981689453
2018-09-24 16:30:00,132.7274932861328
2018-09-24 17:30:00,133.1300048828125
2018-09-24 18:30:00,132.8000030517578
2018-09-24 19:30:00,132.16000366210938
2018-09-25 13:30:00,130.92999267578125
2018-09-25 14:30:00,130.6999969482422
2018-09-25 15:30:00,131.14999389648438
2018-09-25 16:30:00,130.94000244140625
2018-09-25 17:30:00,130.99000549316406
2018-09-25 18:30:00,131.02000427246094
2018-09-25 19:30:00,130.8000030517578
2018-09-26 13:30:00,131.2899932861328
2018-09-26 14:30:00,132.05999755859375
2018-09-26 15:30:00,132.1300048828125
2018-09-26 16:30:00,132.22000122070312
2018-09-26 17:30:00,132.73500061035156
2018-09-26 18:30:00,132.6999969482422
2018-09-26 19:30:00,131.6300048828125
2018-09-27 13:30:00,132.6300048828125
2018-09-27 14:30:00,132.5399932861328
2018-09-27 15:30:00,132.39999389648438
2018-09-27 16:30:00,132.41310119628906
2018-09-27 17:30:00,132.30999755859375
2018-09-27 18:30:00,131.8000030517578
2018-09-27 19:30:00,131.4600067138672
2018-09-28 13:30:00,130.05999755859375
2018-09-28 14:30:00,130.77999877929688
2018-09-28 15:30:00,130.39999389648438
2018-09-28 16:30:00,130.52999877929688
2018-09-28 17:30:00,130.38999938964844
2018-09-28 18:30:00,131.07000732421875
2018-09-28 19:30:00,130.47999572753906
2018-10-01 13:30:00,131.6699981689453
2018-10-01 14:30:00,131.5399932861328
2018-10-01 15:30:00,130.99000549316406
2018-10-01 16:30:00,130.75999450683594
2018-10-01 17:30:00,130.94000244140625
2018-10-01 18:30:00,130.85000610351562
2018-10-01 19:30:00,130.30999755859375
2018-10-02 13:30:00,129.82000732421875
2018-10-02 14:30:00,129.64999389648438
2018-10-02 15:30:00,129.6199951171875
2018-10-02 16:30:00,129.86000061035156
2018-10-02 17:30:00,129.77999877929688
2018-10-02 18:30:00,129.05999755859375
2018-10-02 19:30:00,128.9499969482422
2018-10-03 13:30:00,128.0800018310547
2018-10-03 14:30:00,127.95999908447266
2018-10-03 15:30:00,128.57000732421875
2018-10-03 16:30:00,128.86000061035156
2018-10-03 17:30:00,129.1199951171875
2018-10-03 18:30:00,129.30999755859375
2018-10-03 19:30:00,129.33999633789062
2018-10-04 13:30:00,128.11000061035156
2018-10-04 14:30:00,128.00999450683594
2018-10-04 15:30:00,128.05999755859375
2018-10-04 16:30:00,127.4800033569336
2018-10-04 17:30:00,127.2300033569336
2018-10-04 18:30:00,127.02999877929688
2018-10-04 19:30:00,126.94000244140625
2018-10-05 13:30:00,125.02999877929688
2018-10-05 14:30:00,124.05999755859375
2018-10-05 15:30:00,123.06999969482422
2018-10-05 16:30:00,122.37000274658203
2018-10-05 17:30:00,123.58999633789062
2018-10-05 18:30:00,123.47000122070312
2018-10-05 19:30:00,123.68000030517578
2018-10-08 13:30:00,123.80999755859375
2018-10-08 14:30:00,122.16000366210938
2018-10-08 15:30:00,122.30999755859375
2018-10-08 16:30:00,121.7249984741211
2018-10-08 17:30:00,122.5199966430664
2018-10-08 18:30:00,122.45999908447266
2018-10-08 19:30:00,122.58000183105469
2018-10-09 13:30:00,123.13999938964844
2018-10-09 14:30:00,122.53700256347656
2018-10-09 15:30:00,122.41000366210938
2018-10-09 16:30:00,121.5999984741211
2018-10-09 17:30:00,122.0
2018-10-09 18:30:00,121.51000213623047
2018-10-09 19:30:00,121.29000091552734
2018-10-10 13:30:00,120.01000213623047
2018-10-10 14:30:00,118.37999725341797
2018-10-10 15:30:00,118.95999908447266
2018-10-10 16:30:00,119.2699966430664
2018-10-10 17:30:00,118.5250015258789
2018-10-10 18:30:00,118.05000305175781
2018-10-10 19:30:00,116.73999786376953
2018-10-11 13:30:00,116.4800033569336
2018-10-11 14:30:00,115.83999633789062
2018-10-11 15:30:00,116.4800033569336
2018-10-11 16:30:00,116.52999877929688
2018-10-11 17:30:00,116.04000091552734
2018-10-11 18:30:00,116.37999725341797
2018-10-11 19:30:00,115.69000244140625
2018-10-12 13:30:00,118.60389709472656
2018-10-12 14:30:00,118.04000091552734
2018-10-12 15:30:00,116.80000305175781
2018-10-12 16:30:00,117.19000244140625
2018-10-12 17:30:00,117.32250213623047
2018-10-12 18:30:00,118.31999969482422
2018-10-12 19:30:00,118.56999969482422
2018-10-15 13:30:00,117.44999694824219
2018-10-15 14:30:00,118.37999725341797
2018-10-15 15:30:00,118.62999725341797
2018-10-15 16:30:00,118.45999908447266
2018-10-15 17:30:00,118.48999786376953
2018-10-15 18:30:00,118.91999816894531
2018-10-15 19:30:00,118.58999633789062
2018-10-16 13:30:00,119.76000213623047
2018-10-16 14:30:00,120.38999938964844
2018-10-16 15:30:00,120.73500061035156
2018-10-16 16:30:00,121.37999725341797
2018-10-16 17:30:00,121.97000122070312
2018-10-16 18:30:00,121.62000274658203
2018-10-16 19:30:00,121.97000122070312
2018-10-17 13:30:00,120.08000183105469
2018-10-17 14:30:00,119.33999633789062
2018-10-17 15:30:00,120.08000183105469
2018-10-17 16:30:00,120.55999755859375
2018-10-17 17:30:00,119.9749984741211
2018-10-17 18:30:00,120.62999725341797
2018-10-17 19:30:00,120.55000305175781
2018-10-18 13:30:00,119.6500015258789
2018-10-18 14:30:00,118.58000183105469
2018-10-18 15:30:00,118.38999938964844
2018-10-18 16:30:00,117.94999694824219
2018-10-18 17:30:00,118.11000061035156
2018-10-18 18:30:00,118.19999694824219
2018-10-18 19:30:00,118.41999816894531
2018-10-19 13:30:00,118.58999633789062
2018-10-19 14:30:00,118.91999816894531
2018-10-19 15:30:00,117.5199966430664
2018-10-19 16:30:00,118.44999694824219
2018-10-19 17:30:00,117.93000030517578
2018-10-19 18:30:00,118.29000091552734
2018-10-19 19:30:00,118.31999969482422
2018-10-22 13:30:00,117.75
2018-10-22 14:30:00,118.7699966430664
2018-10-22 15:30:00,117.875
2018-10-22 16:30:00,118.33999633789062
2018-10-22 17:30:00,118.08999633789062
2018-10-22 18:30:00,118.70999908447266
2018-10-22 19:30:00,118.5
2018-10-23 13:30:00,114.83999633789062
2018-10-23 14:30:00,115.9800033569336
2018-10-23 15:30:00,116.0199966430664
2018-10-23 16:30:00,116.30000305175781
2018-10-23 17:30:00,116.37999725341797
2018-10-23 18:30:00,117.2300033569336
2018-10-23 19:30:00,117.22000122070312
2018-10-24 13:30:00,118.0199966430664
2018-10-24 14:30:00,117.47000122070312
2018-10-24 15:30:00,118.11499786376953
2018-10-24 16:30:00,116.75
2018-10-24 17:30:00,116.13999938964844
2018-10-24 18:30:00,114.69999694824219
2018-10-24 19:30:00,114.20999908447266
2018-10-25 13:30:00,115.73999786376953
2018-10-25 14:30:00,117.22000122070312
2018-10-25 15:30:00,118.42500305175781
2018-10-25 16:30:00,118.29000091552734
2018-10-25 17:30:00,118.19000244140625
2018-10-25 18:30:00,118.6050033569336
2018-10-25 19:30:00,117.98999786376953
2018-10-26 13:30:00,121.19000244140625
2018-10-26 14:30:00,119.68000030517578
2018-10-26 15:30:00,119.71309661865234
2018-10-26 16:30:00,121.81999969482422
2018-10-26 17:30:00,121.27999877929688
2018-10-26 18:30:00,121.0999984741211
2018-10-26 19:30:00,120.44000244140625
2018-10-29 13:30:00,124.01000213623047
2018-10-29 14:30:00,124.29000091552734
2018-10-29 15:30:00,122.63999938964844
2018-10-29 16:30:00,124.0199966430664
2018-10-29 17:30:00,122.41999816894531
2018-10-29 18:30:00,120.27999877929688
2018-10-29 19:30:00,121.7300033569336
2018-10-30 13:30:00,123.69999694824219
2018-10-30 14:30:00,123.8499984741211
2018-10-30 15:30:00,123.9800033569336
2018-10-30 16:30:00,123.63999938964844
2018-10-30 17:30:00,123.6500015258789
2018-10-30 18:30:00,124.55000305175781
2018-10-30 19:30:00,124.41000366210938
2018-10-31 13:30:00,126.56999969482422
2018-10-31 14:30:00,126.45989990234375
2018-10-31 15:30:00,125.80999755859375
2018-10-31 16:30:00,126.05999755859375
2018-10-31 17:30:00,126.36000061035156
2018-10-31 18:30:00,126.22000122070312
2018-10-31 19:30:00,125.44999694824219
2018-11-01 13:30:00,125.50499725341797
2018-11-01 14:30:00,127.23999786376953
2018-11-01 15:30:00,126.91999816894531
2018-11-01 16:30:00,127.44999694824219
2018-11-01 17:30:00,127.55000305175781
2018-11-01 18:30:00,127.47000122070312
2018-11-01 19:30:00,127.63999938964844
2018-11-02 13:30:00,126.47000122070312
2018-11-02 14:30:00,125.62000274658203
2018-11-02 15:30:00,126.76499938964844
2018-11-02 16:30:00,126.36499786376953
2018-11-02 17:30:00,126.61000061035156
2018-11-02 18:30:00,126.52999877929688
2018-11-02 19:30:00,126.48999786376953
