Datetime,FAST
2017-11-06 14:30:00,48.0
2017-11-06 15:30:00,48.150001525878906
2017-11-06 16:30:00,47.869998931884766
2017-11-06 17:30:00,47.90999984741211
2017-11-06 18:30:00,48.02000045776367
2017-11-06 19:30:00,48.12099838256836
2017-11-06 20:30:00,48.064998626708984
2017-11-07 14:30:00,48.04999923706055
2017-11-07 15:30:00,48.119998931884766
2017-11-07 16:30:00,48.04560089111328
2017-11-07 17:30:00,48.060001373291016
2017-11-07 18:30:00,47.97999954223633
2017-11-07 19:30:00,48.02000045776367
2017-11-07 20:30:00,48.029998779296875
2017-11-08 14:30:00,48.04499816894531
2017-11-08 15:30:00,48.29999923706055
2017-11-08 16:30:00,48.20000076293945
2017-11-08 17:30:00,48.349998474121094
2017-11-08 18:30:00,48.5
2017-11-08 19:30:00,48.494998931884766
2017-11-08 20:30:00,48.46500015258789
2017-11-09 14:30:00,47.91999816894531
2017-11-09 15:30:00,47.81999969482422
2017-11-09 16:30:00,46.84000015258789
2017-11-09 17:30:00,47.20000076293945
2017-11-09 18:30:00,47.43000030517578
2017-11-09 19:30:00,47.43000030517578
2017-11-09 20:30:00,47.540000915527344
2017-11-10 14:30:00,47.45000076293945
2017-11-10 15:30:00,48.22999954223633
2017-11-10 16:30:00,47.84000015258789
2017-11-10 17:30:00,47.68000030517578
2017-11-10 18:30:00,47.71900177001953
2017-11-10 19:30:00,47.69499969482422
2017-11-10 20:30:00,47.59000015258789
2017-11-13 14:30:00,47.36000061035156
2017-11-13 15:30:00,47.36000061035156
2017-11-13 16:30:00,47.31999969482422
2017-11-13 17:30:00,47.31999969482422
2017-11-13 18:30:00,47.20000076293945
2017-11-13 19:30:00,47.23500061035156
2017-11-13 20:30:00,47.220001220703125
2017-11-14 14:30:00,47.12990188598633
2017-11-14 15:30:00,47.029998779296875
2017-11-14 16:30:00,47.36000061035156
2017-11-14 17:30:00,47.54880142211914
2017-11-14 18:30:00,47.60499954223633
2017-11-14 19:30:00,47.54499816894531
2017-11-14 20:30:00,47.470001220703125
2017-11-15 14:30:00,47.75
2017-11-15 15:30:00,47.90999984741211
2017-11-15 16:30:00,47.849998474121094
2017-11-15 17:30:00,47.810001373291016
2017-11-15 18:30:00,47.689998626708984
2017-11-15 19:30:00,47.66999816894531
2017-11-15 20:30:00,47.58000183105469
2017-11-16 14:30:00,48.279998779296875
2017-11-16 15:30:00,48.31999969482422
2017-11-16 16:30:00,48.40999984741211
2017-11-16 17:30:00,48.5
2017-11-16 18:30:00,48.5
2017-11-16 19:30:00,48.57500076293945
2017-11-16 20:30:00,48.459999084472656
2017-11-17 14:30:00,48.599998474121094
2017-11-17 15:30:00,48.61000061035156
2017-11-17 16:30:00,48.5099983215332
2017-11-17 17:30:00,48.5
2017-11-17 18:30:00,48.400001525878906
2017-11-17 19:30:00,48.43000030517578
2017-11-17 20:30:00,48.47999954223633
2017-11-20 14:30:00,47.90999984741211
2017-11-20 15:30:00,47.880001068115234
2017-11-20 16:30:00,47.779998779296875
2017-11-20 17:30:00,47.95000076293945
2017-11-20 18:30:00,47.96500015258789
2017-11-20 19:30:00,47.97999954223633
2017-11-20 20:30:00,48.11000061035156
2017-11-21 14:30:00,48.310001373291016
2017-11-21 15:30:00,48.349998474121094
2017-11-21 16:30:00,48.43000030517578
2017-11-21 17:30:00,48.51499938964844
2017-11-21 18:30:00,48.45000076293945
2017-11-21 19:30:00,48.4900016784668
2017-11-21 20:30:00,48.459999084472656
2017-11-22 14:30:00,49.36000061035156
2017-11-22 15:30:00,49.11000061035156
2017-11-22 16:30:00,48.95000076293945
2017-11-22 17:30:00,48.91999816894531
2017-11-22 18:30:00,48.68989944458008
2017-11-22 19:30:00,48.689998626708984
2017-11-22 20:30:00,48.75
2017-11-24 14:30:00,48.4900016784668
2017-11-24 15:30:00,48.83000183105469
2017-11-24 16:30:00,49.02000045776367
2017-11-24 18:00:00,49.20000076293945
2017-11-27 14:30:00,49.189998626708984
2017-11-27 15:30:00,49.0
2017-11-27 16:30:00,48.86439895629883
2017-11-27 17:30:00,48.81999969482422
2017-11-27 18:30:00,48.93000030517578
2017-11-27 19:30:00,48.900001525878906
2017-11-27 20:30:00,48.96500015258789
2017-11-28 14:30:00,49.41600036621094
2017-11-28 15:30:00,49.34000015258789
2017-11-28 16:30:00,49.41999816894531
2017-11-28 17:30:00,49.3650016784668
2017-11-28 18:30:00,49.349998474121094
2017-11-28 19:30:00,50.310001373291016
2017-11-28 20:30:00,50.41999816894531
2017-11-29 14:30:00,51.56999969482422
2017-11-29 15:30:00,51.63999938964844
2017-11-29 16:30:00,51.65999984741211
2017-11-29 17:30:00,51.400001525878906
2017-11-29 18:30:00,51.290000915527344
2017-11-29 19:30:00,51.345001220703125
2017-11-29 20:30:00,51.2400016784668
2017-11-30 14:30:00,51.779998779296875
2017-11-30 15:30:00,52.15999984741211
2017-11-30 16:30:00,52.540000915527344
2017-11-30 17:30:00,52.779998779296875
2017-11-30 18:30:00,52.65999984741211
2017-11-30 19:30:00,52.34000015258789
2017-11-30 20:30:00,52.369998931884766
2017-12-01 14:30:00,52.47999954223633
2017-12-01 15:30:00,50.959999084472656
2017-12-01 16:30:00,51.7401008605957
2017-12-01 17:30:00,52.04999923706055
2017-12-01 18:30:00,51.91999816894531
2017-12-01 19:30:00,52.05400085449219
2017-12-01 20:30:00,52.16999816894531
2017-12-04 14:30:00,54.959999084472656
2017-12-04 15:30:00,54.939998626708984
2017-12-04 16:30:00,54.86000061035156
2017-12-04 17:30:00,54.790000915527344
2017-12-04 18:30:00,54.91999816894531
2017-12-04 19:30:00,55.064998626708984
2017-12-04 20:30:00,54.869998931884766
2017-12-05 14:30:00,54.619998931884766
2017-12-05 15:30:00,54.310001373291016
2017-12-05 16:30:00,54.189998626708984
2017-12-05 17:30:00,54.20000076293945
2017-12-05 18:30:00,54.029998779296875
2017-12-05 19:30:00,53.790000915527344
2017-12-05 20:30:00,53.900001525878906
2017-12-06 14:30:00,53.52000045776367
2017-12-06 15:30:00,53.61000061035156
2017-12-06 16:30:00,53.31999969482422
2017-12-06 17:30:00,53.459999084472656
2017-12-06 18:30:00,53.369998931884766
2017-12-06 19:30:00,53.38999938964844
2017-12-06 20:30:00,53.439998626708984
2017-12-07 14:30:00,53.83000183105469
2017-12-07 15:30:00,53.88999938964844
2017-12-07 16:30:00,54.130001068115234
2017-12-07 17:30:00,54.0
2017-12-07 18:30:00,53.93000030517578
2017-12-07 19:30:00,53.83000183105469
2017-12-07 20:30:00,53.83000183105469
2017-12-08 14:30:00,53.7400016784668
2017-12-08 15:30:00,53.9900016784668
2017-12-08 16:30:00,53.880001068115234
2017-12-08 17:30:00,53.7599983215332
2017-12-08 18:30:00,53.70000076293945
2017-12-08 19:30:00,53.630001068115234
2017-12-08 20:30:00,53.779998779296875
2017-12-11 14:30:00,53.880001068115234
2017-12-11 15:30:00,53.720001220703125
2017-12-11 16:30:00,53.61000061035156
2017-12-11 17:30:00,53.619998931884766
2017-12-11 18:30:00,53.63999938964844
2017-12-11 19:30:00,53.7599983215332
2017-12-11 20:30:00,53.83000183105469
2017-12-12 14:30:00,53.66999816894531
2017-12-12 15:30:00,53.47999954223633
2017-12-12 16:30:00,53.38999938964844
2017-12-12 17:30:00,53.38999938964844
2017-12-12 18:30:00,53.32500076293945
2017-12-12 19:30:00,53.119998931884766
2017-12-12 20:30:00,52.96500015258789
2017-12-13 14:30:00,53.36000061035156
2017-12-13 15:30:00,53.25
2017-12-13 16:30:00,53.29999923706055
2017-12-13 17:30:00,53.220001220703125
2017-12-13 18:30:00,53.290000915527344
2017-12-13 19:30:00,53.15999984741211
2017-12-13 20:30:00,53.130001068115234
2017-12-14 14:30:00,52.779998779296875
2017-12-14 15:30:00,52.85900115966797
2017-12-14 16:30:00,52.70000076293945
2017-12-14 17:30:00,52.849998474121094
2017-12-14 18:30:00,52.44499969482422
2017-12-14 19:30:00,52.52000045776367
2017-12-14 20:30:00,52.54999923706055
2017-12-15 14:30:00,53.599998474121094
2017-12-15 15:30:00,53.474998474121094
2017-12-15 16:30:00,53.56999969482422
2017-12-15 17:30:00,53.46500015258789
2017-12-15 18:30:00,53.46500015258789
2017-12-15 19:30:00,53.70000076293945
2017-12-15 20:30:00,53.27000045776367
2017-12-18 14:30:00,53.584999084472656
2017-12-18 15:30:00,53.422298431396484
2017-12-18 16:30:00,53.5
2017-12-18 17:30:00,53.73630142211914
2017-12-18 18:30:00,53.744998931884766
2017-12-18 19:30:00,53.72999954223633
2017-12-18 20:30:00,53.709999084472656
2017-12-19 14:30:00,53.380001068115234
2017-12-19 15:30:00,53.380001068115234
2017-12-19 16:30:00,53.349998474121094
2017-12-19 17:30:00,53.58000183105469
2017-12-19 18:30:00,53.33000183105469
2017-12-19 19:30:00,53.400001525878906
2017-12-19 20:30:00,53.31999969482422
2017-12-20 14:30:00,53.529998779296875
2017-12-20 15:30:00,53.470001220703125
2017-12-20 16:30:00,53.470001220703125
2017-12-20 17:30:00,53.77000045776367
2017-12-20 18:30:00,53.68000030517578
2017-12-20 19:30:00,53.73500061035156
2017-12-20 20:30:00,53.560001373291016
2017-12-21 14:30:00,53.5
2017-12-21 15:30:00,53.84000015258789
2017-12-21 16:30:00,53.94499969482422
2017-12-21 17:30:00,54.144100189208984
2017-12-21 18:30:00,54.209999084472656
2017-12-21 19:30:00,54.26499938964844
2017-12-21 20:30:00,54.119998931884766
2017-12-22 14:30:00,53.65999984741211
2017-12-22 15:30:00,53.9900016784668
2017-12-22 16:30:00,54.01100158691406
2017-12-22 17:30:00,54.089900970458984
2017-12-22 18:30:00,54.11000061035156
2017-12-22 19:30:00,54.01499938964844
2017-12-22 20:30:00,54.04999923706055
2017-12-26 14:30:00,54.310001373291016
2017-12-26 15:30:00,54.220001220703125
2017-12-26 16:30:00,54.130001068115234
2017-12-26 17:30:00,54.25
2017-12-26 18:30:00,54.08000183105469
2017-12-26 19:30:00,54.15999984741211
2017-12-26 20:30:00,54.130001068115234
2017-12-27 14:30:00,54.33000183105469
2017-12-27 15:30:00,54.61000061035156
2017-12-27 16:30:00,54.53900146484375
2017-12-27 17:30:00,54.659000396728516
2017-12-27 18:30:00,54.709999084472656
2017-12-27 19:30:00,54.66999816894531
2017-12-27 20:30:00,54.720001220703125
2017-12-28 14:30:00,54.720001220703125
2017-12-28 15:30:00,54.91999816894531
2017-12-28 16:30:00,54.900001525878906
2017-12-28 17:30:00,54.95000076293945
2017-12-28 18:30:00,54.86000061035156
2017-12-28 19:30:00,54.9900016784668
2017-12-28 20:30:00,55.130001068115234
2017-12-29 14:30:00,55.14899826049805
2017-12-29 15:30:00,55.15999984741211
2017-12-29 16:30:00,55.08000183105469
2017-12-29 17:30:00,55.11000061035156
2017-12-29 18:30:00,55.06999969482422
2017-12-29 19:30:00,55.060001373291016
2017-12-29 20:30:00,54.70000076293945
2018-01-02 14:30:00,54.68000030517578
2018-01-02 15:30:00,54.540000915527344
2018-01-02 16:30:00,54.29999923706055
2018-01-02 17:30:00,54.279998779296875
2018-01-02 18:30:00,54.2599983215332
2018-01-02 19:30:00,54.38990020751953
2018-01-02 20:30:00,54.540000915527344
2018-01-03 14:30:00,54.599998474121094
2018-01-03 15:30:00,54.28499984741211
2018-01-03 16:30:00,54.43000030517578
2018-01-03 17:30:00,54.400001525878906
2018-01-03 18:30:00,54.650001525878906
2018-01-03 19:30:00,54.61000061035156
2018-01-03 20:30:00,54.54999923706055
2018-01-04 14:30:00,54.68000030517578
2018-01-04 15:30:00,54.75
2018-01-04 16:30:00,54.81999969482422
2018-01-04 17:30:00,54.849998474121094
2018-01-04 18:30:00,54.900001525878906
2018-01-04 19:30:00,54.823299407958984
2018-01-04 20:30:00,54.779998779296875
2018-01-05 14:30:00,54.81999969482422
2018-01-05 15:30:00,54.939998626708984
2018-01-05 16:30:00,54.86000061035156
2018-01-05 17:30:00,54.68000030517578
2018-01-05 18:30:00,54.72999954223633
2018-01-05 19:30:00,54.90999984741211
2018-01-05 20:30:00,54.880001068115234
2018-01-08 14:30:00,54.869998931884766
2018-01-08 15:30:00,54.869998931884766
2018-01-08 16:30:00,55.050201416015625
2018-01-08 17:30:00,55.060001373291016
2018-01-08 18:30:00,55.420101165771484
2018-01-08 19:30:00,55.529998779296875
2018-01-08 20:30:00,55.470001220703125
2018-01-09 14:30:00,55.65999984741211
2018-01-09 15:30:00,55.77000045776367
2018-01-09 16:30:00,55.58000183105469
2018-01-09 17:30:00,55.77000045776367
2018-01-09 18:30:00,55.810001373291016
2018-01-09 19:30:00,55.31999969482422
2018-01-09 20:30:00,55.369998931884766
2018-01-10 14:30:00,54.5099983215332
2018-01-10 15:30:00,55.09000015258789
2018-01-10 16:30:00,54.63999938964844
2018-01-10 17:30:00,54.560001373291016
2018-01-10 18:30:00,54.744998931884766
2018-01-10 19:30:00,54.4900016784668
2018-01-10 20:30:00,54.400001525878906
2018-01-11 14:30:00,54.75
2018-01-11 15:30:00,54.58000183105469
2018-01-11 16:30:00,54.95000076293945
2018-01-11 17:30:00,55.0
2018-01-11 18:30:00,55.0
2018-01-11 19:30:00,55.09000015258789
2018-01-11 20:30:00,55.09000015258789
2018-01-12 14:30:00,55.43000030517578
2018-01-12 15:30:00,55.22650146484375
2018-01-12 16:30:00,55.35499954223633
2018-01-12 17:30:00,55.29999923706055
2018-01-12 18:30:00,55.505001068115234
2018-01-12 19:30:00,55.400001525878906
2018-01-12 20:30:00,55.59000015258789
2018-01-16 14:30:00,56.07500076293945
2018-01-16 15:30:00,56.08000183105469
2018-01-16 16:30:00,55.95000076293945
2018-01-16 17:30:00,55.900001525878906
2018-01-16 18:30:00,55.38999938964844
2018-01-16 19:30:00,55.439998626708984
2018-01-16 20:30:00,55.439998626708984
2018-01-17 14:30:00,53.685001373291016
2018-01-17 15:30:00,51.939998626708984
2018-01-17 16:30:00,51.720001220703125
2018-01-17 17:30:00,52.275001525878906
2018-01-17 18:30:00,52.220001220703125
2018-01-17 19:30:00,52.290000915527344
2018-01-17 20:30:00,52.20000076293945
2018-01-18 14:30:00,53.29999923706055
2018-01-18 15:30:00,53.400001525878906
2018-01-18 16:30:00,53.439998626708984
2018-01-18 17:30:00,53.41999816894531
2018-01-18 18:30:00,53.599998474121094
2018-01-18 19:30:00,53.32609939575195
2018-01-18 20:30:00,53.27000045776367
2018-01-19 14:30:00,53.56999969482422
2018-01-19 15:30:00,53.58000183105469
2018-01-19 16:30:00,53.52000045776367
2018-01-19 17:30:00,53.59000015258789
2018-01-19 18:30:00,53.810001373291016
2018-01-19 19:30:00,53.599998474121094
2018-01-19 20:30:00,53.75
2018-01-22 14:30:00,53.72999954223633
2018-01-22 15:30:00,53.36000061035156
2018-01-22 16:30:00,53.75
2018-01-22 17:30:00,54.005001068115234
2018-01-22 18:30:00,54.119998931884766
2018-01-22 19:30:00,54.220001220703125
2018-01-22 20:30:00,54.33000183105469
2018-01-23 14:30:00,54.02000045776367
2018-01-23 15:30:00,54.36000061035156
2018-01-23 16:30:00,54.29999923706055
2018-01-23 17:30:00,54.560001373291016
2018-01-23 18:30:00,54.525001525878906
2018-01-23 19:30:00,54.459999084472656
2018-01-23 20:30:00,54.400001525878906
2018-01-24 14:30:00,56.06999969482422
2018-01-24 15:30:00,56.111000061035156
2018-01-24 16:30:00,56.09000015258789
2018-01-24 17:30:00,56.459999084472656
2018-01-24 18:30:00,56.779998779296875
2018-01-24 19:30:00,56.95000076293945
2018-01-24 20:30:00,56.869998931884766
2018-01-25 14:30:00,56.630001068115234
2018-01-25 15:30:00,57.06999969482422
2018-01-25 16:30:00,57.41999816894531
2018-01-25 17:30:00,57.474998474121094
2018-01-25 18:30:00,57.540000915527344
2018-01-25 19:30:00,56.95000076293945
2018-01-25 20:30:00,57.11000061035156
2018-01-26 14:30:00,57.209999084472656
2018-01-26 15:30:00,56.689998626708984
2018-01-26 16:30:00,56.7400016784668
2018-01-26 17:30:00,57.11000061035156
2018-01-26 18:30:00,57.13999938964844
2018-01-26 19:30:00,57.22999954223633
2018-01-26 20:30:00,57.689998626708984
2018-01-29 14:30:00,56.86000061035156
2018-01-29 15:30:00,56.52000045776367
2018-01-29 16:30:00,56.79999923706055
2018-01-29 17:30:00,56.849998474121094
2018-01-29 18:30:00,56.78499984741211
2018-01-29 19:30:00,56.540000915527344
2018-01-29 20:30:00,56.470001220703125
2018-01-30 14:30:00,55.61000061035156
2018-01-30 15:30:00,55.18000030517578
2018-01-30 16:30:00,55.21739959716797
2018-01-30 17:30:00,55.27000045776367
2018-01-30 18:30:00,55.52000045776367
2018-01-30 19:30:00,55.720001220703125
2018-01-30 20:30:00,55.81999969482422
2018-01-31 14:30:00,55.41109848022461
2018-01-31 15:30:00,54.9900016784668
2018-01-31 16:30:00,54.81999969482422
2018-01-31 17:30:00,55.0099983215332
2018-01-31 18:30:00,54.79240036010742
2018-01-31 19:30:00,54.619998931884766
2018-01-31 20:30:00,54.959999084472656
2018-02-01 14:30:00,54.88859939575195
2018-02-01 15:30:00,54.25
2018-02-01 16:30:00,54.83000183105469
2018-02-01 17:30:00,54.869998931884766
2018-02-01 18:30:00,54.44499969482422
2018-02-01 19:30:00,54.27000045776367
2018-02-01 20:30:00,54.5099983215332
2018-02-02 14:30:00,53.970001220703125
2018-02-02 15:30:00,54.130001068115234
2018-02-02 16:30:00,53.92499923706055
2018-02-02 17:30:00,53.7599983215332
2018-02-02 18:30:00,53.45000076293945
2018-02-02 19:30:00,53.65999984741211
2018-02-02 20:30:00,53.54999923706055
2018-02-05 14:30:00,53.90999984741211
2018-02-05 15:30:00,54.06999969482422
2018-02-05 16:30:00,53.459999084472656
2018-02-05 17:30:00,53.18000030517578
2018-02-05 18:30:00,52.91999816894531
2018-02-05 19:30:00,52.63999938964844
2018-02-05 20:30:00,52.06999969482422
2018-02-06 14:30:00,52.970001220703125
2018-02-06 15:30:00,52.2599983215332
2018-02-06 16:30:00,52.81999969482422
2018-02-06 17:30:00,52.310001373291016
2018-02-06 18:30:00,52.11000061035156
2018-02-06 19:30:00,52.93000030517578
2018-02-06 20:30:00,53.029998779296875
2018-02-07 14:30:00,53.36000061035156
2018-02-07 15:30:00,53.40999984741211
2018-02-07 16:30:00,53.529998779296875
2018-02-07 17:30:00,53.029998779296875
2018-02-07 18:30:00,53.68000030517578
2018-02-07 19:30:00,53.72999954223633
2018-02-07 20:30:00,53.22999954223633
2018-02-08 14:30:00,53.36000061035156
2018-02-08 15:30:00,52.779998779296875
2018-02-08 16:30:00,52.619998931884766
2018-02-08 17:30:00,52.58000183105469
2018-02-08 18:30:00,53.310001373291016
2018-02-08 19:30:00,52.939998626708984
2018-02-08 20:30:00,52.165000915527344
2018-02-09 14:30:00,52.65999984741211
2018-02-09 15:30:00,52.52000045776367
2018-02-09 16:30:00,51.689998626708984
2018-02-09 17:30:00,51.91999816894531
2018-02-09 18:30:00,53.130001068115234
2018-02-09 19:30:00,52.95000076293945
2018-02-09 20:30:00,53.470001220703125
2018-02-12 14:30:00,53.34000015258789
2018-02-12 15:30:00,53.400001525878906
2018-02-12 16:30:00,53.5099983215332
2018-02-12 17:30:00,53.20500183105469
2018-02-12 18:30:00,53.58000183105469
2018-02-12 19:30:00,53.16999816894531
2018-02-12 20:30:00,52.849998474121094
2018-02-13 14:30:00,52.650001525878906
2018-02-13 15:30:00,52.91999816894531
2018-02-13 16:30:00,53.20000076293945
2018-02-13 17:30:00,53.15999984741211
2018-02-13 18:30:00,53.439998626708984
2018-02-13 19:30:00,53.560001373291016
2018-02-13 20:30:00,53.56999969482422
2018-02-14 14:30:00,53.40999984741211
2018-02-14 15:30:00,53.849998474121094
2018-02-14 16:30:00,53.904998779296875
2018-02-14 17:30:00,54.25
2018-02-14 18:30:00,54.28499984741211
2018-02-14 19:30:00,54.56999969482422
2018-02-14 20:30:00,54.63999938964844
2018-02-15 14:30:00,55.0099983215332
2018-02-15 15:30:00,55.130001068115234
2018-02-15 16:30:00,55.18000030517578
2018-02-15 17:30:00,55.380001068115234
2018-02-15 18:30:00,55.77000045776367
2018-02-15 19:30:00,55.58000183105469
2018-02-15 20:30:00,55.65999984741211
2018-02-16 14:30:00,55.25
2018-02-16 15:30:00,55.459999084472656
2018-02-16 16:30:00,55.4900016784668
2018-02-16 17:30:00,54.95000076293945
2018-02-16 18:30:00,54.66999816894531
2018-02-16 19:30:00,54.7599983215332
2018-02-16 20:30:00,54.75
2018-02-20 14:30:00,54.54999923706055
2018-02-20 15:30:00,54.66999816894531
2018-02-20 16:30:00,54.779998779296875
2018-02-20 17:30:00,54.51499938964844
2018-02-20 18:30:00,54.52000045776367
2018-02-20 19:30:00,54.18000030517578
2018-02-20 20:30:00,54.2400016784668
2018-02-21 14:30:00,54.83000183105469
2018-02-21 15:30:00,54.849998474121094
2018-02-21 16:30:00,54.7400016784668
2018-02-21 17:30:00,54.70000076293945
2018-02-21 18:30:00,55.0
2018-02-21 19:30:00,54.8317985534668
2018-02-21 20:30:00,54.380001068115234
2018-02-22 14:30:00,54.34000015258789
2018-02-22 15:30:00,54.650001525878906
2018-02-22 16:30:00,54.79520034790039
2018-02-22 17:30:00,54.41999816894531
2018-02-22 18:30:00,54.45000076293945
2018-02-22 19:30:00,54.244998931884766
2018-02-22 20:30:00,54.189998626708984
2018-02-23 14:30:00,54.5
2018-02-23 15:30:00,54.369998931884766
2018-02-23 16:30:00,54.369998931884766
2018-02-23 17:30:00,54.369998931884766
2018-02-23 18:30:00,54.59000015258789
2018-02-23 19:30:00,54.97999954223633
2018-02-23 20:30:00,55.189998626708984
2018-02-26 14:30:00,55.119998931884766
2018-02-26 15:30:00,55.52000045776367
2018-02-26 16:30:00,55.56999969482422
2018-02-26 17:30:00,55.915000915527344
2018-02-26 18:30:00,55.939998626708984
2018-02-26 19:30:00,56.08000183105469
2018-02-26 20:30:00,56.060001373291016
2018-02-27 14:30:00,56.06999969482422
2018-02-27 15:30:00,55.849998474121094
2018-02-27 16:30:00,55.900001525878906
2018-02-27 17:30:00,56.0
2018-02-27 18:30:00,55.90840148925781
2018-02-27 19:30:00,55.595298767089844
2018-02-27 20:30:00,55.36000061035156
2018-02-28 14:30:00,55.279998779296875
2018-02-28 15:30:00,55.07749938964844
2018-02-28 16:30:00,55.220001220703125
2018-02-28 17:30:00,55.490299224853516
2018-02-28 18:30:00,55.650001525878906
2018-02-28 19:30:00,55.095001220703125
2018-02-28 20:30:00,54.72999954223633
2018-03-01 14:30:00,54.869998931884766
2018-03-01 15:30:00,54.970001220703125
2018-03-01 16:30:00,54.79999923706055
2018-03-01 17:30:00,54.43000030517578
2018-03-01 18:30:00,53.81999969482422
2018-03-01 19:30:00,54.040000915527344
2018-03-01 20:30:00,53.810001373291016
2018-03-02 14:30:00,53.060001373291016
2018-03-02 15:30:00,53.400001525878906
2018-03-02 16:30:00,53.7599983215332
2018-03-02 17:30:00,53.84000015258789
2018-03-02 18:30:00,54.34000015258789
2018-03-02 19:30:00,54.20000076293945
2018-03-02 20:30:00,54.40999984741211
2018-03-05 14:30:00,54.810001373291016
2018-03-05 15:30:00,55.310001373291016
2018-03-05 16:30:00,55.290000915527344
2018-03-05 17:30:00,55.5099983215332
2018-03-05 18:30:00,54.96009826660156
2018-03-05 19:30:00,55.09000015258789
2018-03-05 20:30:00,55.27000045776367
2018-03-06 14:30:00,56.4900016784668
2018-03-06 15:30:00,56.22999954223633
2018-03-06 16:30:00,56.40999984741211
2018-03-06 17:30:00,56.849998474121094
2018-03-06 18:30:00,56.630001068115234
2018-03-06 19:30:00,56.36000061035156
2018-03-06 20:30:00,56.459999084472656
2018-03-07 14:30:00,56.06999969482422
2018-03-07 15:30:00,56.0
2018-03-07 16:30:00,55.900001525878906
2018-03-07 17:30:00,56.040000915527344
2018-03-07 18:30:00,56.04999923706055
2018-03-07 19:30:00,56.54999923706055
2018-03-07 20:30:00,56.630001068115234
2018-03-08 14:30:00,56.709999084472656
2018-03-08 15:30:00,56.599998474121094
2018-03-08 16:30:00,56.58000183105469
2018-03-08 17:30:00,56.41999816894531
2018-03-08 18:30:00,56.334999084472656
2018-03-08 19:30:00,56.599998474121094
2018-03-08 20:30:00,56.52000045776367
2018-03-09 14:30:00,57.290000915527344
2018-03-09 15:30:00,57.400001525878906
2018-03-09 16:30:00,57.47999954223633
2018-03-09 17:30:00,57.38999938964844
2018-03-09 18:30:00,57.3849983215332
2018-03-09 19:30:00,57.5099983215332
2018-03-09 20:30:00,57.95000076293945
2018-03-12 13:30:00,57.880001068115234
2018-03-12 14:30:00,57.7400016784668
2018-03-12 15:30:00,57.72999954223633
2018-03-12 16:30:00,57.689998626708984
2018-03-12 17:30:00,57.91999816894531
2018-03-12 18:30:00,57.970001220703125
2018-03-12 19:30:00,57.83000183105469
2018-03-13 13:30:00,58.13999938964844
2018-03-13 14:30:00,58.0
2018-03-13 15:30:00,58.0
2018-03-13 16:30:00,58.0
2018-03-13 17:30:00,57.869998931884766
2018-03-13 18:30:00,57.7599983215332
2018-03-13 19:30:00,57.77000045776367
2018-03-14 13:30:00,58.0
2018-03-14 14:30:00,57.79999923706055
2018-03-14 15:30:00,57.70000076293945
2018-03-14 16:30:00,57.599998474121094
2018-03-14 17:30:00,57.65999984741211
2018-03-14 18:30:00,57.349998474121094
2018-03-14 19:30:00,57.3650016784668
2018-03-15 13:30:00,57.7400016784668
2018-03-15 14:30:00,58.34000015258789
2018-03-15 15:30:00,57.75
2018-03-15 16:30:00,57.56999969482422
2018-03-15 17:30:00,57.5
2018-03-15 18:30:00,57.75
2018-03-15 19:30:00,57.6150016784668
2018-03-16 13:30:00,58.060001373291016
2018-03-16 14:30:00,58.68000030517578
2018-03-16 15:30:00,58.439998626708984
2018-03-16 16:30:00,58.20000076293945
2018-03-16 17:30:00,58.189998626708984
2018-03-16 18:30:00,58.27000045776367
2018-03-16 19:30:00,58.33000183105469
2018-03-19 13:30:00,57.779998779296875
2018-03-19 14:30:00,57.619998931884766
2018-03-19 15:30:00,57.540000915527344
2018-03-19 16:30:00,56.95000076293945
2018-03-19 17:30:00,57.04999923706055
2018-03-19 18:30:00,57.18000030517578
2018-03-19 19:30:00,57.2599983215332
2018-03-20 13:30:00,57.0
2018-03-20 14:30:00,56.93000030517578
2018-03-20 15:30:00,56.93000030517578
2018-03-20 16:30:00,56.54999923706055
2018-03-20 17:30:00,56.25
2018-03-20 18:30:00,56.25
2018-03-20 19:30:00,56.31999969482422
2018-03-21 13:30:00,56.66999816894531
2018-03-21 14:30:00,56.720001220703125
2018-03-21 15:30:00,56.924198150634766
2018-03-21 16:30:00,56.779998779296875
2018-03-21 17:30:00,57.08000183105469
2018-03-21 18:30:00,57.060001373291016
2018-03-21 19:30:00,56.81999969482422
2018-03-22 13:30:00,56.51499938964844
2018-03-22 14:30:00,56.2400016784668
2018-03-22 15:30:00,56.25
2018-03-22 16:30:00,56.5099983215332
2018-03-22 17:30:00,56.1150016784668
2018-03-22 18:30:00,55.69139862060547
2018-03-22 19:30:00,55.279998779296875
2018-03-23 13:30:00,55.060001373291016
2018-03-23 14:30:00,54.880001068115234
2018-03-23 15:30:00,54.720001220703125
2018-03-23 16:30:00,54.83000183105469
2018-03-23 17:30:00,54.689998626708984
2018-03-23 18:30:00,54.119998931884766
2018-03-23 19:30:00,53.849998474121094
2018-03-26 13:30:00,54.13999938964844
2018-03-26 14:30:00,53.880001068115234
2018-03-26 15:30:00,54.36000061035156
2018-03-26 16:30:00,54.40999984741211
2018-03-26 17:30:00,54.83000183105469
2018-03-26 18:30:00,55.16999816894531
2018-03-26 19:30:00,54.91999816894531
2018-03-27 13:30:00,54.4900016784668
2018-03-27 14:30:00,54.404998779296875
2018-03-27 15:30:00,54.540000915527344
2018-03-27 16:30:00,54.21500015258789
2018-03-27 17:30:00,53.86000061035156
2018-03-27 18:30:00,53.22999954223633
2018-03-27 19:30:00,52.849998474121094
2018-03-28 13:30:00,53.380001068115234
2018-03-28 14:30:00,53.02000045776367
2018-03-28 15:30:00,53.349998474121094
2018-03-28 16:30:00,53.58000183105469
2018-03-28 17:30:00,53.31999969482422
2018-03-28 18:30:00,53.290000915527344
2018-03-28 19:30:00,53.16999816894531
2018-03-29 13:30:00,53.900001525878906
2018-03-29 14:30:00,54.084999084472656
2018-03-29 15:30:00,54.22999954223633
2018-03-29 16:30:00,54.4900016784668
2018-03-29 17:30:00,54.380001068115234
2018-03-29 18:30:00,54.470001220703125
2018-03-29 19:30:00,54.58000183105469
2018-04-02 13:30:00,53.880001068115234
2018-04-02 14:30:00,53.08000183105469
2018-04-02 15:30:00,52.84000015258789
2018-04-02 16:30:00,52.62099838256836
2018-04-02 17:30:00,52.7599983215332
2018-04-02 18:30:00,52.79999923706055
2018-04-02 19:30:00,53.189998626708984
2018-04-03 13:30:00,53.4900016784668
2018-04-03 14:30:00,53.86000061035156
2018-04-03 15:30:00,53.36000061035156
2018-04-03 16:30:00,53.86000061035156
2018-04-03 17:30:00,53.54999923706055
2018-04-03 18:30:00,54.2599983215332
2018-04-03 19:30:00,54.29999923706055
2018-04-04 13:30:00,53.95000076293945
2018-04-04 14:30:00,54.380001068115234
2018-04-04 15:30:00,54.45899963378906
2018-04-04 16:30:00,54.290000915527344
2018-04-04 17:30:00,54.630001068115234
2018-04-04 18:30:00,54.974998474121094
2018-04-04 19:30:00,54.86000061035156
2018-04-05 13:30:00,55.310001373291016
2018-04-05 14:30:00,55.65999984741211
2018-04-05 15:30:00,55.869998931884766
2018-04-05 16:30:00,55.788299560546875
2018-04-05 17:30:00,55.76499938964844
2018-04-05 18:30:00,55.65999984741211
2018-04-05 19:30:00,55.59000015258789
2018-04-06 13:30:00,55.29999923706055
2018-04-06 14:30:00,54.56999969482422
2018-04-06 15:30:00,54.525001525878906
2018-04-06 16:30:00,54.63999938964844
2018-04-06 17:30:00,53.689998626708984
2018-04-06 18:30:00,53.310001373291016
2018-04-06 19:30:00,53.619998931884766
2018-04-09 13:30:00,54.130001068115234
2018-04-09 14:30:00,54.34000015258789
2018-04-09 15:30:00,54.15999984741211
2018-04-09 16:30:00,54.099998474121094
2018-04-09 17:30:00,54.220001220703125
2018-04-09 18:30:00,54.09000015258789
2018-04-09 19:30:00,53.63999938964844
2018-04-10 13:30:00,54.59000015258789
2018-04-10 14:30:00,54.650001525878906
2018-04-10 15:30:00,54.43000030517578
2018-04-10 16:30:00,54.70000076293945
2018-04-10 17:30:00,54.58000183105469
2018-04-10 18:30:00,54.779998779296875
2018-04-10 19:30:00,54.43000030517578
2018-04-11 13:30:00,51.682498931884766
2018-04-11 14:30:00,50.08000183105469
2018-04-11 15:30:00,50.619998931884766
2018-04-11 16:30:00,50.961700439453125
2018-04-11 17:30:00,50.90999984741211
2018-04-11 18:30:00,50.93000030517578
2018-04-11 19:30:00,51.040000915527344
2018-04-12 13:30:00,50.86000061035156
2018-04-12 14:30:00,50.650001525878906
2018-04-12 15:30:00,50.95000076293945
2018-04-12 16:30:00,50.68000030517578
2018-04-12 17:30:00,50.720001220703125
2018-04-12 18:30:00,50.90999984741211
2018-04-12 19:30:00,50.709999084472656
2018-04-13 13:30:00,50.560001373291016
2018-04-13 14:30:00,50.52000045776367
2018-04-13 15:30:00,50.41999816894531
2018-04-13 16:30:00,50.595001220703125
2018-04-13 17:30:00,50.119998931884766
2018-04-13 18:30:00,49.939998626708984
2018-04-13 19:30:00,50.07899856567383
2018-04-16 13:30:00,50.77000045776367
2018-04-16 14:30:00,50.46500015258789
2018-04-16 15:30:00,50.29999923706055
2018-04-16 16:30:00,50.54499816894531
2018-04-16 17:30:00,50.529998779296875
2018-04-16 18:30:00,50.47999954223633
2018-04-16 19:30:00,50.66999816894531
2018-04-17 13:30:00,50.369998931884766
2018-04-17 14:30:00,50.68000030517578
2018-04-17 15:30:00,50.79999923706055
2018-04-17 16:30:00,50.4900016784668
2018-04-17 17:30:00,50.45000076293945
2018-04-17 18:30:00,50.569000244140625
2018-04-17 19:30:00,50.540000915527344
2018-04-18 13:30:00,51.2400016784668
2018-04-18 14:30:00,51.0
2018-04-18 15:30:00,51.040000915527344
2018-04-18 16:30:00,51.099998474121094
2018-04-18 17:30:00,51.20000076293945
2018-04-18 18:30:00,50.790000915527344
2018-04-18 19:30:00,50.66999816894531
2018-04-19 13:30:00,49.970001220703125
2018-04-19 14:30:00,49.59000015258789
2018-04-19 15:30:00,49.97999954223633
2018-04-19 16:30:00,50.25
2018-04-19 17:30:00,50.540000915527344
2018-04-19 18:30:00,50.3650016784668
2018-04-19 19:30:00,50.59000015258789
2018-04-20 13:30:00,50.13999938964844
2018-04-20 14:30:00,49.970001220703125
2018-04-20 15:30:00,50.369998931884766
2018-04-20 16:30:00,50.525001525878906
2018-04-20 17:30:00,50.63999938964844
2018-04-20 18:30:00,50.29999923706055
2018-04-20 19:30:00,50.4900016784668
2018-04-23 13:30:00,50.599998474121094
2018-04-23 14:30:00,50.939998626708984
2018-04-23 15:30:00,50.650001525878906
2018-04-23 16:30:00,50.650001525878906
2018-04-23 17:30:00,50.43000030517578
2018-04-23 18:30:00,50.349998474121094
2018-04-23 19:30:00,50.369998931884766
2018-04-24 13:30:00,49.970001220703125
2018-04-24 14:30:00,50.08000183105469
2018-04-24 15:30:00,49.349998474121094
2018-04-24 16:30:00,48.91999816894531
2018-04-24 17:30:00,48.70000076293945
2018-04-24 18:30:00,49.025001525878906
2018-04-24 19:30:00,49.11000061035156
2018-04-25 13:30:00,49.36000061035156
2018-04-25 14:30:00,49.25
2018-04-25 15:30:00,49.279998779296875
2018-04-25 16:30:00,49.2599983215332
2018-04-25 17:30:00,49.5099983215332
2018-04-25 18:30:00,49.619998931884766
2018-04-25 19:30:00,49.58000183105469
2018-04-26 13:30:00,49.650001525878906
2018-04-26 14:30:00,49.06999969482422
2018-04-26 15:30:00,49.48500061035156
2018-04-26 16:30:00,49.77000045776367
2018-04-26 17:30:00,49.93000030517578
2018-04-26 18:30:00,49.7400016784668
2018-04-26 19:30:00,49.86000061035156
2018-04-27 13:30:00,50.040000915527344
2018-04-27 14:30:00,50.380001068115234
2018-04-27 15:30:00,50.400001525878906
2018-04-27 16:30:00,50.817501068115234
2018-04-27 17:30:00,50.900001525878906
2018-04-27 18:30:00,51.029998779296875
2018-04-27 19:30:00,51.02000045776367
2018-04-30 13:30:00,50.349998474121094
2018-04-30 14:30:00,50.4900016784668
2018-04-30 15:30:00,50.31990051269531
2018-04-30 16:30:00,50.244998931884766
2018-04-30 17:30:00,50.04999923706055
2018-04-30 18:30:00,49.970001220703125
2018-04-30 19:30:00,49.97999954223633
2018-05-01 13:30:00,49.38999938964844
2018-05-01 14:30:00,49.08000183105469
2018-05-01 15:30:00,48.900001525878906
2018-05-01 16:30:00,48.540401458740234
2018-05-01 17:30:00,48.93000030517578
2018-05-01 18:30:00,49.04499816894531
2018-05-01 19:30:00,49.36000061035156
2018-05-02 13:30:00,49.58000183105469
2018-05-02 14:30:00,49.86000061035156
2018-05-02 15:30:00,49.95000076293945
2018-05-02 16:30:00,49.974998474121094
2018-05-02 17:30:00,50.10499954223633
2018-05-02 18:30:00,49.63999938964844
2018-05-02 19:30:00,49.15999984741211
2018-05-03 13:30:00,48.43000030517578
2018-05-03 14:30:00,48.470001220703125
2018-05-03 15:30:00,48.70500183105469
2018-05-03 16:30:00,49.31999969482422
2018-05-03 17:30:00,49.4900016784668
2018-05-03 18:30:00,49.689998626708984
2018-05-03 19:30:00,49.5099983215332
2018-05-04 13:30:00,50.34000015258789
2018-05-04 14:30:00,50.529998779296875
2018-05-04 15:30:00,50.380001068115234
2018-05-04 16:30:00,50.689998626708984
2018-05-04 17:30:00,50.89500045776367
2018-05-04 18:30:00,50.810001373291016
2018-05-04 19:30:00,50.650001525878906
2018-05-07 13:30:00,50.900001525878906
2018-05-07 14:30:00,51.17499923706055
2018-05-07 15:30:00,51.02130126953125
2018-05-07 16:30:00,51.209999084472656
2018-05-07 17:30:00,51.47999954223633
2018-05-07 18:30:00,51.279998779296875
2018-05-07 19:30:00,51.40999984741211
2018-05-08 13:30:00,51.150001525878906
2018-05-08 14:30:00,51.38999938964844
2018-05-08 15:30:00,51.060001373291016
2018-05-08 16:30:00,51.08000183105469
2018-05-08 17:30:00,51.16999816894531
2018-05-08 18:30:00,51.189998626708984
2018-05-08 19:30:00,51.31999969482422
2018-05-09 13:30:00,51.060001373291016
2018-05-09 14:30:00,51.150001525878906
2018-05-09 15:30:00,51.18000030517578
2018-05-09 16:30:00,51.43000030517578
2018-05-09 17:30:00,51.79999923706055
2018-05-09 18:30:00,51.5099983215332
2018-05-09 19:30:00,51.5
2018-05-10 13:30:00,51.439998626708984
2018-05-10 14:30:00,51.31999969482422
2018-05-10 15:30:00,51.16999816894531
2018-05-10 16:30:00,51.060001373291016
2018-05-10 17:30:00,51.290000915527344
2018-05-10 18:30:00,51.220001220703125
2018-05-10 19:30:00,51.349998474121094
2018-05-11 13:30:00,52.209999084472656
2018-05-11 14:30:00,51.83000183105469
2018-05-11 15:30:00,51.720001220703125
2018-05-11 16:30:00,51.72999954223633
2018-05-11 17:30:00,51.755001068115234
2018-05-11 18:30:00,51.83000183105469
2018-05-11 19:30:00,51.79999923706055
2018-05-14 13:30:00,51.43000030517578
2018-05-14 14:30:00,51.459999084472656
2018-05-14 15:30:00,51.54999923706055
2018-05-14 16:30:00,51.630001068115234
2018-05-14 17:30:00,51.56999969482422
2018-05-14 18:30:00,51.810001373291016
2018-05-14 19:30:00,51.779998779296875
2018-05-15 13:30:00,51.38959884643555
2018-05-15 14:30:00,51.68000030517578
2018-05-15 15:30:00,51.689998626708984
2018-05-15 16:30:00,52.08000183105469
2018-05-15 17:30:00,52.255001068115234
2018-05-15 18:30:00,52.34000015258789
2018-05-15 19:30:00,52.5099983215332
2018-05-16 13:30:00,52.59000015258789
2018-05-16 14:30:00,52.584999084472656
2018-05-16 15:30:00,53.23500061035156
2018-05-16 16:30:00,53.119998931884766
2018-05-16 17:30:00,53.20000076293945
2018-05-16 18:30:00,52.959999084472656
2018-05-16 19:30:00,53.029998779296875
2018-05-17 13:30:00,53.34000015258789
2018-05-17 14:30:00,53.2400016784668
2018-05-17 15:30:00,53.16999816894531
2018-05-17 16:30:00,52.810001373291016
2018-05-17 17:30:00,52.84000015258789
2018-05-17 18:30:00,52.790000915527344
2018-05-17 19:30:00,52.86000061035156
2018-05-18 13:30:00,52.709999084472656
2018-05-18 14:30:00,52.790000915527344
2018-05-18 15:30:00,52.849998474121094
2018-05-18 16:30:00,53.09000015258789
2018-05-18 17:30:00,52.88999938964844
2018-05-18 18:30:00,52.75
2018-05-18 19:30:00,52.75
2018-05-21 13:30:00,53.58000183105469
2018-05-21 14:30:00,53.56999969482422
2018-05-21 15:30:00,53.724998474121094
2018-05-21 16:30:00,53.7400016784668
2018-05-21 17:30:00,53.900001525878906
2018-05-21 18:30:00,53.7400016784668
2018-05-21 19:30:00,53.779998779296875
2018-05-22 13:30:00,53.380001068115234
2018-05-22 14:30:00,53.369998931884766
2018-05-22 15:30:00,53.21500015258789
2018-05-22 16:30:00,53.165000915527344
2018-05-22 17:30:00,53.20000076293945
2018-05-22 18:30:00,52.84000015258789
2018-05-22 19:30:00,52.709999084472656
2018-05-23 13:30:00,52.439998626708984
2018-05-23 14:30:00,52.349998474121094
2018-05-23 15:30:00,52.130001068115234
2018-05-23 16:30:00,52.27000045776367
2018-05-23 17:30:00,52.380001068115234
2018-05-23 18:30:00,52.400001525878906
2018-05-23 19:30:00,52.56999969482422
2018-05-24 13:30:00,52.0099983215332
2018-05-24 14:30:00,52.349998474121094
2018-05-24 15:30:00,52.61009979248047
2018-05-24 16:30:00,52.7599983215332
2018-05-24 17:30:00,52.83000183105469
2018-05-24 18:30:00,52.756900787353516
2018-05-24 19:30:00,52.790000915527344
2018-05-25 13:30:00,52.70000076293945
2018-05-25 14:30:00,52.54499816894531
2018-05-25 15:30:00,52.43000030517578
2018-05-25 16:30:00,52.33000183105469
2018-05-25 17:30:00,52.34000015258789
2018-05-25 18:30:00,52.41999816894531
2018-05-25 19:30:00,52.47999954223633
2018-05-29 13:30:00,52.439998626708984
2018-05-29 14:30:00,52.459999084472656
2018-05-29 15:30:00,52.0099983215332
2018-05-29 16:30:00,52.29999923706055
2018-05-29 17:30:00,52.28010177612305
2018-05-29 18:30:00,52.369998931884766
2018-05-29 19:30:00,52.5
2018-05-30 13:30:00,52.999900817871094
2018-05-30 14:30:00,52.869998931884766
2018-05-30 15:30:00,52.91999816894531
2018-05-30 16:30:00,52.939998626708984
2018-05-30 17:30:00,52.970001220703125
2018-05-30 18:30:00,52.7599983215332
2018-05-30 19:30:00,52.709999084472656
2018-05-31 13:30:00,52.709999084472656
2018-05-31 14:30:00,52.86000061035156
2018-05-31 15:30:00,52.75
2018-05-31 16:30:00,52.650001525878906
2018-05-31 17:30:00,52.720001220703125
2018-05-31 18:30:00,53.154998779296875
2018-05-31 19:30:00,53.22999954223633
2018-06-01 13:30:00,54.68000030517578
2018-06-01 14:30:00,54.38999938964844
2018-06-01 15:30:00,54.13999938964844
2018-06-01 16:30:00,54.279998779296875
2018-06-01 17:30:00,53.779998779296875
2018-06-01 18:30:00,53.720001220703125
2018-06-01 19:30:00,53.6150016784668
2018-06-04 13:30:00,53.52000045776367
2018-06-04 14:30:00,53.34000015258789
2018-06-04 15:30:00,52.93000030517578
2018-06-04 16:30:00,53.16999816894531
2018-06-04 17:30:00,53.220001220703125
2018-06-04 18:30:00,53.290000915527344
2018-06-04 19:30:00,53.470001220703125
2018-06-05 13:30:00,53.63999938964844
2018-06-05 14:30:00,53.7400016784668
2018-06-05 15:30:00,53.9838981628418
2018-06-05 16:30:00,53.939998626708984
2018-06-05 17:30:00,54.119998931884766
2018-06-05 18:30:00,54.119998931884766
2018-06-05 19:30:00,54.27000045776367
2018-06-06 13:30:00,51.67499923706055
2018-06-06 14:30:00,51.689998626708984
2018-06-06 15:30:00,52.060001373291016
2018-06-06 16:30:00,51.650001525878906
2018-06-06 17:30:00,51.599998474121094
2018-06-06 18:30:00,51.970001220703125
2018-06-06 19:30:00,52.09000015258789
2018-06-07 13:30:00,52.4900016784668
2018-06-07 14:30:00,52.404998779296875
2018-06-07 15:30:00,52.619998931884766
2018-06-07 16:30:00,52.720001220703125
2018-06-07 17:30:00,52.81999969482422
2018-06-07 18:30:00,52.849998474121094
2018-06-07 19:30:00,52.939998626708984
2018-06-08 13:30:00,52.7400016784668
2018-06-08 14:30:00,52.709999084472656
2018-06-08 15:30:00,52.84000015258789
2018-06-08 16:30:00,52.56999969482422
2018-06-08 17:30:00,52.58000183105469
2018-06-08 18:30:00,52.790000915527344
2018-06-08 19:30:00,52.810001373291016
2018-06-11 13:30:00,52.810001373291016
2018-06-11 14:30:00,52.51499938964844
2018-06-11 15:30:00,52.93000030517578
2018-06-11 16:30:00,53.040000915527344
2018-06-11 17:30:00,52.90999984741211
2018-06-11 18:30:00,53.029998779296875
2018-06-11 19:30:00,52.849998474121094
2018-06-12 13:30:00,53.04999923706055
2018-06-12 14:30:00,53.349998474121094
2018-06-12 15:30:00,53.5
2018-06-12 16:30:00,53.52000045776367
2018-06-12 17:30:00,53.36000061035156
2018-06-12 18:30:00,53.48899841308594
2018-06-12 19:30:00,53.4900016784668
2018-06-13 13:30:00,53.12990188598633
2018-06-13 14:30:00,53.630001068115234
2018-06-13 15:30:00,53.61000061035156
2018-06-13 16:30:00,53.599998474121094
2018-06-13 17:30:00,53.16999816894531
2018-06-13 18:30:00,53.15999984741211
2018-06-13 19:30:00,53.040000915527344
2018-06-14 13:30:00,52.680999755859375
2018-06-14 14:30:00,52.5
2018-06-14 15:30:00,52.56999969482422
2018-06-14 16:30:00,52.7400016784668
2018-06-14 17:30:00,52.60499954223633
2018-06-14 18:30:00,52.7400016784668
2018-06-14 19:30:00,52.779998779296875
2018-06-15 13:30:00,52.04999923706055
2018-06-15 14:30:00,52.27000045776367
2018-06-15 15:30:00,52.47999954223633
2018-06-15 16:30:00,52.54999923706055
2018-06-15 17:30:00,52.685001373291016
2018-06-15 18:30:00,52.689998626708984
2018-06-15 19:30:00,52.689998626708984
2018-06-18 13:30:00,52.47999954223633
2018-06-18 14:30:00,52.650001525878906
2018-06-18 15:30:00,52.470001220703125
2018-06-18 16:30:00,52.58000183105469
2018-06-18 17:30:00,52.459999084472656
2018-06-18 18:30:00,52.290000915527344
2018-06-18 19:30:00,52.369998931884766
2018-06-19 13:30:00,51.81999969482422
2018-06-19 14:30:00,52.290000915527344
2018-06-19 15:30:00,52.22999954223633
2018-06-19 16:30:00,52.209999084472656
2018-06-19 17:30:00,52.209999084472656
2018-06-19 18:30:00,52.08000183105469
2018-06-19 19:30:00,52.119998931884766
2018-06-20 13:30:00,52.209999084472656
2018-06-20 14:30:00,52.52000045776367
2018-06-20 15:30:00,52.59000015258789
2018-06-20 16:30:00,52.619998931884766
2018-06-20 17:30:00,52.560001373291016
2018-06-20 18:30:00,52.689998626708984
2018-06-20 19:30:00,52.77000045776367
2018-06-21 13:30:00,51.04499816894531
2018-06-21 14:30:00,50.94499969482422
2018-06-21 15:30:00,51.14500045776367
2018-06-21 16:30:00,51.20000076293945
2018-06-21 17:30:00,51.32500076293945
2018-06-21 18:30:00,50.90999984741211
2018-06-21 19:30:00,50.88999938964844
2018-06-22 13:30:00,50.77000045776367
2018-06-22 14:30:00,51.189998626708984
2018-06-22 15:30:00,50.845001220703125
2018-06-22 16:30:00,50.650001525878906
2018-06-22 17:30:00,50.47999954223633
2018-06-22 18:30:00,50.540000915527344
2018-06-22 19:30:00,50.59000015258789
2018-06-25 13:30:00,49.755001068115234
2018-06-25 14:30:00,49.88999938964844
2018-06-25 15:30:00,49.810001373291016
2018-06-25 16:30:00,50.0099983215332
2018-06-25 17:30:00,49.939998626708984
2018-06-25 18:30:00,49.63999938964844
2018-06-25 19:30:00,49.849998474121094
2018-06-26 13:30:00,49.39099884033203
2018-06-26 14:30:00,49.63999938964844
2018-06-26 15:30:00,49.619998931884766
2018-06-26 16:30:00,49.65999984741211
2018-06-26 17:30:00,49.529998779296875
2018-06-26 18:30:00,49.5
2018-06-26 19:30:00,49.369998931884766
2018-06-27 13:30:00,49.68000030517578
2018-06-27 14:30:00,49.40999984741211
2018-06-27 15:30:00,49.5
2018-06-27 16:30:00,48.97999954223633
2018-06-27 17:30:00,48.93000030517578
2018-06-27 18:30:00,48.970001220703125
2018-06-27 19:30:00,48.70000076293945
2018-06-28 13:30:00,48.75
2018-06-28 14:30:00,48.90999984741211
2018-06-28 15:30:00,48.56999969482422
2018-06-28 16:30:00,48.36000061035156
2018-06-28 17:30:00,48.7400016784668
2018-06-28 18:30:00,48.779998779296875
2018-06-28 19:30:00,48.7400016784668
2018-06-29 13:30:00,49.31999969482422
2018-06-29 14:30:00,49.060001373291016
2018-06-29 15:30:00,48.85499954223633
2018-06-29 16:30:00,48.61000061035156
2018-06-29 17:30:00,48.68000030517578
2018-06-29 18:30:00,48.34000015258789
2018-06-29 19:30:00,48.130001068115234
2018-07-02 13:30:00,47.88999938964844
2018-07-02 14:30:00,47.83000183105469
2018-07-02 15:30:00,47.83100128173828
2018-07-02 16:30:00,47.83000183105469
2018-07-02 17:30:00,48.130001068115234
2018-07-02 18:30:00,47.86000061035156
2018-07-02 19:30:00,47.9900016784668
2018-07-03 13:30:00,47.56999969482422
2018-07-03 14:30:00,47.58000183105469
2018-07-03 15:30:00,47.915000915527344
2018-07-03 17:00:00,47.73820114135742
2018-07-05 13:30:00,47.40999984741211
2018-07-05 14:30:00,47.83000183105469
2018-07-05 15:30:00,47.875
2018-07-05 16:30:00,47.7400016784668
2018-07-05 17:30:00,47.79999923706055
2018-07-05 18:30:00,47.834999084472656
2018-07-05 19:30:00,48.06999969482422
2018-07-06 13:30:00,48.2599983215332
2018-07-06 14:30:00,48.44990158081055
2018-07-06 15:30:00,48.665000915527344
2018-07-06 16:30:00,48.41999816894531
2018-07-06 17:30:00,48.439998626708984
2018-07-06 18:30:00,48.435001373291016
2018-07-06 19:30:00,48.209999084472656
2018-07-09 13:30:00,49.779998779296875
2018-07-09 14:30:00,49.76580047607422
2018-07-09 15:30:00,49.904998779296875
2018-07-09 16:30:00,49.8390007019043
2018-07-09 17:30:00,49.91999816894531
2018-07-09 18:30:00,49.724998474121094
2018-07-09 19:30:00,49.599998474121094
2018-07-10 13:30:00,49.5625
2018-07-10 14:30:00,49.33000183105469
2018-07-10 15:30:00,49.43000030517578
2018-07-10 16:30:00,49.39500045776367
2018-07-10 17:30:00,49.47999954223633
2018-07-10 18:30:00,49.60499954223633
2018-07-10 19:30:00,49.529998779296875
2018-07-11 13:30:00,52.29999923706055
2018-07-11 14:30:00,55.71009826660156
2018-07-11 15:30:00,54.58000183105469
2018-07-11 16:30:00,54.400001525878906
2018-07-11 17:30:00,54.34000015258789
2018-07-11 18:30:00,54.869998931884766
2018-07-11 19:30:00,54.5
2018-07-12 13:30:00,55.22999954223633
2018-07-12 14:30:00,54.790000915527344
2018-07-12 15:30:00,55.185001373291016
2018-07-12 16:30:00,55.150001525878906
2018-07-12 17:30:00,55.16999816894531
2018-07-12 18:30:00,55.2400016784668
2018-07-12 19:30:00,55.33000183105469
2018-07-13 13:30:00,54.880001068115234
2018-07-13 14:30:00,55.20000076293945
2018-07-13 15:30:00,55.15999984741211
2018-07-13 16:30:00,55.150001525878906
2018-07-13 17:30:00,55.060001373291016
2018-07-13 18:30:00,55.369998931884766
2018-07-13 19:30:00,55.25
2018-07-16 13:30:00,55.130001068115234
2018-07-16 14:30:00,55.11000061035156
2018-07-16 15:30:00,55.099998474121094
2018-07-16 16:30:00,55.41999816894531
2018-07-16 17:30:00,55.43000030517578
2018-07-16 18:30:00,55.47999954223633
2018-07-16 19:30:00,55.41999816894531
2018-07-17 13:30:00,55.54999923706055
2018-07-17 14:30:00,55.599998474121094
2018-07-17 15:30:00,55.56999969482422
2018-07-17 16:30:00,55.56999969482422
2018-07-17 17:30:00,55.7400016784668
2018-07-17 18:30:00,55.90999984741211
2018-07-17 19:30:00,55.93000030517578
2018-07-18 13:30:00,55.869998931884766
2018-07-18 14:30:00,56.11000061035156
2018-07-18 15:30:00,56.43000030517578
2018-07-18 16:30:00,56.31999969482422
2018-07-18 17:30:00,56.13999938964844
2018-07-18 18:30:00,56.2599983215332
2018-07-18 19:30:00,56.45000076293945
2018-07-19 13:30:00,56.52389907836914
2018-07-19 14:30:00,56.65999984741211
2018-07-19 15:30:00,56.70000076293945
2018-07-19 16:30:00,57.099998474121094
2018-07-19 17:30:00,57.25
2018-07-19 18:30:00,56.970001220703125
2018-07-19 19:30:00,56.83000183105469
2018-07-20 13:30:00,56.72999954223633
2018-07-20 14:30:00,57.224998474121094
2018-07-20 15:30:00,57.65999984741211
2018-07-20 16:30:00,57.36000061035156
2018-07-20 17:30:00,57.38999938964844
2018-07-20 18:30:00,57.45000076293945
2018-07-20 19:30:00,57.45000076293945
2018-07-23 13:30:00,58.03499984741211
2018-07-23 14:30:00,58.27989959716797
2018-07-23 15:30:00,58.39500045776367
2018-07-23 16:30:00,58.16999816894531
2018-07-23 17:30:00,58.314998626708984
2018-07-23 18:30:00,58.06999969482422
2018-07-23 19:30:00,57.90999984741211
2018-07-24 13:30:00,57.5
2018-07-24 14:30:00,57.310001373291016
2018-07-24 15:30:00,57.16999816894531
2018-07-24 16:30:00,56.849998474121094
2018-07-24 17:30:00,56.720001220703125
2018-07-24 18:30:00,56.59000015258789
2018-07-24 19:30:00,56.619998931884766
2018-07-25 13:30:00,56.70000076293945
2018-07-25 14:30:00,56.70000076293945
2018-07-25 15:30:00,56.939998626708984
2018-07-25 16:30:00,56.95000076293945
2018-07-25 17:30:00,57.06999969482422
2018-07-25 18:30:00,57.150001525878906
2018-07-25 19:30:00,57.5
2018-07-26 13:30:00,57.189998626708984
2018-07-26 14:30:00,57.474998474121094
2018-07-26 15:30:00,56.83000183105469
2018-07-26 16:30:00,56.77000045776367
2018-07-26 17:30:00,56.849998474121094
2018-07-26 18:30:00,56.66999816894531
2018-07-26 19:30:00,56.7400016784668
2018-07-27 13:30:00,56.880001068115234
2018-07-27 14:30:00,56.72999954223633
2018-07-27 15:30:00,56.91999816894531
2018-07-27 16:30:00,56.599998474121094
2018-07-27 17:30:00,56.310001373291016
2018-07-27 18:30:00,56.349998474121094
2018-07-27 19:30:00,56.5
2018-07-30 13:30:00,56.72999954223633
2018-07-30 14:30:00,56.16999816894531
2018-07-30 15:30:00,55.95000076293945
2018-07-30 16:30:00,56.119998931884766
2018-07-30 17:30:00,56.400001525878906
2018-07-30 18:30:00,56.06999969482422
2018-07-30 19:30:00,56.09000015258789
2018-07-31 13:30:00,56.630001068115234
2018-07-31 14:30:00,56.87099838256836
2018-07-31 15:30:00,56.880001068115234
2018-07-31 16:30:00,57.040000915527344
2018-07-31 17:30:00,56.88999938964844
2018-07-31 18:30:00,57.0
2018-07-31 19:30:00,56.93000030517578
2018-08-01 13:30:00,56.404998779296875
2018-08-01 14:30:00,56.029998779296875
2018-08-01 15:30:00,55.65999984741211
2018-08-01 16:30:00,55.41999816894531
2018-08-01 17:30:00,55.52000045776367
2018-08-01 18:30:00,55.435001373291016
2018-08-01 19:30:00,55.65999984741211
2018-08-02 13:30:00,56.2599983215332
2018-08-02 14:30:00,56.55400085449219
2018-08-02 15:30:00,56.779998779296875
2018-08-02 16:30:00,56.63999938964844
2018-08-02 17:30:00,56.38999938964844
2018-08-02 18:30:00,56.45000076293945
2018-08-02 19:30:00,56.41999816894531
2018-08-03 13:30:00,56.38999938964844
2018-08-03 14:30:00,56.25
2018-08-03 15:30:00,56.2599983215332
2018-08-03 16:30:00,56.310001373291016
2018-08-03 17:30:00,56.119998931884766
2018-08-03 18:30:00,56.18000030517578
2018-08-03 19:30:00,56.2599983215332
2018-08-06 13:30:00,56.650001525878906
2018-08-06 14:30:00,56.900001525878906
2018-08-06 15:30:00,56.88999938964844
2018-08-06 16:30:00,56.599998474121094
2018-08-06 17:30:00,56.65999984741211
2018-08-06 18:30:00,56.6150016784668
2018-08-06 19:30:00,56.72999954223633
2018-08-07 13:30:00,57.130001068115234
2018-08-07 14:30:00,56.994998931884766
2018-08-07 15:30:00,56.93000030517578
2018-08-07 16:30:00,57.09000015258789
2018-08-07 17:30:00,57.154998779296875
2018-08-07 18:30:00,57.459999084472656
2018-08-07 19:30:00,57.27000045776367
2018-08-08 13:30:00,57.41999816894531
2018-08-08 14:30:00,57.279998779296875
2018-08-08 15:30:00,57.40999984741211
2018-08-08 16:30:00,57.439998626708984
2018-08-08 17:30:00,57.66999816894531
2018-08-08 18:30:00,57.779998779296875
2018-08-08 19:30:00,57.79999923706055
2018-08-09 13:30:00,58.5
2018-08-09 14:30:00,57.849998474121094
2018-08-09 15:30:00,57.779998779296875
2018-08-09 16:30:00,57.7599983215332
2018-08-09 17:30:00,57.61000061035156
2018-08-09 18:30:00,57.65999984741211
2018-08-09 19:30:00,57.52000045776367
2018-08-10 13:30:00,56.97999954223633
2018-08-10 14:30:00,57.65999984741211
2018-08-10 15:30:00,57.79999923706055
2018-08-10 16:30:00,57.65999984741211
2018-08-10 17:30:00,57.4900016784668
2018-08-10 18:30:00,57.79999923706055
2018-08-10 19:30:00,57.720001220703125
2018-08-13 13:30:00,57.91999816894531
2018-08-13 14:30:00,57.564998626708984
2018-08-13 15:30:00,57.47999954223633
2018-08-13 16:30:00,57.43000030517578
2018-08-13 17:30:00,57.63999938964844
2018-08-13 18:30:00,57.41590118408203
2018-08-13 19:30:00,57.345001220703125
2018-08-14 13:30:00,58.02000045776367
2018-08-14 14:30:00,58.22999954223633
2018-08-14 15:30:00,58.18000030517578
2018-08-14 16:30:00,58.220001220703125
2018-08-14 17:30:00,58.54999923706055
2018-08-14 18:30:00,58.47999954223633
2018-08-14 19:30:00,58.349998474121094
2018-08-15 13:30:00,57.79999923706055
2018-08-15 14:30:00,58.130001068115234
2018-08-15 15:30:00,58.29999923706055
2018-08-15 16:30:00,58.099998474121094
2018-08-15 17:30:00,58.0
2018-08-15 18:30:00,58.33000183105469
2018-08-15 19:30:00,58.40999984741211
2018-08-16 13:30:00,59.15999984741211
2018-08-16 14:30:00,59.68000030517578
2018-08-16 15:30:00,59.560001373291016
2018-08-16 16:30:00,59.310001373291016
2018-08-16 17:30:00,59.25
2018-08-16 18:30:00,59.31999969482422
2018-08-16 19:30:00,59.29999923706055
2018-08-17 13:30:00,59.38999938964844
2018-08-17 14:30:00,59.63019943237305
2018-08-17 15:30:00,59.630001068115234
2018-08-17 16:30:00,59.4900016784668
2018-08-17 17:30:00,59.7599983215332
2018-08-17 18:30:00,59.61000061035156
2018-08-17 19:30:00,59.5099983215332
2018-08-20 13:30:00,60.16999816894531
2018-08-20 14:30:00,60.61000061035156
2018-08-20 15:30:00,60.54999923706055
2018-08-20 16:30:00,60.470001220703125
2018-08-20 17:30:00,60.41999816894531
2018-08-20 18:30:00,60.33000183105469
2018-08-20 19:30:00,60.130001068115234
2018-08-21 13:30:00,60.970001220703125
2018-08-21 14:30:00,60.709999084472656
2018-08-21 15:30:00,61.10499954223633
2018-08-21 16:30:00,60.910099029541016
2018-08-21 17:30:00,61.02000045776367
2018-08-21 18:30:00,61.040000915527344
2018-08-21 19:30:00,60.880001068115234
2018-08-22 13:30:00,60.689998626708984
2018-08-22 14:30:00,60.86000061035156
2018-08-22 15:30:00,60.93000030517578
2018-08-22 16:30:00,60.790000915527344
2018-08-22 17:30:00,60.83000183105469
2018-08-22 18:30:00,60.70000076293945
2018-08-22 19:30:00,60.7400016784668
2018-08-23 13:30:00,60.63999938964844
2018-08-23 14:30:00,60.2400016784668
2018-08-23 15:30:00,60.5099983215332
2018-08-23 16:30:00,60.3849983215332
2018-08-23 17:30:00,60.40999984741211
2018-08-23 18:30:00,60.41999816894531
2018-08-23 19:30:00,60.34000015258789
2018-08-24 13:30:00,59.619998931884766
2018-08-24 14:30:00,59.459999084472656
2018-08-24 15:30:00,59.2599983215332
2018-08-24 16:30:00,59.349998474121094
2018-08-24 17:30:00,59.079898834228516
2018-08-24 18:30:00,59.45000076293945
2018-08-24 19:30:00,59.47999954223633
2018-08-27 13:30:00,59.66999816894531
2018-08-27 14:30:00,59.439998626708984
2018-08-27 15:30:00,59.415000915527344
2018-08-27 16:30:00,59.220001220703125
2018-08-27 17:30:00,59.25
2018-08-27 18:30:00,58.95000076293945
2018-08-27 19:30:00,59.02000045776367
2018-08-28 13:30:00,58.77000045776367
2018-08-28 14:30:00,59.06999969482422
2018-08-28 15:30:00,58.54999923706055
2018-08-28 16:30:00,58.7400016784668
2018-08-28 17:30:00,58.79999923706055
2018-08-28 18:30:00,58.689998626708984
2018-08-28 19:30:00,58.75
2018-08-29 13:30:00,58.709999084472656
2018-08-29 14:30:00,58.880001068115234
2018-08-29 15:30:00,58.970001220703125
2018-08-29 16:30:00,59.040000915527344
2018-08-29 17:30:00,58.939998626708984
2018-08-29 18:30:00,58.93000030517578
2018-08-29 19:30:00,58.79999923706055
2018-08-30 13:30:00,58.7599983215332
2018-08-30 14:30:00,58.44990158081055
2018-08-30 15:30:00,58.47999954223633
2018-08-30 16:30:00,58.54999923706055
2018-08-30 17:30:00,58.0099983215332
2018-08-30 18:30:00,58.0099983215332
2018-08-30 19:30:00,58.18000030517578
2018-08-31 13:30:00,58.439998626708984
2018-08-31 14:30:00,58.5
2018-08-31 15:30:00,58.459999084472656
2018-08-31 16:30:00,58.47100067138672
2018-08-31 17:30:00,58.400001525878906
2018-08-31 18:30:00,58.38999938964844
2018-08-31 19:30:00,58.36000061035156
2018-09-04 13:30:00,59.15999984741211
2018-09-04 14:30:00,58.72999954223633
2018-09-04 15:30:00,58.45000076293945
2018-09-04 16:30:00,58.584999084472656
2018-09-04 17:30:00,58.86000061035156
2018-09-04 18:30:00,58.880001068115234
2018-09-04 19:30:00,59.040000915527344
2018-09-05 13:30:00,59.220001220703125
2018-09-05 14:30:00,59.18000030517578
2018-09-05 15:30:00,59.34189987182617
2018-09-05 16:30:00,59.33000183105469
2018-09-05 17:30:00,59.095001220703125
2018-09-05 18:30:00,59.060001373291016
2018-09-05 19:30:00,59.099998474121094
2018-09-06 13:30:00,59.04010009765625
2018-09-06 14:30:00,58.830101013183594
2018-09-06 15:30:00,58.47999954223633
2018-09-06 16:30:00,58.65999984741211
2018-09-06 17:30:00,58.7598991394043
2018-09-06 18:30:00,58.97999954223633
2018-09-06 19:30:00,59.0099983215332
2018-09-07 13:30:00,58.25
2018-09-07 14:30:00,58.29800033569336
2018-09-07 15:30:00,57.560001373291016
2018-09-07 16:30:00,56.880001068115234
2018-09-07 17:30:00,56.93000030517578
2018-09-07 18:30:00,57.0
2018-09-07 19:30:00,57.209999084472656
2018-09-10 13:30:00,57.709999084472656
2018-09-10 14:30:00,58.02000045776367
2018-09-10 15:30:00,58.02000045776367
2018-09-10 16:30:00,58.2599983215332
2018-09-10 17:30:00,58.34000015258789
2018-09-10 18:30:00,58.29999923706055
2018-09-10 19:30:00,58.18000030517578
2018-09-11 13:30:00,58.75
2018-09-11 14:30:00,59.084999084472656
2018-09-11 15:30:00,59.349998474121094
2018-09-11 16:30:00,59.380001068115234
2018-09-11 17:30:00,59.310001373291016
2018-09-11 18:30:00,59.150001525878906
2018-09-11 19:30:00,59.11000061035156
2018-09-12 13:30:00,58.41999816894531
2018-09-12 14:30:00,58.79499816894531
2018-09-12 15:30:00,58.650001525878906
2018-09-12 16:30:00,58.75
2018-09-12 17:30:00,58.744998931884766
2018-09-12 18:30:00,58.814998626708984
2018-09-12 19:30:00,58.75
2018-09-13 13:30:00,58.900001525878906
2018-09-13 14:30:00,58.93000030517578
2018-09-13 15:30:00,58.997398376464844
2018-09-13 16:30:00,58.88999938964844
2018-09-13 17:30:00,58.97999954223633
2018-09-13 18:30:00,58.94499969482422
2018-09-13 19:30:00,59.0
2018-09-14 13:30:00,59.16999816894531
2018-09-14 14:30:00,59.27000045776367
2018-09-14 15:30:00,59.0
2018-09-14 16:30:00,58.459999084472656
2018-09-14 17:30:00,57.529998779296875
2018-09-14 18:30:00,57.849998474121094
2018-09-14 19:30:00,57.7400016784668
2018-09-17 13:30:00,57.59000015258789
2018-09-17 14:30:00,58.02000045776367
2018-09-17 15:30:00,58.060001373291016
2018-09-17 16:30:00,57.779998779296875
2018-09-17 17:30:00,57.91999816894531
2018-09-17 18:30:00,57.82500076293945
2018-09-17 19:30:00,57.709999084472656
2018-09-18 13:30:00,57.16999816894531
2018-09-18 14:30:00,57.720001220703125
2018-09-18 15:30:00,57.72999954223633
2018-09-18 16:30:00,57.970001220703125
2018-09-18 17:30:00,58.2599983215332
2018-09-18 18:30:00,58.064998626708984
2018-09-18 19:30:00,58.09000015258789
2018-09-19 13:30:00,58.4900016784668
2018-09-19 14:30:00,58.290000915527344
2018-09-19 15:30:00,58.18000030517578
2018-09-19 16:30:00,58.349998474121094
2018-09-19 17:30:00,58.290000915527344
2018-09-19 18:30:00,58.18000030517578
2018-09-19 19:30:00,58.22999954223633
2018-09-20 13:30:00,58.459999084472656
2018-09-20 14:30:00,58.4900016784668
2018-09-20 15:30:00,58.525001525878906
2018-09-20 16:30:00,58.689998626708984
2018-09-20 17:30:00,58.810001373291016
2018-09-20 18:30:00,58.650001525878906
2018-09-20 19:30:00,58.70000076293945
2018-09-21 13:30:00,58.90999984741211
2018-09-21 14:30:00,58.845001220703125
2018-09-21 15:30:00,58.84000015258789
2018-09-21 16:30:00,58.88999938964844
2018-09-21 17:30:00,58.84000015258789
2018-09-21 18:30:00,58.84000015258789
2018-09-21 19:30:00,58.900001525878906
2018-09-24 13:30:00,57.66999816894531
2018-09-24 14:30:00,57.380001068115234
2018-09-24 15:30:00,57.43000030517578
2018-09-24 16:30:00,57.40999984741211
2018-09-24 17:30:00,57.54999923706055
2018-09-24 18:30:00,57.81999969482422
2018-09-24 19:30:00,57.689998626708984
2018-09-25 13:30:00,57.540000915527344
2018-09-25 14:30:00,57.70000076293945
2018-09-25 15:30:00,58.060001373291016
2018-09-25 16:30:00,58.040000915527344
2018-09-25 17:30:00,57.970001220703125
2018-09-25 18:30:00,58.084999084472656
2018-09-25 19:30:00,58.0
2018-09-26 13:30:00,58.041900634765625
2018-09-26 14:30:00,58.0
2018-09-26 15:30:00,57.9900016784668
2018-09-26 16:30:00,58.060001373291016
2018-09-26 17:30:00,58.2599983215332
2018-09-26 18:30:00,58.20000076293945
2018-09-26 19:30:00,57.72999954223633
2018-09-27 13:30:00,58.060001373291016
2018-09-27 14:30:00,58.13999938964844
2018-09-27 15:30:00,58.45000076293945
2018-09-27 16:30:00,58.33000183105469
2018-09-27 17:30:00,58.34000015258789
2018-09-27 18:30:00,57.939998626708984
2018-09-27 19:30:00,58.060001373291016
2018-09-28 13:30:00,57.96500015258789
2018-09-28 14:30:00,57.86000061035156
2018-09-28 15:30:00,58.040000915527344
2018-09-28 16:30:00,58.09000015258789
2018-09-28 17:30:00,57.959999084472656
2018-09-28 18:30:00,58.189998626708984
2018-09-28 19:30:00,58.02000045776367
2018-10-01 13:30:00,58.369998931884766
2018-10-01 14:30:00,58.439998626708984
2018-10-01 15:30:00,58.02000045776367
2018-10-01 16:30:00,57.929901123046875
2018-10-01 17:30:00,57.86000061035156
2018-10-01 18:30:00,57.7599983215332
2018-10-01 19:30:00,57.97999954223633
2018-10-02 13:30:00,58.119998931884766
2018-10-02 14:30:00,58.290000915527344
2018-10-02 15:30:00,58.18000030517578
2018-10-02 16:30:00,58.11000061035156
2018-10-02 17:30:00,57.900001525878906
2018-10-02 18:30:00,57.779998779296875
2018-10-02 19:30:00,57.869998931884766
2018-10-03 13:30:00,58.16999816894531
2018-10-03 14:30:00,58.290000915527344
2018-10-03 15:30:00,58.43000030517578
2018-10-03 16:30:00,58.43000030517578
2018-10-03 17:30:00,58.709999084472656
2018-10-03 18:30:00,58.310001373291016
2018-10-03 19:30:00,58.09000015258789
2018-10-04 13:30:00,57.58000183105469
2018-10-04 14:30:00,57.029998779296875
2018-10-04 15:30:00,56.349998474121094
2018-10-04 16:30:00,56.509700775146484
2018-10-04 17:30:00,56.459999084472656
2018-10-04 18:30:00,56.63999938964844
2018-10-04 19:30:00,56.79999923706055
2018-10-05 13:30:00,56.65999984741211
2018-10-05 14:30:00,56.5099983215332
2018-10-05 15:30:00,56.279998779296875
2018-10-05 16:30:00,55.9900016784668
2018-10-05 17:30:00,56.18000030517578
2018-10-05 18:30:00,56.61000061035156
2018-10-05 19:30:00,56.47999954223633
2018-10-08 13:30:00,56.47999954223633
2018-10-08 14:30:00,56.29999923706055
2018-10-08 15:30:00,56.029998779296875
2018-10-08 16:30:00,56.189998626708984
2018-10-08 17:30:00,56.54999923706055
2018-10-08 18:30:00,56.86000061035156
2018-10-08 19:30:00,56.689998626708984
2018-10-09 13:30:00,56.5099983215332
2018-10-09 14:30:00,56.22999954223633
2018-10-09 15:30:00,56.18000030517578
2018-10-09 16:30:00,56.32500076293945
2018-10-09 17:30:00,56.36000061035156
2018-10-09 18:30:00,56.099998474121094
2018-10-09 19:30:00,55.63999938964844
2018-10-10 13:30:00,54.0
2018-10-10 14:30:00,52.68000030517578
2018-10-10 15:30:00,52.27000045776367
2018-10-10 16:30:00,52.36000061035156
2018-10-10 17:30:00,52.31999969482422
2018-10-10 18:30:00,52.189998626708984
2018-10-10 19:30:00,51.689998626708984
2018-10-11 13:30:00,52.369998931884766
2018-10-11 14:30:00,52.15999984741211
2018-10-11 15:30:00,52.849998474121094
2018-10-11 16:30:00,52.470001220703125
2018-10-11 17:30:00,51.88999938964844
2018-10-11 18:30:00,51.779998779296875
2018-10-11 19:30:00,51.2599983215332
2018-10-12 13:30:00,51.310001373291016
2018-10-12 14:30:00,51.15999984741211
2018-10-12 15:30:00,51.130001068115234
2018-10-12 16:30:00,51.86000061035156
2018-10-12 17:30:00,51.7400016784668
2018-10-12 18:30:00,52.099998474121094
2018-10-12 19:30:00,52.060001373291016
2018-10-15 13:30:00,52.275001525878906
2018-10-15 14:30:00,52.52000045776367
2018-10-15 15:30:00,52.5
2018-10-15 16:30:00,52.619998931884766
2018-10-15 17:30:00,52.68000030517578
2018-10-15 18:30:00,52.90999984741211
2018-10-15 19:30:00,52.650001525878906
2018-10-16 13:30:00,52.59000015258789
2018-10-16 14:30:00,52.28499984741211
2018-10-16 15:30:00,52.56999969482422
2018-10-16 16:30:00,52.79999923706055
2018-10-16 17:30:00,52.946998596191406
2018-10-16 18:30:00,52.994998931884766
2018-10-16 19:30:00,52.95000076293945
2018-10-17 13:30:00,52.59000015258789
2018-10-17 14:30:00,52.599998474121094
2018-10-17 15:30:00,52.970001220703125
2018-10-17 16:30:00,52.91999816894531
2018-10-17 17:30:00,52.54999923706055
2018-10-17 18:30:00,52.79999923706055
2018-10-17 19:30:00,52.63999938964844
2018-10-18 13:30:00,52.63999938964844
2018-10-18 14:30:00,52.720001220703125
2018-10-18 15:30:00,52.63999938964844
2018-10-18 16:30:00,52.11000061035156
2018-10-18 17:30:00,52.40999984741211
2018-10-18 18:30:00,52.630001068115234
2018-10-18 19:30:00,52.54999923706055
2018-10-19 13:30:00,52.47999954223633
2018-10-19 14:30:00,52.279998779296875
2018-10-19 15:30:00,51.875
2018-10-19 16:30:00,51.88999938964844
2018-10-19 17:30:00,51.939998626708984
2018-10-19 18:30:00,52.119998931884766
2018-10-19 19:30:00,52.0
2018-10-22 13:30:00,51.220001220703125
2018-10-22 14:30:00,51.560001373291016
2018-10-22 15:30:00,51.560001373291016
2018-10-22 16:30:00,51.78120040893555
2018-10-22 17:30:00,51.72999954223633
2018-10-22 18:30:00,51.77000045776367
2018-10-22 19:30:00,51.54999923706055
2018-10-23 13:30:00,50.06999969482422
2018-10-23 14:30:00,50.31999969482422
2018-10-23 15:30:00,50.36000061035156
2018-10-23 16:30:00,50.40999984741211
2018-10-23 17:30:00,50.439998626708984
2018-10-23 18:30:00,50.54999923706055
2018-10-23 19:30:00,50.380001068115234
2018-10-24 13:30:00,49.880001068115234
2018-10-24 14:30:00,49.29999923706055
2018-10-24 15:30:00,49.63999938964844
2018-10-24 16:30:00,49.34000015258789
2018-10-24 17:30:00,49.31999969482422
2018-10-24 18:30:00,48.90999984741211
2018-10-24 19:30:00,48.65999984741211
2018-10-25 13:30:00,49.34000015258789
2018-10-25 14:30:00,49.2599983215332
2018-10-25 15:30:00,49.11000061035156
2018-10-25 16:30:00,49.41999816894531
2018-10-25 17:30:00,49.63999938964844
2018-10-25 18:30:00,49.58000183105469
2018-10-25 19:30:00,49.29999923706055
2018-10-26 13:30:00,49.060001373291016
2018-10-26 14:30:00,49.47999954223633
2018-10-26 15:30:00,49.650001525878906
2018-10-26 16:30:00,49.720001220703125
2018-10-26 17:30:00,49.529998779296875
2018-10-26 18:30:00,49.45000076293945
2018-10-26 19:30:00,49.349998474121094
2018-10-29 13:30:00,49.97999954223633
2018-10-29 14:30:00,49.92499923706055
2018-10-29 15:30:00,49.88999938964844
2018-10-29 16:30:00,49.9900016784668
2018-10-29 17:30:00,49.459999084472656
2018-10-29 18:30:00,49.09000015258789
2018-10-29 19:30:00,49.25
2018-10-30 13:30:00,50.2599983215332
2018-10-30 14:30:00,50.2400016784668
2018-10-30 15:30:00,50.290000915527344
2018-10-30 16:30:00,50.150001525878906
2018-10-30 17:30:00,50.369998931884766
2018-10-30 18:30:00,50.900001525878906
2018-10-30 19:30:00,51.36000061035156
2018-10-31 13:30:00,51.5
2018-10-31 14:30:00,51.75
2018-10-31 15:30:00,51.560001373291016
2018-10-31 16:30:00,51.4900016784668
2018-10-31 17:30:00,51.744998931884766
2018-10-31 18:30:00,51.970001220703125
2018-10-31 19:30:00,51.40999984741211
2018-11-01 13:30:00,51.13999938964844
2018-11-01 14:30:00,51.540000915527344
2018-11-01 15:30:00,51.53499984741211
2018-11-01 16:30:00,51.7400016784668
2018-11-01 17:30:00,51.76499938964844
2018-11-01 18:30:00,51.869998931884766
2018-11-01 19:30:00,51.81999969482422
2018-11-02 13:30:00,52.52000045776367
2018-11-02 14:30:00,52.5099983215332
2018-11-02 15:30:00,52.5099983215332
2018-11-02 16:30:00,52.369998931884766
2018-11-02 17:30:00,52.63999938964844
2018-11-02 18:30:00,52.630001068115234
2018-11-02 19:30:00,52.75
