Datetime,FB
2017-11-06 14:30:00,179.14999389648438
2017-11-06 15:30:00,179.25999450683594
2017-11-06 16:30:00,179.5399932861328
2017-11-06 17:30:00,179.53500366210938
2017-11-06 18:30:00,179.9600067138672
2017-11-06 19:30:00,180.38009643554688
2017-11-06 20:30:00,180.1699981689453
2017-11-07 14:30:00,180.02330017089844
2017-11-07 15:30:00,179.11000061035156
2017-11-07 16:30:00,179.83900451660156
2017-11-07 17:30:00,180.1300048828125
2017-11-07 18:30:00,179.97999572753906
2017-11-07 19:30:00,179.99000549316406
2017-11-07 20:30:00,180.25999450683594
2017-11-08 14:30:00,179.77999877929688
2017-11-08 15:30:00,179.8800048828125
2017-11-08 16:30:00,179.84100341796875
2017-11-08 17:30:00,179.83999633789062
2017-11-08 18:30:00,179.79849243164062
2017-11-08 19:30:00,179.77000427246094
2017-11-08 20:30:00,179.5399932861328
2017-11-09 14:30:00,178.4199981689453
2017-11-09 15:30:00,178.48599243164062
2017-11-09 16:30:00,177.58999633789062
2017-11-09 17:30:00,177.77000427246094
2017-11-09 18:30:00,178.36000061035156
2017-11-09 19:30:00,178.76730346679688
2017-11-09 20:30:00,179.3000030517578
2017-11-10 14:30:00,178.5800018310547
2017-11-10 15:30:00,178.07000732421875
2017-11-10 16:30:00,178.60000610351562
2017-11-10 17:30:00,178.63999938964844
2017-11-10 18:30:00,178.6199951171875
2017-11-10 19:30:00,178.52000427246094
2017-11-10 20:30:00,178.4600067138672
2017-11-13 14:30:00,178.61000061035156
2017-11-13 15:30:00,178.7899932861328
2017-11-13 16:30:00,178.72000122070312
2017-11-13 17:30:00,178.75
2017-11-13 18:30:00,178.89999389648438
2017-11-13 19:30:00,178.6533966064453
2017-11-13 20:30:00,178.77999877929688
2017-11-14 14:30:00,178.02000427246094
2017-11-14 15:30:00,178.32000732421875
2017-11-14 16:30:00,178.5157928466797
2017-11-14 17:30:00,178.19000244140625
2017-11-14 18:30:00,178.33999633789062
2017-11-14 19:30:00,178.35000610351562
2017-11-14 20:30:00,178.05999755859375
2017-11-15 14:30:00,177.42999267578125
2017-11-15 15:30:00,178.38999938964844
2017-11-15 16:30:00,178.30999755859375
2017-11-15 17:30:00,178.25999450683594
2017-11-15 18:30:00,178.10000610351562
2017-11-15 19:30:00,178.10499572753906
2017-11-15 20:30:00,177.9550018310547
2017-11-16 14:30:00,179.0399932861328
2017-11-16 15:30:00,179.3695068359375
2017-11-16 16:30:00,179.6999969482422
2017-11-16 17:30:00,179.36000061035156
2017-11-16 18:30:00,179.60000610351562
2017-11-16 19:30:00,179.39999389648438
2017-11-16 20:30:00,179.5850067138672
2017-11-17 14:30:00,179.36000061035156
2017-11-17 15:30:00,179.8300018310547
2017-11-17 16:30:00,179.86000061035156
2017-11-17 17:30:00,179.64999389648438
2017-11-17 18:30:00,179.65499877929688
2017-11-17 19:30:00,179.1699981689453
2017-11-17 20:30:00,178.97000122070312
2017-11-20 14:30:00,179.10000610351562
2017-11-20 15:30:00,178.8249969482422
2017-11-20 16:30:00,178.8699951171875
2017-11-20 17:30:00,178.80999755859375
2017-11-20 18:30:00,178.7100067138672
2017-11-20 19:30:00,178.2100067138672
2017-11-20 20:30:00,178.7100067138672
2017-11-21 14:30:00,180.8249969482422
2017-11-21 15:30:00,181.3300018310547
2017-11-21 16:30:00,181.3699951171875
2017-11-21 17:30:00,181.5
2017-11-21 18:30:00,181.39999389648438
2017-11-21 19:30:00,181.3800048828125
2017-11-21 20:30:00,181.83999633789062
2017-11-22 14:30:00,181.03880310058594
2017-11-22 15:30:00,180.989501953125
2017-11-22 16:30:00,180.63999938964844
2017-11-22 17:30:00,180.56500244140625
2017-11-22 18:30:00,180.75
2017-11-22 19:30:00,180.75999450683594
2017-11-22 20:30:00,180.85000610351562
2017-11-24 14:30:00,182.14999389648438
2017-11-24 15:30:00,182.89100646972656
2017-11-24 16:30:00,183.08999633789062
2017-11-24 18:00:00,182.7581024169922
2017-11-27 14:30:00,183.3800048828125
2017-11-27 15:30:00,182.04249572753906
2017-11-27 16:30:00,182.7899932861328
2017-11-27 17:30:00,182.94000244140625
2017-11-27 18:30:00,182.7899932861328
2017-11-27 19:30:00,183.1800994873047
2017-11-27 20:30:00,183.02000427246094
2017-11-28 14:30:00,183.83999633789062
2017-11-28 15:30:00,183.60000610351562
2017-11-28 16:30:00,183.52000427246094
2017-11-28 17:30:00,183.25999450683594
2017-11-28 18:30:00,182.92999267578125
2017-11-28 19:30:00,182.3699951171875
2017-11-28 20:30:00,182.41000366210938
2017-11-29 14:30:00,175.27940368652344
2017-11-29 15:30:00,174.99000549316406
2017-11-29 16:30:00,175.1999969482422
2017-11-29 17:30:00,176.89999389648438
2017-11-29 18:30:00,175.05999755859375
2017-11-29 19:30:00,175.02999877929688
2017-11-29 20:30:00,175.1199951171875
2017-11-30 14:30:00,177.3000030517578
2017-11-30 15:30:00,176.75
2017-11-30 16:30:00,177.30999755859375
2017-11-30 17:30:00,176.39999389648438
2017-11-30 18:30:00,176.63150024414062
2017-11-30 19:30:00,176.2100067138672
2017-11-30 20:30:00,177.17999267578125
2017-12-01 14:30:00,177.24000549316406
2017-12-01 15:30:00,174.55999755859375
2017-12-01 16:30:00,174.85000610351562
2017-12-01 17:30:00,175.2097930908203
2017-12-01 18:30:00,175.7899932861328
2017-12-01 19:30:00,175.05999755859375
2017-12-01 20:30:00,174.99000549316406
2017-12-04 14:30:00,173.42999267578125
2017-12-04 15:30:00,171.75
2017-12-04 16:30:00,172.72000122070312
2017-12-04 17:30:00,174.3699951171875
2017-12-04 18:30:00,173.0843963623047
2017-12-04 19:30:00,172.08999633789062
2017-12-04 20:30:00,171.4499969482422
2017-12-05 14:30:00,174.10000610351562
2017-12-05 15:30:00,174.8699951171875
2017-12-05 16:30:00,173.86000061035156
2017-12-05 17:30:00,173.7899932861328
2017-12-05 18:30:00,173.02000427246094
2017-12-05 19:30:00,172.83999633789062
2017-12-05 20:30:00,172.86000061035156
2017-12-06 14:30:00,175.28160095214844
2017-12-06 15:30:00,175.5399932861328
2017-12-06 16:30:00,174.9499969482422
2017-12-06 17:30:00,175.11000061035156
2017-12-06 18:30:00,176.03500366210938
2017-12-06 19:30:00,176.30499267578125
2017-12-06 20:30:00,176.05999755859375
2017-12-07 14:30:00,178.17999267578125
2017-12-07 15:30:00,178.85000610351562
2017-12-07 16:30:00,178.7899932861328
2017-12-07 17:30:00,178.83470153808594
2017-12-07 18:30:00,178.8800048828125
2017-12-07 19:30:00,179.69500732421875
2017-12-07 20:30:00,180.1999969482422
2017-12-08 14:30:00,180.9499969482422
2017-12-08 15:30:00,179.8300018310547
2017-12-08 16:30:00,180.25
2017-12-08 17:30:00,180.0
2017-12-08 18:30:00,179.2530059814453
2017-12-08 19:30:00,179.1699981689453
2017-12-08 20:30:00,179.0
2017-12-11 14:30:00,179.66000366210938
2017-12-11 15:30:00,179.3000030517578
2017-12-11 16:30:00,179.82000732421875
2017-12-11 17:30:00,179.88999938964844
2017-12-11 18:30:00,179.95989990234375
2017-12-11 19:30:00,179.2899932861328
2017-12-11 20:30:00,179.0500030517578
2017-12-12 14:30:00,178.19000244140625
2017-12-12 15:30:00,178.33999633789062
2017-12-12 16:30:00,178.32760620117188
2017-12-12 17:30:00,177.58999633789062
2017-12-12 18:30:00,177.44000244140625
2017-12-12 19:30:00,176.8699951171875
2017-12-12 20:30:00,176.9600067138672
2017-12-13 14:30:00,178.4199981689453
2017-12-13 15:30:00,178.86000061035156
2017-12-13 16:30:00,178.47999572753906
2017-12-13 17:30:00,177.89999389648438
2017-12-13 18:30:00,178.5399932861328
2017-12-13 19:30:00,178.5399932861328
2017-12-13 20:30:00,178.30999755859375
2017-12-14 14:30:00,179.83999633789062
2017-12-14 15:30:00,179.75
2017-12-14 16:30:00,179.6199951171875
2017-12-14 17:30:00,179.1300048828125
2017-12-14 18:30:00,178.67999267578125
2017-12-14 19:30:00,178.4600067138672
2017-12-14 20:30:00,178.3800048828125
2017-12-15 14:30:00,179.42999267578125
2017-12-15 15:30:00,179.74000549316406
2017-12-15 16:30:00,180.38119506835938
2017-12-15 17:30:00,180.13999938964844
2017-12-15 18:30:00,180.02499389648438
2017-12-15 19:30:00,180.05999755859375
2017-12-15 20:30:00,180.1699981689453
2017-12-18 14:30:00,180.80999755859375
2017-12-18 15:30:00,179.9199981689453
2017-12-18 16:30:00,180.6300048828125
2017-12-18 17:30:00,181.07000732421875
2017-12-18 18:30:00,180.75
2017-12-18 19:30:00,181.02000427246094
2017-12-18 20:30:00,180.89999389648438
2017-12-19 14:30:00,178.88999938964844
2017-12-19 15:30:00,179.02999877929688
2017-12-19 16:30:00,178.30999755859375
2017-12-19 17:30:00,178.68499755859375
2017-12-19 18:30:00,179.05999755859375
2017-12-19 19:30:00,179.40499877929688
2017-12-19 20:30:00,179.4199981689453
2017-12-20 14:30:00,178.1699981689453
2017-12-20 15:30:00,177.5800018310547
2017-12-20 16:30:00,178.33999633789062
2017-12-20 17:30:00,178.27000427246094
2017-12-20 18:30:00,177.8699951171875
2017-12-20 19:30:00,177.88999938964844
2017-12-20 20:30:00,177.88999938964844
2017-12-21 14:30:00,177.75
2017-12-21 15:30:00,178.00999450683594
2017-12-21 16:30:00,178.61000061035156
2017-12-21 17:30:00,178.3300018310547
2017-12-21 18:30:00,177.2899932861328
2017-12-21 19:30:00,177.35000610351562
2017-12-21 20:30:00,177.4499969482422
2017-12-22 14:30:00,176.74000549316406
2017-12-22 15:30:00,176.9600067138672
2017-12-22 16:30:00,176.8699951171875
2017-12-22 17:30:00,176.77999877929688
2017-12-22 18:30:00,177.22999572753906
2017-12-22 19:30:00,177.41000366210938
2017-12-22 20:30:00,177.19000244140625
2017-12-26 14:30:00,175.71600341796875
2017-12-26 15:30:00,175.92120361328125
2017-12-26 16:30:00,176.3896942138672
2017-12-26 17:30:00,176.35000610351562
2017-12-26 18:30:00,176.31100463867188
2017-12-26 19:30:00,175.8300018310547
2017-12-26 20:30:00,175.99000549316406
2017-12-27 14:30:00,178.19509887695312
2017-12-27 15:30:00,177.8000030517578
2017-12-27 16:30:00,177.66000366210938
2017-12-27 17:30:00,177.86000061035156
2017-12-27 18:30:00,177.81370544433594
2017-12-27 19:30:00,177.6199951171875
2017-12-27 20:30:00,177.50999450683594
2017-12-28 14:30:00,178.47999572753906
2017-12-28 15:30:00,178.72999572753906
2017-12-28 16:30:00,178.67999267578125
2017-12-28 17:30:00,178.19000244140625
2017-12-28 18:30:00,177.80999755859375
2017-12-28 19:30:00,177.97999572753906
2017-12-28 20:30:00,177.9199981689453
2017-12-29 14:30:00,177.85279846191406
2017-12-29 15:30:00,177.22999572753906
2017-12-29 16:30:00,177.41000366210938
2017-12-29 17:30:00,177.25
2017-12-29 18:30:00,177.13999938964844
2017-12-29 19:30:00,177.43319702148438
2017-12-29 20:30:00,176.47000122070312
2018-01-02 14:30:00,179.27499389648438
2018-01-02 15:30:00,180.3300018310547
2018-01-02 16:30:00,180.52000427246094
2018-01-02 17:30:00,180.97000122070312
2018-01-02 18:30:00,181.05999755859375
2018-01-02 19:30:00,180.8800048828125
2018-01-02 20:30:00,181.4199981689453
2018-01-03 14:30:00,182.41000366210938
2018-01-03 15:30:00,183.55999755859375
2018-01-03 16:30:00,183.82000732421875
2018-01-03 17:30:00,184.10150146484375
2018-01-03 18:30:00,184.53750610351562
2018-01-03 19:30:00,184.30999755859375
2018-01-03 20:30:00,184.47999572753906
2018-01-04 14:30:00,185.52000427246094
2018-01-04 15:30:00,184.49000549316406
2018-01-04 16:30:00,184.8800048828125
2018-01-04 17:30:00,184.2899932861328
2018-01-04 18:30:00,184.8000030517578
2018-01-04 19:30:00,185.125
2018-01-04 20:30:00,184.33099365234375
2018-01-05 14:30:00,185.49000549316406
2018-01-05 15:30:00,185.5800018310547
2018-01-05 16:30:00,185.7899932861328
2018-01-05 17:30:00,185.8300018310547
2018-01-05 18:30:00,186.0399932861328
2018-01-05 19:30:00,186.05999755859375
2018-01-05 20:30:00,186.86000061035156
2018-01-08 14:30:00,188.83999633789062
2018-01-08 15:30:00,188.16000366210938
2018-01-08 16:30:00,188.44000244140625
2018-01-08 17:30:00,188.4199981689453
2018-01-08 18:30:00,188.41000366210938
2018-01-08 19:30:00,188.13999938964844
2018-01-08 20:30:00,188.14999389648438
2018-01-09 14:30:00,187.69000244140625
2018-01-09 15:30:00,187.88999938964844
2018-01-09 16:30:00,187.83999633789062
2018-01-09 17:30:00,188.16189575195312
2018-01-09 18:30:00,187.98609924316406
2018-01-09 19:30:00,187.67999267578125
2018-01-09 20:30:00,187.9199981689453
2018-01-10 14:30:00,186.9199981689453
2018-01-10 15:30:00,187.4969024658203
2018-01-10 16:30:00,187.47999572753906
2018-01-10 17:30:00,187.47999572753906
2018-01-10 18:30:00,187.0850067138672
2018-01-10 19:30:00,187.50999450683594
2018-01-10 20:30:00,187.8300018310547
2018-01-11 14:30:00,187.6999969482422
2018-01-11 15:30:00,187.42640686035156
2018-01-11 16:30:00,187.5500030517578
2018-01-11 17:30:00,187.86000061035156
2018-01-11 18:30:00,187.5399932861328
2018-01-11 19:30:00,187.66000366210938
2018-01-11 20:30:00,187.77000427246094
2018-01-12 14:30:00,179.8699951171875
2018-01-12 15:30:00,180.08999633789062
2018-01-12 16:30:00,180.1999969482422
2018-01-12 17:30:00,180.75999450683594
2018-01-12 18:30:00,179.8000030517578
2018-01-12 19:30:00,178.8300018310547
2018-01-12 20:30:00,179.3990020751953
2018-01-16 14:30:00,179.80999755859375
2018-01-16 15:30:00,180.1300048828125
2018-01-16 16:30:00,180.08999633789062
2018-01-16 17:30:00,179.0500030517578
2018-01-16 18:30:00,178.83999633789062
2018-01-16 19:30:00,178.7902069091797
2018-01-16 20:30:00,178.38999938964844
2018-01-17 14:30:00,176.08999633789062
2018-01-17 15:30:00,176.7100067138672
2018-01-17 16:30:00,176.3000030517578
2018-01-17 17:30:00,178.00999450683594
2018-01-17 18:30:00,178.13999938964844
2018-01-17 19:30:00,177.72000122070312
2018-01-17 20:30:00,177.57000732421875
2018-01-18 14:30:00,178.8300018310547
2018-01-18 15:30:00,178.3800048828125
2018-01-18 16:30:00,180.80999755859375
2018-01-18 17:30:00,180.02000427246094
2018-01-18 18:30:00,180.3000030517578
2018-01-18 19:30:00,180.13999938964844
2018-01-18 20:30:00,179.8000030517578
2018-01-19 14:30:00,181.5399932861328
2018-01-19 15:30:00,181.1300048828125
2018-01-19 16:30:00,181.00120544433594
2018-01-19 17:30:00,181.377197265625
2018-01-19 18:30:00,181.4199981689453
2018-01-19 19:30:00,180.89999389648438
2018-01-19 20:30:00,181.2899932861328
2018-01-22 14:30:00,182.97999572753906
2018-01-22 15:30:00,183.46090698242188
2018-01-22 16:30:00,184.25
2018-01-22 17:30:00,184.10000610351562
2018-01-22 18:30:00,183.90499877929688
2018-01-22 19:30:00,184.58999633789062
2018-01-22 20:30:00,185.3699951171875
2018-01-23 14:30:00,187.5854034423828
2018-01-23 15:30:00,188.22000122070312
2018-01-23 16:30:00,187.5500030517578
2018-01-23 17:30:00,187.47000122070312
2018-01-23 18:30:00,187.45689392089844
2018-01-23 19:30:00,188.89999389648438
2018-01-23 20:30:00,189.33999633789062
2018-01-24 14:30:00,189.7100067138672
2018-01-24 15:30:00,187.80999755859375
2018-01-24 16:30:00,188.08999633789062
2018-01-24 17:30:00,187.70950317382812
2018-01-24 18:30:00,188.16360473632812
2018-01-24 19:30:00,187.1300048828125
2018-01-24 20:30:00,186.5500030517578
2018-01-25 14:30:00,186.8300018310547
2018-01-25 15:30:00,187.5
2018-01-25 16:30:00,187.86500549316406
2018-01-25 17:30:00,188.11000061035156
2018-01-25 18:30:00,188.3350067138672
2018-01-25 19:30:00,187.5
2018-01-25 20:30:00,187.4600067138672
2018-01-26 14:30:00,188.10000610351562
2018-01-26 15:30:00,187.6425018310547
2018-01-26 16:30:00,187.6999969482422
2018-01-26 17:30:00,187.84100341796875
2018-01-26 18:30:00,188.41000366210938
2018-01-26 19:30:00,189.1999969482422
2018-01-26 20:30:00,189.92999267578125
2018-01-29 14:30:00,188.1699981689453
2018-01-29 15:30:00,187.63369750976562
2018-01-29 16:30:00,187.64999389648438
2018-01-29 17:30:00,187.47999572753906
2018-01-29 18:30:00,186.67030334472656
2018-01-29 19:30:00,186.51100158691406
2018-01-29 20:30:00,185.9199981689453
2018-01-30 14:30:00,184.86000061035156
2018-01-30 15:30:00,187.3300018310547
2018-01-30 16:30:00,186.97999572753906
2018-01-30 17:30:00,186.5800018310547
2018-01-30 18:30:00,186.85000610351562
2018-01-30 19:30:00,187.60000610351562
2018-01-30 20:30:00,187.11990356445312
2018-01-31 14:30:00,188.49000549316406
2018-01-31 15:30:00,188.26499938964844
2018-01-31 16:30:00,188.72999572753906
2018-01-31 17:30:00,188.6199951171875
2018-01-31 18:30:00,187.64999389648438
2018-01-31 19:30:00,186.77000427246094
2018-01-31 20:30:00,186.92999267578125
2018-02-01 14:30:00,192.27999877929688
2018-02-01 15:30:00,194.77000427246094
2018-02-01 16:30:00,194.72999572753906
2018-02-01 17:30:00,194.32000732421875
2018-02-01 18:30:00,193.32000732421875
2018-02-01 19:30:00,193.34970092773438
2018-02-01 20:30:00,193.08999633789062
2018-02-02 14:30:00,192.21499633789062
2018-02-02 15:30:00,191.80999755859375
2018-02-02 16:30:00,193.58999633789062
2018-02-02 17:30:00,192.30819702148438
2018-02-02 18:30:00,191.3800048828125
2018-02-02 19:30:00,190.72000122070312
2018-02-02 20:30:00,190.27000427246094
2018-02-05 14:30:00,190.11000061035156
2018-02-05 15:30:00,189.09669494628906
2018-02-05 16:30:00,188.33999633789062
2018-02-05 17:30:00,187.39999389648438
2018-02-05 18:30:00,186.5200958251953
2018-02-05 19:30:00,186.13999938964844
2018-02-05 20:30:00,181.2711944580078
2018-02-06 14:30:00,182.60000610351562
2018-02-06 15:30:00,179.7899932861328
2018-02-06 16:30:00,182.22000122070312
2018-02-06 17:30:00,182.1699981689453
2018-02-06 18:30:00,180.2899932861328
2018-02-06 19:30:00,183.6199951171875
2018-02-06 20:30:00,185.44000244140625
2018-02-07 14:30:00,182.86000061035156
2018-02-07 15:30:00,184.1699981689453
2018-02-07 16:30:00,183.62100219726562
2018-02-07 17:30:00,182.0500030517578
2018-02-07 18:30:00,181.97000122070312
2018-02-07 19:30:00,181.9499969482422
2018-02-07 20:30:00,180.16000366210938
2018-02-08 14:30:00,178.2012939453125
2018-02-08 15:30:00,176.66000366210938
2018-02-08 16:30:00,176.85000610351562
2018-02-08 17:30:00,175.6999969482422
2018-02-08 18:30:00,176.3000030517578
2018-02-08 19:30:00,174.97000122070312
2018-02-08 20:30:00,171.5800018310547
2018-02-09 14:30:00,175.1199951171875
2018-02-09 15:30:00,173.0
2018-02-09 16:30:00,170.1790008544922
2018-02-09 17:30:00,169.13999938964844
2018-02-09 18:30:00,173.0500030517578
2018-02-09 19:30:00,174.57000732421875
2018-02-09 20:30:00,176.0399932861328
2018-02-12 14:30:00,172.6999969482422
2018-02-12 15:30:00,174.7899932861328
2018-02-12 16:30:00,175.3699951171875
2018-02-12 17:30:00,175.82000732421875
2018-02-12 18:30:00,177.1699981689453
2018-02-12 19:30:00,177.14999389648438
2018-02-12 20:30:00,176.39999389648438
2018-02-13 14:30:00,174.7183074951172
2018-02-13 15:30:00,174.35000610351562
2018-02-13 16:30:00,174.2698974609375
2018-02-13 17:30:00,174.52000427246094
2018-02-13 18:30:00,174.39999389648438
2018-02-13 19:30:00,174.3000030517578
2018-02-13 20:30:00,173.13999938964844
2018-02-14 14:30:00,176.77999877929688
2018-02-14 15:30:00,177.10000610351562
2018-02-14 16:30:00,177.4199981689453
2018-02-14 17:30:00,178.125
2018-02-14 18:30:00,178.27000427246094
2018-02-14 19:30:00,179.3300018310547
2018-02-14 20:30:00,179.4600067138672
2018-02-15 14:30:00,178.47000122070312
2018-02-15 15:30:00,178.8300018310547
2018-02-15 16:30:00,178.47000122070312
2018-02-15 17:30:00,179.08999633789062
2018-02-15 18:30:00,179.22999572753906
2018-02-15 19:30:00,179.66000366210938
2018-02-15 20:30:00,179.9499969482422
2018-02-16 14:30:00,179.41000366210938
2018-02-16 15:30:00,178.97000122070312
2018-02-16 16:30:00,178.80999755859375
2018-02-16 17:30:00,177.5500030517578
2018-02-16 18:30:00,177.10499572753906
2018-02-16 19:30:00,176.9199981689453
2018-02-16 20:30:00,177.3699951171875
2018-02-20 14:30:00,176.64999389648438
2018-02-20 15:30:00,177.4550018310547
2018-02-20 16:30:00,177.25999450683594
2018-02-20 17:30:00,177.27999877929688
2018-02-20 18:30:00,176.5500030517578
2018-02-20 19:30:00,175.42999267578125
2018-02-20 20:30:00,175.99000549316406
2018-02-21 14:30:00,178.72999572753906
2018-02-21 15:30:00,180.4199981689453
2018-02-21 16:30:00,179.74000549316406
2018-02-21 17:30:00,180.35000610351562
2018-02-21 18:30:00,180.52999877929688
2018-02-21 19:30:00,179.1699981689453
2018-02-21 20:30:00,177.9199981689453
2018-02-22 14:30:00,179.9250030517578
2018-02-22 15:30:00,179.85000610351562
2018-02-22 16:30:00,179.0
2018-02-22 17:30:00,178.16000366210938
2018-02-22 18:30:00,178.77000427246094
2018-02-22 19:30:00,178.76300048828125
2018-02-22 20:30:00,178.99000549316406
2018-02-23 14:30:00,180.9499969482422
2018-02-23 15:30:00,181.75860595703125
2018-02-23 16:30:00,181.64999389648438
2018-02-23 17:30:00,182.38999938964844
2018-02-23 18:30:00,182.3800048828125
2018-02-23 19:30:00,183.039794921875
2018-02-23 20:30:00,183.3000030517578
2018-02-26 14:30:00,185.10000610351562
2018-02-26 15:30:00,184.72000122070312
2018-02-26 16:30:00,183.9499969482422
2018-02-26 17:30:00,184.49000549316406
2018-02-26 18:30:00,184.3583984375
2018-02-26 19:30:00,184.99000549316406
2018-02-26 20:30:00,184.92999267578125
2018-02-27 14:30:00,183.97999572753906
2018-02-27 15:30:00,183.33999633789062
2018-02-27 16:30:00,182.25999450683594
2018-02-27 17:30:00,182.8000030517578
2018-02-27 18:30:00,182.55999755859375
2018-02-27 19:30:00,182.12989807128906
2018-02-27 20:30:00,181.4600067138672
2018-02-28 14:30:00,182.4499969482422
2018-02-28 15:30:00,182.02000427246094
2018-02-28 16:30:00,181.30999755859375
2018-02-28 17:30:00,181.72000122070312
2018-02-28 18:30:00,181.85000610351562
2018-02-28 19:30:00,180.2100067138672
2018-02-28 20:30:00,178.32000732421875
2018-03-01 14:30:00,178.1699981689453
2018-03-01 15:30:00,177.39999389648438
2018-03-01 16:30:00,177.2738037109375
2018-03-01 17:30:00,176.3000030517578
2018-03-01 18:30:00,175.7100067138672
2018-03-01 19:30:00,176.27999877929688
2018-03-01 20:30:00,175.94000244140625
2018-03-02 14:30:00,173.94000244140625
2018-03-02 15:30:00,174.5500030517578
2018-03-02 16:30:00,175.80999755859375
2018-03-02 17:30:00,174.6300048828125
2018-03-02 18:30:00,175.29010009765625
2018-03-02 19:30:00,175.61000061035156
2018-03-02 20:30:00,176.63999938964844
2018-03-05 14:30:00,177.4199981689453
2018-03-05 15:30:00,179.00469970703125
2018-03-05 16:30:00,179.89999389648438
2018-03-05 17:30:00,180.32000732421875
2018-03-05 18:30:00,179.95989990234375
2018-03-05 19:30:00,180.77000427246094
2018-03-05 20:30:00,180.39999389648438
2018-03-06 14:30:00,181.86000061035156
2018-03-06 15:30:00,180.27999877929688
2018-03-06 16:30:00,180.35000610351562
2018-03-06 17:30:00,180.8300018310547
2018-03-06 18:30:00,179.8300018310547
2018-03-06 19:30:00,179.35000610351562
2018-03-06 20:30:00,179.77000427246094
2018-03-07 14:30:00,180.23500061035156
2018-03-07 15:30:00,180.6699981689453
2018-03-07 16:30:00,181.47000122070312
2018-03-07 17:30:00,181.97999572753906
2018-03-07 18:30:00,182.42999267578125
2018-03-07 19:30:00,183.50999450683594
2018-03-07 20:30:00,183.72000122070312
2018-03-08 14:30:00,182.42999267578125
2018-03-08 15:30:00,182.8197021484375
2018-03-08 16:30:00,182.41000366210938
2018-03-08 17:30:00,181.72000122070312
2018-03-08 18:30:00,181.8800048828125
2018-03-08 19:30:00,182.19000244140625
2018-03-08 20:30:00,182.30999755859375
2018-03-09 14:30:00,183.7899932861328
2018-03-09 15:30:00,184.75999450683594
2018-03-09 16:30:00,185.0500030517578
2018-03-09 17:30:00,185.1199951171875
2018-03-09 18:30:00,184.72000122070312
2018-03-09 19:30:00,184.97500610351562
2018-03-09 20:30:00,185.2100067138672
2018-03-12 13:30:00,184.91099548339844
2018-03-12 14:30:00,184.4499969482422
2018-03-12 15:30:00,185.17999267578125
2018-03-12 16:30:00,185.77999877929688
2018-03-12 17:30:00,185.11990356445312
2018-03-12 18:30:00,185.16000366210938
2018-03-12 19:30:00,184.77999877929688
2018-03-13 13:30:00,184.07000732421875
2018-03-13 14:30:00,182.00999450683594
2018-03-13 15:30:00,181.80520629882812
2018-03-13 16:30:00,182.74000549316406
2018-03-13 17:30:00,182.1999969482422
2018-03-13 18:30:00,181.88999938964844
2018-03-13 19:30:00,181.8699951171875
2018-03-14 13:30:00,183.5399932861328
2018-03-14 14:30:00,183.05999755859375
2018-03-14 15:30:00,182.6300048828125
2018-03-14 16:30:00,183.0
2018-03-14 17:30:00,183.94000244140625
2018-03-14 18:30:00,183.72999572753906
2018-03-14 19:30:00,184.22999572753906
2018-03-15 13:30:00,183.3699951171875
2018-03-15 14:30:00,183.25999450683594
2018-03-15 15:30:00,182.47000122070312
2018-03-15 16:30:00,182.8300018310547
2018-03-15 17:30:00,182.64649963378906
2018-03-15 18:30:00,183.52999877929688
2018-03-15 19:30:00,183.80999755859375
2018-03-16 13:30:00,184.57000732421875
2018-03-16 14:30:00,184.4149932861328
2018-03-16 15:30:00,183.97000122070312
2018-03-16 16:30:00,184.25
2018-03-16 17:30:00,184.5
2018-03-16 18:30:00,184.9499969482422
2018-03-16 19:30:00,185.02000427246094
2018-03-19 13:30:00,175.41000366210938
2018-03-19 14:30:00,173.17999267578125
2018-03-19 15:30:00,171.8258056640625
2018-03-19 16:30:00,172.39999389648438
2018-03-19 17:30:00,171.72000122070312
2018-03-19 18:30:00,171.48019409179688
2018-03-19 19:30:00,172.5500030517578
2018-03-20 13:30:00,167.47000122070312
2018-03-20 14:30:00,163.8699951171875
2018-03-20 15:30:00,165.71009826660156
2018-03-20 16:30:00,163.10000610351562
2018-03-20 17:30:00,165.16000366210938
2018-03-20 18:30:00,166.57000732421875
2018-03-20 19:30:00,168.24000549316406
2018-03-21 13:30:00,166.6199951171875
2018-03-21 14:30:00,170.27000427246094
2018-03-21 15:30:00,171.94000244140625
2018-03-21 16:30:00,171.94000244140625
2018-03-21 17:30:00,170.38999938964844
2018-03-21 18:30:00,168.62730407714844
2018-03-21 19:30:00,169.49000549316406
2018-03-22 13:30:00,167.6199951171875
2018-03-22 14:30:00,166.33999633789062
2018-03-22 15:30:00,165.39019775390625
2018-03-22 16:30:00,166.22999572753906
2018-03-22 17:30:00,166.3300018310547
2018-03-22 18:30:00,166.2769012451172
2018-03-22 19:30:00,164.89999389648438
2018-03-23 13:30:00,164.39999389648438
2018-03-23 14:30:00,164.52999877929688
2018-03-23 15:30:00,163.75
2018-03-23 16:30:00,162.8800048828125
2018-03-23 17:30:00,161.84829711914062
2018-03-23 18:30:00,160.2100067138672
2018-03-23 19:30:00,159.38999938964844
2018-03-26 13:30:00,154.26499938964844
2018-03-26 14:30:00,152.4499969482422
2018-03-26 15:30:00,156.27000427246094
2018-03-26 16:30:00,156.00999450683594
2018-03-26 17:30:00,156.99000549316406
2018-03-26 18:30:00,155.82000732421875
2018-03-26 19:30:00,160.05999755859375
2018-03-27 13:30:00,161.22999572753906
2018-03-27 14:30:00,157.8800048828125
2018-03-27 15:30:00,155.5261993408203
2018-03-27 16:30:00,155.77000427246094
2018-03-27 17:30:00,153.87710571289062
2018-03-27 18:30:00,151.8800048828125
2018-03-27 19:30:00,152.22000122070312
2018-03-28 13:30:00,153.2100067138672
2018-03-28 14:30:00,151.02000427246094
2018-03-28 15:30:00,153.91619873046875
2018-03-28 16:30:00,154.67999267578125
2018-03-28 17:30:00,153.3000030517578
2018-03-28 18:30:00,153.4698944091797
2018-03-28 19:30:00,153.02999877929688
2018-03-29 13:30:00,157.69500732421875
2018-03-29 14:30:00,159.88999938964844
2018-03-29 15:30:00,159.63999938964844
2018-03-29 16:30:00,158.86000061035156
2018-03-29 17:30:00,160.14999389648438
2018-03-29 18:30:00,160.0399932861328
2018-03-29 19:30:00,159.8000030517578
2018-04-02 13:30:00,156.33999633789062
2018-04-02 14:30:00,155.94000244140625
2018-04-02 15:30:00,156.3383026123047
2018-04-02 16:30:00,155.10000610351562
2018-04-02 17:30:00,155.1699981689453
2018-04-02 18:30:00,155.10000610351562
2018-04-02 19:30:00,155.3800048828125
2018-04-03 13:30:00,152.54849243164062
2018-04-03 14:30:00,156.92050170898438
2018-04-03 15:30:00,154.49000549316406
2018-04-03 16:30:00,156.01100158691406
2018-04-03 17:30:00,155.0500030517578
2018-04-03 18:30:00,156.14999389648438
2018-04-03 19:30:00,156.08999633789062
2018-04-04 13:30:00,151.6199951171875
2018-04-04 14:30:00,153.2899932861328
2018-04-04 15:30:00,154.0
2018-04-04 16:30:00,152.52000427246094
2018-04-04 17:30:00,154.55999755859375
2018-04-04 18:30:00,154.57000732421875
2018-04-04 19:30:00,155.0800018310547
2018-04-05 13:30:00,159.00999450683594
2018-04-05 14:30:00,159.0500030517578
2018-04-05 15:30:00,158.55999755859375
2018-04-05 16:30:00,157.9600067138672
2018-04-05 17:30:00,158.24000549316406
2018-04-05 18:30:00,159.66000366210938
2018-04-05 19:30:00,159.3498992919922
2018-04-06 13:30:00,159.17999267578125
2018-04-06 14:30:00,160.57000732421875
2018-04-06 15:30:00,159.281005859375
2018-04-06 16:30:00,159.94000244140625
2018-04-06 17:30:00,158.00999450683594
2018-04-06 18:30:00,157.19000244140625
2018-04-06 19:30:00,157.22000122070312
2018-04-09 13:30:00,158.86000061035156
2018-04-09 14:30:00,159.25999450683594
2018-04-09 15:30:00,160.13999938964844
2018-04-09 16:30:00,160.19520568847656
2018-04-09 17:30:00,159.82749938964844
2018-04-09 18:30:00,158.8594970703125
2018-04-09 19:30:00,157.94000244140625
2018-04-10 13:30:00,160.39999389648438
2018-04-10 14:30:00,160.4199981689453
2018-04-10 15:30:00,159.50999450683594
2018-04-10 16:30:00,160.6708984375
2018-04-10 17:30:00,161.6199951171875
2018-04-10 18:30:00,164.5399932861328
2018-04-10 19:30:00,165.02999877929688
2018-04-11 13:30:00,164.7100067138672
2018-04-11 14:30:00,164.64500427246094
2018-04-11 15:30:00,166.8800048828125
2018-04-11 16:30:00,167.54080200195312
2018-04-11 17:30:00,167.60000610351562
2018-04-11 18:30:00,167.49000549316406
2018-04-11 19:30:00,166.36000061035156
2018-04-12 13:30:00,165.0
2018-04-12 14:30:00,164.56500244140625
2018-04-12 15:30:00,164.99000549316406
2018-04-12 16:30:00,163.7200927734375
2018-04-12 17:30:00,164.0399932861328
2018-04-12 18:30:00,164.39500427246094
2018-04-12 19:30:00,163.8699951171875
2018-04-13 13:30:00,163.94000244140625
2018-04-13 14:30:00,164.5
2018-04-13 15:30:00,165.10000610351562
2018-04-13 16:30:00,165.5399932861328
2018-04-13 17:30:00,165.16000366210938
2018-04-13 18:30:00,164.2899932861328
2018-04-13 19:30:00,164.5399932861328
2018-04-16 13:30:00,164.69000244140625
2018-04-16 14:30:00,164.08079528808594
2018-04-16 15:30:00,164.89999389648438
2018-04-16 16:30:00,165.29730224609375
2018-04-16 17:30:00,165.11790466308594
2018-04-16 18:30:00,164.5800018310547
2018-04-16 19:30:00,164.85000610351562
2018-04-17 13:30:00,167.1999969482422
2018-04-17 14:30:00,168.00999450683594
2018-04-17 15:30:00,168.36000061035156
2018-04-17 16:30:00,168.32000732421875
2018-04-17 17:30:00,168.47860717773438
2018-04-17 18:30:00,168.92999267578125
2018-04-17 19:30:00,168.6300048828125
2018-04-18 13:30:00,166.8699951171875
2018-04-18 14:30:00,167.39500427246094
2018-04-18 15:30:00,166.92999267578125
2018-04-18 16:30:00,166.2050018310547
2018-04-18 17:30:00,166.75
2018-04-18 18:30:00,166.25999450683594
2018-04-18 19:30:00,166.38999938964844
2018-04-19 13:30:00,165.94000244140625
2018-04-19 14:30:00,166.13999938964844
2018-04-19 15:30:00,166.4499969482422
2018-04-19 16:30:00,166.75
2018-04-19 17:30:00,167.3300018310547
2018-04-19 18:30:00,167.27000427246094
2018-04-19 19:30:00,168.10000610351562
2018-04-20 13:30:00,168.02999877929688
2018-04-20 14:30:00,166.61000061035156
2018-04-20 15:30:00,166.97999572753906
2018-04-20 16:30:00,167.0500030517578
2018-04-20 17:30:00,166.99000549316406
2018-04-20 18:30:00,166.25
2018-04-20 19:30:00,166.27999877929688
2018-04-23 13:30:00,166.14999389648438
2018-04-23 14:30:00,168.02000427246094
2018-04-23 15:30:00,168.35000610351562
2018-04-23 16:30:00,167.13999938964844
2018-04-23 17:30:00,165.6999969482422
2018-04-23 18:30:00,166.01010131835938
2018-04-23 19:30:00,165.83999633789062
2018-04-24 13:30:00,163.9510040283203
2018-04-24 14:30:00,161.4600067138672
2018-04-24 15:30:00,159.89999389648438
2018-04-24 16:30:00,160.13999938964844
2018-04-24 17:30:00,159.4499969482422
2018-04-24 18:30:00,159.36000061035156
2018-04-24 19:30:00,159.6699981689453
2018-04-25 13:30:00,157.72999572753906
2018-04-25 14:30:00,159.83999633789062
2018-04-25 15:30:00,159.52000427246094
2018-04-25 16:30:00,160.32000732421875
2018-04-25 17:30:00,159.50999450683594
2018-04-25 18:30:00,159.6300048828125
2018-04-25 19:30:00,159.88999938964844
2018-04-26 13:30:00,173.69000244140625
2018-04-26 14:30:00,174.1999969482422
2018-04-26 15:30:00,174.62989807128906
2018-04-26 16:30:00,175.85000610351562
2018-04-26 17:30:00,175.5500030517578
2018-04-26 18:30:00,175.41000366210938
2018-04-26 19:30:00,174.22999572753906
2018-04-27 13:30:00,174.32000732421875
2018-04-27 14:30:00,174.8000030517578
2018-04-27 15:30:00,174.5572052001953
2018-04-27 16:30:00,174.13400268554688
2018-04-27 17:30:00,173.58999633789062
2018-04-27 18:30:00,172.718994140625
2018-04-27 19:30:00,173.58999633789062
2018-04-30 13:30:00,174.97999572753906
2018-04-30 14:30:00,174.3885955810547
2018-04-30 15:30:00,172.4199981689453
2018-04-30 16:30:00,172.47999572753906
2018-04-30 17:30:00,173.19000244140625
2018-04-30 18:30:00,172.83999633789062
2018-04-30 19:30:00,172.02000427246094
2018-05-01 13:30:00,172.4199981689453
2018-05-01 14:30:00,171.60000610351562
2018-05-01 15:30:00,171.27999877929688
2018-05-01 16:30:00,170.3199005126953
2018-05-01 17:30:00,172.62660217285156
2018-05-01 18:30:00,171.8300018310547
2018-05-01 19:30:00,173.83999633789062
2018-05-02 13:30:00,176.39500427246094
2018-05-02 14:30:00,177.0500030517578
2018-05-02 15:30:00,176.82000732421875
2018-05-02 16:30:00,176.73800659179688
2018-05-02 17:30:00,177.77000427246094
2018-05-02 18:30:00,176.8000030517578
2018-05-02 19:30:00,176.0800018310547
2018-05-03 13:30:00,173.8800048828125
2018-05-03 14:30:00,172.61000061035156
2018-05-03 15:30:00,173.5
2018-05-03 16:30:00,174.82000732421875
2018-05-03 17:30:00,174.49000549316406
2018-05-03 18:30:00,174.5
2018-05-03 19:30:00,174.02000427246094
2018-05-04 13:30:00,176.1199951171875
2018-05-04 14:30:00,176.39999389648438
2018-05-04 15:30:00,175.85000610351562
2018-05-04 16:30:00,175.3699951171875
2018-05-04 17:30:00,176.66000366210938
2018-05-04 18:30:00,176.4669952392578
2018-05-04 19:30:00,176.60000610351562
2018-05-07 13:30:00,179.02999877929688
2018-05-07 14:30:00,179.19000244140625
2018-05-07 15:30:00,178.17999267578125
2018-05-07 16:30:00,178.2899932861328
2018-05-07 17:30:00,178.875
2018-05-07 18:30:00,177.618896484375
2018-05-07 19:30:00,177.9600067138672
2018-05-08 13:30:00,177.27999877929688
2018-05-08 14:30:00,178.12249755859375
2018-05-08 15:30:00,178.0399932861328
2018-05-08 16:30:00,178.4499969482422
2018-05-08 17:30:00,178.57000732421875
2018-05-08 18:30:00,178.61000061035156
2018-05-08 19:30:00,178.9199981689453
2018-05-09 13:30:00,180.63999938964844
2018-05-09 14:30:00,180.5800018310547
2018-05-09 15:30:00,181.44000244140625
2018-05-09 16:30:00,182.05999755859375
2018-05-09 17:30:00,182.29849243164062
2018-05-09 18:30:00,182.8000030517578
2018-05-09 19:30:00,182.66000366210938
2018-05-10 13:30:00,183.85000610351562
2018-05-10 14:30:00,184.82000732421875
2018-05-10 15:30:00,185.58999633789062
2018-05-10 16:30:00,185.9149932861328
2018-05-10 17:30:00,185.8699951171875
2018-05-10 18:30:00,185.50999450683594
2018-05-10 19:30:00,185.50999450683594
2018-05-11 13:30:00,185.6699981689453
2018-05-11 14:30:00,186.60000610351562
2018-05-11 15:30:00,186.5500030517578
2018-05-11 16:30:00,187.07000732421875
2018-05-11 17:30:00,186.63999938964844
2018-05-11 18:30:00,186.5500030517578
2018-05-11 19:30:00,187.0
2018-05-14 13:30:00,187.36000061035156
2018-05-14 14:30:00,187.25
2018-05-14 15:30:00,187.25
2018-05-14 16:30:00,186.84950256347656
2018-05-14 17:30:00,186.85000610351562
2018-05-14 18:30:00,186.8000030517578
2018-05-14 19:30:00,186.6699981689453
2018-05-15 13:30:00,184.32000732421875
2018-05-15 14:30:00,183.85000610351562
2018-05-15 15:30:00,183.88999938964844
2018-05-15 16:30:00,184.02000427246094
2018-05-15 17:30:00,183.44000244140625
2018-05-15 18:30:00,183.52999877929688
2018-05-15 19:30:00,184.30999755859375
2018-05-16 13:30:00,183.5489044189453
2018-05-16 14:30:00,183.10000610351562
2018-05-16 15:30:00,183.60000610351562
2018-05-16 16:30:00,183.34500122070312
2018-05-16 17:30:00,183.19000244140625
2018-05-16 18:30:00,183.36000061035156
2018-05-16 19:30:00,183.22000122070312
2018-05-17 13:30:00,183.61000061035156
2018-05-17 14:30:00,183.35000610351562
2018-05-17 15:30:00,183.4600067138672
2018-05-17 16:30:00,183.32000732421875
2018-05-17 17:30:00,182.9600067138672
2018-05-17 18:30:00,183.66839599609375
2018-05-17 19:30:00,183.75999450683594
2018-05-18 13:30:00,183.36500549316406
2018-05-18 14:30:00,183.44500732421875
2018-05-18 15:30:00,183.1300048828125
2018-05-18 16:30:00,183.16000366210938
2018-05-18 17:30:00,183.00999450683594
2018-05-18 18:30:00,182.8000030517578
2018-05-18 19:30:00,182.69000244140625
2018-05-21 13:30:00,184.33169555664062
2018-05-21 14:30:00,183.67999267578125
2018-05-21 15:30:00,184.1199951171875
2018-05-21 16:30:00,184.72999572753906
2018-05-21 17:30:00,184.2899932861328
2018-05-21 18:30:00,184.13999938964844
2018-05-21 19:30:00,184.49000549316406
2018-05-22 13:30:00,184.5
2018-05-22 14:30:00,184.19000244140625
2018-05-22 15:30:00,183.85009765625
2018-05-22 16:30:00,183.94000244140625
2018-05-22 17:30:00,184.2384033203125
2018-05-22 18:30:00,184.32000732421875
2018-05-22 19:30:00,183.82000732421875
2018-05-23 13:30:00,184.02000427246094
2018-05-23 14:30:00,184.57000732421875
2018-05-23 15:30:00,184.3791961669922
2018-05-23 16:30:00,184.58999633789062
2018-05-23 17:30:00,185.53829956054688
2018-05-23 18:30:00,186.22999572753906
2018-05-23 19:30:00,186.91000366210938
2018-05-24 13:30:00,185.8000030517578
2018-05-24 14:30:00,185.89999389648438
2018-05-24 15:30:00,186.58999633789062
2018-05-24 16:30:00,186.27999877929688
2018-05-24 17:30:00,186.39999389648438
2018-05-24 18:30:00,186.21490478515625
2018-05-24 19:30:00,185.94000244140625
2018-05-25 13:30:00,185.58999633789062
2018-05-25 14:30:00,185.3397979736328
2018-05-25 15:30:00,185.27000427246094
2018-05-25 16:30:00,185.07000732421875
2018-05-25 17:30:00,184.8300018310547
2018-05-25 18:30:00,184.99000549316406
2018-05-25 19:30:00,184.8800048828125
2018-05-29 13:30:00,185.63839721679688
2018-05-29 14:30:00,185.6999969482422
2018-05-29 15:30:00,185.24000549316406
2018-05-29 16:30:00,186.1746063232422
2018-05-29 17:30:00,185.3000030517578
2018-05-29 18:30:00,184.72999572753906
2018-05-29 19:30:00,185.75
2018-05-30 13:30:00,186.6199951171875
2018-05-30 14:30:00,187.55999755859375
2018-05-30 15:30:00,187.94000244140625
2018-05-30 16:30:00,187.80999755859375
2018-05-30 17:30:00,187.75
2018-05-30 18:30:00,187.64999389648438
2018-05-30 19:30:00,187.6699981689453
2018-05-31 13:30:00,189.39019775390625
2018-05-31 14:30:00,190.0800018310547
2018-05-31 15:30:00,191.76510620117188
2018-05-31 16:30:00,192.14999389648438
2018-05-31 17:30:00,192.1699981689453
2018-05-31 18:30:00,191.30999755859375
2018-05-31 19:30:00,191.77999877929688
2018-06-01 13:30:00,192.97000122070312
2018-06-01 14:30:00,193.5800018310547
2018-06-01 15:30:00,193.9600067138672
2018-06-01 16:30:00,193.9801025390625
2018-06-01 17:30:00,193.72999572753906
2018-06-01 18:30:00,193.85000610351562
2018-06-01 19:30:00,193.9199981689453
2018-06-04 13:30:00,192.22999572753906
2018-06-04 14:30:00,193.22390747070312
2018-06-04 15:30:00,193.5500030517578
2018-06-04 16:30:00,193.61000061035156
2018-06-04 17:30:00,193.4499969482422
2018-06-04 18:30:00,193.2449951171875
2018-06-04 19:30:00,193.30990600585938
2018-06-05 13:30:00,194.39999389648438
2018-06-05 14:30:00,193.64100646972656
2018-06-05 15:30:00,193.10000610351562
2018-06-05 16:30:00,193.38999938964844
2018-06-05 17:30:00,193.1699981689453
2018-06-05 18:30:00,192.8300018310547
2018-06-05 19:30:00,192.92999267578125
2018-06-06 13:30:00,190.02000427246094
2018-06-06 14:30:00,190.49000549316406
2018-06-06 15:30:00,189.80499267578125
2018-06-06 16:30:00,189.5749969482422
2018-06-06 17:30:00,190.46499633789062
2018-06-06 18:30:00,190.86000061035156
2018-06-06 19:30:00,191.4199981689453
2018-06-07 13:30:00,187.75
2018-06-07 14:30:00,187.88999938964844
2018-06-07 15:30:00,188.58999633789062
2018-06-07 16:30:00,187.3300018310547
2018-06-07 17:30:00,187.8800048828125
2018-06-07 18:30:00,188.1199951171875
2018-06-07 19:30:00,188.16000366210938
2018-06-08 13:30:00,188.11000061035156
2018-06-08 14:30:00,188.9499969482422
2018-06-08 15:30:00,189.24989318847656
2018-06-08 16:30:00,188.97500610351562
2018-06-08 17:30:00,189.16000366210938
2018-06-08 18:30:00,189.1199951171875
2018-06-08 19:30:00,189.0500030517578
2018-06-11 13:30:00,189.72999572753906
2018-06-11 14:30:00,192.11000061035156
2018-06-11 15:30:00,192.3800048828125
2018-06-11 16:30:00,191.8397979736328
2018-06-11 17:30:00,191.7637939453125
2018-06-11 18:30:00,191.8800048828125
2018-06-11 19:30:00,191.5500030517578
2018-06-12 13:30:00,192.0500030517578
2018-06-12 14:30:00,192.05999755859375
2018-06-12 15:30:00,192.5399932861328
2018-06-12 16:30:00,192.8455047607422
2018-06-12 17:30:00,192.3800048828125
2018-06-12 18:30:00,192.08999633789062
2018-06-12 19:30:00,192.3800048828125
2018-06-13 13:30:00,192.8699951171875
2018-06-13 14:30:00,193.88999938964844
2018-06-13 15:30:00,193.32000732421875
2018-06-13 16:30:00,193.24000549316406
2018-06-13 17:30:00,192.89500427246094
2018-06-13 18:30:00,194.00999450683594
2018-06-13 19:30:00,192.36000061035156
2018-06-14 13:30:00,194.76499938964844
2018-06-14 14:30:00,195.74000549316406
2018-06-14 15:30:00,196.02000427246094
2018-06-14 16:30:00,196.72000122070312
2018-06-14 17:30:00,196.66000366210938
2018-06-14 18:30:00,196.82000732421875
2018-06-14 19:30:00,196.8000030517578
2018-06-15 13:30:00,195.9600067138672
2018-06-15 14:30:00,195.9499969482422
2018-06-15 15:30:00,196.25999450683594
2018-06-15 16:30:00,196.97000122070312
2018-06-15 17:30:00,196.42999267578125
2018-06-15 18:30:00,195.74000549316406
2018-06-15 19:30:00,195.85000610351562
2018-06-18 13:30:00,197.5800018310547
2018-06-18 14:30:00,199.02999877929688
2018-06-18 15:30:00,198.72999572753906
2018-06-18 16:30:00,198.6909942626953
2018-06-18 17:30:00,198.91000366210938
2018-06-18 18:30:00,198.2449951171875
2018-06-18 19:30:00,198.27999877929688
2018-06-19 13:30:00,194.52000427246094
2018-06-19 14:30:00,195.78500366210938
2018-06-19 15:30:00,195.83999633789062
2018-06-19 16:30:00,195.69000244140625
2018-06-19 17:30:00,197.17840576171875
2018-06-19 18:30:00,197.05999755859375
2018-06-19 19:30:00,197.44000244140625
2018-06-20 13:30:00,201.17010498046875
2018-06-20 14:30:00,202.0399932861328
2018-06-20 15:30:00,202.5800018310547
2018-06-20 16:30:00,202.77000427246094
2018-06-20 17:30:00,202.80650329589844
2018-06-20 18:30:00,202.00999450683594
2018-06-20 19:30:00,202.0800018310547
2018-06-21 13:30:00,200.50999450683594
2018-06-21 14:30:00,202.16000366210938
2018-06-21 15:30:00,202.05999755859375
2018-06-21 16:30:00,203.0500030517578
2018-06-21 17:30:00,202.3800048828125
2018-06-21 18:30:00,201.57000732421875
2018-06-21 19:30:00,201.47000122070312
2018-06-22 13:30:00,200.0601043701172
2018-06-22 14:30:00,200.0500030517578
2018-06-22 15:30:00,200.49000549316406
2018-06-22 16:30:00,201.86720275878906
2018-06-22 17:30:00,201.9499969482422
2018-06-22 18:30:00,201.89999389648438
2018-06-22 19:30:00,201.38999938964844
2018-06-25 13:30:00,196.77000427246094
2018-06-25 14:30:00,195.75999450683594
2018-06-25 15:30:00,194.6300048828125
2018-06-25 16:30:00,193.80999755859375
2018-06-25 17:30:00,194.32000732421875
2018-06-25 18:30:00,194.6999969482422
2018-06-25 19:30:00,196.3800048828125
2018-06-26 13:30:00,197.41000366210938
2018-06-26 14:30:00,196.57000732421875
2018-06-26 15:30:00,197.86000061035156
2018-06-26 16:30:00,198.66000366210938
2018-06-26 17:30:00,197.6999969482422
2018-06-26 18:30:00,198.1999969482422
2018-06-26 19:30:00,198.38999938964844
2018-06-27 13:30:00,200.17999267578125
2018-06-27 14:30:00,198.9727020263672
2018-06-27 15:30:00,199.3800048828125
2018-06-27 16:30:00,198.16000366210938
2018-06-27 17:30:00,198.0500030517578
2018-06-27 18:30:00,197.58999633789062
2018-06-27 19:30:00,195.82000732421875
2018-06-28 13:30:00,195.3800048828125
2018-06-28 14:30:00,196.42999267578125
2018-06-28 15:30:00,194.60000610351562
2018-06-28 16:30:00,195.19000244140625
2018-06-28 17:30:00,196.05999755859375
2018-06-28 18:30:00,196.7550048828125
2018-06-28 19:30:00,196.24000549316406
2018-06-29 13:30:00,195.63999938964844
2018-06-29 14:30:00,195.74000549316406
2018-06-29 15:30:00,195.9499969482422
2018-06-29 16:30:00,195.1699981689453
2018-06-29 17:30:00,195.7899932861328
2018-06-29 18:30:00,195.0500030517578
2018-06-29 19:30:00,194.3300018310547
2018-07-02 13:30:00,194.77000427246094
2018-07-02 14:30:00,195.1300048828125
2018-07-02 15:30:00,194.72999572753906
2018-07-02 16:30:00,194.47999572753906
2018-07-02 17:30:00,195.8800048828125
2018-07-02 18:30:00,196.25
2018-07-02 19:30:00,197.35000610351562
2018-07-03 13:30:00,193.42160034179688
2018-07-03 14:30:00,193.85000610351562
2018-07-03 15:30:00,193.33099365234375
2018-07-03 17:00:00,192.82000732421875
2018-07-05 13:30:00,194.8699951171875
2018-07-05 14:30:00,195.0500030517578
2018-07-05 15:30:00,196.6699981689453
2018-07-05 16:30:00,197.56500244140625
2018-07-05 17:30:00,197.22000122070312
2018-07-05 18:30:00,197.75999450683594
2018-07-05 19:30:00,198.4199981689453
2018-07-06 13:30:00,200.0749969482422
2018-07-06 14:30:00,201.1300048828125
2018-07-06 15:30:00,202.00999450683594
2018-07-06 16:30:00,202.5500030517578
2018-07-06 17:30:00,203.07000732421875
2018-07-06 18:30:00,203.4824981689453
2018-07-06 19:30:00,203.24000549316406
2018-07-09 13:30:00,203.02999877929688
2018-07-09 14:30:00,203.83999633789062
2018-07-09 15:30:00,203.67999267578125
2018-07-09 16:30:00,204.74000549316406
2018-07-09 17:30:00,204.97019958496094
2018-07-09 18:30:00,204.6999969482422
2018-07-09 19:30:00,204.8300018310547
2018-07-10 13:30:00,203.85000610351562
2018-07-10 14:30:00,203.99000549316406
2018-07-10 15:30:00,203.97999572753906
2018-07-10 16:30:00,202.9499969482422
2018-07-10 17:30:00,202.97999572753906
2018-07-10 18:30:00,203.49000549316406
2018-07-10 19:30:00,203.52999877929688
2018-07-11 13:30:00,204.17999267578125
2018-07-11 14:30:00,202.72999572753906
2018-07-11 15:30:00,202.92999267578125
2018-07-11 16:30:00,203.6999969482422
2018-07-11 17:30:00,203.52000427246094
2018-07-11 18:30:00,203.14999389648438
2018-07-11 19:30:00,202.47000122070312
2018-07-12 13:30:00,205.7100067138672
2018-07-12 14:30:00,206.13999938964844
2018-07-12 15:30:00,206.07000732421875
2018-07-12 16:30:00,206.14999389648438
2018-07-12 17:30:00,206.52999877929688
2018-07-12 18:30:00,206.1199951171875
2018-07-12 19:30:00,206.91000366210938
2018-07-13 13:30:00,207.1750030517578
2018-07-13 14:30:00,207.89999389648438
2018-07-13 15:30:00,207.6699981689453
2018-07-13 16:30:00,207.35000610351562
2018-07-13 17:30:00,206.74459838867188
2018-07-13 18:30:00,207.4499969482422
2018-07-13 19:30:00,207.3300018310547
2018-07-16 13:30:00,207.83999633789062
2018-07-16 14:30:00,207.54660034179688
2018-07-16 15:30:00,208.19500732421875
2018-07-16 16:30:00,207.75
2018-07-16 17:30:00,207.75
2018-07-16 18:30:00,207.02999877929688
2018-07-16 19:30:00,207.24000549316406
2018-07-17 13:30:00,207.5395050048828
2018-07-17 14:30:00,207.8740997314453
2018-07-17 15:30:00,209.2429962158203
2018-07-17 16:30:00,209.1999969482422
2018-07-17 17:30:00,209.2100067138672
2018-07-17 18:30:00,209.81500244140625
2018-07-17 19:30:00,210.0
2018-07-18 13:30:00,209.6300048828125
2018-07-18 14:30:00,209.4199981689453
2018-07-18 15:30:00,209.77200317382812
2018-07-18 16:30:00,210.89999389648438
2018-07-18 17:30:00,210.3300018310547
2018-07-18 18:30:00,209.83999633789062
2018-07-18 19:30:00,209.35000610351562
2018-07-19 13:30:00,208.8000030517578
2018-07-19 14:30:00,209.0399932861328
2018-07-19 15:30:00,208.47000122070312
2018-07-19 16:30:00,208.1300048828125
2018-07-19 17:30:00,208.22999572753906
2018-07-19 18:30:00,208.02999877929688
2018-07-19 19:30:00,208.07000732421875
2018-07-20 13:30:00,209.84500122070312
2018-07-20 14:30:00,211.00010681152344
2018-07-20 15:30:00,210.02999877929688
2018-07-20 16:30:00,210.14999389648438
2018-07-20 17:30:00,210.02499389648438
2018-07-20 18:30:00,209.7100067138672
2018-07-20 19:30:00,209.9199981689453
2018-07-23 13:30:00,209.81170654296875
2018-07-23 14:30:00,210.19000244140625
2018-07-23 15:30:00,210.99000549316406
2018-07-23 16:30:00,211.10000610351562
2018-07-23 17:30:00,211.20620727539062
2018-07-23 18:30:00,211.13999938964844
2018-07-23 19:30:00,210.9199981689453
2018-07-24 13:30:00,216.02999877929688
2018-07-24 14:30:00,214.83999633789062
2018-07-24 15:30:00,214.32150268554688
2018-07-24 16:30:00,213.33999633789062
2018-07-24 17:30:00,213.82000732421875
2018-07-24 18:30:00,213.851806640625
2018-07-24 19:30:00,214.64999389648438
2018-07-25 13:30:00,214.94000244140625
2018-07-25 14:30:00,215.75
2018-07-25 15:30:00,217.2100067138672
2018-07-25 16:30:00,217.85499572753906
2018-07-25 17:30:00,217.17999267578125
2018-07-25 18:30:00,217.64999389648438
2018-07-25 19:30:00,217.5
2018-07-26 13:30:00,176.11000061035156
2018-07-26 14:30:00,176.9499969482422
2018-07-26 15:30:00,177.99000549316406
2018-07-26 16:30:00,175.5050048828125
2018-07-26 17:30:00,175.10000610351562
2018-07-26 18:30:00,175.50999450683594
2018-07-26 19:30:00,176.27000427246094
2018-07-27 13:30:00,177.33999633789062
2018-07-27 14:30:00,175.0800018310547
2018-07-27 15:30:00,175.3000030517578
2018-07-27 16:30:00,173.29119873046875
2018-07-27 17:30:00,173.4499969482422
2018-07-27 18:30:00,174.4199981689453
2018-07-27 19:30:00,174.8699951171875
2018-07-30 13:30:00,168.44000244140625
2018-07-30 14:30:00,167.27999877929688
2018-07-30 15:30:00,168.05999755859375
2018-07-30 16:30:00,167.91000366210938
2018-07-30 17:30:00,168.5800018310547
2018-07-30 18:30:00,170.0590057373047
2018-07-30 19:30:00,171.07000732421875
2018-07-31 13:30:00,170.83599853515625
2018-07-31 14:30:00,173.2100067138672
2018-07-31 15:30:00,173.85519409179688
2018-07-31 16:30:00,172.6699981689453
2018-07-31 17:30:00,173.06100463867188
2018-07-31 18:30:00,172.82899475097656
2018-07-31 19:30:00,172.5500030517578
2018-08-01 13:30:00,174.32000732421875
2018-08-01 14:30:00,172.7550048828125
2018-08-01 15:30:00,171.61000061035156
2018-08-01 16:30:00,171.07000732421875
2018-08-01 17:30:00,172.2899932861328
2018-08-01 18:30:00,171.83999633789062
2018-08-01 19:30:00,171.6300048828125
2018-08-02 13:30:00,172.76800537109375
2018-08-02 14:30:00,173.3730010986328
2018-08-02 15:30:00,174.80999755859375
2018-08-02 16:30:00,175.13299560546875
2018-08-02 17:30:00,175.55999755859375
2018-08-02 18:30:00,175.85000610351562
2018-08-02 19:30:00,176.36000061035156
2018-08-03 13:30:00,178.3800048828125
2018-08-03 14:30:00,177.5
2018-08-03 15:30:00,176.8699951171875
2018-08-03 16:30:00,176.52000427246094
2018-08-03 17:30:00,177.57000732421875
2018-08-03 18:30:00,177.52000427246094
2018-08-03 19:30:00,177.75999450683594
2018-08-06 13:30:00,181.4600067138672
2018-08-06 14:30:00,184.0048065185547
2018-08-06 15:30:00,183.1300048828125
2018-08-06 16:30:00,183.5
2018-08-06 17:30:00,183.83999633789062
2018-08-06 18:30:00,184.9949951171875
2018-08-06 19:30:00,185.6999969482422
2018-08-07 13:30:00,186.82369995117188
2018-08-07 14:30:00,184.8961944580078
2018-08-07 15:30:00,185.02999877929688
2018-08-07 16:30:00,184.14999389648438
2018-08-07 17:30:00,184.4185028076172
2018-08-07 18:30:00,184.08999633789062
2018-08-07 19:30:00,183.82000732421875
2018-08-08 13:30:00,184.25999450683594
2018-08-08 14:30:00,186.42990112304688
2018-08-08 15:30:00,185.92999267578125
2018-08-08 16:30:00,185.32000732421875
2018-08-08 17:30:00,186.19940185546875
2018-08-08 18:30:00,185.80819702148438
2018-08-08 19:30:00,185.19000244140625
2018-08-09 13:30:00,185.65289306640625
2018-08-09 14:30:00,185.0500030517578
2018-08-09 15:30:00,184.24000549316406
2018-08-09 16:30:00,184.4499969482422
2018-08-09 17:30:00,184.35000610351562
2018-08-09 18:30:00,183.10000610351562
2018-08-09 19:30:00,183.08999633789062
2018-08-10 13:30:00,180.36000061035156
2018-08-10 14:30:00,180.61000061035156
2018-08-10 15:30:00,181.49000549316406
2018-08-10 16:30:00,181.25999450683594
2018-08-10 17:30:00,179.80499267578125
2018-08-10 18:30:00,180.7100067138672
2018-08-10 19:30:00,180.22999572753906
2018-08-13 13:30:00,181.91000366210938
2018-08-13 14:30:00,180.5749969482422
2018-08-13 15:30:00,180.4600067138672
2018-08-13 16:30:00,180.72999572753906
2018-08-13 17:30:00,181.08999633789062
2018-08-13 18:30:00,180.63999938964844
2018-08-13 19:30:00,180.0800018310547
2018-08-14 13:30:00,179.489501953125
2018-08-14 14:30:00,181.14999389648438
2018-08-14 15:30:00,181.98550415039062
2018-08-14 16:30:00,181.25999450683594
2018-08-14 17:30:00,180.74000549316406
2018-08-14 18:30:00,180.9499969482422
2018-08-14 19:30:00,181.1199951171875
2018-08-15 13:30:00,176.16000366210938
2018-08-15 14:30:00,176.67999267578125
2018-08-15 15:30:00,177.52999877929688
2018-08-15 16:30:00,178.61000061035156
2018-08-15 17:30:00,177.3094024658203
2018-08-15 18:30:00,178.5050048828125
2018-08-15 19:30:00,179.5500030517578
2018-08-16 13:30:00,178.75
2018-08-16 14:30:00,178.11000061035156
2018-08-16 15:30:00,177.92999267578125
2018-08-16 16:30:00,176.97000122070312
2018-08-16 17:30:00,175.36000061035156
2018-08-16 18:30:00,174.75
2018-08-16 19:30:00,174.75
2018-08-17 13:30:00,172.576904296875
2018-08-17 14:30:00,173.41000366210938
2018-08-17 15:30:00,172.9600067138672
2018-08-17 16:30:00,172.3000030517578
2018-08-17 17:30:00,173.97000122070312
2018-08-17 18:30:00,174.2100067138672
2018-08-17 19:30:00,173.74000549316406
2018-08-20 13:30:00,171.94000244140625
2018-08-20 14:30:00,172.3300018310547
2018-08-20 15:30:00,172.75509643554688
2018-08-20 16:30:00,172.8094940185547
2018-08-20 17:30:00,173.023193359375
2018-08-20 18:30:00,172.4199981689453
2018-08-20 19:30:00,172.50999450683594
2018-08-21 13:30:00,173.77000427246094
2018-08-21 14:30:00,172.64999389648438
2018-08-21 15:30:00,173.51150512695312
2018-08-21 16:30:00,173.17999267578125
2018-08-21 17:30:00,173.25999450683594
2018-08-21 18:30:00,173.0500030517578
2018-08-21 19:30:00,172.6300048828125
2018-08-22 13:30:00,172.48899841308594
2018-08-22 14:30:00,173.17999267578125
2018-08-22 15:30:00,172.58999633789062
2018-08-22 16:30:00,172.7200927734375
2018-08-22 17:30:00,173.1020050048828
2018-08-22 18:30:00,173.9499969482422
2018-08-22 19:30:00,173.7100067138672
2018-08-23 13:30:00,175.02000427246094
2018-08-23 14:30:00,174.0
2018-08-23 15:30:00,174.52560424804688
2018-08-23 16:30:00,174.5
2018-08-23 17:30:00,174.05999755859375
2018-08-23 18:30:00,173.4499969482422
2018-08-23 19:30:00,172.91000366210938
2018-08-24 13:30:00,174.05999755859375
2018-08-24 14:30:00,174.25999450683594
2018-08-24 15:30:00,174.0
2018-08-24 16:30:00,173.98410034179688
2018-08-24 17:30:00,174.25369262695312
2018-08-24 18:30:00,174.52999877929688
2018-08-24 19:30:00,174.66000366210938
2018-08-27 13:30:00,178.08599853515625
2018-08-27 14:30:00,177.22000122070312
2018-08-27 15:30:00,177.52000427246094
2018-08-27 16:30:00,177.02999877929688
2018-08-27 17:30:00,177.22999572753906
2018-08-27 18:30:00,177.47999572753906
2018-08-27 19:30:00,177.4600067138672
2018-08-28 13:30:00,177.61000061035156
2018-08-28 14:30:00,177.19000244140625
2018-08-28 15:30:00,176.9600067138672
2018-08-28 16:30:00,176.83070373535156
2018-08-28 17:30:00,177.22999572753906
2018-08-28 18:30:00,176.51950073242188
2018-08-28 19:30:00,176.27000427246094
2018-08-29 13:30:00,175.8300018310547
2018-08-29 14:30:00,176.031494140625
2018-08-29 15:30:00,175.5251007080078
2018-08-29 16:30:00,175.33999633789062
2018-08-29 17:30:00,174.97999572753906
2018-08-29 18:30:00,176.0
2018-08-29 19:30:00,175.9600067138672
2018-08-30 13:30:00,179.42999267578125
2018-08-30 14:30:00,178.75
2018-08-30 15:30:00,179.04969787597656
2018-08-30 16:30:00,178.97250366210938
2018-08-30 17:30:00,177.9600067138672
2018-08-30 18:30:00,177.77999877929688
2018-08-30 19:30:00,177.66000366210938
2018-08-31 13:30:00,176.26170349121094
2018-08-31 14:30:00,175.30999755859375
2018-08-31 15:30:00,175.69000244140625
2018-08-31 16:30:00,176.10000610351562
2018-08-31 17:30:00,175.35000610351562
2018-08-31 18:30:00,175.16000366210938
2018-08-31 19:30:00,175.72000122070312
2018-09-04 13:30:00,170.99000549316406
2018-09-04 14:30:00,171.89100646972656
2018-09-04 15:30:00,170.75
2018-09-04 16:30:00,170.95590209960938
2018-09-04 17:30:00,171.2899932861328
2018-09-04 18:30:00,171.3800048828125
2018-09-04 19:30:00,171.16000366210938
2018-09-05 13:30:00,169.25
2018-09-05 14:30:00,168.02000427246094
2018-09-05 15:30:00,168.8000030517578
2018-09-05 16:30:00,168.35000610351562
2018-09-05 17:30:00,167.5399932861328
2018-09-05 18:30:00,167.125
2018-09-05 19:30:00,167.2100067138672
2018-09-06 13:30:00,163.97000122070312
2018-09-06 14:30:00,162.75
2018-09-06 15:30:00,162.16000366210938
2018-09-06 16:30:00,161.8000030517578
2018-09-06 17:30:00,161.55499267578125
2018-09-06 18:30:00,163.06689453125
2018-09-06 19:30:00,162.5399932861328
2018-09-07 13:30:00,164.1699981689453
2018-09-07 14:30:00,163.43600463867188
2018-09-07 15:30:00,161.49000549316406
2018-09-07 16:30:00,161.9199981689453
2018-09-07 17:30:00,162.52439880371094
2018-09-07 18:30:00,162.8699951171875
2018-09-07 19:30:00,163.0500030517578
2018-09-10 13:30:00,163.33999633789062
2018-09-10 14:30:00,163.25
2018-09-10 15:30:00,164.1649932861328
2018-09-10 16:30:00,164.71170043945312
2018-09-10 17:30:00,164.0749969482422
2018-09-10 18:30:00,164.47999572753906
2018-09-10 19:30:00,164.25999450683594
2018-09-11 13:30:00,166.58999633789062
2018-09-11 14:30:00,166.37640380859375
2018-09-11 15:30:00,167.02999877929688
2018-09-11 16:30:00,165.9499969482422
2018-09-11 17:30:00,166.38999938964844
2018-09-11 18:30:00,165.85000610351562
2018-09-11 19:30:00,165.9600067138672
2018-09-12 13:30:00,162.87550354003906
2018-09-12 14:30:00,163.17999267578125
2018-09-12 15:30:00,162.9199981689453
2018-09-12 16:30:00,162.47999572753906
2018-09-12 17:30:00,162.0749969482422
2018-09-12 18:30:00,162.1999053955078
2018-09-12 19:30:00,161.99000549316406
2018-09-13 13:30:00,161.07000732421875
2018-09-13 14:30:00,161.97999572753906
2018-09-13 15:30:00,161.59530639648438
2018-09-13 16:30:00,161.44000244140625
2018-09-13 17:30:00,161.6378936767578
2018-09-13 18:30:00,161.58999633789062
2018-09-13 19:30:00,161.3800048828125
2018-09-14 13:30:00,161.6300048828125
2018-09-14 14:30:00,162.14999389648438
2018-09-14 15:30:00,161.5050048828125
2018-09-14 16:30:00,161.6199951171875
2018-09-14 17:30:00,162.23500061035156
2018-09-14 18:30:00,162.14999389648438
2018-09-14 19:30:00,162.2899932861328
2018-09-17 13:30:00,160.8300018310547
2018-09-17 14:30:00,160.08999633789062
2018-09-17 15:30:00,160.80999755859375
2018-09-17 16:30:00,160.92999267578125
2018-09-17 17:30:00,161.0500030517578
2018-09-17 18:30:00,160.52000427246094
2018-09-17 19:30:00,160.5800018310547
2018-09-18 13:30:00,160.89999389648438
2018-09-18 14:30:00,160.9600067138672
2018-09-18 15:30:00,160.42999267578125
2018-09-18 16:30:00,160.30999755859375
2018-09-18 17:30:00,160.6300048828125
2018-09-18 18:30:00,160.02000427246094
2018-09-18 19:30:00,160.30999755859375
2018-09-19 13:30:00,159.6649932861328
2018-09-19 14:30:00,161.00999450683594
2018-09-19 15:30:00,161.1699981689453
2018-09-19 16:30:00,161.14999389648438
2018-09-19 17:30:00,162.92999267578125
2018-09-19 18:30:00,163.22999572753906
2018-09-19 19:30:00,163.0800018310547
2018-09-20 13:30:00,165.5
2018-09-20 14:30:00,165.6750030517578
2018-09-20 15:30:00,165.38999938964844
2018-09-20 16:30:00,165.27000427246094
2018-09-20 17:30:00,165.55999755859375
2018-09-20 18:30:00,165.77999877929688
2018-09-20 19:30:00,166.0500030517578
2018-09-21 13:30:00,164.5399932861328
2018-09-21 14:30:00,164.83999633789062
2018-09-21 15:30:00,164.75999450683594
2018-09-21 16:30:00,164.52999877929688
2018-09-21 17:30:00,164.13699340820312
2018-09-21 18:30:00,163.5050048828125
2018-09-21 19:30:00,162.9199981689453
2018-09-24 13:30:00,164.13999938964844
2018-09-24 14:30:00,164.8800048828125
2018-09-24 15:30:00,164.19000244140625
2018-09-24 16:30:00,164.76499938964844
2018-09-24 17:30:00,165.1199951171875
2018-09-24 18:30:00,165.13099670410156
2018-09-24 19:30:00,165.4199981689453
2018-09-25 13:30:00,162.97000122070312
2018-09-25 14:30:00,164.25
2018-09-25 15:30:00,164.74099731445312
2018-09-25 16:30:00,165.36000061035156
2018-09-25 17:30:00,165.1199951171875
2018-09-25 18:30:00,165.27999877929688
2018-09-25 19:30:00,164.94000244140625
2018-09-26 13:30:00,167.10000610351562
2018-09-26 14:30:00,167.20950317382812
2018-09-26 15:30:00,167.4416046142578
2018-09-26 16:30:00,168.55999755859375
2018-09-26 17:30:00,168.44949340820312
2018-09-26 18:30:00,168.08999633789062
2018-09-26 19:30:00,166.99000549316406
2018-09-27 13:30:00,169.74400329589844
2018-09-27 14:30:00,169.50999450683594
2018-09-27 15:30:00,170.65499877929688
2018-09-27 16:30:00,170.7238006591797
2018-09-27 17:30:00,169.47999572753906
2018-09-27 18:30:00,169.1199951171875
2018-09-27 19:30:00,168.86000061035156
2018-09-28 13:30:00,166.6999969482422
2018-09-28 14:30:00,167.08999633789062
2018-09-28 15:30:00,166.10000610351562
2018-09-28 16:30:00,163.1649932861328
2018-09-28 17:30:00,164.1300048828125
2018-09-28 18:30:00,164.4499969482422
2018-09-28 19:30:00,164.44000244140625
2018-10-01 13:30:00,164.36000061035156
2018-10-01 14:30:00,164.19000244140625
2018-10-01 15:30:00,162.55999755859375
2018-10-01 16:30:00,162.17999267578125
2018-10-01 17:30:00,162.30499267578125
2018-10-01 18:30:00,161.8800048828125
2018-10-01 19:30:00,162.41000366210938
2018-10-02 13:30:00,160.17999267578125
2018-10-02 14:30:00,160.0601043701172
2018-10-02 15:30:00,159.92999267578125
2018-10-02 16:30:00,160.1367950439453
2018-10-02 17:30:00,159.9499969482422
2018-10-02 18:30:00,159.25999450683594
2018-10-02 19:30:00,159.3000030517578
2018-10-03 13:30:00,160.9499969482422
2018-10-03 14:30:00,162.24000549316406
2018-10-03 15:30:00,162.49000549316406
2018-10-03 16:30:00,162.5399932861328
2018-10-03 17:30:00,163.10000610351562
2018-10-03 18:30:00,162.16000366210938
2018-10-03 19:30:00,162.47999572753906
2018-10-04 13:30:00,159.77999877929688
2018-10-04 14:30:00,159.3800048828125
2018-10-04 15:30:00,157.89999389648438
2018-10-04 16:30:00,158.12229919433594
2018-10-04 17:30:00,158.17999267578125
2018-10-04 18:30:00,158.2899932861328
2018-10-04 19:30:00,158.8000030517578
2018-10-05 13:30:00,160.18499755859375
2018-10-05 14:30:00,158.5800018310547
2018-10-05 15:30:00,157.30999755859375
2018-10-05 16:30:00,156.77999877929688
2018-10-05 17:30:00,157.60000610351562
2018-10-05 18:30:00,157.58999633789062
2018-10-05 19:30:00,157.27000427246094
2018-10-08 13:30:00,157.72999572753906
2018-10-08 14:30:00,156.40750122070312
2018-10-08 15:30:00,155.89999389648438
2018-10-08 16:30:00,155.77999877929688
2018-10-08 17:30:00,157.55999755859375
2018-10-08 18:30:00,157.0800018310547
2018-10-08 19:30:00,157.22999572753906
2018-10-09 13:30:00,159.9600067138672
2018-10-09 14:30:00,159.35000610351562
2018-10-09 15:30:00,158.5500030517578
2018-10-09 16:30:00,158.9499969482422
2018-10-09 17:30:00,158.47999572753906
2018-10-09 18:30:00,158.17999267578125
2018-10-09 19:30:00,157.89999389648438
2018-10-10 13:30:00,155.25
2018-10-10 14:30:00,154.6999969482422
2018-10-10 15:30:00,155.30999755859375
2018-10-10 16:30:00,155.97999572753906
2018-10-10 17:30:00,155.02999877929688
2018-10-10 18:30:00,153.31399536132812
2018-10-10 19:30:00,151.41000366210938
2018-10-11 13:30:00,152.77000427246094
2018-10-11 14:30:00,152.5399932861328
2018-10-11 15:30:00,153.25
2018-10-11 16:30:00,153.63999938964844
2018-10-11 17:30:00,152.6300048828125
2018-10-11 18:30:00,154.03970336914062
2018-10-11 19:30:00,153.36000061035156
2018-10-12 13:30:00,153.83999633789062
2018-10-12 14:30:00,154.0399932861328
2018-10-12 15:30:00,152.55999755859375
2018-10-12 16:30:00,152.89999389648438
2018-10-12 17:30:00,152.82000732421875
2018-10-12 18:30:00,153.42999267578125
2018-10-12 19:30:00,153.74000549316406
2018-10-15 13:30:00,153.4499969482422
2018-10-15 14:30:00,155.25990295410156
2018-10-15 15:30:00,154.7100067138672
2018-10-15 16:30:00,154.11000061035156
2018-10-15 17:30:00,154.52000427246094
2018-10-15 18:30:00,154.3300018310547
2018-10-15 19:30:00,153.52999877929688
2018-10-16 13:30:00,155.44000244140625
2018-10-16 14:30:00,156.92999267578125
2018-10-16 15:30:00,157.22000122070312
2018-10-16 16:30:00,157.50999450683594
2018-10-16 17:30:00,157.99000549316406
2018-10-16 18:30:00,158.125
2018-10-16 19:30:00,158.88999938964844
2018-10-17 13:30:00,159.09339904785156
2018-10-17 14:30:00,159.05999755859375
2018-10-17 15:30:00,159.00450134277344
2018-10-17 16:30:00,159.1199951171875
2018-10-17 17:30:00,158.13999938964844
2018-10-17 18:30:00,159.47000122070312
2018-10-17 19:30:00,159.47999572753906
2018-10-18 13:30:00,156.44000244140625
2018-10-18 14:30:00,155.92999267578125
2018-10-18 15:30:00,155.5
2018-10-18 16:30:00,153.86000061035156
2018-10-18 17:30:00,155.0
2018-10-18 18:30:00,155.0500030517578
2018-10-18 19:30:00,155.0
2018-10-19 13:30:00,156.27000427246094
2018-10-19 14:30:00,154.90499877929688
2018-10-19 15:30:00,154.4499969482422
2018-10-19 16:30:00,155.07000732421875
2018-10-19 17:30:00,154.10000610351562
2018-10-19 18:30:00,154.52000427246094
2018-10-19 19:30:00,153.97999572753906
2018-10-22 13:30:00,155.0399932861328
2018-10-22 14:30:00,156.55999755859375
2018-10-22 15:30:00,155.38999938964844
2018-10-22 16:30:00,155.38999938964844
2018-10-22 17:30:00,155.3800048828125
2018-10-22 18:30:00,155.99000549316406
2018-10-22 19:30:00,154.82000732421875
2018-10-23 13:30:00,151.6199951171875
2018-10-23 14:30:00,152.57000732421875
2018-10-23 15:30:00,153.1999969482422
2018-10-23 16:30:00,153.36000061035156
2018-10-23 17:30:00,154.02000427246094
2018-10-23 18:30:00,154.3800048828125
2018-10-23 19:30:00,154.39999389648438
2018-10-24 13:30:00,152.74000549316406
2018-10-24 14:30:00,150.7100067138672
2018-10-24 15:30:00,150.6199951171875
2018-10-24 16:30:00,149.4499969482422
2018-10-24 17:30:00,149.67999267578125
2018-10-24 18:30:00,146.72999572753906
2018-10-24 19:30:00,146.11000061035156
2018-10-25 13:30:00,148.89999389648438
2018-10-25 14:30:00,149.58999633789062
2018-10-25 15:30:00,148.77000427246094
2018-10-25 16:30:00,149.0
2018-10-25 17:30:00,151.02999877929688
2018-10-25 18:30:00,151.94000244140625
2018-10-25 19:30:00,150.97000122070312
2018-10-26 13:30:00,145.17100524902344
2018-10-26 14:30:00,146.3000030517578
2018-10-26 15:30:00,146.00999450683594
2018-10-26 16:30:00,147.55999755859375
2018-10-26 17:30:00,146.71029663085938
2018-10-26 18:30:00,144.94000244140625
2018-10-26 19:30:00,145.33999633789062
2018-10-29 13:30:00,148.1999969482422
2018-10-29 14:30:00,146.5500030517578
2018-10-29 15:30:00,144.1199951171875
2018-10-29 16:30:00,144.16000366210938
2018-10-29 17:30:00,142.9897003173828
2018-10-29 18:30:00,140.75
2018-10-29 19:30:00,142.05999755859375
2018-10-30 13:30:00,142.375
2018-10-30 14:30:00,142.83999633789062
2018-10-30 15:30:00,143.3300018310547
2018-10-30 16:30:00,141.13999938964844
2018-10-30 17:30:00,142.94000244140625
2018-10-30 18:30:00,145.67010498046875
2018-10-30 19:30:00,146.27999877929688
2018-10-31 13:30:00,154.33999633789062
2018-10-31 14:30:00,151.61000061035156
2018-10-31 15:30:00,151.3699951171875
2018-10-31 16:30:00,152.52000427246094
2018-10-31 17:30:00,153.00079345703125
2018-10-31 18:30:00,153.4575958251953
2018-10-31 19:30:00,151.85000610351562
2018-11-01 13:30:00,149.77000427246094
2018-11-01 14:30:00,151.42999267578125
2018-11-01 15:30:00,150.72999572753906
2018-11-01 16:30:00,151.67999267578125
2018-11-01 17:30:00,151.3300018310547
2018-11-01 18:30:00,150.72000122070312
2018-11-01 19:30:00,151.75
2018-11-02 13:30:00,150.74789428710938
2018-11-02 14:30:00,150.4600067138672
2018-11-02 15:30:00,150.19000244140625
2018-11-02 16:30:00,149.9875030517578
2018-11-02 17:30:00,150.89999389648438
2018-11-02 18:30:00,150.72999572753906
2018-11-02 19:30:00,150.25
