Datetime,FOXA
2017-11-06 14:30:00,25.040000915527344
2017-11-06 15:30:00,24.950000762939453
2017-11-06 16:30:00,24.90999984741211
2017-11-06 17:30:00,24.915000915527344
2017-11-06 18:30:00,27.1299991607666
2017-11-06 19:30:00,27.25
2017-11-06 20:30:00,27.459999084472656
2017-11-07 14:30:00,28.440000534057617
2017-11-07 15:30:00,28.260000228881836
2017-11-07 16:30:00,28.270000457763672
2017-11-07 17:30:00,28.204999923706055
2017-11-07 18:30:00,28.225000381469727
2017-11-07 19:30:00,27.940000534057617
2017-11-07 20:30:00,27.760000228881836
2017-11-08 14:30:00,27.920000076293945
2017-11-08 15:30:00,27.6200008392334
2017-11-08 16:30:00,27.84000015258789
2017-11-08 17:30:00,27.8700008392334
2017-11-08 18:30:00,27.8799991607666
2017-11-08 19:30:00,27.834999084472656
2017-11-08 20:30:00,28.1200008392334
2017-11-09 14:30:00,29.010000228881836
2017-11-09 15:30:00,29.584400177001953
2017-11-09 16:30:00,29.1200008392334
2017-11-09 17:30:00,29.5049991607666
2017-11-09 18:30:00,29.389999389648438
2017-11-09 19:30:00,29.260000228881836
2017-11-09 20:30:00,28.71500015258789
2017-11-10 14:30:00,29.6200008392334
2017-11-10 15:30:00,29.420000076293945
2017-11-10 16:30:00,29.139999389648438
2017-11-10 17:30:00,28.94499969482422
2017-11-10 18:30:00,28.844999313354492
2017-11-10 19:30:00,28.8799991607666
2017-11-10 20:30:00,28.829999923706055
2017-11-13 14:30:00,28.739999771118164
2017-11-13 15:30:00,28.344999313354492
2017-11-13 16:30:00,28.309999465942383
2017-11-13 17:30:00,28.395000457763672
2017-11-13 18:30:00,28.420000076293945
2017-11-13 19:30:00,28.524999618530273
2017-11-13 20:30:00,28.549999237060547
2017-11-14 14:30:00,28.200000762939453
2017-11-14 15:30:00,28.190000534057617
2017-11-14 16:30:00,27.9950008392334
2017-11-14 17:30:00,27.8700008392334
2017-11-14 18:30:00,28.0
2017-11-14 19:30:00,28.059999465942383
2017-11-14 20:30:00,28.030000686645508
2017-11-15 14:30:00,27.610000610351562
2017-11-15 15:30:00,27.780000686645508
2017-11-15 16:30:00,27.739999771118164
2017-11-15 17:30:00,27.760000228881836
2017-11-15 18:30:00,28.200000762939453
2017-11-15 19:30:00,28.729999542236328
2017-11-15 20:30:00,28.739999771118164
2017-11-16 14:30:00,28.809999465942383
2017-11-16 15:30:00,29.399999618530273
2017-11-16 16:30:00,29.350000381469727
2017-11-16 17:30:00,29.3700008392334
2017-11-16 18:30:00,29.364999771118164
2017-11-16 19:30:00,29.43000030517578
2017-11-16 20:30:00,29.329999923706055
2017-11-17 14:30:00,30.469999313354492
2017-11-17 15:30:00,30.575000762939453
2017-11-17 16:30:00,30.469999313354492
2017-11-17 17:30:00,30.520000457763672
2017-11-17 18:30:00,30.709999084472656
2017-11-17 19:30:00,31.094999313354492
2017-11-17 20:30:00,31.139999389648438
2017-11-20 14:30:00,31.05500030517578
2017-11-20 15:30:00,30.850000381469727
2017-11-20 16:30:00,30.81999969482422
2017-11-20 17:30:00,30.93000030517578
2017-11-20 18:30:00,31.045000076293945
2017-11-20 19:30:00,30.537500381469727
2017-11-20 20:30:00,30.68000030517578
2017-11-21 14:30:00,30.829999923706055
2017-11-21 15:30:00,30.780000686645508
2017-11-21 16:30:00,30.93000030517578
2017-11-21 17:30:00,30.84000015258789
2017-11-21 18:30:00,30.834999084472656
2017-11-21 19:30:00,30.895000457763672
2017-11-21 20:30:00,30.8799991607666
2017-11-22 14:30:00,30.600000381469727
2017-11-22 15:30:00,30.739999771118164
2017-11-22 16:30:00,30.770000457763672
2017-11-22 17:30:00,30.719999313354492
2017-11-22 18:30:00,30.6200008392334
2017-11-22 19:30:00,30.709999084472656
2017-11-22 20:30:00,30.600000381469727
2017-11-24 14:30:00,30.6299991607666
2017-11-24 15:30:00,30.510000228881836
2017-11-24 16:30:00,30.424999237060547
2017-11-24 18:00:00,30.466299057006836
2017-11-27 14:30:00,30.459999084472656
2017-11-27 15:30:00,30.44499969482422
2017-11-27 16:30:00,30.469999313354492
2017-11-27 17:30:00,30.43000030517578
2017-11-27 18:30:00,30.3799991607666
2017-11-27 19:30:00,30.344999313354492
2017-11-27 20:30:00,30.389999389648438
2017-11-28 14:30:00,30.514999389648438
2017-11-28 15:30:00,30.4950008392334
2017-11-28 16:30:00,30.75149917602539
2017-11-28 17:30:00,30.610000610351562
2017-11-28 18:30:00,30.770000457763672
2017-11-28 19:30:00,30.809999465942383
2017-11-28 20:30:00,30.8700008392334
2017-11-29 14:30:00,31.670000076293945
2017-11-29 15:30:00,31.969999313354492
2017-11-29 16:30:00,32.02000045776367
2017-11-29 17:30:00,31.905000686645508
2017-11-29 18:30:00,31.84000015258789
2017-11-29 19:30:00,32.150001525878906
2017-11-29 20:30:00,32.10499954223633
2017-11-30 14:30:00,31.889999389648438
2017-11-30 15:30:00,31.93000030517578
2017-11-30 16:30:00,31.924999237060547
2017-11-30 17:30:00,31.6299991607666
2017-11-30 18:30:00,31.690000534057617
2017-11-30 19:30:00,31.645000457763672
2017-11-30 20:30:00,31.93000030517578
2017-12-01 14:30:00,31.389999389648438
2017-12-01 15:30:00,31.479999542236328
2017-12-01 16:30:00,32.03499984741211
2017-12-01 17:30:00,32.209999084472656
2017-12-01 18:30:00,32.33000183105469
2017-12-01 19:30:00,32.27000045776367
2017-12-01 20:30:00,32.189998626708984
2017-12-04 14:30:00,33.43000030517578
2017-12-04 15:30:00,33.70000076293945
2017-12-04 16:30:00,33.400001525878906
2017-12-04 17:30:00,33.38999938964844
2017-12-04 18:30:00,33.435001373291016
2017-12-04 19:30:00,33.40999984741211
2017-12-04 20:30:00,33.06999969482422
2017-12-05 14:30:00,33.88999938964844
2017-12-05 15:30:00,33.689998626708984
2017-12-05 16:30:00,33.529998779296875
2017-12-05 17:30:00,33.59000015258789
2017-12-05 18:30:00,33.08000183105469
2017-12-05 19:30:00,33.25
2017-12-05 20:30:00,33.0
2017-12-06 14:30:00,33.0
2017-12-06 15:30:00,33.150001525878906
2017-12-06 16:30:00,33.20000076293945
2017-12-06 17:30:00,33.20000076293945
2017-12-06 18:30:00,33.380001068115234
2017-12-06 19:30:00,33.349998474121094
2017-12-06 20:30:00,33.209999084472656
2017-12-07 14:30:00,34.150001525878906
2017-12-07 15:30:00,34.540000915527344
2017-12-07 16:30:00,34.349998474121094
2017-12-07 17:30:00,34.5099983215332
2017-12-07 18:30:00,34.22999954223633
2017-12-07 19:30:00,34.28499984741211
2017-12-07 20:30:00,34.18000030517578
2017-12-08 14:30:00,33.625
2017-12-08 15:30:00,33.875
2017-12-08 16:30:00,33.84000015258789
2017-12-08 17:30:00,33.65999984741211
2017-12-08 18:30:00,33.43000030517578
2017-12-08 19:30:00,33.31999969482422
2017-12-08 20:30:00,33.29999923706055
2017-12-11 14:30:00,33.439998626708984
2017-12-11 15:30:00,33.275001525878906
2017-12-11 16:30:00,33.435001373291016
2017-12-11 17:30:00,33.5
2017-12-11 18:30:00,33.619998931884766
2017-12-11 19:30:00,33.6349983215332
2017-12-11 20:30:00,33.63999938964844
2017-12-12 14:30:00,33.970001220703125
2017-12-12 15:30:00,34.09000015258789
2017-12-12 16:30:00,34.06999969482422
2017-12-12 17:30:00,34.119998931884766
2017-12-12 18:30:00,34.02000045776367
2017-12-12 19:30:00,33.97999954223633
2017-12-12 20:30:00,34.08000183105469
2017-12-13 14:30:00,32.900001525878906
2017-12-13 15:30:00,33.040000915527344
2017-12-13 16:30:00,32.89500045776367
2017-12-13 17:30:00,32.73500061035156
2017-12-13 18:30:00,32.4900016784668
2017-12-13 19:30:00,32.5
2017-12-13 20:30:00,32.7599983215332
2017-12-14 14:30:00,33.779998779296875
2017-12-14 15:30:00,33.599998474121094
2017-12-14 16:30:00,34.09000015258789
2017-12-14 17:30:00,34.47999954223633
2017-12-14 18:30:00,34.61000061035156
2017-12-14 19:30:00,35.08000183105469
2017-12-14 20:30:00,34.880001068115234
2017-12-15 14:30:00,35.5
2017-12-15 15:30:00,35.505001068115234
2017-12-15 16:30:00,35.0099983215332
2017-12-15 17:30:00,35.040000915527344
2017-12-15 18:30:00,34.88999938964844
2017-12-15 19:30:00,35.0099983215332
2017-12-15 20:30:00,34.84000015258789
2017-12-18 14:30:00,35.125
2017-12-18 15:30:00,35.14250183105469
2017-12-18 16:30:00,35.02000045776367
2017-12-18 17:30:00,35.25
2017-12-18 18:30:00,35.369998931884766
2017-12-18 19:30:00,35.36000061035156
2017-12-18 20:30:00,35.189998626708984
2017-12-19 14:30:00,35.3650016784668
2017-12-19 15:30:00,35.41999816894531
2017-12-19 16:30:00,35.290000915527344
2017-12-19 17:30:00,35.08000183105469
2017-12-19 18:30:00,35.13999938964844
2017-12-19 19:30:00,34.98249816894531
2017-12-19 20:30:00,35.04999923706055
2017-12-20 14:30:00,34.61000061035156
2017-12-20 15:30:00,34.70000076293945
2017-12-20 16:30:00,34.564998626708984
2017-12-20 17:30:00,34.849998474121094
2017-12-20 18:30:00,34.71500015258789
2017-12-20 19:30:00,34.41999816894531
2017-12-20 20:30:00,34.27000045776367
2017-12-21 14:30:00,34.970001220703125
2017-12-21 15:30:00,35.20000076293945
2017-12-21 16:30:00,35.150001525878906
2017-12-21 17:30:00,35.150001525878906
2017-12-21 18:30:00,35.09000015258789
2017-12-21 19:30:00,35.130001068115234
2017-12-21 20:30:00,35.13999938964844
2017-12-22 14:30:00,35.1150016784668
2017-12-22 15:30:00,35.06999969482422
2017-12-22 16:30:00,35.29999923706055
2017-12-22 17:30:00,35.2599983215332
2017-12-22 18:30:00,35.18000030517578
2017-12-22 19:30:00,35.19499969482422
2017-12-22 20:30:00,35.2400016784668
2017-12-26 14:30:00,35.0099983215332
2017-12-26 15:30:00,35.03499984741211
2017-12-26 16:30:00,34.96500015258789
2017-12-26 17:30:00,34.880001068115234
2017-12-26 18:30:00,34.79999923706055
2017-12-26 19:30:00,34.65999984741211
2017-12-26 20:30:00,34.60499954223633
2017-12-27 14:30:00,34.59000015258789
2017-12-27 15:30:00,34.55500030517578
2017-12-27 16:30:00,34.505001068115234
2017-12-27 17:30:00,34.619998931884766
2017-12-27 18:30:00,34.619998931884766
2017-12-27 19:30:00,34.58000183105469
2017-12-27 20:30:00,34.55500030517578
2017-12-28 14:30:00,34.62369918823242
2017-12-28 15:30:00,34.56999969482422
2017-12-28 16:30:00,34.58000183105469
2017-12-28 17:30:00,34.560001373291016
2017-12-28 18:30:00,34.41999816894531
2017-12-28 19:30:00,34.45000076293945
2017-12-28 20:30:00,34.47999954223633
2017-12-29 14:30:00,34.619998931884766
2017-12-29 15:30:00,34.56999969482422
2017-12-29 16:30:00,34.56999969482422
2017-12-29 17:30:00,34.560001373291016
2017-12-29 18:30:00,34.529998779296875
2017-12-29 19:30:00,34.56999969482422
2017-12-29 20:30:00,34.529998779296875
2018-01-02 14:30:00,35.290000915527344
2018-01-02 15:30:00,35.61000061035156
2018-01-02 16:30:00,35.70500183105469
2018-01-02 17:30:00,35.654998779296875
2018-01-02 18:30:00,35.61000061035156
2018-01-02 19:30:00,35.73500061035156
2018-01-02 20:30:00,35.869998931884766
2018-01-03 14:30:00,36.709999084472656
2018-01-03 15:30:00,36.79999923706055
2018-01-03 16:30:00,36.63999938964844
2018-01-03 17:30:00,36.5099983215332
2018-01-03 18:30:00,36.63249969482422
2018-01-03 19:30:00,36.73500061035156
2018-01-03 20:30:00,36.54999923706055
2018-01-04 14:30:00,36.56999969482422
2018-01-04 15:30:00,36.60499954223633
2018-01-04 16:30:00,36.625
2018-01-04 17:30:00,36.64500045776367
2018-01-04 18:30:00,36.65999984741211
2018-01-04 19:30:00,36.79999923706055
2018-01-04 20:30:00,36.810001373291016
2018-01-05 14:30:00,36.599998474121094
2018-01-05 15:30:00,36.79999923706055
2018-01-05 16:30:00,36.709999084472656
2018-01-05 17:30:00,36.81999969482422
2018-01-05 18:30:00,36.89500045776367
2018-01-05 19:30:00,36.86000061035156
2018-01-05 20:30:00,36.7400016784668
2018-01-08 14:30:00,36.16999816894531
2018-01-08 15:30:00,36.30500030517578
2018-01-08 16:30:00,36.349998474121094
2018-01-08 17:30:00,36.45500183105469
2018-01-08 18:30:00,36.38999938964844
2018-01-08 19:30:00,36.33000183105469
2018-01-08 20:30:00,36.25
2018-01-09 14:30:00,36.54999923706055
2018-01-09 15:30:00,36.564998626708984
2018-01-09 16:30:00,36.61009979248047
2018-01-09 17:30:00,36.599998474121094
2018-01-09 18:30:00,36.58000183105469
2018-01-09 19:30:00,36.61000061035156
2018-01-09 20:30:00,36.540000915527344
2018-01-10 14:30:00,36.474998474121094
2018-01-10 15:30:00,36.230098724365234
2018-01-10 16:30:00,36.0
2018-01-10 17:30:00,36.025001525878906
2018-01-10 18:30:00,35.7599983215332
2018-01-10 19:30:00,35.60499954223633
2018-01-10 20:30:00,35.560001373291016
2018-01-11 14:30:00,35.91999816894531
2018-01-11 15:30:00,35.81999969482422
2018-01-11 16:30:00,35.88999938964844
2018-01-11 17:30:00,35.91999816894531
2018-01-11 18:30:00,35.9900016784668
2018-01-11 19:30:00,36.08000183105469
2018-01-11 20:30:00,36.20000076293945
2018-01-12 14:30:00,36.224998474121094
2018-01-12 15:30:00,36.400001525878906
2018-01-12 16:30:00,36.48500061035156
2018-01-12 17:30:00,36.71900177001953
2018-01-12 18:30:00,36.58000183105469
2018-01-12 19:30:00,36.54999923706055
2018-01-12 20:30:00,36.720001220703125
2018-01-16 14:30:00,36.720001220703125
2018-01-16 15:30:00,36.65999984741211
2018-01-16 16:30:00,36.689998626708984
2018-01-16 17:30:00,36.599998474121094
2018-01-16 18:30:00,36.56999969482422
2018-01-16 19:30:00,36.584800720214844
2018-01-16 20:30:00,36.29999923706055
2018-01-17 14:30:00,36.529998779296875
2018-01-17 15:30:00,36.56999969482422
2018-01-17 16:30:00,36.59000015258789
2018-01-17 17:30:00,36.69499969482422
2018-01-17 18:30:00,36.900001525878906
2018-01-17 19:30:00,36.88999938964844
2018-01-17 20:30:00,37.11000061035156
2018-01-18 14:30:00,36.65999984741211
2018-01-18 15:30:00,36.619998931884766
2018-01-18 16:30:00,36.470001220703125
2018-01-18 17:30:00,36.349998474121094
2018-01-18 18:30:00,36.369998931884766
2018-01-18 19:30:00,36.209999084472656
2018-01-18 20:30:00,36.189998626708984
2018-01-19 14:30:00,36.14500045776367
2018-01-19 15:30:00,36.4900016784668
2018-01-19 16:30:00,36.29499816894531
2018-01-19 17:30:00,36.349998474121094
2018-01-19 18:30:00,36.29999923706055
2018-01-19 19:30:00,36.43000030517578
2018-01-19 20:30:00,36.650001525878906
2018-01-22 14:30:00,37.349998474121094
2018-01-22 15:30:00,37.31999969482422
2018-01-22 16:30:00,37.279998779296875
2018-01-22 17:30:00,37.275001525878906
2018-01-22 18:30:00,37.13999938964844
2018-01-22 19:30:00,37.25
2018-01-22 20:30:00,37.29999923706055
2018-01-23 14:30:00,37.20000076293945
2018-01-23 15:30:00,37.310001373291016
2018-01-23 16:30:00,37.650001525878906
2018-01-23 17:30:00,37.42499923706055
2018-01-23 18:30:00,37.5099983215332
2018-01-23 19:30:00,37.525001525878906
2018-01-23 20:30:00,37.52000045776367
2018-01-24 14:30:00,38.005001068115234
2018-01-24 15:30:00,38.16999816894531
2018-01-24 16:30:00,37.97999954223633
2018-01-24 17:30:00,38.0
2018-01-24 18:30:00,38.17499923706055
2018-01-24 19:30:00,38.07500076293945
2018-01-24 20:30:00,38.0
2018-01-25 14:30:00,38.060001373291016
2018-01-25 15:30:00,38.27000045776367
2018-01-25 16:30:00,38.095001220703125
2018-01-25 17:30:00,38.16999816894531
2018-01-25 18:30:00,38.189998626708984
2018-01-25 19:30:00,38.185001373291016
2018-01-25 20:30:00,38.18000030517578
2018-01-26 14:30:00,38.0
2018-01-26 15:30:00,38.15999984741211
2018-01-26 16:30:00,38.34000015258789
2018-01-26 17:30:00,38.529998779296875
2018-01-26 18:30:00,38.470001220703125
2018-01-26 19:30:00,38.560001373291016
2018-01-26 20:30:00,38.79999923706055
2018-01-29 14:30:00,38.88999938964844
2018-01-29 15:30:00,38.7400016784668
2018-01-29 16:30:00,38.724998474121094
2018-01-29 17:30:00,38.900001525878906
2018-01-29 18:30:00,38.900001525878906
2018-01-29 19:30:00,38.869998931884766
2018-01-29 20:30:00,38.75
2018-01-30 14:30:00,38.689998626708984
2018-01-30 15:30:00,38.83000183105469
2018-01-30 16:30:00,38.869998931884766
2018-01-30 17:30:00,38.60499954223633
2018-01-30 18:30:00,38.63999938964844
2018-01-30 19:30:00,38.560001373291016
2018-01-30 20:30:00,38.459999084472656
2018-01-31 14:30:00,37.650001525878906
2018-01-31 15:30:00,37.30500030517578
2018-01-31 16:30:00,37.02000045776367
2018-01-31 17:30:00,37.0
2018-01-31 18:30:00,36.85499954223633
2018-01-31 19:30:00,36.875
2018-01-31 20:30:00,36.90999984741211
2018-02-01 14:30:00,37.25
2018-02-01 15:30:00,37.099998474121094
2018-02-01 16:30:00,37.400001525878906
2018-02-01 17:30:00,37.334999084472656
2018-02-01 18:30:00,37.20000076293945
2018-02-01 19:30:00,37.18000030517578
2018-02-01 20:30:00,37.0
2018-02-02 14:30:00,37.13999938964844
2018-02-02 15:30:00,37.31999969482422
2018-02-02 16:30:00,37.20000076293945
2018-02-02 17:30:00,37.029998779296875
2018-02-02 18:30:00,36.599998474121094
2018-02-02 19:30:00,36.900001525878906
2018-02-02 20:30:00,36.709999084472656
2018-02-05 14:30:00,36.75
2018-02-05 15:30:00,36.7400016784668
2018-02-05 16:30:00,36.974998474121094
2018-02-05 17:30:00,37.11000061035156
2018-02-05 18:30:00,37.040000915527344
2018-02-05 19:30:00,36.404998779296875
2018-02-05 20:30:00,36.150001525878906
2018-02-06 14:30:00,36.0
2018-02-06 15:30:00,35.8849983215332
2018-02-06 16:30:00,35.9900016784668
2018-02-06 17:30:00,36.119998931884766
2018-02-06 18:30:00,35.91999816894531
2018-02-06 19:30:00,36.529998779296875
2018-02-06 20:30:00,36.79999923706055
2018-02-07 14:30:00,37.06999969482422
2018-02-07 15:30:00,37.06999969482422
2018-02-07 16:30:00,36.77000045776367
2018-02-07 17:30:00,36.65999984741211
2018-02-07 18:30:00,36.72999954223633
2018-02-07 19:30:00,36.54249954223633
2018-02-07 20:30:00,36.060001373291016
2018-02-08 14:30:00,35.84000015258789
2018-02-08 15:30:00,35.650001525878906
2018-02-08 16:30:00,35.61000061035156
2018-02-08 17:30:00,35.400001525878906
2018-02-08 18:30:00,35.63999938964844
2018-02-08 19:30:00,35.290000915527344
2018-02-08 20:30:00,34.58000183105469
2018-02-09 14:30:00,35.33000183105469
2018-02-09 15:30:00,34.68000030517578
2018-02-09 16:30:00,34.27000045776367
2018-02-09 17:30:00,34.31999969482422
2018-02-09 18:30:00,35.20000076293945
2018-02-09 19:30:00,35.290000915527344
2018-02-09 20:30:00,35.689998626708984
2018-02-12 14:30:00,36.279998779296875
2018-02-12 15:30:00,36.45000076293945
2018-02-12 16:30:00,36.75
2018-02-12 17:30:00,36.654998779296875
2018-02-12 18:30:00,36.4900016784668
2018-02-12 19:30:00,36.52000045776367
2018-02-12 20:30:00,36.40999984741211
2018-02-13 14:30:00,36.45000076293945
2018-02-13 15:30:00,36.349998474121094
2018-02-13 16:30:00,36.25
2018-02-13 17:30:00,36.45000076293945
2018-02-13 18:30:00,36.60499954223633
2018-02-13 19:30:00,36.72999954223633
2018-02-13 20:30:00,36.59000015258789
2018-02-14 14:30:00,36.5
2018-02-14 15:30:00,36.41999816894531
2018-02-14 16:30:00,36.52000045776367
2018-02-14 17:30:00,36.63999938964844
2018-02-14 18:30:00,36.720001220703125
2018-02-14 19:30:00,36.65999984741211
2018-02-14 20:30:00,36.54999923706055
2018-02-15 14:30:00,36.88999938964844
2018-02-15 15:30:00,36.720001220703125
2018-02-15 16:30:00,36.775001525878906
2018-02-15 17:30:00,36.83000183105469
2018-02-15 18:30:00,37.029998779296875
2018-02-15 19:30:00,36.93000030517578
2018-02-15 20:30:00,36.970001220703125
2018-02-16 14:30:00,37.33000183105469
2018-02-16 15:30:00,37.5
2018-02-16 16:30:00,37.59000015258789
2018-02-16 17:30:00,37.189998626708984
2018-02-16 18:30:00,37.369998931884766
2018-02-16 19:30:00,37.529998779296875
2018-02-16 20:30:00,37.459999084472656
2018-02-20 14:30:00,37.40999984741211
2018-02-20 15:30:00,37.59000015258789
2018-02-20 16:30:00,37.459999084472656
2018-02-20 17:30:00,37.400001525878906
2018-02-20 18:30:00,37.2400016784668
2018-02-20 19:30:00,37.11000061035156
2018-02-20 20:30:00,37.119998931884766
2018-02-21 14:30:00,37.29999923706055
2018-02-21 15:30:00,37.41999816894531
2018-02-21 16:30:00,37.22999954223633
2018-02-21 17:30:00,37.310001373291016
2018-02-21 18:30:00,37.52000045776367
2018-02-21 19:30:00,37.400001525878906
2018-02-21 20:30:00,37.060001373291016
2018-02-22 14:30:00,37.16999816894531
2018-02-22 15:30:00,37.34000015258789
2018-02-22 16:30:00,37.2599983215332
2018-02-22 17:30:00,37.15999984741211
2018-02-22 18:30:00,37.189998626708984
2018-02-22 19:30:00,37.209999084472656
2018-02-22 20:30:00,37.15999984741211
2018-02-23 14:30:00,37.25
2018-02-23 15:30:00,37.400001525878906
2018-02-23 16:30:00,37.61000061035156
2018-02-23 17:30:00,37.63999938964844
2018-02-23 18:30:00,37.6505012512207
2018-02-23 19:30:00,37.88999938964844
2018-02-23 20:30:00,38.029998779296875
2018-02-26 14:30:00,38.25
2018-02-26 15:30:00,38.52000045776367
2018-02-26 16:30:00,38.43000030517578
2018-02-26 17:30:00,38.685001373291016
2018-02-26 18:30:00,38.720001220703125
2018-02-26 19:30:00,38.775001525878906
2018-02-26 20:30:00,38.81999969482422
2018-02-27 14:30:00,38.189998626708984
2018-02-27 15:30:00,37.810001373291016
2018-02-27 16:30:00,37.81999969482422
2018-02-27 17:30:00,37.88999938964844
2018-02-27 18:30:00,37.709999084472656
2018-02-27 19:30:00,37.724998474121094
2018-02-27 20:30:00,37.630001068115234
2018-02-28 14:30:00,37.69499969482422
2018-02-28 15:30:00,37.459999084472656
2018-02-28 16:30:00,37.47999954223633
2018-02-28 17:30:00,37.56999969482422
2018-02-28 18:30:00,37.46500015258789
2018-02-28 19:30:00,37.13999938964844
2018-02-28 20:30:00,36.81999969482422
2018-03-01 14:30:00,36.92499923706055
2018-03-01 15:30:00,36.79499816894531
2018-03-01 16:30:00,36.56999969482422
2018-03-01 17:30:00,36.099998474121094
2018-03-01 18:30:00,36.0
2018-03-01 19:30:00,36.125
2018-03-01 20:30:00,35.93000030517578
2018-03-02 14:30:00,35.720001220703125
2018-03-02 15:30:00,35.654998779296875
2018-03-02 16:30:00,35.9900016784668
2018-03-02 17:30:00,35.9900016784668
2018-03-02 18:30:00,35.95000076293945
2018-03-02 19:30:00,36.220001220703125
2018-03-02 20:30:00,36.36000061035156
2018-03-05 14:30:00,36.290000915527344
2018-03-05 15:30:00,36.77000045776367
2018-03-05 16:30:00,37.040000915527344
2018-03-05 17:30:00,36.86000061035156
2018-03-05 18:30:00,36.70000076293945
2018-03-05 19:30:00,36.810001373291016
2018-03-05 20:30:00,36.650001525878906
2018-03-06 14:30:00,37.029998779296875
2018-03-06 15:30:00,36.81999969482422
2018-03-06 16:30:00,37.06999969482422
2018-03-06 17:30:00,37.38999938964844
2018-03-06 18:30:00,37.310001373291016
2018-03-06 19:30:00,37.40999984741211
2018-03-06 20:30:00,37.540000915527344
2018-03-07 14:30:00,37.025001525878906
2018-03-07 15:30:00,36.915000915527344
2018-03-07 16:30:00,36.86000061035156
2018-03-07 17:30:00,36.79499816894531
2018-03-07 18:30:00,36.724998474121094
2018-03-07 19:30:00,37.02000045776367
2018-03-07 20:30:00,37.0099983215332
2018-03-08 14:30:00,37.16999816894531
2018-03-08 15:30:00,37.22999954223633
2018-03-08 16:30:00,37.279998779296875
2018-03-08 17:30:00,37.2400016784668
2018-03-08 18:30:00,37.279998779296875
2018-03-08 19:30:00,37.369998931884766
2018-03-08 20:30:00,37.18000030517578
2018-03-09 14:30:00,37.470001220703125
2018-03-09 15:30:00,37.470001220703125
2018-03-09 16:30:00,37.40999984741211
2018-03-09 17:30:00,37.36000061035156
2018-03-09 18:30:00,37.45000076293945
2018-03-09 19:30:00,37.470001220703125
2018-03-09 20:30:00,37.7400016784668
2018-03-12 13:30:00,38.220001220703125
2018-03-12 14:30:00,38.0
2018-03-12 15:30:00,38.029998779296875
2018-03-12 16:30:00,37.900001525878906
2018-03-12 17:30:00,37.79999923706055
2018-03-12 18:30:00,37.9900016784668
2018-03-12 19:30:00,37.9900016784668
2018-03-13 13:30:00,37.70500183105469
2018-03-13 14:30:00,37.56999969482422
2018-03-13 15:30:00,37.54999923706055
2018-03-13 16:30:00,37.61000061035156
2018-03-13 17:30:00,37.54999923706055
2018-03-13 18:30:00,37.29999923706055
2018-03-13 19:30:00,37.40999984741211
2018-03-14 13:30:00,37.560001373291016
2018-03-14 14:30:00,37.619998931884766
2018-03-14 15:30:00,37.47999954223633
2018-03-14 16:30:00,37.58000183105469
2018-03-14 17:30:00,37.654998779296875
2018-03-14 18:30:00,37.70000076293945
2018-03-14 19:30:00,37.70000076293945
2018-03-15 13:30:00,37.375
2018-03-15 14:30:00,37.63999938964844
2018-03-15 15:30:00,37.54499816894531
2018-03-15 16:30:00,37.51499938964844
2018-03-15 17:30:00,37.48500061035156
2018-03-15 18:30:00,37.42499923706055
2018-03-15 19:30:00,37.15999984741211
2018-03-16 13:30:00,37.42499923706055
2018-03-16 14:30:00,37.40999984741211
2018-03-16 15:30:00,37.39500045776367
2018-03-16 16:30:00,37.33000183105469
2018-03-16 17:30:00,37.290000915527344
2018-03-16 18:30:00,37.19499969482422
2018-03-16 19:30:00,37.13999938964844
2018-03-19 13:30:00,36.91999816894531
2018-03-19 14:30:00,36.79999923706055
2018-03-19 15:30:00,36.72999954223633
2018-03-19 16:30:00,36.529998779296875
2018-03-19 17:30:00,36.584999084472656
2018-03-19 18:30:00,36.619998931884766
2018-03-19 19:30:00,36.790000915527344
2018-03-20 13:30:00,36.91999816894531
2018-03-20 14:30:00,36.974998474121094
2018-03-20 15:30:00,36.89500045776367
2018-03-20 16:30:00,36.66999816894531
2018-03-20 17:30:00,36.720001220703125
2018-03-20 18:30:00,36.75
2018-03-20 19:30:00,36.689998626708984
2018-03-21 13:30:00,36.939998626708984
2018-03-21 14:30:00,37.0
2018-03-21 15:30:00,37.03499984741211
2018-03-21 16:30:00,36.95500183105469
2018-03-21 17:30:00,36.95000076293945
2018-03-21 18:30:00,36.91999816894531
2018-03-21 19:30:00,36.8650016784668
2018-03-22 13:30:00,36.849998474121094
2018-03-22 14:30:00,36.685001373291016
2018-03-22 15:30:00,36.849998474121094
2018-03-22 16:30:00,37.08000183105469
2018-03-22 17:30:00,37.0
2018-03-22 18:30:00,36.95500183105469
2018-03-22 19:30:00,36.7599983215332
2018-03-23 13:30:00,36.880001068115234
2018-03-23 14:30:00,36.91999816894531
2018-03-23 15:30:00,36.790000915527344
2018-03-23 16:30:00,36.79999923706055
2018-03-23 17:30:00,36.66999816894531
2018-03-23 18:30:00,36.3650016784668
2018-03-23 19:30:00,36.11000061035156
2018-03-26 13:30:00,36.63999938964844
2018-03-26 14:30:00,36.58000183105469
2018-03-26 15:30:00,36.66999816894531
2018-03-26 16:30:00,36.60499954223633
2018-03-26 17:30:00,36.79999923706055
2018-03-26 18:30:00,36.8650016784668
2018-03-26 19:30:00,37.029998779296875
2018-03-27 13:30:00,36.7400016784668
2018-03-27 14:30:00,36.709999084472656
2018-03-27 15:30:00,36.91999816894531
2018-03-27 16:30:00,36.880001068115234
2018-03-27 17:30:00,36.75
2018-03-27 18:30:00,36.380001068115234
2018-03-27 19:30:00,36.470001220703125
2018-03-28 13:30:00,36.5099983215332
2018-03-28 14:30:00,36.25
2018-03-28 15:30:00,36.349998474121094
2018-03-28 16:30:00,36.29999923706055
2018-03-28 17:30:00,36.02000045776367
2018-03-28 18:30:00,36.002498626708984
2018-03-28 19:30:00,35.869998931884766
2018-03-29 13:30:00,36.275001525878906
2018-03-29 14:30:00,36.43000030517578
2018-03-29 15:30:00,36.4900016784668
2018-03-29 16:30:00,36.494998931884766
2018-03-29 17:30:00,36.54999923706055
2018-03-29 18:30:00,36.654998779296875
2018-03-29 19:30:00,36.650001525878906
2018-04-02 13:30:00,36.540000915527344
2018-04-02 14:30:00,36.310001373291016
2018-04-02 15:30:00,35.95000076293945
2018-04-02 16:30:00,35.970001220703125
2018-04-02 17:30:00,35.83000183105469
2018-04-02 18:30:00,35.86000061035156
2018-04-02 19:30:00,36.150001525878906
2018-04-03 13:30:00,35.91999816894531
2018-04-03 14:30:00,35.929298400878906
2018-04-03 15:30:00,35.67499923706055
2018-04-03 16:30:00,35.7400016784668
2018-04-03 17:30:00,35.79999923706055
2018-04-03 18:30:00,36.15999984741211
2018-04-03 19:30:00,36.14500045776367
2018-04-04 13:30:00,35.7599983215332
2018-04-04 14:30:00,35.84000015258789
2018-04-04 15:30:00,36.130001068115234
2018-04-04 16:30:00,36.0
2018-04-04 17:30:00,36.15999984741211
2018-04-04 18:30:00,36.18000030517578
2018-04-04 19:30:00,36.13999938964844
2018-04-05 13:30:00,36.025001525878906
2018-04-05 14:30:00,36.220001220703125
2018-04-05 15:30:00,36.17499923706055
2018-04-05 16:30:00,36.154998779296875
2018-04-05 17:30:00,36.130001068115234
2018-04-05 18:30:00,36.54999923706055
2018-04-05 19:30:00,36.36000061035156
2018-04-06 13:30:00,36.150001525878906
2018-04-06 14:30:00,36.03499984741211
2018-04-06 15:30:00,35.95000076293945
2018-04-06 16:30:00,36.119998931884766
2018-04-06 17:30:00,35.630001068115234
2018-04-06 18:30:00,35.630001068115234
2018-04-06 19:30:00,35.68000030517578
2018-04-09 13:30:00,35.900001525878906
2018-04-09 14:30:00,36.1599006652832
2018-04-09 15:30:00,36.22999954223633
2018-04-09 16:30:00,36.22999954223633
2018-04-09 17:30:00,36.1150016784668
2018-04-09 18:30:00,35.869998931884766
2018-04-09 19:30:00,35.709999084472656
2018-04-10 13:30:00,36.13999938964844
2018-04-10 14:30:00,36.20500183105469
2018-04-10 15:30:00,36.29999923706055
2018-04-10 16:30:00,36.4900016784668
2018-04-10 17:30:00,36.407501220703125
2018-04-10 18:30:00,36.470001220703125
2018-04-10 19:30:00,36.2599983215332
2018-04-11 13:30:00,36.26499938964844
2018-04-11 14:30:00,36.31999969482422
2018-04-11 15:30:00,36.459999084472656
2018-04-11 16:30:00,36.290000915527344
2018-04-11 17:30:00,36.290000915527344
2018-04-11 18:30:00,36.20000076293945
2018-04-11 19:30:00,36.20000076293945
2018-04-12 13:30:00,36.5
2018-04-12 14:30:00,36.48500061035156
2018-04-12 15:30:00,36.41999816894531
2018-04-12 16:30:00,36.25
2018-04-12 17:30:00,36.40999984741211
2018-04-12 18:30:00,36.55500030517578
2018-04-12 19:30:00,36.47999954223633
2018-04-13 13:30:00,36.599998474121094
2018-04-13 14:30:00,36.790000915527344
2018-04-13 15:30:00,36.849998474121094
2018-04-13 16:30:00,36.75
2018-04-13 17:30:00,36.86000061035156
2018-04-13 18:30:00,36.70000076293945
2018-04-13 19:30:00,36.790000915527344
2018-04-16 13:30:00,37.03499984741211
2018-04-16 14:30:00,36.95000076293945
2018-04-16 15:30:00,36.98500061035156
2018-04-16 16:30:00,37.16999816894531
2018-04-16 17:30:00,37.06999969482422
2018-04-16 18:30:00,37.099998474121094
2018-04-16 19:30:00,37.029998779296875
2018-04-17 13:30:00,37.40999984741211
2018-04-17 14:30:00,37.7599983215332
2018-04-17 15:30:00,37.849998474121094
2018-04-17 16:30:00,37.82500076293945
2018-04-17 17:30:00,37.81999969482422
2018-04-17 18:30:00,37.75
2018-04-17 19:30:00,37.529998779296875
2018-04-18 13:30:00,37.540000915527344
2018-04-18 14:30:00,37.619998931884766
2018-04-18 15:30:00,37.61000061035156
2018-04-18 16:30:00,37.595001220703125
2018-04-18 17:30:00,37.525001525878906
2018-04-18 18:30:00,37.369998931884766
2018-04-18 19:30:00,37.31999969482422
2018-04-19 13:30:00,37.73500061035156
2018-04-19 14:30:00,37.51499938964844
2018-04-19 15:30:00,37.23500061035156
2018-04-19 16:30:00,37.119998931884766
2018-04-19 17:30:00,37.140098571777344
2018-04-19 18:30:00,37.130001068115234
2018-04-19 19:30:00,37.20000076293945
2018-04-20 13:30:00,37.08000183105469
2018-04-20 14:30:00,36.720001220703125
2018-04-20 15:30:00,36.959999084472656
2018-04-20 16:30:00,36.900001525878906
2018-04-20 17:30:00,36.95500183105469
2018-04-20 18:30:00,36.69499969482422
2018-04-20 19:30:00,36.689998626708984
2018-04-23 13:30:00,36.7400016784668
2018-04-23 14:30:00,36.70000076293945
2018-04-23 15:30:00,36.70000076293945
2018-04-23 16:30:00,36.61000061035156
2018-04-23 17:30:00,36.45000076293945
2018-04-23 18:30:00,36.35499954223633
2018-04-23 19:30:00,36.4900016784668
2018-04-24 13:30:00,36.29999923706055
2018-04-24 14:30:00,36.27000045776367
2018-04-24 15:30:00,36.16999816894531
2018-04-24 16:30:00,36.06999969482422
2018-04-24 17:30:00,35.93000030517578
2018-04-24 18:30:00,35.97999954223633
2018-04-24 19:30:00,36.0099983215332
2018-04-25 13:30:00,36.63999938964844
2018-04-25 14:30:00,36.93000030517578
2018-04-25 15:30:00,36.720001220703125
2018-04-25 16:30:00,36.72999954223633
2018-04-25 17:30:00,36.62099838256836
2018-04-25 18:30:00,36.71500015258789
2018-04-25 19:30:00,36.599998474121094
2018-04-26 13:30:00,36.9900016784668
2018-04-26 14:30:00,36.72999954223633
2018-04-26 15:30:00,36.494998931884766
2018-04-26 16:30:00,36.41999816894531
2018-04-26 17:30:00,36.375
2018-04-26 18:30:00,36.39500045776367
2018-04-26 19:30:00,36.25
2018-04-27 13:30:00,36.685001373291016
2018-04-27 14:30:00,36.630001068115234
2018-04-27 15:30:00,36.458499908447266
2018-04-27 16:30:00,36.56999969482422
2018-04-27 17:30:00,36.4900016784668
2018-04-27 18:30:00,36.58000183105469
2018-04-27 19:30:00,36.38999938964844
2018-04-30 13:30:00,36.959999084472656
2018-04-30 14:30:00,36.970001220703125
2018-04-30 15:30:00,36.709999084472656
2018-04-30 16:30:00,36.709999084472656
2018-04-30 17:30:00,36.7599983215332
2018-04-30 18:30:00,36.720001220703125
2018-04-30 19:30:00,36.560001373291016
2018-05-01 13:30:00,36.439998626708984
2018-05-01 14:30:00,36.26499938964844
2018-05-01 15:30:00,36.38999938964844
2018-05-01 16:30:00,36.310001373291016
2018-05-01 17:30:00,36.459999084472656
2018-05-01 18:30:00,36.560001373291016
2018-05-01 19:30:00,36.56999969482422
2018-05-02 13:30:00,36.400001525878906
2018-05-02 14:30:00,36.790000915527344
2018-05-02 15:30:00,36.790000915527344
2018-05-02 16:30:00,36.7599983215332
2018-05-02 17:30:00,36.970001220703125
2018-05-02 18:30:00,36.880001068115234
2018-05-02 19:30:00,36.75
2018-05-03 13:30:00,36.20000076293945
2018-05-03 14:30:00,35.97999954223633
2018-05-03 15:30:00,36.20000076293945
2018-05-03 16:30:00,36.75
2018-05-03 17:30:00,36.90999984741211
2018-05-03 18:30:00,36.869998931884766
2018-05-03 19:30:00,36.880001068115234
2018-05-04 13:30:00,37.41999816894531
2018-05-04 14:30:00,37.439998626708984
2018-05-04 15:30:00,37.689998626708984
2018-05-04 16:30:00,37.5099983215332
2018-05-04 17:30:00,37.564998626708984
2018-05-04 18:30:00,37.70500183105469
2018-05-04 19:30:00,37.66999816894531
2018-05-07 13:30:00,37.974998474121094
2018-05-07 14:30:00,37.994998931884766
2018-05-07 15:30:00,38.08000183105469
2018-05-07 16:30:00,37.91999816894531
2018-05-07 17:30:00,37.939998626708984
2018-05-07 18:30:00,38.0
2018-05-07 19:30:00,38.04999923706055
2018-05-08 13:30:00,38.7400016784668
2018-05-08 14:30:00,38.380001068115234
2018-05-08 15:30:00,37.959999084472656
2018-05-08 16:30:00,38.119998931884766
2018-05-08 17:30:00,38.08000183105469
2018-05-08 18:30:00,38.0
2018-05-08 19:30:00,37.9900016784668
2018-05-09 13:30:00,37.95000076293945
2018-05-09 14:30:00,37.790000915527344
2018-05-09 15:30:00,37.900001525878906
2018-05-09 16:30:00,38.0099983215332
2018-05-09 17:30:00,37.79999923706055
2018-05-09 18:30:00,37.7599983215332
2018-05-09 19:30:00,37.66999816894531
2018-05-10 13:30:00,38.15999984741211
2018-05-10 14:30:00,38.13999938964844
2018-05-10 15:30:00,38.10499954223633
2018-05-10 16:30:00,38.11000061035156
2018-05-10 17:30:00,38.119998931884766
2018-05-10 18:30:00,38.02000045776367
2018-05-10 19:30:00,37.91999816894531
2018-05-11 13:30:00,38.0
2018-05-11 14:30:00,37.94499969482422
2018-05-11 15:30:00,37.709999084472656
2018-05-11 16:30:00,37.79999923706055
2018-05-11 17:30:00,37.779998779296875
2018-05-11 18:30:00,37.814998626708984
2018-05-11 19:30:00,37.93000030517578
2018-05-14 13:30:00,37.93000030517578
2018-05-14 14:30:00,37.77000045776367
2018-05-14 15:30:00,37.70000076293945
2018-05-14 16:30:00,37.540000915527344
2018-05-14 17:30:00,37.689998626708984
2018-05-14 18:30:00,37.619998931884766
2018-05-14 19:30:00,37.77000045776367
2018-05-15 13:30:00,37.779998779296875
2018-05-15 14:30:00,37.599998474121094
2018-05-15 15:30:00,37.58000183105469
2018-05-15 16:30:00,37.684898376464844
2018-05-15 17:30:00,37.70000076293945
2018-05-15 18:30:00,37.810001373291016
2018-05-15 19:30:00,37.88999938964844
2018-05-16 13:30:00,37.95000076293945
2018-05-16 14:30:00,37.904998779296875
2018-05-16 15:30:00,38.08000183105469
2018-05-16 16:30:00,38.150001525878906
2018-05-16 17:30:00,38.209999084472656
2018-05-16 18:30:00,38.150001525878906
2018-05-16 19:30:00,38.15999984741211
2018-05-17 13:30:00,38.220001220703125
2018-05-17 14:30:00,38.27000045776367
2018-05-17 15:30:00,38.099998474121094
2018-05-17 16:30:00,38.0099983215332
2018-05-17 17:30:00,37.869998931884766
2018-05-17 18:30:00,37.7400016784668
2018-05-17 19:30:00,37.75
2018-05-18 13:30:00,37.72999954223633
2018-05-18 14:30:00,37.66999816894531
2018-05-18 15:30:00,37.709999084472656
2018-05-18 16:30:00,37.7400016784668
2018-05-18 17:30:00,37.73500061035156
2018-05-18 18:30:00,37.72999954223633
2018-05-18 19:30:00,37.65999984741211
2018-05-21 13:30:00,37.959999084472656
2018-05-21 14:30:00,37.79999923706055
2018-05-21 15:30:00,37.97999954223633
2018-05-21 16:30:00,37.939998626708984
2018-05-21 17:30:00,37.90999984741211
2018-05-21 18:30:00,37.875
2018-05-21 19:30:00,37.91999816894531
2018-05-22 13:30:00,38.470001220703125
2018-05-22 14:30:00,38.44499969482422
2018-05-22 15:30:00,38.290000915527344
2018-05-22 16:30:00,38.38999938964844
2018-05-22 17:30:00,38.35499954223633
2018-05-22 18:30:00,38.2599983215332
2018-05-22 19:30:00,38.15999984741211
2018-05-23 13:30:00,38.529998779296875
2018-05-23 14:30:00,38.540000915527344
2018-05-23 15:30:00,38.86000061035156
2018-05-23 16:30:00,39.025001525878906
2018-05-23 17:30:00,38.77000045776367
2018-05-23 18:30:00,38.70000076293945
2018-05-23 19:30:00,38.744998931884766
2018-05-24 13:30:00,38.619998931884766
2018-05-24 14:30:00,38.70500183105469
2018-05-24 15:30:00,38.80500030517578
2018-05-24 16:30:00,38.880001068115234
2018-05-24 17:30:00,38.89500045776367
2018-05-24 18:30:00,38.86000061035156
2018-05-24 19:30:00,38.93000030517578
2018-05-25 13:30:00,39.11000061035156
2018-05-25 14:30:00,39.2599983215332
2018-05-25 15:30:00,39.0
2018-05-25 16:30:00,39.040000915527344
2018-05-25 17:30:00,39.099998474121094
2018-05-25 18:30:00,39.01499938964844
2018-05-25 19:30:00,38.95000076293945
2018-05-29 13:30:00,38.709999084472656
2018-05-29 14:30:00,38.66999816894531
2018-05-29 15:30:00,38.489898681640625
2018-05-29 16:30:00,38.5099983215332
2018-05-29 17:30:00,38.599998474121094
2018-05-29 18:30:00,38.560001373291016
2018-05-29 19:30:00,38.650001525878906
2018-05-30 13:30:00,38.900001525878906
2018-05-30 14:30:00,38.72999954223633
2018-05-30 15:30:00,38.70500183105469
2018-05-30 16:30:00,38.720001220703125
2018-05-30 17:30:00,38.650001525878906
2018-05-30 18:30:00,38.52000045776367
2018-05-30 19:30:00,38.650001525878906
2018-05-31 13:30:00,38.5
2018-05-31 14:30:00,38.40999984741211
2018-05-31 15:30:00,38.334999084472656
2018-05-31 16:30:00,38.41999816894531
2018-05-31 17:30:00,38.51499938964844
2018-05-31 18:30:00,38.529998779296875
2018-05-31 19:30:00,38.56999969482422
2018-06-01 13:30:00,38.66999816894531
2018-06-01 14:30:00,38.650001525878906
2018-06-01 15:30:00,38.63999938964844
2018-06-01 16:30:00,38.59000015258789
2018-06-01 17:30:00,38.650001525878906
2018-06-01 18:30:00,38.4900016784668
2018-06-01 19:30:00,38.54999923706055
2018-06-04 13:30:00,38.7400016784668
2018-06-04 14:30:00,38.7599983215332
2018-06-04 15:30:00,38.77000045776367
2018-06-04 16:30:00,38.79999923706055
2018-06-04 17:30:00,38.83000183105469
2018-06-04 18:30:00,38.77000045776367
2018-06-04 19:30:00,38.650001525878906
2018-06-05 13:30:00,38.79999923706055
2018-06-05 14:30:00,38.84000015258789
2018-06-05 15:30:00,38.869998931884766
2018-06-05 16:30:00,38.97999954223633
2018-06-05 17:30:00,38.97999954223633
2018-06-05 18:30:00,39.0
2018-06-05 19:30:00,39.09000015258789
2018-06-06 13:30:00,38.939998626708984
2018-06-06 14:30:00,38.97999954223633
2018-06-06 15:30:00,38.970001220703125
2018-06-06 16:30:00,38.970001220703125
2018-06-06 17:30:00,39.06999969482422
2018-06-06 18:30:00,39.150001525878906
2018-06-06 19:30:00,39.369998931884766
2018-06-07 13:30:00,39.38249969482422
2018-06-07 14:30:00,39.31850051879883
2018-06-07 15:30:00,39.32500076293945
2018-06-07 16:30:00,39.28499984741211
2018-06-07 17:30:00,39.599998474121094
2018-06-07 18:30:00,39.55500030517578
2018-06-07 19:30:00,39.64500045776367
2018-06-08 13:30:00,39.88999938964844
2018-06-08 14:30:00,40.25
2018-06-08 15:30:00,40.16999816894531
2018-06-08 16:30:00,40.20000076293945
2018-06-08 17:30:00,40.189998626708984
2018-06-08 18:30:00,40.13010025024414
2018-06-08 19:30:00,39.97999954223633
2018-06-11 13:30:00,40.400001525878906
2018-06-11 14:30:00,40.400001525878906
2018-06-11 15:30:00,40.81999969482422
2018-06-11 16:30:00,40.86000061035156
2018-06-11 17:30:00,40.63999938964844
2018-06-11 18:30:00,40.3650016784668
2018-06-11 19:30:00,40.13999938964844
2018-06-12 13:30:00,40.63999938964844
2018-06-12 14:30:00,40.880001068115234
2018-06-12 15:30:00,40.73500061035156
2018-06-12 16:30:00,40.689998626708984
2018-06-12 17:30:00,40.525001525878906
2018-06-12 18:30:00,40.560001373291016
2018-06-12 19:30:00,40.5099983215332
2018-06-13 13:30:00,43.72999954223633
2018-06-13 14:30:00,43.56999969482422
2018-06-13 15:30:00,43.54999923706055
2018-06-13 16:30:00,43.5
2018-06-13 17:30:00,43.255001068115234
2018-06-13 18:30:00,43.27000045776367
2018-06-13 19:30:00,43.68000030517578
2018-06-14 13:30:00,44.33000183105469
2018-06-14 14:30:00,44.470001220703125
2018-06-14 15:30:00,44.45000076293945
2018-06-14 16:30:00,44.52000045776367
2018-06-14 17:30:00,44.4557991027832
2018-06-14 18:30:00,44.61000061035156
2018-06-14 19:30:00,44.59000015258789
2018-06-15 13:30:00,44.75
2018-06-15 14:30:00,44.5099983215332
2018-06-15 15:30:00,44.720001220703125
2018-06-15 16:30:00,44.665000915527344
2018-06-15 17:30:00,44.685001373291016
2018-06-15 18:30:00,44.584999084472656
2018-06-15 19:30:00,44.599998474121094
2018-06-18 13:30:00,44.45000076293945
2018-06-18 14:30:00,44.654998779296875
2018-06-18 15:30:00,44.65999984741211
2018-06-18 16:30:00,44.630001068115234
2018-06-18 17:30:00,44.599998474121094
2018-06-18 18:30:00,44.529998779296875
2018-06-18 19:30:00,44.540000915527344
2018-06-19 13:30:00,44.5099983215332
2018-06-19 14:30:00,44.66999816894531
2018-06-19 15:30:00,44.85499954223633
2018-06-19 16:30:00,44.72999954223633
2018-06-19 17:30:00,44.720001220703125
2018-06-19 18:30:00,44.720001220703125
2018-06-19 19:30:00,44.709999084472656
2018-06-20 13:30:00,47.600101470947266
2018-06-20 14:30:00,47.91999816894531
2018-06-20 15:30:00,47.88999938964844
2018-06-20 16:30:00,47.970001220703125
2018-06-20 17:30:00,48.459999084472656
2018-06-20 18:30:00,48.0
2018-06-20 19:30:00,48.095001220703125
2018-06-21 13:30:00,48.619998931884766
2018-06-21 14:30:00,48.970001220703125
2018-06-21 15:30:00,48.91999816894531
2018-06-21 16:30:00,48.70000076293945
2018-06-21 17:30:00,48.83000183105469
2018-06-21 18:30:00,48.779998779296875
2018-06-21 19:30:00,48.34000015258789
2018-06-22 13:30:00,48.900001525878906
2018-06-22 14:30:00,48.83000183105469
2018-06-22 15:30:00,48.65999984741211
2018-06-22 16:30:00,48.83000183105469
2018-06-22 17:30:00,48.79999923706055
2018-06-22 18:30:00,48.66999816894531
2018-06-22 19:30:00,48.61000061035156
2018-06-25 13:30:00,48.51499938964844
2018-06-25 14:30:00,48.3031005859375
2018-06-25 15:30:00,48.07500076293945
2018-06-25 16:30:00,47.880001068115234
2018-06-25 17:30:00,48.060001373291016
2018-06-25 18:30:00,47.9900016784668
2018-06-25 19:30:00,48.150001525878906
2018-06-26 13:30:00,48.415000915527344
2018-06-26 14:30:00,48.18000030517578
2018-06-26 15:30:00,47.845001220703125
2018-06-26 16:30:00,47.712501525878906
2018-06-26 17:30:00,47.59000015258789
2018-06-26 18:30:00,47.65999984741211
2018-06-26 19:30:00,47.66999816894531
2018-06-27 13:30:00,48.38999938964844
2018-06-27 14:30:00,48.44499969482422
2018-06-27 15:30:00,48.45000076293945
2018-06-27 16:30:00,48.630001068115234
2018-06-27 17:30:00,48.709999084472656
2018-06-27 18:30:00,48.939998626708984
2018-06-27 19:30:00,48.880001068115234
2018-06-28 13:30:00,49.31999969482422
2018-06-28 14:30:00,49.68000030517578
2018-06-28 15:30:00,49.560001373291016
2018-06-28 16:30:00,49.474998474121094
2018-06-28 17:30:00,49.625
2018-06-28 18:30:00,49.755001068115234
2018-06-28 19:30:00,49.790000915527344
2018-06-29 13:30:00,49.540000915527344
2018-06-29 14:30:00,49.78499984741211
2018-06-29 15:30:00,49.97999954223633
2018-06-29 16:30:00,50.06999969482422
2018-06-29 17:30:00,50.119998931884766
2018-06-29 18:30:00,49.79999923706055
2018-06-29 19:30:00,49.72999954223633
2018-07-02 13:30:00,49.56999969482422
2018-07-02 14:30:00,49.849998474121094
2018-07-02 15:30:00,49.29899978637695
2018-07-02 16:30:00,49.06999969482422
2018-07-02 17:30:00,49.099998474121094
2018-07-02 18:30:00,49.0
2018-07-02 19:30:00,49.20000076293945
2018-07-03 13:30:00,49.0625
2018-07-03 14:30:00,48.915000915527344
2018-07-03 15:30:00,48.88999938964844
2018-07-03 17:00:00,48.445701599121094
2018-07-05 13:30:00,48.5099983215332
2018-07-05 14:30:00,48.5
2018-07-05 15:30:00,48.47999954223633
2018-07-05 16:30:00,48.435001373291016
2018-07-05 17:30:00,48.5099983215332
2018-07-05 18:30:00,48.59000015258789
2018-07-05 19:30:00,48.72999954223633
2018-07-06 13:30:00,48.720001220703125
2018-07-06 14:30:00,48.974998474121094
2018-07-06 15:30:00,49.06999969482422
2018-07-06 16:30:00,48.91999816894531
2018-07-06 17:30:00,48.88999938964844
2018-07-06 18:30:00,48.93000030517578
2018-07-06 19:30:00,48.935001373291016
2018-07-09 13:30:00,48.630001068115234
2018-07-09 14:30:00,48.67499923706055
2018-07-09 15:30:00,49.06999969482422
2018-07-09 16:30:00,49.224998474121094
2018-07-09 17:30:00,49.345001220703125
2018-07-09 18:30:00,49.39500045776367
2018-07-09 19:30:00,49.560001373291016
2018-07-10 13:30:00,50.02000045776367
2018-07-10 14:30:00,49.8650016784668
2018-07-10 15:30:00,49.810001373291016
2018-07-10 16:30:00,49.817501068115234
2018-07-10 17:30:00,49.8650016784668
2018-07-10 18:30:00,49.900001525878906
2018-07-10 19:30:00,49.77000045776367
2018-07-11 13:30:00,48.599998474121094
2018-07-11 14:30:00,48.02000045776367
2018-07-11 15:30:00,48.0099983215332
2018-07-11 16:30:00,47.904998779296875
2018-07-11 17:30:00,47.91999816894531
2018-07-11 18:30:00,47.900001525878906
2018-07-11 19:30:00,47.79999923706055
2018-07-12 13:30:00,47.619998931884766
2018-07-12 14:30:00,47.654998779296875
2018-07-12 15:30:00,47.599998474121094
2018-07-12 16:30:00,47.52000045776367
2018-07-12 17:30:00,47.4900016784668
2018-07-12 18:30:00,47.35499954223633
2018-07-12 19:30:00,47.38999938964844
2018-07-13 13:30:00,47.150001525878906
2018-07-13 14:30:00,47.224998474121094
2018-07-13 15:30:00,47.25
2018-07-13 16:30:00,47.44499969482422
2018-07-13 17:30:00,47.38999938964844
2018-07-13 18:30:00,47.470001220703125
2018-07-13 19:30:00,47.54999923706055
2018-07-16 13:30:00,46.400001525878906
2018-07-16 14:30:00,46.72999954223633
2018-07-16 15:30:00,46.86000061035156
2018-07-16 16:30:00,46.79999923706055
2018-07-16 17:30:00,46.86000061035156
2018-07-16 18:30:00,46.80500030517578
2018-07-16 19:30:00,46.720001220703125
2018-07-17 13:30:00,46.6349983215332
2018-07-17 14:30:00,46.6150016784668
2018-07-17 15:30:00,46.75
2018-07-17 16:30:00,46.66999816894531
2018-07-17 17:30:00,46.63999938964844
2018-07-17 18:30:00,46.619998931884766
2018-07-17 19:30:00,46.459999084472656
2018-07-18 13:30:00,46.560001373291016
2018-07-18 14:30:00,46.709999084472656
2018-07-18 15:30:00,46.619998931884766
2018-07-18 16:30:00,46.61000061035156
2018-07-18 17:30:00,46.77000045776367
2018-07-18 18:30:00,46.709999084472656
2018-07-18 19:30:00,46.689998626708984
2018-07-19 13:30:00,45.79999923706055
2018-07-19 14:30:00,45.939998626708984
2018-07-19 15:30:00,46.08250045776367
2018-07-19 16:30:00,46.11000061035156
2018-07-19 17:30:00,46.189998626708984
2018-07-19 18:30:00,46.4900016784668
2018-07-19 19:30:00,46.54999923706055
2018-07-20 13:30:00,46.0
2018-07-20 14:30:00,46.02000045776367
2018-07-20 15:30:00,45.97999954223633
2018-07-20 16:30:00,46.0
2018-07-20 17:30:00,45.95000076293945
2018-07-20 18:30:00,45.96500015258789
2018-07-20 19:30:00,46.0
2018-07-23 13:30:00,45.84000015258789
2018-07-23 14:30:00,45.79999923706055
2018-07-23 15:30:00,45.89500045776367
2018-07-23 16:30:00,45.959999084472656
2018-07-23 17:30:00,45.90999984741211
2018-07-23 18:30:00,45.95000076293945
2018-07-23 19:30:00,45.91999816894531
2018-07-24 13:30:00,45.900001525878906
2018-07-24 14:30:00,45.77000045776367
2018-07-24 15:30:00,45.849998474121094
2018-07-24 16:30:00,45.66999816894531
2018-07-24 17:30:00,45.39500045776367
2018-07-24 18:30:00,45.279998779296875
2018-07-24 19:30:00,45.25
2018-07-25 13:30:00,45.0
2018-07-25 14:30:00,45.02000045776367
2018-07-25 15:30:00,44.900001525878906
2018-07-25 16:30:00,44.650001525878906
2018-07-25 17:30:00,45.13999938964844
2018-07-25 18:30:00,45.09000015258789
2018-07-25 19:30:00,45.189998626708984
2018-07-26 13:30:00,45.560001373291016
2018-07-26 14:30:00,45.41999816894531
2018-07-26 15:30:00,45.314998626708984
2018-07-26 16:30:00,45.45000076293945
2018-07-26 17:30:00,45.5
2018-07-26 18:30:00,45.38999938964844
2018-07-26 19:30:00,45.43000030517578
2018-07-27 13:30:00,45.25
2018-07-27 14:30:00,45.29999923706055
2018-07-27 15:30:00,45.209999084472656
2018-07-27 16:30:00,45.19499969482422
2018-07-27 17:30:00,45.18000030517578
2018-07-27 18:30:00,45.18000030517578
2018-07-27 19:30:00,45.150001525878906
2018-07-30 13:30:00,45.22999954223633
2018-07-30 14:30:00,45.41999816894531
2018-07-30 15:30:00,45.290000915527344
2018-07-30 16:30:00,45.39500045776367
2018-07-30 17:30:00,45.189998626708984
2018-07-30 18:30:00,45.189998626708984
2018-07-30 19:30:00,45.11000061035156
2018-07-31 13:30:00,45.21500015258789
2018-07-31 14:30:00,45.13999938964844
2018-07-31 15:30:00,45.095001220703125
2018-07-31 16:30:00,45.13999938964844
2018-07-31 17:30:00,45.119998931884766
2018-07-31 18:30:00,44.934200286865234
2018-07-31 19:30:00,45.0
2018-08-01 13:30:00,45.04999923706055
2018-08-01 14:30:00,45.07500076293945
2018-08-01 15:30:00,45.0099983215332
2018-08-01 16:30:00,44.95500183105469
2018-08-01 17:30:00,45.0
2018-08-01 18:30:00,45.040000915527344
2018-08-01 19:30:00,45.0099983215332
2018-08-02 13:30:00,44.959999084472656
2018-08-02 14:30:00,44.880001068115234
2018-08-02 15:30:00,45.099998474121094
2018-08-02 16:30:00,44.939998626708984
2018-08-02 17:30:00,44.959999084472656
2018-08-02 18:30:00,44.98500061035156
2018-08-02 19:30:00,45.02000045776367
2018-08-03 13:30:00,45.56999969482422
2018-08-03 14:30:00,45.52000045776367
2018-08-03 15:30:00,45.38999938964844
2018-08-03 16:30:00,45.38999938964844
2018-08-03 17:30:00,45.40999984741211
2018-08-03 18:30:00,45.5
2018-08-03 19:30:00,45.40999984741211
2018-08-06 13:30:00,45.72999954223633
2018-08-06 14:30:00,45.869998931884766
2018-08-06 15:30:00,45.900001525878906
2018-08-06 16:30:00,45.93000030517578
2018-08-06 17:30:00,45.86000061035156
2018-08-06 18:30:00,45.75
2018-08-06 19:30:00,45.689998626708984
2018-08-07 13:30:00,45.75
2018-08-07 14:30:00,45.904998779296875
2018-08-07 15:30:00,45.85409927368164
2018-08-07 16:30:00,45.875
2018-08-07 17:30:00,45.75
2018-08-07 18:30:00,45.60749816894531
2018-08-07 19:30:00,45.5099983215332
2018-08-08 13:30:00,45.2400016784668
2018-08-08 14:30:00,45.18000030517578
2018-08-08 15:30:00,45.11000061035156
2018-08-08 16:30:00,45.275001525878906
2018-08-08 17:30:00,45.29999923706055
2018-08-08 18:30:00,45.52000045776367
2018-08-08 19:30:00,45.459999084472656
2018-08-09 13:30:00,45.599998474121094
2018-08-09 14:30:00,45.709999084472656
2018-08-09 15:30:00,45.709999084472656
2018-08-09 16:30:00,45.63999938964844
2018-08-09 17:30:00,45.630001068115234
2018-08-09 18:30:00,45.58000183105469
2018-08-09 19:30:00,45.560001373291016
2018-08-10 13:30:00,45.5099983215332
2018-08-10 14:30:00,45.43000030517578
2018-08-10 15:30:00,45.48500061035156
2018-08-10 16:30:00,45.400001525878906
2018-08-10 17:30:00,45.310001373291016
2018-08-10 18:30:00,45.439998626708984
2018-08-10 19:30:00,45.47999954223633
2018-08-13 13:30:00,45.58000183105469
2018-08-13 14:30:00,45.2400016784668
2018-08-13 15:30:00,45.18000030517578
2018-08-13 16:30:00,45.2599983215332
2018-08-13 17:30:00,45.369998931884766
2018-08-13 18:30:00,45.35499954223633
2018-08-13 19:30:00,45.30500030517578
2018-08-14 13:30:00,45.61000061035156
2018-08-14 14:30:00,45.625
2018-08-14 15:30:00,45.70000076293945
2018-08-14 16:30:00,45.7400016784668
2018-08-14 17:30:00,45.65999984741211
2018-08-14 18:30:00,45.70000076293945
2018-08-14 19:30:00,45.470001220703125
2018-08-15 13:30:00,45.36000061035156
2018-08-15 14:30:00,45.21500015258789
2018-08-15 15:30:00,45.31999969482422
2018-08-15 16:30:00,45.279998779296875
2018-08-15 17:30:00,45.2400016784668
2018-08-15 18:30:00,45.29999923706055
2018-08-15 19:30:00,45.349998474121094
2018-08-16 13:30:00,45.45000076293945
2018-08-16 14:30:00,45.595001220703125
2018-08-16 15:30:00,45.599998474121094
2018-08-16 16:30:00,45.77000045776367
2018-08-16 17:30:00,45.630001068115234
2018-08-16 18:30:00,45.66999816894531
2018-08-16 19:30:00,45.70000076293945
2018-08-17 13:30:00,45.47999954223633
2018-08-17 14:30:00,45.29999923706055
2018-08-17 15:30:00,45.34000015258789
2018-08-17 16:30:00,45.25
2018-08-17 17:30:00,45.45500183105469
2018-08-17 18:30:00,45.36000061035156
2018-08-17 19:30:00,45.369998931884766
2018-08-20 13:30:00,45.459999084472656
2018-08-20 14:30:00,45.459999084472656
2018-08-20 15:30:00,45.459999084472656
2018-08-20 16:30:00,45.40999984741211
2018-08-20 17:30:00,45.41999816894531
2018-08-20 18:30:00,45.375
2018-08-20 19:30:00,45.380001068115234
2018-08-21 13:30:00,45.439998626708984
2018-08-21 14:30:00,45.5
2018-08-21 15:30:00,45.513999938964844
2018-08-21 16:30:00,45.55500030517578
2018-08-21 17:30:00,45.48500061035156
2018-08-21 18:30:00,45.52000045776367
2018-08-21 19:30:00,45.3650016784668
2018-08-22 13:30:00,45.27000045776367
2018-08-22 14:30:00,45.33000183105469
2018-08-22 15:30:00,45.33000183105469
2018-08-22 16:30:00,45.369998931884766
2018-08-22 17:30:00,45.40999984741211
2018-08-22 18:30:00,45.380001068115234
2018-08-22 19:30:00,45.34000015258789
2018-08-23 13:30:00,45.4900016784668
2018-08-23 14:30:00,45.31999969482422
2018-08-23 15:30:00,45.29999923706055
2018-08-23 16:30:00,45.25
2018-08-23 17:30:00,45.220001220703125
2018-08-23 18:30:00,45.20000076293945
2018-08-23 19:30:00,45.27000045776367
2018-08-24 13:30:00,45.189998626708984
2018-08-24 14:30:00,45.290000915527344
2018-08-24 15:30:00,45.35499954223633
2018-08-24 16:30:00,45.27000045776367
2018-08-24 17:30:00,45.314998626708984
2018-08-24 18:30:00,45.220001220703125
2018-08-24 19:30:00,45.16999816894531
2018-08-27 13:30:00,45.28499984741211
2018-08-27 14:30:00,45.28499984741211
2018-08-27 15:30:00,45.255001068115234
2018-08-27 16:30:00,45.26499938964844
2018-08-27 17:30:00,45.2599983215332
2018-08-27 18:30:00,45.20000076293945
2018-08-27 19:30:00,45.18000030517578
2018-08-28 13:30:00,45.19499969482422
2018-08-28 14:30:00,45.220001220703125
2018-08-28 15:30:00,45.189998626708984
2018-08-28 16:30:00,45.29999923706055
2018-08-28 17:30:00,45.29999923706055
2018-08-28 18:30:00,45.2599983215332
2018-08-28 19:30:00,45.220001220703125
2018-08-29 13:30:00,45.29499816894531
2018-08-29 14:30:00,45.47999954223633
2018-08-29 15:30:00,45.56999969482422
2018-08-29 16:30:00,45.439998626708984
2018-08-29 17:30:00,45.4900016784668
2018-08-29 18:30:00,45.5
2018-08-29 19:30:00,45.61000061035156
2018-08-30 13:30:00,45.5
2018-08-30 14:30:00,45.39500045776367
2018-08-30 15:30:00,45.41999816894531
2018-08-30 16:30:00,45.474998474121094
2018-08-30 17:30:00,45.349998474121094
2018-08-30 18:30:00,45.2599983215332
2018-08-30 19:30:00,45.310001373291016
2018-08-31 13:30:00,45.27000045776367
2018-08-31 14:30:00,45.34000015258789
2018-08-31 15:30:00,45.25
2018-08-31 16:30:00,45.29999923706055
2018-08-31 17:30:00,45.33000183105469
2018-08-31 18:30:00,45.314998626708984
2018-08-31 19:30:00,45.369998931884766
2018-09-04 13:30:00,45.29999923706055
2018-09-04 14:30:00,45.35499954223633
2018-09-04 15:30:00,45.29499816894531
2018-09-04 16:30:00,45.38999938964844
2018-09-04 17:30:00,45.349998474121094
2018-09-04 18:30:00,45.26499938964844
2018-09-04 19:30:00,45.33000183105469
2018-09-05 13:30:00,45.349998474121094
2018-09-05 14:30:00,45.34000015258789
2018-09-05 15:30:00,45.2599983215332
2018-09-05 16:30:00,45.22999954223633
2018-09-05 17:30:00,45.22999954223633
2018-09-05 18:30:00,45.25
2018-09-05 19:30:00,45.279998779296875
2018-09-06 13:30:00,45.2599983215332
2018-09-06 14:30:00,45.29499816894531
2018-09-06 15:30:00,45.28390121459961
2018-09-06 16:30:00,45.244998931884766
2018-09-06 17:30:00,45.38999938964844
2018-09-06 18:30:00,45.439998626708984
2018-09-06 19:30:00,45.349998474121094
2018-09-07 13:30:00,45.369998931884766
2018-09-07 14:30:00,45.314998626708984
2018-09-07 15:30:00,45.29499816894531
2018-09-07 16:30:00,45.290000915527344
2018-09-07 17:30:00,45.334999084472656
2018-09-07 18:30:00,45.29999923706055
2018-09-07 19:30:00,45.220001220703125
2018-09-10 13:30:00,45.06999969482422
2018-09-10 14:30:00,45.09000015258789
2018-09-10 15:30:00,45.064998626708984
2018-09-10 16:30:00,45.01499938964844
2018-09-10 17:30:00,44.9900016784668
2018-09-10 18:30:00,44.970001220703125
2018-09-10 19:30:00,44.95000076293945
2018-09-11 13:30:00,44.79999923706055
2018-09-11 14:30:00,44.814998626708984
2018-09-11 15:30:00,44.7400016784668
2018-09-11 16:30:00,44.72999954223633
2018-09-11 17:30:00,44.77000045776367
2018-09-11 18:30:00,44.775001525878906
2018-09-11 19:30:00,44.744998931884766
2018-09-12 13:30:00,44.630001068115234
2018-09-12 14:30:00,44.75
2018-09-12 15:30:00,44.81999969482422
2018-09-12 16:30:00,44.73500061035156
2018-09-12 17:30:00,44.72999954223633
2018-09-12 18:30:00,44.720001220703125
2018-09-12 19:30:00,44.630001068115234
2018-09-13 13:30:00,44.7599983215332
2018-09-13 14:30:00,44.76499938964844
2018-09-13 15:30:00,44.779998779296875
2018-09-13 16:30:00,44.755001068115234
2018-09-13 17:30:00,44.81999969482422
2018-09-13 18:30:00,44.775001525878906
2018-09-13 19:30:00,44.79999923706055
2018-09-14 13:30:00,44.81999969482422
2018-09-14 14:30:00,44.814998626708984
2018-09-14 15:30:00,44.80500030517578
2018-09-14 16:30:00,44.810001373291016
2018-09-14 17:30:00,44.83000183105469
2018-09-14 18:30:00,44.8650016784668
2018-09-14 19:30:00,44.790000915527344
2018-09-17 13:30:00,44.86000061035156
2018-09-17 14:30:00,44.77000045776367
2018-09-17 15:30:00,44.76499938964844
2018-09-17 16:30:00,44.67499923706055
2018-09-17 17:30:00,44.755001068115234
2018-09-17 18:30:00,44.65999984741211
2018-09-17 19:30:00,44.709999084472656
2018-09-18 13:30:00,44.709999084472656
2018-09-18 14:30:00,44.630001068115234
2018-09-18 15:30:00,44.58000183105469
2018-09-18 16:30:00,44.66999816894531
2018-09-18 17:30:00,44.63999938964844
2018-09-18 18:30:00,44.595001220703125
2018-09-18 19:30:00,44.54999923706055
2018-09-19 13:30:00,44.619998931884766
2018-09-19 14:30:00,44.689998626708984
2018-09-19 15:30:00,44.650001525878906
2018-09-19 16:30:00,44.65999984741211
2018-09-19 17:30:00,44.61000061035156
2018-09-19 18:30:00,44.6349983215332
2018-09-19 19:30:00,44.60499954223633
2018-09-20 13:30:00,44.790000915527344
2018-09-20 14:30:00,44.72999954223633
2018-09-20 15:30:00,44.689998626708984
2018-09-20 16:30:00,44.625
2018-09-20 17:30:00,44.65999984741211
2018-09-20 18:30:00,44.65999984741211
2018-09-20 19:30:00,44.58000183105469
2018-09-21 13:30:00,44.685001373291016
2018-09-21 14:30:00,44.65999984741211
2018-09-21 15:30:00,44.525001525878906
2018-09-21 16:30:00,44.560001373291016
2018-09-21 17:30:00,44.54999923706055
2018-09-21 18:30:00,44.5099983215332
2018-09-21 19:30:00,44.33000183105469
2018-09-24 13:30:00,44.65999984741211
2018-09-24 14:30:00,44.939998626708984
2018-09-24 15:30:00,44.91999816894531
2018-09-24 16:30:00,44.95000076293945
2018-09-24 17:30:00,44.970001220703125
2018-09-24 18:30:00,45.04999923706055
2018-09-24 19:30:00,45.040000915527344
2018-09-25 13:30:00,45.029998779296875
2018-09-25 14:30:00,45.25
2018-09-25 15:30:00,45.290000915527344
2018-09-25 16:30:00,45.279998779296875
2018-09-25 17:30:00,45.22999954223633
2018-09-25 18:30:00,45.25
2018-09-25 19:30:00,45.209999084472656
2018-09-26 13:30:00,45.43000030517578
2018-09-26 14:30:00,45.61000061035156
2018-09-26 15:30:00,45.779998779296875
2018-09-26 16:30:00,45.869998931884766
2018-09-26 17:30:00,45.86000061035156
2018-09-26 18:30:00,45.83000183105469
2018-09-26 19:30:00,45.68000030517578
2018-09-27 13:30:00,46.060001373291016
2018-09-27 14:30:00,45.9900016784668
2018-09-27 15:30:00,46.08000183105469
2018-09-27 16:30:00,45.904998779296875
2018-09-27 17:30:00,45.880001068115234
2018-09-27 18:30:00,45.880001068115234
2018-09-27 19:30:00,45.83000183105469
2018-09-28 13:30:00,46.130001068115234
2018-09-28 14:30:00,46.29499816894531
2018-09-28 15:30:00,46.310001373291016
2018-09-28 16:30:00,46.275001525878906
2018-09-28 17:30:00,46.20000076293945
2018-09-28 18:30:00,46.20000076293945
2018-09-28 19:30:00,46.34000015258789
2018-10-01 13:30:00,46.27000045776367
2018-10-01 14:30:00,46.16999816894531
2018-10-01 15:30:00,46.11000061035156
2018-10-01 16:30:00,46.0099983215332
2018-10-01 17:30:00,46.0099983215332
2018-10-01 18:30:00,46.040000915527344
2018-10-01 19:30:00,46.189998626708984
2018-10-02 13:30:00,46.22999954223633
2018-10-02 14:30:00,46.29999923706055
2018-10-02 15:30:00,46.334999084472656
2018-10-02 16:30:00,46.525001525878906
2018-10-02 17:30:00,46.45500183105469
2018-10-02 18:30:00,46.5099983215332
2018-10-02 19:30:00,46.56999969482422
2018-10-03 13:30:00,46.76499938964844
2018-10-03 14:30:00,46.7599983215332
2018-10-03 15:30:00,46.75
2018-10-03 16:30:00,46.814998626708984
2018-10-03 17:30:00,46.724998474121094
2018-10-03 18:30:00,46.650001525878906
2018-10-03 19:30:00,46.81999969482422
2018-10-04 13:30:00,46.61000061035156
2018-10-04 14:30:00,46.790000915527344
2018-10-04 15:30:00,46.560001373291016
2018-10-04 16:30:00,46.529998779296875
2018-10-04 17:30:00,46.459999084472656
2018-10-04 18:30:00,46.404998779296875
2018-10-04 19:30:00,46.560001373291016
2018-10-05 13:30:00,46.470001220703125
2018-10-05 14:30:00,46.23500061035156
2018-10-05 15:30:00,45.9900016784668
2018-10-05 16:30:00,46.02000045776367
2018-10-05 17:30:00,46.13999938964844
2018-10-05 18:30:00,46.029998779296875
2018-10-05 19:30:00,46.09000015258789
2018-10-08 13:30:00,45.83000183105469
2018-10-08 14:30:00,45.845001220703125
2018-10-08 15:30:00,45.6349983215332
2018-10-08 16:30:00,45.4827995300293
2018-10-08 17:30:00,45.58000183105469
2018-10-08 18:30:00,45.650001525878906
2018-10-08 19:30:00,45.7400016784668
2018-10-09 13:30:00,45.75
2018-10-09 14:30:00,45.689998626708984
2018-10-09 15:30:00,45.52000045776367
2018-10-09 16:30:00,45.525001525878906
2018-10-09 17:30:00,45.540000915527344
2018-10-09 18:30:00,45.5
2018-10-09 19:30:00,45.5
2018-10-10 13:30:00,45.310001373291016
2018-10-10 14:30:00,45.369998931884766
2018-10-10 15:30:00,45.220001220703125
2018-10-10 16:30:00,45.380001068115234
2018-10-10 17:30:00,45.13999938964844
2018-10-10 18:30:00,45.040000915527344
2018-10-10 19:30:00,44.70000076293945
2018-10-11 13:30:00,44.5
2018-10-11 14:30:00,44.54999923706055
2018-10-11 15:30:00,44.720001220703125
2018-10-11 16:30:00,45.209999084472656
2018-10-11 17:30:00,44.959999084472656
2018-10-11 18:30:00,45.029998779296875
2018-10-11 19:30:00,45.119998931884766
2018-10-12 13:30:00,45.0
2018-10-12 14:30:00,45.13999938964844
2018-10-12 15:30:00,45.13999938964844
2018-10-12 16:30:00,45.189998626708984
2018-10-12 17:30:00,45.150001525878906
2018-10-12 18:30:00,45.22999954223633
2018-10-12 19:30:00,45.349998474121094
2018-10-15 13:30:00,45.61000061035156
2018-10-15 14:30:00,45.75
2018-10-15 15:30:00,45.630001068115234
2018-10-15 16:30:00,45.66999816894531
2018-10-15 17:30:00,45.65250015258789
2018-10-15 18:30:00,45.619998931884766
2018-10-15 19:30:00,45.540000915527344
2018-10-16 13:30:00,45.7400016784668
2018-10-16 14:30:00,45.86000061035156
2018-10-16 15:30:00,45.779998779296875
2018-10-16 16:30:00,45.900001525878906
2018-10-16 17:30:00,45.970001220703125
2018-10-16 18:30:00,45.92499923706055
2018-10-16 19:30:00,45.880001068115234
2018-10-17 13:30:00,45.540000915527344
2018-10-17 14:30:00,45.63999938964844
2018-10-17 15:30:00,45.75
2018-10-17 16:30:00,45.88999938964844
2018-10-17 17:30:00,45.709999084472656
2018-10-17 18:30:00,45.915000915527344
2018-10-17 19:30:00,45.810001373291016
2018-10-18 13:30:00,45.779998779296875
2018-10-18 14:30:00,45.7400016784668
2018-10-18 15:30:00,45.82500076293945
2018-10-18 16:30:00,45.650001525878906
2018-10-18 17:30:00,45.810001373291016
2018-10-18 18:30:00,45.82500076293945
2018-10-18 19:30:00,45.810001373291016
2018-10-19 13:30:00,46.0099983215332
2018-10-19 14:30:00,45.77000045776367
2018-10-19 15:30:00,45.630001068115234
2018-10-19 16:30:00,45.720001220703125
2018-10-19 17:30:00,45.630001068115234
2018-10-19 18:30:00,45.77000045776367
2018-10-19 19:30:00,45.779998779296875
2018-10-22 13:30:00,45.689998626708984
2018-10-22 14:30:00,46.02000045776367
2018-10-22 15:30:00,45.900001525878906
2018-10-22 16:30:00,45.810001373291016
2018-10-22 17:30:00,45.599998474121094
2018-10-22 18:30:00,45.70000076293945
2018-10-22 19:30:00,45.709999084472656
2018-10-23 13:30:00,45.5
2018-10-23 14:30:00,45.63999938964844
2018-10-23 15:30:00,45.58000183105469
2018-10-23 16:30:00,45.70000076293945
2018-10-23 17:30:00,45.689998626708984
2018-10-23 18:30:00,45.70989990234375
2018-10-23 19:30:00,45.599998474121094
2018-10-24 13:30:00,45.4900016784668
2018-10-24 14:30:00,45.189998626708984
2018-10-24 15:30:00,45.25
2018-10-24 16:30:00,45.09000015258789
2018-10-24 17:30:00,45.130001068115234
2018-10-24 18:30:00,44.98500061035156
2018-10-24 19:30:00,44.709999084472656
2018-10-25 13:30:00,45.349998474121094
2018-10-25 14:30:00,45.310001373291016
2018-10-25 15:30:00,45.099998474121094
2018-10-25 16:30:00,45.08000183105469
2018-10-25 17:30:00,45.16999816894531
2018-10-25 18:30:00,45.18000030517578
2018-10-25 19:30:00,45.2599983215332
2018-10-26 13:30:00,44.970001220703125
2018-10-26 14:30:00,45.2599983215332
2018-10-26 15:30:00,45.150001525878906
2018-10-26 16:30:00,44.90999984741211
2018-10-26 17:30:00,44.9900016784668
2018-10-26 18:30:00,44.9900016784668
2018-10-26 19:30:00,45.13999938964844
2018-10-29 13:30:00,45.75
2018-10-29 14:30:00,45.560001373291016
2018-10-29 15:30:00,45.48500061035156
2018-10-29 16:30:00,45.47999954223633
2018-10-29 17:30:00,45.310001373291016
2018-10-29 18:30:00,45.040000915527344
2018-10-29 19:30:00,45.5
2018-10-30 13:30:00,45.400001525878906
2018-10-30 14:30:00,45.474998474121094
2018-10-30 15:30:00,45.35499954223633
2018-10-30 16:30:00,45.11000061035156
2018-10-30 17:30:00,45.27000045776367
2018-10-30 18:30:00,45.5
2018-10-30 19:30:00,45.68000030517578
2018-10-31 13:30:00,45.654998779296875
2018-10-31 14:30:00,45.849998474121094
2018-10-31 15:30:00,45.84000015258789
2018-10-31 16:30:00,45.630001068115234
2018-10-31 17:30:00,45.685001373291016
2018-10-31 18:30:00,45.68000030517578
2018-10-31 19:30:00,45.5
2018-11-01 13:30:00,45.724998474121094
2018-11-01 14:30:00,45.72999954223633
2018-11-01 15:30:00,46.5099983215332
2018-11-01 16:30:00,46.65999984741211
2018-11-01 17:30:00,46.459999084472656
2018-11-01 18:30:00,46.540000915527344
2018-11-01 19:30:00,46.54999923706055
2018-11-02 13:30:00,46.73500061035156
2018-11-02 14:30:00,46.540000915527344
2018-11-02 15:30:00,46.56999969482422
2018-11-02 16:30:00,46.68000030517578
2018-11-02 17:30:00,46.79999923706055
2018-11-02 18:30:00,46.7599983215332
2018-11-02 19:30:00,46.5099983215332
