Datetime,GOOGL
2017-11-06 14:30:00,1047.3134765625
2017-11-06 15:30:00,1047.43994140625
2017-11-06 16:30:00,1046.4747314453125
2017-11-06 17:30:00,1047.1800537109375
2017-11-06 18:30:00,1045.8199462890625
2017-11-06 19:30:00,1045.22998046875
2017-11-06 20:30:00,1042.43994140625
2017-11-07 14:30:00,1046.0120849609375
2017-11-07 15:30:00,1043.8095703125
2017-11-07 16:30:00,1048.3199462890625
2017-11-07 17:30:00,1050.00244140625
2017-11-07 18:30:00,1048.8499755859375
2017-11-07 19:30:00,1048.8699951171875
2017-11-07 20:30:00,1052.1099853515625
2017-11-08 14:30:00,1050.9599609375
2017-11-08 15:30:00,1055.6700439453125
2017-11-08 16:30:00,1056.9849853515625
2017-11-08 17:30:00,1058.6226806640625
2017-11-08 18:30:00,1061.449951171875
2017-11-08 19:30:00,1059.3900146484375
2017-11-08 20:30:00,1058.2900390625
2017-11-09 14:30:00,1042.1300048828125
2017-11-09 15:30:00,1044.5400390625
2017-11-09 16:30:00,1039.761962890625
2017-11-09 17:30:00,1039.3641357421875
2017-11-09 18:30:00,1042.3499755859375
2017-11-09 19:30:00,1046.280029296875
2017-11-09 20:30:00,1047.5400390625
2017-11-10 14:30:00,1044.1700439453125
2017-11-10 15:30:00,1042.06005859375
2017-11-10 16:30:00,1044.25
2017-11-10 17:30:00,1044.5799560546875
2017-11-10 18:30:00,1045.3800048828125
2017-11-10 19:30:00,1044.1500244140625
2017-11-10 20:30:00,1044.1400146484375
2017-11-13 14:30:00,1045.2900390625
2017-11-13 15:30:00,1045.760009765625
2017-11-13 16:30:00,1045.449951171875
2017-11-13 17:30:00,1044.5799560546875
2017-11-13 18:30:00,1044.9898681640625
2017-11-13 19:30:00,1043.2391357421875
2017-11-13 20:30:00,1041.199951171875
2017-11-14 14:30:00,1034.9599609375
2017-11-14 15:30:00,1037.5150146484375
2017-11-14 16:30:00,1040.1500244140625
2017-11-14 17:30:00,1037.9034423828125
2017-11-14 18:30:00,1040.85498046875
2017-11-14 19:30:00,1041.510009765625
2017-11-14 20:30:00,1041.68505859375
2017-11-15 14:30:00,1037.6099853515625
2017-11-15 15:30:00,1037.969970703125
2017-11-15 16:30:00,1036.6700439453125
2017-11-15 17:30:00,1035.1510009765625
2017-11-15 18:30:00,1036.655029296875
2017-11-15 19:30:00,1037.4200439453125
2017-11-15 20:30:00,1036.7490234375
2017-11-16 14:30:00,1043.8399658203125
2017-11-16 15:30:00,1046.18994140625
2017-11-16 16:30:00,1050.0
2017-11-16 17:30:00,1049.02001953125
2017-11-16 18:30:00,1048.8199462890625
2017-11-16 19:30:00,1048.6600341796875
2017-11-16 20:30:00,1048.1500244140625
2017-11-17 14:30:00,1043.7900390625
2017-11-17 15:30:00,1045.8599853515625
2017-11-17 16:30:00,1044.2752685546875
2017-11-17 17:30:00,1042.47998046875
2017-11-17 18:30:00,1039.18994140625
2017-11-17 19:30:00,1037.47998046875
2017-11-17 20:30:00,1036.1500244140625
2017-11-20 14:30:00,1035.71533203125
2017-11-20 15:30:00,1033.5107421875
2017-11-20 16:30:00,1033.489990234375
2017-11-20 17:30:00,1035.6300048828125
2017-11-20 18:30:00,1034.7900390625
2017-11-20 19:30:00,1035.239990234375
2017-11-20 20:30:00,1034.8199462890625
2017-11-21 14:30:00,1043.68994140625
2017-11-21 15:30:00,1045.219970703125
2017-11-21 16:30:00,1046.530029296875
2017-11-21 17:30:00,1046.93994140625
2017-11-21 18:30:00,1049.1099853515625
2017-11-21 19:30:00,1048.9599609375
2017-11-21 20:30:00,1050.300048828125
2017-11-22 14:30:00,1049.31005859375
2017-11-22 15:30:00,1049.0899658203125
2017-11-22 16:30:00,1049.31005859375
2017-11-22 17:30:00,1050.6700439453125
2017-11-22 18:30:00,1053.4599609375
2017-11-22 19:30:00,1053.8800048828125
2017-11-22 20:30:00,1052.25732421875
2017-11-24 14:30:00,1056.43994140625
2017-11-24 15:30:00,1058.300048828125
2017-11-24 16:30:00,1058.989990234375
2017-11-24 18:00:00,1057.47998046875
2017-11-27 14:30:00,1066.3199462890625
2017-11-27 15:30:00,1062.0899658203125
2017-11-27 16:30:00,1065.280029296875
2017-11-27 17:30:00,1068.987548828125
2017-11-27 18:30:00,1067.8599853515625
2017-11-27 19:30:00,1069.23095703125
2017-11-27 20:30:00,1072.0899658203125
2017-11-28 14:30:00,1073.8399658203125
2017-11-28 15:30:00,1071.8199462890625
2017-11-28 16:30:00,1068.969970703125
2017-11-28 17:30:00,1064.5400390625
2017-11-28 18:30:00,1064.0
2017-11-28 19:30:00,1062.6300048828125
2017-11-28 20:30:00,1063.260009765625
2017-11-29 14:30:00,1039.9000244140625
2017-11-29 15:30:00,1035.1099853515625
2017-11-29 16:30:00,1032.8114013671875
2017-11-29 17:30:00,1037.3599853515625
2017-11-29 18:30:00,1032.6400146484375
2017-11-29 19:30:00,1036.7099609375
2017-11-29 20:30:00,1037.0250244140625
2017-11-30 14:30:00,1038.8699951171875
2017-11-30 15:30:00,1038.0
2017-11-30 16:30:00,1039.5
2017-11-30 17:30:00,1035.02001953125
2017-11-30 18:30:00,1035.56494140625
2017-11-30 19:30:00,1034.969970703125
2017-11-30 20:30:00,1034.6099853515625
2017-12-01 14:30:00,1033.6700439453125
2017-12-01 15:30:00,1020.780029296875
2017-12-01 16:30:00,1022.8800048828125
2017-12-01 17:30:00,1023.8099975585938
2017-12-01 18:30:00,1022.6199951171875
2017-12-01 19:30:00,1023.0349731445312
2017-12-01 20:30:00,1025.1500244140625
2017-12-04 14:30:00,1020.3400268554688
2017-12-04 15:30:00,1017.010009765625
2017-12-04 16:30:00,1015.1599731445312
2017-12-04 17:30:00,1021.4600219726562
2017-12-04 18:30:00,1018.3350219726562
2017-12-04 19:30:00,1014.5800170898438
2017-12-04 20:30:00,1011.5700073242188
2017-12-05 14:30:00,1028.02001953125
2017-12-05 15:30:00,1034.7099609375
2017-12-05 16:30:00,1028.699951171875
2017-12-05 17:30:00,1025.25
2017-12-05 18:30:00,1022.3120727539062
2017-12-05 19:30:00,1021.2999877929688
2017-12-05 20:30:00,1019.7000122070312
2017-12-06 14:30:00,1030.260009765625
2017-12-06 15:30:00,1031.3599853515625
2017-12-06 16:30:00,1031.31005859375
2017-12-06 17:30:00,1032.5799560546875
2017-12-06 18:30:00,1036.6500244140625
2017-12-06 19:30:00,1036.5799560546875
2017-12-06 20:30:00,1033.31005859375
2017-12-07 14:30:00,1043.949951171875
2017-12-07 15:30:00,1047.8800048828125
2017-12-07 16:30:00,1045.72998046875
2017-12-07 17:30:00,1047.3299560546875
2017-12-07 18:30:00,1045.6800537109375
2017-12-07 19:30:00,1044.31494140625
2017-12-07 20:30:00,1044.719970703125
2017-12-08 14:30:00,1055.3900146484375
2017-12-08 15:30:00,1050.780029296875
2017-12-08 16:30:00,1053.7099609375
2017-12-08 17:30:00,1051.72998046875
2017-12-08 18:30:00,1047.25
2017-12-08 19:30:00,1048.8699951171875
2017-12-08 20:30:00,1049.1099853515625
2017-12-11 14:30:00,1049.4599609375
2017-12-11 15:30:00,1047.364990234375
2017-12-11 16:30:00,1051.685546875
2017-12-11 17:30:00,1053.3399658203125
2017-12-11 18:30:00,1055.219970703125
2017-12-11 19:30:00,1051.47998046875
2017-12-11 20:30:00,1051.6400146484375
2017-12-12 14:30:00,1056.1099853515625
2017-12-12 15:30:00,1060.0
2017-12-12 16:30:00,1059.1500244140625
2017-12-12 17:30:00,1057.02001953125
2017-12-12 18:30:00,1055.3699951171875
2017-12-12 19:30:00,1051.0
2017-12-12 20:30:00,1048.9300537109375
2017-12-13 14:30:00,1051.719970703125
2017-12-13 15:30:00,1050.780029296875
2017-12-13 16:30:00,1050.239990234375
2017-12-13 17:30:00,1049.6199951171875
2017-12-13 18:30:00,1050.4749755859375
2017-12-13 19:30:00,1052.760009765625
2017-12-13 20:30:00,1051.52001953125
2017-12-14 14:30:00,1064.43994140625
2017-12-14 15:30:00,1063.5999755859375
2017-12-14 16:30:00,1064.3050537109375
2017-12-14 17:30:00,1060.06005859375
2017-12-14 18:30:00,1058.4599609375
2017-12-14 19:30:00,1058.9599609375
2017-12-14 20:30:00,1058.489990234375
2017-12-15 14:30:00,1065.81005859375
2017-12-15 15:30:00,1069.1600341796875
2017-12-15 16:30:00,1071.8299560546875
2017-12-15 17:30:00,1070.56005859375
2017-12-15 18:30:00,1074.06494140625
2017-12-15 19:30:00,1071.449951171875
2017-12-15 20:30:00,1070.4100341796875
2017-12-18 14:30:00,1082.280029296875
2017-12-18 15:30:00,1080.8599853515625
2017-12-18 16:30:00,1083.5250244140625
2017-12-18 17:30:00,1082.550048828125
2017-12-18 18:30:00,1084.3199462890625
2017-12-18 19:30:00,1084.0
2017-12-18 20:30:00,1085.550048828125
2017-12-19 14:30:00,1079.8675537109375
2017-12-19 15:30:00,1078.0999755859375
2017-12-19 16:30:00,1073.260009765625
2017-12-19 17:30:00,1075.8499755859375
2017-12-19 18:30:00,1078.6800537109375
2017-12-19 19:30:00,1078.6500244140625
2017-12-19 20:30:00,1079.2900390625
2017-12-20 14:30:00,1072.1300048828125
2017-12-20 15:30:00,1069.5999755859375
2017-12-20 16:30:00,1072.8499755859375
2017-12-20 17:30:00,1072.4200439453125
2017-12-20 18:30:00,1073.10498046875
2017-12-20 19:30:00,1073.1500244140625
2017-12-20 20:30:00,1073.8499755859375
2017-12-21 14:30:00,1072.4200439453125
2017-12-21 15:30:00,1074.1800537109375
2017-12-21 16:30:00,1075.3399658203125
2017-12-21 17:30:00,1076.7550048828125
2017-12-21 18:30:00,1072.4000244140625
2017-12-21 19:30:00,1072.77001953125
2017-12-21 20:30:00,1071.1800537109375
2017-12-22 14:30:00,1069.0
2017-12-22 15:30:00,1069.780029296875
2017-12-22 16:30:00,1068.719970703125
2017-12-22 17:30:00,1069.02001953125
2017-12-22 18:30:00,1069.199951171875
2017-12-22 19:30:00,1068.6500244140625
2017-12-22 20:30:00,1069.0799560546875
2017-12-26 14:30:00,1063.02001953125
2017-12-26 15:30:00,1064.6300048828125
2017-12-26 16:30:00,1065.3499755859375
2017-12-26 17:30:00,1065.4599609375
2017-12-26 18:30:00,1064.9599609375
2017-12-26 19:30:00,1063.030029296875
2017-12-26 20:30:00,1065.31005859375
2017-12-27 14:30:00,1063.469970703125
2017-12-27 15:30:00,1062.1700439453125
2017-12-27 16:30:00,1061.5975341796875
2017-12-27 17:30:00,1061.8900146484375
2017-12-27 18:30:00,1060.1300048828125
2017-12-27 19:30:00,1059.2900390625
2017-12-27 20:30:00,1059.5400390625
2017-12-28 14:30:00,1059.8299560546875
2017-12-28 15:30:00,1060.31005859375
2017-12-28 16:30:00,1060.6300048828125
2017-12-28 17:30:00,1057.8499755859375
2017-12-28 18:30:00,1056.4000244140625
2017-12-28 19:30:00,1054.6500244140625
2017-12-28 20:30:00,1055.7099609375
2017-12-29 14:30:00,1056.1300048828125
2017-12-29 15:30:00,1054.75
2017-12-29 16:30:00,1055.1500244140625
2017-12-29 17:30:00,1054.6400146484375
2017-12-29 18:30:00,1054.510009765625
2017-12-29 19:30:00,1057.7601318359375
2017-12-29 20:30:00,1053.199951171875
2018-01-02 14:30:00,1066.81005859375
2018-01-02 15:30:00,1073.5899658203125
2018-01-02 16:30:00,1073.5
2018-01-02 17:30:00,1073.8599853515625
2018-01-02 18:30:00,1072.655029296875
2018-01-02 19:30:00,1073.8299560546875
2018-01-02 20:30:00,1073.22998046875
2018-01-03 14:30:00,1080.305908203125
2018-01-03 15:30:00,1086.72998046875
2018-01-03 16:30:00,1090.5277099609375
2018-01-03 17:30:00,1093.989990234375
2018-01-03 18:30:00,1094.739990234375
2018-01-03 19:30:00,1092.1099853515625
2018-01-03 20:30:00,1090.9000244140625
2018-01-04 14:30:00,1101.8800048828125
2018-01-04 15:30:00,1095.949951171875
2018-01-04 16:30:00,1095.8399658203125
2018-01-04 17:30:00,1096.5899658203125
2018-01-04 18:30:00,1095.25
2018-01-04 19:30:00,1097.4300537109375
2018-01-04 20:30:00,1096.030029296875
2018-01-05 14:30:00,1110.239990234375
2018-01-05 15:30:00,1110.3900146484375
2018-01-05 16:30:00,1111.800048828125
2018-01-05 17:30:00,1110.300048828125
2018-01-05 18:30:00,1109.0699462890625
2018-01-05 19:30:00,1108.530029296875
2018-01-05 20:30:00,1109.6400146484375
2018-01-08 14:30:00,1117.969970703125
2018-01-08 15:30:00,1118.3709716796875
2018-01-08 16:30:00,1117.3699951171875
2018-01-08 17:30:00,1116.2550048828125
2018-01-08 18:30:00,1116.237060546875
2018-01-08 19:30:00,1115.6505126953125
2018-01-08 20:30:00,1114.43994140625
2018-01-09 14:30:00,1112.6800537109375
2018-01-09 15:30:00,1115.6400146484375
2018-01-09 16:30:00,1116.7449951171875
2018-01-09 17:30:00,1116.7900390625
2018-01-09 18:30:00,1114.155029296875
2018-01-09 19:30:00,1111.239990234375
2018-01-09 20:30:00,1113.25
2018-01-10 14:30:00,1104.43994140625
2018-01-10 15:30:00,1108.4599609375
2018-01-10 16:30:00,1108.52001953125
2018-01-10 17:30:00,1106.4000244140625
2018-01-10 18:30:00,1105.1700439453125
2018-01-10 19:30:00,1108.719970703125
2018-01-10 20:30:00,1110.489990234375
2018-01-11 14:30:00,1110.5899658203125
2018-01-11 15:30:00,1106.60498046875
2018-01-11 16:30:00,1106.8199462890625
2018-01-11 17:30:00,1110.25
2018-01-11 18:30:00,1108.68994140625
2018-01-11 19:30:00,1110.0
2018-01-11 20:30:00,1111.97998046875
2018-01-12 14:30:00,1125.0699462890625
2018-01-12 15:30:00,1126.719970703125
2018-01-12 16:30:00,1128.449951171875
2018-01-12 17:30:00,1127.449951171875
2018-01-12 18:30:00,1129.97998046875
2018-01-12 19:30:00,1127.780029296875
2018-01-12 20:30:00,1130.6500244140625
2018-01-16 14:30:00,1141.0
2018-01-16 15:30:00,1139.3900146484375
2018-01-16 16:30:00,1133.9599609375
2018-01-16 17:30:00,1131.1199951171875
2018-01-16 18:30:00,1128.4200439453125
2018-01-16 19:30:00,1131.6800537109375
2018-01-16 20:30:00,1130.6500244140625
2018-01-17 14:30:00,1125.0
2018-01-17 15:30:00,1127.3800048828125
2018-01-17 16:30:00,1130.7099609375
2018-01-17 17:30:00,1136.3800048828125
2018-01-17 18:30:00,1134.93994140625
2018-01-17 19:30:00,1136.64501953125
2018-01-17 20:30:00,1139.22998046875
2018-01-18 14:30:00,1126.1700439453125
2018-01-18 15:30:00,1133.1600341796875
2018-01-18 16:30:00,1134.0699462890625
2018-01-18 17:30:00,1132.31005859375
2018-01-18 18:30:00,1135.6146240234375
2018-01-18 19:30:00,1135.23583984375
2018-01-18 20:30:00,1135.97998046875
2018-01-19 14:30:00,1138.5
2018-01-19 15:30:00,1134.6800537109375
2018-01-19 16:30:00,1134.619873046875
2018-01-19 17:30:00,1134.31005859375
2018-01-19 18:30:00,1139.9599609375
2018-01-19 19:30:00,1141.6600341796875
2018-01-19 20:30:00,1143.5400390625
2018-01-22 14:30:00,1157.0
2018-01-22 15:30:00,1162.1500244140625
2018-01-22 16:30:00,1165.874755859375
2018-01-22 17:30:00,1163.239990234375
2018-01-22 18:30:00,1160.300048828125
2018-01-22 19:30:00,1158.8299560546875
2018-01-22 20:30:00,1164.0899658203125
2018-01-23 14:30:00,1176.1800537109375
2018-01-23 15:30:00,1175.0
2018-01-23 16:30:00,1173.239990234375
2018-01-23 17:30:00,1172.199951171875
2018-01-23 18:30:00,1172.3399658203125
2018-01-23 19:30:00,1176.6700439453125
2018-01-23 20:30:00,1176.9599609375
2018-01-24 14:30:00,1184.260009765625
2018-01-24 15:30:00,1173.5899658203125
2018-01-24 16:30:00,1173.56005859375
2018-01-24 17:30:00,1173.352783203125
2018-01-24 18:30:00,1181.4599609375
2018-01-24 19:30:00,1172.8699951171875
2018-01-24 20:30:00,1171.2900390625
2018-01-25 14:30:00,1172.8299560546875
2018-01-25 15:30:00,1176.969970703125
2018-01-25 16:30:00,1181.3900146484375
2018-01-25 17:30:00,1183.8599853515625
2018-01-25 18:30:00,1181.3299560546875
2018-01-25 19:30:00,1177.739990234375
2018-01-25 20:30:00,1182.22998046875
2018-01-26 14:30:00,1180.724365234375
2018-01-26 15:30:00,1178.22998046875
2018-01-26 16:30:00,1177.7264404296875
2018-01-26 17:30:00,1180.010009765625
2018-01-26 18:30:00,1181.7099609375
2018-01-26 19:30:00,1182.800048828125
2018-01-26 20:30:00,1187.199951171875
2018-01-29 14:30:00,1189.71240234375
2018-01-29 15:30:00,1191.1500244140625
2018-01-29 16:30:00,1191.655029296875
2018-01-29 17:30:00,1191.2249755859375
2018-01-29 18:30:00,1188.4801025390625
2018-01-29 19:30:00,1187.6500244140625
2018-01-29 20:30:00,1186.52001953125
2018-01-30 14:30:00,1180.199951171875
2018-01-30 15:30:00,1181.9649658203125
2018-01-30 16:30:00,1182.3900146484375
2018-01-30 17:30:00,1181.6800537109375
2018-01-30 18:30:00,1181.8599853515625
2018-01-30 19:30:00,1180.1400146484375
2018-01-30 20:30:00,1177.699951171875
2018-01-31 14:30:00,1180.3900146484375
2018-01-31 15:30:00,1179.8399658203125
2018-01-31 16:30:00,1181.385009765625
2018-01-31 17:30:00,1182.280029296875
2018-01-31 18:30:00,1175.5635986328125
2018-01-31 19:30:00,1176.18994140625
2018-01-31 20:30:00,1183.719970703125
2018-02-01 14:30:00,1177.3714599609375
2018-02-01 15:30:00,1179.0
2018-02-01 16:30:00,1181.1099853515625
2018-02-01 17:30:00,1186.550048828125
2018-02-01 18:30:00,1174.8699951171875
2018-02-01 19:30:00,1177.6300048828125
2018-02-01 20:30:00,1181.47998046875
2018-02-02 14:30:00,1120.8199462890625
2018-02-02 15:30:00,1125.199951171875
2018-02-02 16:30:00,1122.0
2018-02-02 17:30:00,1124.780029296875
2018-02-02 18:30:00,1122.010009765625
2018-02-02 19:30:00,1119.0999755859375
2018-02-02 20:30:00,1118.0
2018-02-05 14:30:00,1111.5699462890625
2018-02-05 15:30:00,1101.5799560546875
2018-02-05 16:30:00,1098.7650146484375
2018-02-05 17:30:00,1092.530029296875
2018-02-05 18:30:00,1087.510009765625
2018-02-05 19:30:00,1080.6600341796875
2018-02-05 20:30:00,1062.8199462890625
2018-02-06 14:30:00,1065.219970703125
2018-02-06 15:30:00,1055.18994140625
2018-02-06 16:30:00,1059.7099609375
2018-02-06 17:30:00,1068.87255859375
2018-02-06 18:30:00,1053.780029296875
2018-02-06 19:30:00,1080.780029296875
2018-02-06 20:30:00,1085.0699462890625
2018-02-07 14:30:00,1071.1400146484375
2018-02-07 15:30:00,1075.22998046875
2018-02-07 16:30:00,1070.4000244140625
2018-02-07 17:30:00,1062.0
2018-02-07 18:30:00,1065.875
2018-02-07 19:30:00,1063.6099853515625
2018-02-07 20:30:00,1055.010009765625
2018-02-08 14:30:00,1048.13037109375
2018-02-08 15:30:00,1035.1400146484375
2018-02-08 16:30:00,1033.0999755859375
2018-02-08 17:30:00,1034.3599853515625
2018-02-08 18:30:00,1031.4100341796875
2018-02-08 19:30:00,1028.9219970703125
2018-02-08 20:30:00,1006.6900024414062
2018-02-09 14:30:00,1029.030029296875
2018-02-09 15:30:00,1022.5
2018-02-09 16:30:00,1006.5599975585938
2018-02-09 17:30:00,1004.1199951171875
2018-02-09 18:30:00,1031.8800048828125
2018-02-09 19:30:00,1036.8699951171875
2018-02-09 20:30:00,1045.8499755859375
2018-02-12 14:30:00,1049.1099853515625
2018-02-12 15:30:00,1059.3194580078125
2018-02-12 16:30:00,1060.6009521484375
2018-02-12 17:30:00,1054.8699951171875
2018-02-12 18:30:00,1061.239990234375
2018-02-12 19:30:00,1061.010009765625
2018-02-12 20:30:00,1055.3299560546875
2018-02-13 14:30:00,1055.469970703125
2018-02-13 15:30:00,1053.9100341796875
2018-02-13 16:30:00,1054.9599609375
2018-02-13 17:30:00,1058.4599609375
2018-02-13 18:30:00,1058.9000244140625
2018-02-13 19:30:00,1056.8800048828125
2018-02-13 20:30:00,1054.300048828125
2018-02-14 14:30:00,1064.489990234375
2018-02-14 15:30:00,1068.989990234375
2018-02-14 16:30:00,1069.125
2018-02-14 17:30:00,1072.5400390625
2018-02-14 18:30:00,1069.199951171875
2018-02-14 19:30:00,1072.56005859375
2018-02-14 20:30:00,1072.989990234375
2018-02-15 14:30:00,1084.699951171875
2018-02-15 15:30:00,1082.0
2018-02-15 16:30:00,1077.9599609375
2018-02-15 17:30:00,1083.6800537109375
2018-02-15 18:30:00,1087.9000244140625
2018-02-15 19:30:00,1093.5050048828125
2018-02-15 20:30:00,1091.3699951171875
2018-02-16 14:30:00,1105.469970703125
2018-02-16 15:30:00,1104.3499755859375
2018-02-16 16:30:00,1105.1500244140625
2018-02-16 17:30:00,1098.5999755859375
2018-02-16 18:30:00,1096.0400390625
2018-02-16 19:30:00,1097.8900146484375
2018-02-16 20:30:00,1096.27001953125
2018-02-20 14:30:00,1110.18994140625
2018-02-20 15:30:00,1110.8299560546875
2018-02-20 16:30:00,1113.949951171875
2018-02-20 17:30:00,1109.43994140625
2018-02-20 18:30:00,1112.760009765625
2018-02-20 19:30:00,1103.0699462890625
2018-02-20 20:30:00,1103.6300048828125
2018-02-21 14:30:00,1124.0400390625
2018-02-21 15:30:00,1131.43994140625
2018-02-21 16:30:00,1128.5400390625
2018-02-21 17:30:00,1130.43994140625
2018-02-21 18:30:00,1133.4749755859375
2018-02-21 19:30:00,1123.760009765625
2018-02-21 20:30:00,1113.75
2018-02-22 14:30:00,1120.8299560546875
2018-02-22 15:30:00,1121.43994140625
2018-02-22 16:30:00,1120.1600341796875
2018-02-22 17:30:00,1113.6099853515625
2018-02-22 18:30:00,1114.4300537109375
2018-02-22 19:30:00,1109.6500244140625
2018-02-22 20:30:00,1110.3900146484375
2018-02-23 14:30:00,1110.4100341796875
2018-02-23 15:30:00,1114.7249755859375
2018-02-23 16:30:00,1115.8399658203125
2018-02-23 17:30:00,1116.4100341796875
2018-02-23 18:30:00,1119.1700439453125
2018-02-23 19:30:00,1126.157470703125
2018-02-23 20:30:00,1128.550048828125
2018-02-26 14:30:00,1133.3900146484375
2018-02-26 15:30:00,1135.489990234375
2018-02-26 16:30:00,1131.8299560546875
2018-02-26 17:30:00,1135.280029296875
2018-02-26 18:30:00,1137.6600341796875
2018-02-26 19:30:00,1141.8499755859375
2018-02-26 20:30:00,1144.199951171875
2018-02-27 14:30:00,1141.3299560546875
2018-02-27 15:30:00,1126.9599609375
2018-02-27 16:30:00,1122.989990234375
2018-02-27 17:30:00,1126.56005859375
2018-02-27 18:30:00,1124.8499755859375
2018-02-27 19:30:00,1120.3900146484375
2018-02-27 20:30:00,1117.1600341796875
2018-02-28 14:30:00,1124.1650390625
2018-02-28 15:30:00,1117.0999755859375
2018-02-28 16:30:00,1112.1300048828125
2018-02-28 17:30:00,1118.8299560546875
2018-02-28 18:30:00,1122.3800048828125
2018-02-28 19:30:00,1111.199951171875
2018-02-28 20:30:00,1105.56005859375
2018-03-01 14:30:00,1104.9300537109375
2018-03-01 15:30:00,1098.27001953125
2018-03-01 16:30:00,1091.135009765625
2018-03-01 17:30:00,1085.0615234375
2018-03-01 18:30:00,1072.1700439453125
2018-03-01 19:30:00,1077.951904296875
2018-03-01 20:30:00,1070.75
2018-03-02 14:30:00,1055.3800048828125
2018-03-02 15:30:00,1068.050048828125
2018-03-02 16:30:00,1071.614990234375
2018-03-02 17:30:00,1073.0
2018-03-02 18:30:00,1076.04833984375
2018-03-02 19:30:00,1077.6099853515625
2018-03-02 20:30:00,1084.5
2018-03-05 14:30:00,1075.97998046875
2018-03-05 15:30:00,1088.8399658203125
2018-03-05 16:30:00,1091.47998046875
2018-03-05 17:30:00,1096.3900146484375
2018-03-05 18:30:00,1092.760009765625
2018-03-05 19:30:00,1098.02001953125
2018-03-05 20:30:00,1094.7900390625
2018-03-06 14:30:00,1102.199951171875
2018-03-06 15:30:00,1094.5
2018-03-06 16:30:00,1097.0
2018-03-06 17:30:00,1103.030029296875
2018-03-06 18:30:00,1103.22998046875
2018-03-06 19:30:00,1100.56005859375
2018-03-06 20:30:00,1100.510009765625
2018-03-07 14:30:00,1099.989990234375
2018-03-07 15:30:00,1099.25
2018-03-07 16:30:00,1096.31005859375
2018-03-07 17:30:00,1100.7349853515625
2018-03-07 18:30:00,1104.68994140625
2018-03-07 19:30:00,1110.239990234375
2018-03-07 20:30:00,1114.8199462890625
2018-03-08 14:30:00,1121.7060546875
2018-03-08 15:30:00,1123.2049560546875
2018-03-08 16:30:00,1122.1099853515625
2018-03-08 17:30:00,1118.7900390625
2018-03-08 18:30:00,1124.6700439453125
2018-03-08 19:30:00,1130.1800537109375
2018-03-08 20:30:00,1129.3800048828125
2018-03-09 14:30:00,1139.7501220703125
2018-03-09 15:30:00,1146.509521484375
2018-03-09 16:30:00,1149.0899658203125
2018-03-09 17:30:00,1150.47998046875
2018-03-09 18:30:00,1152.1800537109375
2018-03-09 19:30:00,1156.31005859375
2018-03-09 20:30:00,1160.77001953125
2018-03-12 13:30:00,1169.97998046875
2018-03-12 14:30:00,1164.489990234375
2018-03-12 15:30:00,1173.239990234375
2018-03-12 16:30:00,1176.6400146484375
2018-03-12 17:30:00,1170.3896484375
2018-03-12 18:30:00,1170.0899658203125
2018-03-12 19:30:00,1166.239990234375
2018-03-13 13:30:00,1169.969970703125
2018-03-13 14:30:00,1149.8199462890625
2018-03-13 15:30:00,1148.8299560546875
2018-03-13 16:30:00,1151.5999755859375
2018-03-13 17:30:00,1145.3599853515625
2018-03-13 18:30:00,1135.9000244140625
2018-03-13 19:30:00,1140.5150146484375
2018-03-14 13:30:00,1151.510986328125
2018-03-14 14:30:00,1149.72998046875
2018-03-14 15:30:00,1149.3699951171875
2018-03-14 16:30:00,1153.0
2018-03-14 17:30:00,1156.0400390625
2018-03-14 18:30:00,1150.550048828125
2018-03-14 19:30:00,1149.3399658203125
2018-03-15 13:30:00,1153.7049560546875
2018-03-15 14:30:00,1160.3800048828125
2018-03-15 15:30:00,1153.02001953125
2018-03-15 16:30:00,1149.8399658203125
2018-03-15 17:30:00,1147.030029296875
2018-03-15 18:30:00,1151.6700439453125
2018-03-15 19:30:00,1150.81005859375
2018-03-16 13:30:00,1147.0400390625
2018-03-16 14:30:00,1140.0250244140625
2018-03-16 15:30:00,1137.56005859375
2018-03-16 16:30:00,1133.9024658203125
2018-03-16 17:30:00,1133.9599609375
2018-03-16 18:30:00,1134.27001953125
2018-03-16 19:30:00,1134.4300537109375
2018-03-19 13:30:00,1110.8699951171875
2018-03-19 14:30:00,1098.760009765625
2018-03-19 15:30:00,1096.7099609375
2018-03-19 16:30:00,1093.0799560546875
2018-03-19 17:30:00,1096.5
2018-03-19 18:30:00,1095.3599853515625
2018-03-19 19:30:00,1100.3900146484375
2018-03-20 13:30:00,1097.280029296875
2018-03-20 14:30:00,1094.0
2018-03-20 15:30:00,1097.5799560546875
2018-03-20 16:30:00,1091.72998046875
2018-03-20 17:30:00,1097.300048828125
2018-03-20 18:30:00,1095.6300048828125
2018-03-20 19:30:00,1096.199951171875
2018-03-21 13:30:00,1098.3900146484375
2018-03-21 14:30:00,1099.9849853515625
2018-03-21 15:30:00,1104.6300048828125
2018-03-21 16:30:00,1103.6400146484375
2018-03-21 17:30:00,1099.9300537109375
2018-03-21 18:30:00,1095.800048828125
2018-03-21 19:30:00,1093.56005859375
2018-03-22 13:30:00,1074.43505859375
2018-03-22 14:30:00,1059.699951171875
2018-03-22 15:30:00,1068.9599609375
2018-03-22 16:30:00,1069.6500244140625
2018-03-22 17:30:00,1061.7900390625
2018-03-22 18:30:00,1056.260009765625
2018-03-22 19:30:00,1052.93994140625
2018-03-23 13:30:00,1060.9300537109375
2018-03-23 14:30:00,1053.7900390625
2018-03-23 15:30:00,1051.989990234375
2018-03-23 16:30:00,1053.4200439453125
2018-03-23 17:30:00,1046.4200439453125
2018-03-23 18:30:00,1037.68994140625
2018-03-23 19:30:00,1026.8599853515625
2018-03-26 13:30:00,1038.5799560546875
2018-03-26 14:30:00,1015.0999755859375
2018-03-26 15:30:00,1027.0899658203125
2018-03-26 16:30:00,1026.560546875
2018-03-26 17:30:00,1038.6500244140625
2018-03-26 18:30:00,1045.02001953125
2018-03-26 19:30:00,1053.949951171875
2018-03-27 13:30:00,1052.46533203125
2018-03-27 14:30:00,1044.02001953125
2018-03-27 15:30:00,1039.40625
2018-03-27 16:30:00,1038.885009765625
2018-03-27 17:30:00,1025.3199462890625
2018-03-27 18:30:00,1010.9149780273438
2018-03-27 19:30:00,1007.4099731445312
2018-03-28 13:30:00,1008.1959228515625
2018-03-28 14:30:00,1000.0
2018-03-28 15:30:00,1014.7402954101562
2018-03-28 16:30:00,1011.3764038085938
2018-03-28 17:30:00,1010.0
2018-03-28 18:30:00,1008.8499755859375
2018-03-28 19:30:00,1004.739990234375
2018-03-29 13:30:00,1018.3150024414062
2018-03-29 14:30:00,1038.614990234375
2018-03-29 15:30:00,1036.239990234375
2018-03-29 16:30:00,1037.1300048828125
2018-03-29 17:30:00,1043.4949951171875
2018-03-29 18:30:00,1042.93994140625
2018-03-29 19:30:00,1036.4100341796875
2018-04-02 13:30:00,1016.75
2018-04-02 14:30:00,1010.3300170898438
2018-04-02 15:30:00,1006.3576049804688
2018-04-02 16:30:00,1002.718994140625
2018-04-02 17:30:00,999.3400268554688
2018-04-02 18:30:00,1006.2550048828125
2018-04-02 19:30:00,1012.6300048828125
2018-04-03 13:30:00,1004.7000122070312
2018-04-03 14:30:00,1017.3300170898438
2018-04-03 15:30:00,1005.219970703125
2018-04-03 16:30:00,1011.5499877929688
2018-04-03 17:30:00,1001.60498046875
2018-04-03 18:30:00,1017.6599731445312
2018-04-03 19:30:00,1018.1900024414062
2018-04-04 13:30:00,999.010009765625
2018-04-04 14:30:00,1011.9000244140625
2018-04-04 15:30:00,1014.0
2018-04-04 16:30:00,1003.0
2018-04-04 17:30:00,1015.52001953125
2018-04-04 18:30:00,1025.6199951171875
2018-04-04 19:30:00,1029.7099609375
2018-04-05 13:30:00,1036.199951171875
2018-04-05 14:30:00,1039.9300537109375
2018-04-05 15:30:00,1037.030029296875
2018-04-05 16:30:00,1028.75
2018-04-05 17:30:00,1030.219970703125
2018-04-05 18:30:00,1035.3699951171875
2018-04-05 19:30:00,1032.699951171875
2018-04-06 13:30:00,1030.225341796875
2018-04-06 14:30:00,1025.5450439453125
2018-04-06 15:30:00,1026.5550537109375
2018-04-06 16:30:00,1026.5699462890625
2018-04-06 17:30:00,1011.8200073242188
2018-04-06 18:30:00,1009.6300048828125
2018-04-06 19:30:00,1009.5999755859375
2018-04-09 13:30:00,1035.425048828125
2018-04-09 14:30:00,1035.0
2018-04-09 15:30:00,1040.885009765625
2018-04-09 16:30:00,1042.0999755859375
2018-04-09 17:30:00,1036.8399658203125
2018-04-09 18:30:00,1030.4599609375
2018-04-09 19:30:00,1020.1900024414062
2018-04-10 13:30:00,1023.510009765625
2018-04-10 14:30:00,1025.75
2018-04-10 15:30:00,1024.22998046875
2018-04-10 16:30:00,1025.27001953125
2018-04-10 17:30:00,1029.760009765625
2018-04-10 18:30:00,1038.97998046875
2018-04-10 19:30:00,1036.7099609375
2018-04-11 13:30:00,1031.199951171875
2018-04-11 14:30:00,1023.2100219726562
2018-04-11 15:30:00,1029.300048828125
2018-04-11 16:30:00,1025.699951171875
2018-04-11 17:30:00,1028.7099609375
2018-04-11 18:30:00,1025.300048828125
2018-04-11 19:30:00,1024.739990234375
2018-04-12 13:30:00,1042.31005859375
2018-04-12 14:30:00,1042.9300537109375
2018-04-12 15:30:00,1039.3199462890625
2018-04-12 16:30:00,1034.114013671875
2018-04-12 17:30:00,1042.17138671875
2018-04-12 18:30:00,1043.530029296875
2018-04-12 19:30:00,1037.300048828125
2018-04-13 13:30:00,1039.1199951171875
2018-04-13 14:30:00,1039.4849853515625
2018-04-13 15:30:00,1038.0
2018-04-13 16:30:00,1040.97998046875
2018-04-13 17:30:00,1041.8299560546875
2018-04-13 18:30:00,1031.5706787109375
2018-04-13 19:30:00,1036.0699462890625
2018-04-16 13:30:00,1044.3199462890625
2018-04-16 14:30:00,1040.530029296875
2018-04-16 15:30:00,1041.9599609375
2018-04-16 16:30:00,1047.6400146484375
2018-04-16 17:30:00,1046.9449462890625
2018-04-16 18:30:00,1046.0899658203125
2018-04-16 19:30:00,1046.0699462890625
2018-04-17 13:30:00,1074.0350341796875
2018-04-17 14:30:00,1079.510009765625
2018-04-17 15:30:00,1082.4599609375
2018-04-17 16:30:00,1082.032470703125
2018-04-17 17:30:00,1079.969970703125
2018-04-17 18:30:00,1082.31005859375
2018-04-17 19:30:00,1079.1700439453125
2018-04-18 13:30:00,1073.199951171875
2018-04-18 14:30:00,1079.114990234375
2018-04-18 15:30:00,1078.550048828125
2018-04-18 16:30:00,1076.72998046875
2018-04-18 17:30:00,1077.719970703125
2018-04-18 18:30:00,1076.57470703125
2018-04-18 19:30:00,1075.0400390625
2018-04-19 13:30:00,1082.0699462890625
2018-04-19 14:30:00,1084.112548828125
2018-04-19 15:30:00,1081.5999755859375
2018-04-19 16:30:00,1081.989990234375
2018-04-19 17:30:00,1086.3800048828125
2018-04-19 18:30:00,1090.75
2018-04-19 19:30:00,1091.1300048828125
2018-04-20 13:30:00,1091.939453125
2018-04-20 14:30:00,1081.22998046875
2018-04-20 15:30:00,1078.2734375
2018-04-20 16:30:00,1084.199462890625
2018-04-20 17:30:00,1080.25
2018-04-20 18:30:00,1074.2049560546875
2018-04-20 19:30:00,1077.3199462890625
2018-04-23 13:30:00,1075.9599609375
2018-04-23 14:30:00,1085.6199951171875
2018-04-23 15:30:00,1082.5550537109375
2018-04-23 16:30:00,1084.0
2018-04-23 17:30:00,1072.1800537109375
2018-04-23 18:30:00,1077.0
2018-04-23 19:30:00,1074.300048828125
2018-04-24 13:30:00,1038.530029296875
2018-04-24 14:30:00,1031.7149658203125
2018-04-24 15:30:00,1020.209228515625
2018-04-24 16:30:00,1022.5599975585938
2018-04-24 17:30:00,1018.27001953125
2018-04-24 18:30:00,1018.5800170898438
2018-04-24 19:30:00,1023.6900024414062
2018-04-25 13:30:00,1023.4500122070312
2018-04-25 14:30:00,1035.1800537109375
2018-04-25 15:30:00,1027.3299560546875
2018-04-25 16:30:00,1026.6099853515625
2018-04-25 17:30:00,1023.6500244140625
2018-04-25 18:30:00,1026.4603271484375
2018-04-25 19:30:00,1023.0
2018-04-26 13:30:00,1038.3116455078125
2018-04-26 14:30:00,1038.8199462890625
2018-04-26 15:30:00,1042.587158203125
2018-04-26 16:30:00,1047.949951171875
2018-04-26 17:30:00,1047.9515380859375
2018-04-26 18:30:00,1045.8499755859375
2018-04-26 19:30:00,1043.22998046875
2018-04-27 13:30:00,1031.300048828125
2018-04-27 14:30:00,1036.155029296875
2018-04-27 15:30:00,1030.1600341796875
2018-04-27 16:30:00,1031.52001953125
2018-04-27 17:30:00,1030.52001953125
2018-04-27 18:30:00,1028.280029296875
2018-04-27 19:30:00,1031.760009765625
2018-04-30 13:30:00,1034.699951171875
2018-04-30 14:30:00,1029.1800537109375
2018-04-30 15:30:00,1023.9199829101562
2018-04-30 16:30:00,1022.280029296875
2018-04-30 17:30:00,1025.1199951171875
2018-04-30 18:30:00,1022.1950073242188
2018-04-30 19:30:00,1018.7000122070312
2018-05-01 13:30:00,1022.3300170898438
2018-05-01 14:30:00,1023.4600219726562
2018-05-01 15:30:00,1023.75
2018-05-01 16:30:00,1022.7000122070312
2018-05-01 17:30:00,1031.4000244140625
2018-05-01 18:30:00,1034.8299560546875
2018-05-01 19:30:00,1041.72998046875
2018-05-02 13:30:00,1037.8800048828125
2018-05-02 14:30:00,1036.77001953125
2018-05-02 15:30:00,1036.43994140625
2018-05-02 16:30:00,1037.280029296875
2018-05-02 17:30:00,1039.280029296875
2018-05-02 18:30:00,1030.300048828125
2018-05-02 19:30:00,1025.8699951171875
2018-05-03 13:30:00,1021.739990234375
2018-05-03 14:30:00,1010.489990234375
2018-05-03 15:30:00,1013.010009765625
2018-05-03 16:30:00,1022.5499877929688
2018-05-03 17:30:00,1025.06005859375
2018-05-03 18:30:00,1027.3900146484375
2018-05-03 19:30:00,1025.75
2018-05-04 13:30:00,1031.655029296875
2018-05-04 14:30:00,1040.4100341796875
2018-05-04 15:30:00,1040.949951171875
2018-05-04 16:30:00,1045.22998046875
2018-05-04 17:30:00,1049.3199462890625
2018-05-04 18:30:00,1049.199951171875
2018-05-04 19:30:00,1051.0
2018-05-07 13:30:00,1059.7650146484375
2018-05-07 14:30:00,1062.22998046875
2018-05-07 15:30:00,1063.739990234375
2018-05-07 16:30:00,1059.6600341796875
2018-05-07 17:30:00,1063.0
2018-05-07 18:30:00,1058.4300537109375
2018-05-07 19:30:00,1059.3299560546875
2018-05-08 13:30:00,1052.8399658203125
2018-05-08 14:30:00,1056.489990234375
2018-05-08 15:30:00,1058.6099853515625
2018-05-08 16:30:00,1060.3299560546875
2018-05-08 17:30:00,1058.3900146484375
2018-05-08 18:30:00,1058.5
2018-05-08 19:30:00,1058.719970703125
2018-05-09 13:30:00,1077.1500244140625
2018-05-09 14:30:00,1074.47998046875
2018-05-09 15:30:00,1080.8697509765625
2018-05-09 16:30:00,1085.219970703125
2018-05-09 17:30:00,1089.1300048828125
2018-05-09 18:30:00,1092.6700439453125
2018-05-09 19:30:00,1088.3699951171875
2018-05-10 13:30:00,1103.760009765625
2018-05-10 14:30:00,1103.25
2018-05-10 15:30:00,1103.4300537109375
2018-05-10 16:30:00,1104.405029296875
2018-05-10 17:30:00,1101.89013671875
2018-05-10 18:30:00,1102.1400146484375
2018-05-10 19:30:00,1105.0999755859375
2018-05-11 13:30:00,1106.18505859375
2018-05-11 14:30:00,1105.4200439453125
2018-05-11 15:30:00,1101.68994140625
2018-05-11 16:30:00,1103.16796875
2018-05-11 17:30:00,1101.97998046875
2018-05-11 18:30:00,1100.3299560546875
2018-05-11 19:30:00,1103.4300537109375
2018-05-14 13:30:00,1115.489990234375
2018-05-14 14:30:00,1115.4443359375
2018-05-14 15:30:00,1116.02001953125
2018-05-14 16:30:00,1111.7349853515625
2018-05-14 17:30:00,1110.157470703125
2018-05-14 18:30:00,1111.3699951171875
2018-05-14 19:30:00,1106.6199951171875
2018-05-15 13:30:00,1092.3765869140625
2018-05-15 14:30:00,1088.036376953125
2018-05-15 15:30:00,1087.4300537109375
2018-05-15 16:30:00,1086.0450439453125
2018-05-15 17:30:00,1082.7950439453125
2018-05-15 18:30:00,1080.68994140625
2018-05-15 19:30:00,1085.0999755859375
2018-05-16 13:30:00,1091.47998046875
2018-05-16 14:30:00,1088.5
2018-05-16 15:30:00,1092.0
2018-05-16 16:30:00,1089.77001953125
2018-05-16 17:30:00,1089.675048828125
2018-05-16 18:30:00,1088.9200439453125
2018-05-16 19:30:00,1083.8199462890625
2018-05-17 13:30:00,1088.219970703125
2018-05-17 14:30:00,1087.3599853515625
2018-05-17 15:30:00,1088.3299560546875
2018-05-17 16:30:00,1082.9000244140625
2018-05-17 17:30:00,1081.949951171875
2018-05-17 18:30:00,1081.050048828125
2018-05-17 19:30:00,1080.75
2018-05-18 13:30:00,1067.3800048828125
2018-05-18 14:30:00,1071.94970703125
2018-05-18 15:30:00,1070.969970703125
2018-05-18 16:30:00,1070.6500244140625
2018-05-18 17:30:00,1070.124267578125
2018-05-18 18:30:00,1070.29248046875
2018-05-18 19:30:00,1069.4200439453125
2018-05-21 13:30:00,1085.760009765625
2018-05-21 14:30:00,1080.056396484375
2018-05-21 15:30:00,1084.31005859375
2018-05-21 16:30:00,1087.6700439453125
2018-05-21 17:30:00,1083.14501953125
2018-05-21 18:30:00,1082.1500244140625
2018-05-21 19:30:00,1083.7900390625
2018-05-22 13:30:00,1080.8399658203125
2018-05-22 14:30:00,1083.0185546875
2018-05-22 15:30:00,1080.4300537109375
2018-05-22 16:30:00,1079.43994140625
2018-05-22 17:30:00,1079.31005859375
2018-05-22 18:30:00,1078.550048828125
2018-05-22 19:30:00,1075.8199462890625
2018-05-23 13:30:00,1070.6500244140625
2018-05-23 14:30:00,1070.31005859375
2018-05-23 15:30:00,1072.0
2018-05-23 16:30:00,1076.2249755859375
2018-05-23 17:30:00,1081.6026611328125
2018-05-23 18:30:00,1083.9603271484375
2018-05-23 19:30:00,1085.6600341796875
2018-05-24 13:30:00,1077.52587890625
2018-05-24 14:30:00,1078.38134765625
2018-05-24 15:30:00,1085.2099609375
2018-05-24 16:30:00,1084.18994140625
2018-05-24 17:30:00,1085.969970703125
2018-05-24 18:30:00,1085.8599853515625
2018-05-24 19:30:00,1085.8699951171875
2018-05-25 13:30:00,1088.6400146484375
2018-05-25 14:30:00,1086.1300048828125
2018-05-25 15:30:00,1086.534912109375
2018-05-25 16:30:00,1086.447021484375
2018-05-25 17:30:00,1086.0799560546875
2018-05-25 18:30:00,1084.5400390625
2018-05-25 19:30:00,1083.5699462890625
2018-05-29 13:30:00,1071.5999755859375
2018-05-29 14:30:00,1073.1800537109375
2018-05-29 15:30:00,1070.18994140625
2018-05-29 16:30:00,1068.06005859375
2018-05-29 17:30:00,1067.5150146484375
2018-05-29 18:30:00,1064.6400146484375
2018-05-29 19:30:00,1068.530029296875
2018-05-30 13:30:00,1067.0999755859375
2018-05-30 14:30:00,1074.4599609375
2018-05-30 15:30:00,1077.77001953125
2018-05-30 16:30:00,1076.4300537109375
2018-05-30 17:30:00,1076.5899658203125
2018-05-30 18:30:00,1077.800048828125
2018-05-30 19:30:00,1077.0400390625
2018-05-31 13:30:00,1103.4549560546875
2018-05-31 14:30:00,1105.3504638671875
2018-05-31 15:30:00,1105.68994140625
2018-05-31 16:30:00,1105.02001953125
2018-05-31 17:30:00,1103.9200439453125
2018-05-31 18:30:00,1107.35498046875
2018-05-31 19:30:00,1100.780029296875
2018-06-01 13:30:00,1129.56005859375
2018-06-01 14:30:00,1132.72998046875
2018-06-01 15:30:00,1133.8599853515625
2018-06-01 16:30:00,1135.6099853515625
2018-06-01 17:30:00,1133.0
2018-06-01 18:30:00,1132.89501953125
2018-06-01 19:30:00,1134.989990234375
2018-06-04 13:30:00,1151.0
2018-06-04 14:30:00,1151.6619873046875
2018-06-04 15:30:00,1149.949951171875
2018-06-04 16:30:00,1154.5
2018-06-04 17:30:00,1153.5999755859375
2018-06-04 18:30:00,1152.25
2018-06-04 19:30:00,1153.06005859375
2018-06-05 13:30:00,1160.469970703125
2018-06-05 14:30:00,1153.27001953125
2018-06-05 15:30:00,1150.719970703125
2018-06-05 16:30:00,1153.2750244140625
2018-06-05 17:30:00,1151.4100341796875
2018-06-05 18:30:00,1151.27001953125
2018-06-05 19:30:00,1150.4100341796875
2018-06-06 13:30:00,1143.489990234375
2018-06-06 14:30:00,1147.9000244140625
2018-06-06 15:30:00,1145.0738525390625
2018-06-06 16:30:00,1142.6700439453125
2018-06-06 17:30:00,1142.530029296875
2018-06-06 18:30:00,1145.1199951171875
2018-06-06 19:30:00,1146.6600341796875
2018-06-07 13:30:00,1134.8599853515625
2018-06-07 14:30:00,1135.25
2018-06-07 15:30:00,1135.1300048828125
2018-06-07 16:30:00,1126.8399658203125
2018-06-07 17:30:00,1133.9000244140625
2018-06-07 18:30:00,1134.4100341796875
2018-06-07 19:30:00,1134.4100341796875
2018-06-08 13:30:00,1126.0953369140625
2018-06-08 14:30:00,1131.699951171875
2018-06-08 15:30:00,1134.5
2018-06-08 16:30:00,1135.2105712890625
2018-06-08 17:30:00,1135.31005859375
2018-06-08 18:30:00,1135.3800048828125
2018-06-08 19:30:00,1132.5899658203125
2018-06-11 13:30:00,1135.489990234375
2018-06-11 14:30:00,1141.7547607421875
2018-06-11 15:30:00,1147.1400146484375
2018-06-11 16:30:00,1147.239990234375
2018-06-11 17:30:00,1142.949951171875
2018-06-11 18:30:00,1144.625
2018-06-11 19:30:00,1140.550048828125
2018-06-12 13:30:00,1143.4100341796875
2018-06-12 14:30:00,1143.530029296875
2018-06-12 15:30:00,1145.219970703125
2018-06-12 16:30:00,1145.699951171875
2018-06-12 17:30:00,1141.9300537109375
2018-06-12 18:30:00,1144.22998046875
2018-06-12 19:30:00,1148.3599853515625
2018-06-13 13:30:00,1150.175048828125
2018-06-13 14:30:00,1152.219970703125
2018-06-13 15:30:00,1150.0799560546875
2018-06-13 16:30:00,1151.6639404296875
2018-06-13 17:30:00,1149.2900390625
2018-06-13 18:30:00,1152.1800537109375
2018-06-13 19:30:00,1144.030029296875
2018-06-14 13:30:00,1160.125
2018-06-14 14:30:00,1157.43994140625
2018-06-14 15:30:00,1162.5799560546875
2018-06-14 16:30:00,1165.6400146484375
2018-06-14 17:30:00,1158.800048828125
2018-06-14 18:30:00,1160.844970703125
2018-06-14 19:30:00,1160.8800048828125
2018-06-15 13:30:00,1157.594970703125
2018-06-15 14:30:00,1155.0
2018-06-15 15:30:00,1155.7900390625
2018-06-15 16:30:00,1157.239990234375
2018-06-15 17:30:00,1157.43994140625
2018-06-15 18:30:00,1158.9300537109375
2018-06-15 19:30:00,1158.6500244140625
2018-06-18 13:30:00,1162.489990234375
2018-06-18 14:30:00,1176.0400390625
2018-06-18 15:30:00,1175.092041015625
2018-06-18 16:30:00,1176.9649658203125
2018-06-18 17:30:00,1180.719970703125
2018-06-18 18:30:00,1182.75
2018-06-18 19:30:00,1184.02001953125
2018-06-19 13:30:00,1163.6185302734375
2018-06-19 14:30:00,1171.8189697265625
2018-06-19 15:30:00,1167.510009765625
2018-06-19 16:30:00,1166.3399658203125
2018-06-19 17:30:00,1172.4100341796875
2018-06-19 18:30:00,1176.9300537109375
2018-06-19 19:30:00,1178.739990234375
2018-06-20 13:30:00,1192.4449462890625
2018-06-20 14:30:00,1194.3399658203125
2018-06-20 15:30:00,1197.5
2018-06-20 16:30:00,1197.0
2018-06-20 17:30:00,1197.1700439453125
2018-06-20 18:30:00,1190.489990234375
2018-06-20 19:30:00,1183.8199462890625
2018-06-21 13:30:00,1171.43994140625
2018-06-21 14:30:00,1176.6400146484375
2018-06-21 15:30:00,1175.8299560546875
2018-06-21 16:30:00,1174.6700439453125
2018-06-21 17:30:00,1171.677001953125
2018-06-21 18:30:00,1170.6300048828125
2018-06-21 19:30:00,1169.5389404296875
2018-06-22 13:30:00,1160.4649658203125
2018-06-22 14:30:00,1166.75
2018-06-22 15:30:00,1169.5150146484375
2018-06-22 16:30:00,1174.6500244140625
2018-06-22 17:30:00,1170.3900146484375
2018-06-22 18:30:00,1168.6400146484375
2018-06-22 19:30:00,1166.1300048828125
2018-06-25 13:30:00,1140.8699951171875
2018-06-25 14:30:00,1131.469970703125
2018-06-25 15:30:00,1131.1300048828125
2018-06-25 16:30:00,1122.800048828125
2018-06-25 17:30:00,1126.8389892578125
2018-06-25 18:30:00,1126.75
2018-06-25 19:30:00,1139.3299560546875
2018-06-26 13:30:00,1137.97998046875
2018-06-26 14:30:00,1133.56005859375
2018-06-26 15:30:00,1140.3060302734375
2018-06-26 16:30:00,1144.3800048828125
2018-06-26 17:30:00,1138.0
2018-06-26 18:30:00,1133.7740478515625
2018-06-26 19:30:00,1133.1566162109375
2018-06-27 13:30:00,1141.279541015625
2018-06-27 14:30:00,1130.8133544921875
2018-06-27 15:30:00,1133.511962890625
2018-06-27 16:30:00,1125.1900634765625
2018-06-27 17:30:00,1125.375
2018-06-27 18:30:00,1125.6600341796875
2018-06-27 19:30:00,1116.989990234375
2018-06-28 13:30:00,1116.6199951171875
2018-06-28 14:30:00,1124.0550537109375
2018-06-28 15:30:00,1118.9200439453125
2018-06-28 16:30:00,1121.0699462890625
2018-06-28 17:30:00,1128.18505859375
2018-06-28 18:30:00,1129.9949951171875
2018-06-28 19:30:00,1126.81103515625
2018-06-29 13:30:00,1137.1199951171875
2018-06-29 14:30:00,1137.0999755859375
2018-06-29 15:30:00,1134.3699951171875
2018-06-29 16:30:00,1133.66845703125
2018-06-29 17:30:00,1134.2099609375
2018-06-29 18:30:00,1132.02001953125
2018-06-29 19:30:00,1128.8199462890625
2018-07-02 13:30:00,1125.4525146484375
2018-07-02 14:30:00,1125.9599609375
2018-07-02 15:30:00,1123.530029296875
2018-07-02 16:30:00,1123.219970703125
2018-07-02 17:30:00,1135.1099853515625
2018-07-02 18:30:00,1136.6446533203125
2018-07-02 19:30:00,1142.800048828125
2018-07-03 13:30:00,1135.1500244140625
2018-07-03 14:30:00,1129.5799560546875
2018-07-03 15:30:00,1124.6099853515625
2018-07-03 17:00:00,1117.1346435546875
2018-07-05 13:30:00,1127.489990234375
2018-07-05 14:30:00,1132.56005859375
2018-07-05 15:30:00,1139.47998046875
2018-07-05 16:30:00,1140.3399658203125
2018-07-05 17:30:00,1139.8599853515625
2018-07-05 18:30:00,1139.2900390625
2018-07-05 19:30:00,1141.3800048828125
2018-07-06 13:30:00,1144.97998046875
2018-07-06 14:30:00,1153.6099853515625
2018-07-06 15:30:00,1155.155029296875
2018-07-06 16:30:00,1154.739990234375
2018-07-06 17:30:00,1154.0
2018-07-06 18:30:00,1155.1500244140625
2018-07-06 19:30:00,1155.3199462890625
2018-07-09 13:30:00,1159.0
2018-07-09 14:30:00,1160.7099609375
2018-07-09 15:30:00,1160.06005859375
2018-07-09 16:30:00,1162.22998046875
2018-07-09 17:30:00,1162.4300537109375
2018-07-09 18:30:00,1162.97998046875
2018-07-09 19:30:00,1167.4300537109375
2018-07-10 13:30:00,1169.5
2018-07-10 14:30:00,1169.8699951171875
2018-07-10 15:30:00,1172.989990234375
2018-07-10 16:30:00,1169.75
2018-07-10 17:30:00,1169.239990234375
2018-07-10 18:30:00,1166.72998046875
2018-07-10 19:30:00,1167.1400146484375
2018-07-11 13:30:00,1179.2900390625
2018-07-11 14:30:00,1173.1400146484375
2018-07-11 15:30:00,1174.5050048828125
2018-07-11 16:30:00,1178.660400390625
2018-07-11 17:30:00,1176.0400390625
2018-07-11 18:30:00,1175.5400390625
2018-07-11 19:30:00,1170.97998046875
2018-07-12 13:30:00,1189.8289794921875
2018-07-12 14:30:00,1195.1400146484375
2018-07-12 15:30:00,1199.8900146484375
2018-07-12 16:30:00,1197.56005859375
2018-07-12 17:30:00,1197.949951171875
2018-07-12 18:30:00,1198.8199462890625
2018-07-12 19:30:00,1201.2750244140625
2018-07-13 13:30:00,1207.9100341796875
2018-07-13 14:30:00,1209.0
2018-07-13 15:30:00,1208.1400146484375
2018-07-13 16:30:00,1205.030029296875
2018-07-13 17:30:00,1201.010009765625
2018-07-13 18:30:00,1204.27001953125
2018-07-13 19:30:00,1204.3499755859375
2018-07-16 13:30:00,1206.52001953125
2018-07-16 14:30:00,1201.3199462890625
2018-07-16 15:30:00,1201.97998046875
2018-07-16 16:30:00,1200.3599853515625
2018-07-16 17:30:00,1198.300048828125
2018-07-16 18:30:00,1195.2149658203125
2018-07-16 19:30:00,1196.510009765625
2018-07-17 13:30:00,1192.989990234375
2018-07-17 14:30:00,1202.1500244140625
2018-07-17 15:30:00,1215.989990234375
2018-07-17 16:30:00,1216.1199951171875
2018-07-17 17:30:00,1215.31005859375
2018-07-17 18:30:00,1213.2099609375
2018-07-17 19:30:00,1213.050048828125
2018-07-18 13:30:00,1209.47998046875
2018-07-18 14:30:00,1211.0128173828125
2018-07-18 15:30:00,1213.6048583984375
2018-07-18 16:30:00,1219.5196533203125
2018-07-18 17:30:00,1218.125
2018-07-18 18:30:00,1217.3499755859375
2018-07-18 19:30:00,1212.47998046875
2018-07-19 13:30:00,1205.719970703125
2018-07-19 14:30:00,1207.0400390625
2018-07-19 15:30:00,1202.0799560546875
2018-07-19 16:30:00,1201.2279052734375
2018-07-19 17:30:00,1202.31005859375
2018-07-19 18:30:00,1201.52001953125
2018-07-19 19:30:00,1199.25
2018-07-20 13:30:00,1203.02001953125
2018-07-20 14:30:00,1207.7449951171875
2018-07-20 15:30:00,1201.2049560546875
2018-07-20 16:30:00,1198.8599853515625
2018-07-20 17:30:00,1199.409912109375
2018-07-20 18:30:00,1198.2950439453125
2018-07-20 19:30:00,1197.8800048828125
2018-07-23 13:30:00,1200.989990234375
2018-07-23 14:30:00,1206.77001953125
2018-07-23 15:30:00,1208.530029296875
2018-07-23 16:30:00,1204.6700439453125
2018-07-23 17:30:00,1210.9100341796875
2018-07-23 18:30:00,1213.9200439453125
2018-07-23 19:30:00,1212.219970703125
2018-07-24 13:30:00,1266.8699951171875
2018-07-24 14:30:00,1264.155029296875
2018-07-24 15:30:00,1258.030029296875
2018-07-24 16:30:00,1246.0699462890625
2018-07-24 17:30:00,1255.0416259765625
2018-07-24 18:30:00,1255.78955078125
2018-07-24 19:30:00,1258.530029296875
2018-07-25 13:30:00,1263.6700439453125
2018-07-25 14:30:00,1263.1500244140625
2018-07-25 15:30:00,1264.969970703125
2018-07-25 16:30:00,1267.6099853515625
2018-07-25 17:30:00,1270.2149658203125
2018-07-25 18:30:00,1271.893798828125
2018-07-25 19:30:00,1275.52001953125
2018-07-26 13:30:00,1270.300048828125
2018-07-26 14:30:00,1278.97998046875
2018-07-26 15:30:00,1281.3399658203125
2018-07-26 16:30:00,1279.72998046875
2018-07-26 17:30:00,1282.2900390625
2018-07-26 18:30:00,1281.9599609375
2018-07-26 19:30:00,1285.1199951171875
2018-07-27 13:30:00,1275.97998046875
2018-07-27 14:30:00,1269.1300048828125
2018-07-27 15:30:00,1259.699951171875
2018-07-27 16:30:00,1250.280029296875
2018-07-27 17:30:00,1248.6199951171875
2018-07-27 18:30:00,1251.0699462890625
2018-07-27 19:30:00,1252.4200439453125
2018-07-30 13:30:00,1238.02001953125
2018-07-30 14:30:00,1233.1199951171875
2018-07-30 15:30:00,1231.3599853515625
2018-07-30 16:30:00,1231.6500244140625
2018-07-30 17:30:00,1233.8050537109375
2018-07-30 18:30:00,1228.6600341796875
2018-07-30 19:30:00,1230.0999755859375
2018-07-31 13:30:00,1219.9224853515625
2018-07-31 14:30:00,1231.4718017578125
2018-07-31 15:30:00,1239.5999755859375
2018-07-31 16:30:00,1231.47998046875
2018-07-31 17:30:00,1233.72998046875
2018-07-31 18:30:00,1230.864990234375
2018-07-31 19:30:00,1227.72998046875
2018-08-01 13:30:00,1240.991943359375
2018-08-01 14:30:00,1232.7099609375
2018-08-01 15:30:00,1229.0
2018-08-01 16:30:00,1228.5400390625
2018-08-01 17:30:00,1233.239990234375
2018-08-01 18:30:00,1235.56005859375
2018-08-01 19:30:00,1232.969970703125
2018-08-02 13:30:00,1226.1800537109375
2018-08-02 14:30:00,1231.4100341796875
2018-08-02 15:30:00,1239.4764404296875
2018-08-02 16:30:00,1241.5550537109375
2018-08-02 17:30:00,1241.1573486328125
2018-08-02 18:30:00,1241.760009765625
2018-08-02 19:30:00,1241.1700439453125
2018-08-03 13:30:00,1240.3399658203125
2018-08-03 14:30:00,1230.9599609375
2018-08-03 15:30:00,1233.4599609375
2018-08-03 16:30:00,1233.0350341796875
2018-08-03 17:30:00,1234.3599853515625
2018-08-03 18:30:00,1233.5799560546875
2018-08-03 19:30:00,1237.52001953125
2018-08-06 13:30:00,1234.6600341796875
2018-08-06 14:30:00,1232.3900146484375
2018-08-06 15:30:00,1233.56005859375
2018-08-06 16:30:00,1237.581298828125
2018-08-06 17:30:00,1237.9849853515625
2018-08-06 18:30:00,1237.8499755859375
2018-08-06 19:30:00,1237.9200439453125
2018-08-07 13:30:00,1262.719970703125
2018-08-07 14:30:00,1256.3199462890625
2018-08-07 15:30:00,1264.0550537109375
2018-08-07 16:30:00,1260.72802734375
2018-08-07 17:30:00,1259.1600341796875
2018-08-07 18:30:00,1257.3699951171875
2018-08-07 19:30:00,1255.7900390625
2018-08-08 13:30:00,1264.0
2018-08-08 14:30:00,1268.760009765625
2018-08-08 15:30:00,1266.0899658203125
2018-08-08 16:30:00,1265.0350341796875
2018-08-08 17:30:00,1266.22998046875
2018-08-08 18:30:00,1266.4200439453125
2018-08-08 19:30:00,1260.31005859375
2018-08-09 13:30:00,1266.2900390625
2018-08-09 14:30:00,1266.43994140625
2018-08-09 15:30:00,1263.6895751953125
2018-08-09 16:30:00,1268.6300048828125
2018-08-09 17:30:00,1268.800048828125
2018-08-09 18:30:00,1266.60498046875
2018-08-09 19:30:00,1264.3699951171875
2018-08-10 13:30:00,1255.7850341796875
2018-08-10 14:30:00,1255.68505859375
2018-08-10 15:30:00,1254.969970703125
2018-08-10 16:30:00,1253.6199951171875
2018-08-10 17:30:00,1247.8599853515625
2018-08-10 18:30:00,1251.5899658203125
2018-08-10 19:30:00,1252.31005859375
2018-08-13 13:30:00,1263.47998046875
2018-08-13 14:30:00,1253.0
2018-08-13 15:30:00,1250.0577392578125
2018-08-13 16:30:00,1252.801513671875
2018-08-13 17:30:00,1255.3299560546875
2018-08-13 18:30:00,1251.3800048828125
2018-08-13 19:30:00,1248.97998046875
2018-08-14 13:30:00,1246.760009765625
2018-08-14 14:30:00,1251.112548828125
2018-08-14 15:30:00,1258.199951171875
2018-08-14 16:30:00,1256.050048828125
2018-08-14 17:30:00,1255.2900390625
2018-08-14 18:30:00,1259.449951171875
2018-08-14 19:30:00,1258.1500244140625
2018-08-15 13:30:00,1227.7352294921875
2018-08-15 14:30:00,1234.010009765625
2018-08-15 15:30:00,1231.530029296875
2018-08-15 16:30:00,1231.93994140625
2018-08-15 17:30:00,1228.5999755859375
2018-08-15 18:30:00,1234.949951171875
2018-08-15 19:30:00,1232.719970703125
2018-08-16 13:30:00,1238.530029296875
2018-08-16 14:30:00,1241.260009765625
2018-08-16 15:30:00,1241.9300537109375
2018-08-16 16:30:00,1237.393798828125
2018-08-16 17:30:00,1226.7850341796875
2018-08-16 18:30:00,1227.6099853515625
2018-08-16 19:30:00,1224.22998046875
2018-08-17 13:30:00,1206.280029296875
2018-08-17 14:30:00,1212.27001953125
2018-08-17 15:30:00,1211.0
2018-08-17 16:30:00,1208.385009765625
2018-08-17 17:30:00,1218.704345703125
2018-08-17 18:30:00,1216.800048828125
2018-08-17 19:30:00,1215.4599609375
2018-08-20 13:30:00,1210.949951171875
2018-08-20 14:30:00,1219.8599853515625
2018-08-20 15:30:00,1219.0999755859375
2018-08-20 16:30:00,1218.969970703125
2018-08-20 17:30:00,1220.9100341796875
2018-08-20 18:30:00,1221.6375732421875
2018-08-20 19:30:00,1221.93994140625
2018-08-21 13:30:00,1229.239990234375
2018-08-21 14:30:00,1224.933349609375
2018-08-21 15:30:00,1229.85498046875
2018-08-21 16:30:00,1228.6099853515625
2018-08-21 17:30:00,1225.2283935546875
2018-08-21 18:30:00,1219.2900390625
2018-08-21 19:30:00,1216.7900390625
2018-08-22 13:30:00,1218.010009765625
2018-08-22 14:30:00,1225.1600341796875
2018-08-22 15:30:00,1219.7900390625
2018-08-22 16:30:00,1220.719970703125
2018-08-22 17:30:00,1220.02001953125
2018-08-22 18:30:00,1223.010009765625
2018-08-22 19:30:00,1221.8699951171875
2018-08-23 13:30:00,1233.8800048828125
2018-08-23 14:30:00,1222.5400390625
2018-08-23 15:30:00,1224.2099609375
2018-08-23 16:30:00,1224.760009765625
2018-08-23 17:30:00,1226.06005859375
2018-08-23 18:30:00,1225.4150390625
2018-08-23 19:30:00,1220.699951171875
2018-08-24 13:30:00,1229.1199951171875
2018-08-24 14:30:00,1230.8900146484375
2018-08-24 15:30:00,1232.469970703125
2018-08-24 16:30:00,1230.739990234375
2018-08-24 17:30:00,1232.6099853515625
2018-08-24 18:30:00,1236.1099853515625
2018-08-24 19:30:00,1236.614990234375
2018-08-27 13:30:00,1252.2449951171875
2018-08-27 14:30:00,1250.2099609375
2018-08-27 15:30:00,1253.8499755859375
2018-08-27 16:30:00,1254.1650390625
2018-08-27 17:30:00,1254.780029296875
2018-08-27 18:30:00,1257.0599365234375
2018-08-27 19:30:00,1256.1099853515625
2018-08-28 13:30:00,1250.941650390625
2018-08-28 14:30:00,1255.050048828125
2018-08-28 15:30:00,1251.97998046875
2018-08-28 16:30:00,1249.18994140625
2018-08-28 17:30:00,1246.989990234375
2018-08-28 18:30:00,1246.75
2018-08-28 19:30:00,1246.260009765625
2018-08-29 13:30:00,1261.0
2018-08-29 14:30:00,1263.947509765625
2018-08-29 15:30:00,1264.545654296875
2018-08-29 16:30:00,1262.312744140625
2018-08-29 17:30:00,1265.521728515625
2018-08-29 18:30:00,1265.72998046875
2018-08-29 19:30:00,1265.1300048828125
2018-08-30 13:30:00,1262.6500244140625
2018-08-30 14:30:00,1260.0
2018-08-30 15:30:00,1264.3299560546875
2018-08-30 16:30:00,1264.7349853515625
2018-08-30 17:30:00,1253.780029296875
2018-08-30 18:30:00,1252.2850341796875
2018-08-30 19:30:00,1254.4300537109375
2018-08-31 13:30:00,1245.260009765625
2018-08-31 14:30:00,1237.78125
2018-08-31 15:30:00,1237.43994140625
2018-08-31 16:30:00,1235.4300537109375
2018-08-31 17:30:00,1228.699951171875
2018-08-31 18:30:00,1228.969970703125
2018-08-31 19:30:00,1231.43994140625
2018-09-04 13:30:00,1215.4100341796875
2018-09-04 14:30:00,1217.6400146484375
2018-09-04 15:30:00,1214.03662109375
2018-09-04 16:30:00,1214.5999755859375
2018-09-04 17:30:00,1212.3770751953125
2018-09-04 18:30:00,1209.4200439453125
2018-09-04 19:30:00,1211.4599609375
2018-09-05 13:30:00,1192.010009765625
2018-09-05 14:30:00,1178.2900390625
2018-09-05 15:30:00,1192.1800537109375
2018-09-05 16:30:00,1196.2149658203125
2018-09-05 17:30:00,1198.510009765625
2018-09-05 18:30:00,1196.43994140625
2018-09-05 19:30:00,1199.530029296875
2018-09-06 13:30:00,1178.0799560546875
2018-09-06 14:30:00,1171.780029296875
2018-09-06 15:30:00,1173.5511474609375
2018-09-06 16:30:00,1173.3499755859375
2018-09-06 17:30:00,1171.43994140625
2018-09-06 18:30:00,1182.1700439453125
2018-09-06 19:30:00,1184.0
2018-09-07 13:30:00,1183.199951171875
2018-09-07 14:30:00,1184.455322265625
2018-09-07 15:30:00,1173.8299560546875
2018-09-07 16:30:00,1178.1099853515625
2018-09-07 17:30:00,1179.0
2018-09-07 18:30:00,1177.77001953125
2018-09-07 19:30:00,1178.010009765625
2018-09-10 13:30:00,1175.387451171875
2018-09-10 14:30:00,1178.9000244140625
2018-09-10 15:30:00,1174.6033935546875
2018-09-10 16:30:00,1177.0
2018-09-10 17:30:00,1175.3699951171875
2018-09-10 18:30:00,1176.0
2018-09-10 19:30:00,1175.9200439453125
2018-09-11 13:30:00,1187.949951171875
2018-09-11 14:30:00,1183.3499755859375
2018-09-11 15:30:00,1185.489990234375
2018-09-11 16:30:00,1181.8699951171875
2018-09-11 17:30:00,1185.7900390625
2018-09-11 18:30:00,1188.010009765625
2018-09-11 19:30:00,1189.989990234375
2018-09-12 13:30:00,1174.5699462890625
2018-09-12 14:30:00,1176.5849609375
2018-09-12 15:30:00,1171.77001953125
2018-09-12 16:30:00,1169.530029296875
2018-09-12 17:30:00,1167.93994140625
2018-09-12 18:30:00,1169.60498046875
2018-09-12 19:30:00,1171.510009765625
2018-09-13 13:30:00,1170.030029296875
2018-09-13 14:30:00,1174.9200439453125
2018-09-13 15:30:00,1178.00244140625
2018-09-13 16:30:00,1176.44970703125
2018-09-13 17:30:00,1177.9100341796875
2018-09-13 18:30:00,1179.260009765625
2018-09-13 19:30:00,1182.0899658203125
2018-09-14 13:30:00,1181.1700439453125
2018-09-14 14:30:00,1181.18994140625
2018-09-14 15:30:00,1175.1500244140625
2018-09-14 16:30:00,1177.1500244140625
2018-09-14 17:30:00,1177.4000244140625
2018-09-14 18:30:00,1178.736083984375
2018-09-14 19:30:00,1177.56005859375
2018-09-17 13:30:00,1164.81005859375
2018-09-17 14:30:00,1163.6099853515625
2018-09-17 15:30:00,1168.64306640625
2018-09-17 16:30:00,1169.4300537109375
2018-09-17 17:30:00,1170.5799560546875
2018-09-17 18:30:00,1164.3699951171875
2018-09-17 19:30:00,1159.8299560546875
2018-09-18 13:30:00,1169.6650390625
2018-09-18 14:30:00,1179.5
2018-09-18 15:30:00,1172.8499755859375
2018-09-18 16:30:00,1172.8900146484375
2018-09-18 17:30:00,1172.719970703125
2018-09-18 18:30:00,1172.0
2018-09-18 19:30:00,1167.0999755859375
2018-09-19 13:30:00,1159.5999755859375
2018-09-19 14:30:00,1164.050048828125
2018-09-19 15:30:00,1167.550048828125
2018-09-19 16:30:00,1165.9200439453125
2018-09-19 17:30:00,1169.3525390625
2018-09-19 18:30:00,1175.8531494140625
2018-09-19 19:30:00,1174.324951171875
2018-09-20 13:30:00,1185.0
2018-09-20 14:30:00,1187.93994140625
2018-09-20 15:30:00,1190.77001953125
2018-09-20 16:30:00,1190.1500244140625
2018-09-20 17:30:00,1188.5306396484375
2018-09-20 18:30:00,1193.4649658203125
2018-09-20 19:30:00,1191.5899658203125
2018-09-21 13:30:00,1181.949951171875
2018-09-21 14:30:00,1185.72998046875
2018-09-21 15:30:00,1184.43994140625
2018-09-21 16:30:00,1181.800048828125
2018-09-21 17:30:00,1179.2449951171875
2018-09-21 18:30:00,1176.510009765625
2018-09-21 19:30:00,1172.0699462890625
2018-09-24 13:30:00,1165.4549560546875
2018-09-24 14:30:00,1173.1199951171875
2018-09-24 15:30:00,1178.1300048828125
2018-09-24 16:30:00,1179.8800048828125
2018-09-24 17:30:00,1180.97998046875
2018-09-24 18:30:00,1179.68994140625
2018-09-24 19:30:00,1179.7900390625
2018-09-25 13:30:00,1183.469970703125
2018-09-25 14:30:00,1188.1400146484375
2018-09-25 15:30:00,1191.31005859375
2018-09-25 16:30:00,1192.97998046875
2018-09-25 17:30:00,1191.8399658203125
2018-09-25 18:30:00,1194.3699951171875
2018-09-25 19:30:00,1193.510009765625
2018-09-26 13:30:00,1188.5799560546875
2018-09-26 14:30:00,1197.47998046875
2018-09-26 15:30:00,1193.844970703125
2018-09-26 16:30:00,1194.9300537109375
2018-09-26 17:30:00,1205.8399658203125
2018-09-26 18:30:00,1205.14501953125
2018-09-26 19:30:00,1193.6400146484375
2018-09-27 13:30:00,1212.3299560546875
2018-09-27 14:30:00,1208.010009765625
2018-09-27 15:30:00,1214.8699951171875
2018-09-27 16:30:00,1214.0
2018-09-27 17:30:00,1211.550048828125
2018-09-27 18:30:00,1208.5050048828125
2018-09-27 19:30:00,1207.06005859375
2018-09-28 13:30:00,1202.5400390625
2018-09-28 14:30:00,1205.18994140625
2018-09-28 15:30:00,1202.0400390625
2018-09-28 16:30:00,1203.4599609375
2018-09-28 17:30:00,1205.050048828125
2018-09-28 18:30:00,1207.239990234375
2018-09-28 19:30:00,1207.719970703125
2018-10-01 13:30:00,1222.4200439453125
2018-10-01 14:30:00,1216.25
2018-10-01 15:30:00,1210.8199462890625
2018-10-01 16:30:00,1209.962646484375
2018-10-01 17:30:00,1209.5299072265625
2018-10-01 18:30:00,1205.050048828125
2018-10-01 19:30:00,1208.0799560546875
2018-10-02 13:30:00,1215.550048828125
2018-10-02 14:30:00,1220.699951171875
2018-10-02 15:30:00,1216.07666015625
2018-10-02 16:30:00,1212.9100341796875
2018-10-02 17:30:00,1212.219970703125
2018-10-02 18:30:00,1207.5899658203125
2018-10-02 19:30:00,1209.2099609375
2018-10-03 13:30:00,1206.379150390625
2018-10-03 14:30:00,1205.969970703125
2018-10-03 15:30:00,1210.0400390625
2018-10-03 16:30:00,1209.5699462890625
2018-10-03 17:30:00,1206.8299560546875
2018-10-03 18:30:00,1209.31005859375
2018-10-03 19:30:00,1211.75
2018-10-04 13:30:00,1178.9720458984375
2018-10-04 14:30:00,1179.400390625
2018-10-04 15:30:00,1172.6600341796875
2018-10-04 16:30:00,1170.1600341796875
2018-10-04 17:30:00,1167.8800048828125
2018-10-04 18:30:00,1172.1800537109375
2018-10-04 19:30:00,1177.75
2018-10-05 13:30:00,1174.6400146484375
2018-10-05 14:30:00,1163.3699951171875
2018-10-05 15:30:00,1160.6800537109375
2018-10-05 16:30:00,1158.3299560546875
2018-10-05 17:30:00,1166.969970703125
2018-10-05 18:30:00,1167.3499755859375
2018-10-05 19:30:00,1167.75
2018-10-08 13:30:00,1171.1700439453125
2018-10-08 14:30:00,1161.03515625
2018-10-08 15:30:00,1159.3699951171875
2018-10-08 16:30:00,1138.378662109375
2018-10-08 17:30:00,1152.280029296875
2018-10-08 18:30:00,1154.1099853515625
2018-10-08 19:30:00,1156.199951171875
2018-10-09 13:30:00,1156.989990234375
2018-10-09 14:30:00,1158.8199462890625
2018-10-09 15:30:00,1151.43505859375
2018-10-09 16:30:00,1152.469970703125
2018-10-09 17:30:00,1149.0
2018-10-09 18:30:00,1145.219970703125
2018-10-09 19:30:00,1145.219970703125
2018-10-10 13:30:00,1123.4200439453125
2018-10-10 14:30:00,1119.97998046875
2018-10-10 15:30:00,1120.5
2018-10-10 16:30:00,1127.010009765625
2018-10-10 17:30:00,1120.9300537109375
2018-10-10 18:30:00,1110.1800537109375
2018-10-10 19:30:00,1091.5699462890625
2018-10-11 13:30:00,1098.0699462890625
2018-10-11 14:30:00,1096.68994140625
2018-10-11 15:30:00,1102.0
2018-10-11 16:30:00,1107.43994140625
2018-10-11 17:30:00,1099.449951171875
2018-10-11 18:30:00,1103.050048828125
2018-10-11 19:30:00,1091.030029296875
2018-10-12 13:30:00,1111.550048828125
2018-10-12 14:30:00,1111.9449462890625
2018-10-12 15:30:00,1101.61962890625
2018-10-12 16:30:00,1106.989990234375
2018-10-12 17:30:00,1108.6700439453125
2018-10-12 18:30:00,1116.5899658203125
2018-10-12 19:30:00,1120.550048828125
2018-10-15 13:30:00,1106.7852783203125
2018-10-15 14:30:00,1119.969970703125
2018-10-15 15:30:00,1109.125732421875
2018-10-15 16:30:00,1108.64501953125
2018-10-15 17:30:00,1107.9300537109375
2018-10-15 18:30:00,1107.8199462890625
2018-10-15 19:30:00,1101.68994140625
2018-10-16 13:30:00,1118.1199951171875
2018-10-16 14:30:00,1130.65625
2018-10-16 15:30:00,1126.5999755859375
2018-10-16 16:30:00,1128.9000244140625
2018-10-16 17:30:00,1129.239990234375
2018-10-16 18:30:00,1131.4100341796875
2018-10-16 19:30:00,1133.449951171875
2018-10-17 13:30:00,1119.7099609375
2018-10-17 14:30:00,1124.31494140625
2018-10-17 15:30:00,1123.6500244140625
2018-10-17 16:30:00,1127.5250244140625
2018-10-17 17:30:00,1119.0699462890625
2018-10-17 18:30:00,1128.7550048828125
2018-10-17 19:30:00,1126.6099853515625
2018-10-18 13:30:00,1111.510009765625
2018-10-18 14:30:00,1105.489990234375
2018-10-18 15:30:00,1100.9300537109375
2018-10-18 16:30:00,1088.4549560546875
2018-10-18 17:30:00,1098.0699462890625
2018-10-18 18:30:00,1099.7900390625
2018-10-18 19:30:00,1097.93994140625
2018-10-19 13:30:00,1113.6400146484375
2018-10-19 14:30:00,1107.5899658203125
2018-10-19 15:30:00,1102.9527587890625
2018-10-19 16:30:00,1109.43994140625
2018-10-19 17:30:00,1102.5
2018-10-19 18:30:00,1108.1099853515625
2018-10-19 19:30:00,1105.199951171875
2018-10-22 13:30:00,1101.8599853515625
2018-10-22 14:30:00,1114.1640625
2018-10-22 15:30:00,1110.6300048828125
2018-10-22 16:30:00,1113.4300537109375
2018-10-22 17:30:00,1111.0799560546875
2018-10-22 18:30:00,1117.280029296875
2018-10-22 19:30:00,1111.199951171875
2018-10-23 13:30:00,1086.9599609375
2018-10-23 14:30:00,1095.08984375
2018-10-23 15:30:00,1098.5
2018-10-23 16:30:00,1103.6600341796875
2018-10-23 17:30:00,1109.7900390625
2018-10-23 18:30:00,1114.9749755859375
2018-10-23 19:30:00,1115.5
2018-10-24 13:30:00,1105.8599853515625
2018-10-24 14:30:00,1097.8900146484375
2018-10-24 15:30:00,1101.0899658203125
2018-10-24 16:30:00,1093.469970703125
2018-10-24 17:30:00,1087.43994140625
2018-10-24 18:30:00,1065.25
2018-10-24 19:30:00,1056.9200439453125
2018-10-25 13:30:00,1095.281982421875
2018-10-25 14:30:00,1103.77001953125
2018-10-25 15:30:00,1094.7900390625
2018-10-25 16:30:00,1096.9100341796875
2018-10-25 17:30:00,1111.9625244140625
2018-10-25 18:30:00,1115.0799560546875
2018-10-25 19:30:00,1103.5799560546875
2018-10-26 13:30:00,1054.3299560546875
2018-10-26 14:30:00,1071.1199951171875
2018-10-26 15:30:00,1079.4849853515625
2018-10-26 16:30:00,1096.530029296875
2018-10-26 17:30:00,1080.9599609375
2018-10-26 18:30:00,1076.074951171875
2018-10-26 19:30:00,1083.7099609375
2018-10-29 13:30:00,1098.1300048828125
2018-10-29 14:30:00,1077.06005859375
2018-10-29 15:30:00,1056.8699951171875
2018-10-29 16:30:00,1060.0
2018-10-29 17:30:00,1049.0
2018-10-29 18:30:00,1025.4100341796875
2018-10-29 19:30:00,1034.72998046875
2018-10-30 13:30:00,1037.6199951171875
2018-10-30 14:30:00,1043.1600341796875
2018-10-30 15:30:00,1041.3399658203125
2018-10-30 16:30:00,1025.77001953125
2018-10-30 17:30:00,1027.9990234375
2018-10-30 18:30:00,1046.010009765625
2018-10-30 19:30:00,1049.8800048828125
2018-10-31 13:30:00,1093.3800048828125
2018-10-31 14:30:00,1095.6500244140625
2018-10-31 15:30:00,1089.1600341796875
2018-10-31 16:30:00,1099.18994140625
2018-10-31 17:30:00,1106.550048828125
2018-10-31 18:30:00,1099.0699462890625
2018-10-31 19:30:00,1090.6099853515625
2018-11-01 13:30:00,1083.5860595703125
2018-11-01 14:30:00,1093.31494140625
2018-11-01 15:30:00,1089.4000244140625
2018-11-01 16:30:00,1093.72998046875
2018-11-01 17:30:00,1088.7900390625
2018-11-01 18:30:00,1086.5999755859375
2018-11-01 19:30:00,1085.6300048828125
2018-11-02 13:30:00,1076.489990234375
2018-11-02 14:30:00,1077.1400146484375
2018-11-02 15:30:00,1079.0799560546875
2018-11-02 16:30:00,1073.6199951171875
2018-11-02 17:30:00,1080.219970703125
2018-11-02 18:30:00,1072.1400146484375
2018-11-02 19:30:00,1072.47998046875
