Datetime,LRCX
2017-11-06 14:30:00,206.75999450683594
2017-11-06 15:30:00,205.4499969482422
2017-11-06 16:30:00,205.27000427246094
2017-11-06 17:30:00,204.99000549316406
2017-11-06 18:30:00,205.38999938964844
2017-11-06 19:30:00,205.9499969482422
2017-11-06 20:30:00,206.6699981689453
2017-11-07 14:30:00,208.3699951171875
2017-11-07 15:30:00,207.49000549316406
2017-11-07 16:30:00,208.02999877929688
2017-11-07 17:30:00,209.01510620117188
2017-11-07 18:30:00,209.49000549316406
2017-11-07 19:30:00,208.52000427246094
2017-11-07 20:30:00,209.18499755859375
2017-11-08 14:30:00,208.69000244140625
2017-11-08 15:30:00,208.61500549316406
2017-11-08 16:30:00,208.63999938964844
2017-11-08 17:30:00,209.47900390625
2017-11-08 18:30:00,210.47999572753906
2017-11-08 19:30:00,211.1300048828125
2017-11-08 20:30:00,211.25
2017-11-09 14:30:00,206.61000061035156
2017-11-09 15:30:00,206.44000244140625
2017-11-09 16:30:00,204.0800018310547
2017-11-09 17:30:00,204.9600067138672
2017-11-09 18:30:00,204.5
2017-11-09 19:30:00,205.4600067138672
2017-11-09 20:30:00,206.27999877929688
2017-11-10 14:30:00,205.61500549316406
2017-11-10 15:30:00,205.1199951171875
2017-11-10 16:30:00,205.61000061035156
2017-11-10 17:30:00,205.83999633789062
2017-11-10 18:30:00,207.14999389648438
2017-11-10 19:30:00,207.3000030517578
2017-11-10 20:30:00,207.4199981689453
2017-11-13 14:30:00,207.19000244140625
2017-11-13 15:30:00,207.8800048828125
2017-11-13 16:30:00,208.42999267578125
2017-11-13 17:30:00,208.17999267578125
2017-11-13 18:30:00,208.69000244140625
2017-11-13 19:30:00,208.67999267578125
2017-11-13 20:30:00,209.19000244140625
2017-11-14 14:30:00,207.6999969482422
2017-11-14 15:30:00,208.24000549316406
2017-11-14 16:30:00,208.3800048828125
2017-11-14 17:30:00,207.60000610351562
2017-11-14 18:30:00,208.2899932861328
2017-11-14 19:30:00,207.86279296875
2017-11-14 20:30:00,208.63999938964844
2017-11-15 14:30:00,209.47000122070312
2017-11-15 15:30:00,210.1199951171875
2017-11-15 16:30:00,209.55999755859375
2017-11-15 17:30:00,209.14999389648438
2017-11-15 18:30:00,209.36000061035156
2017-11-15 19:30:00,208.14999389648438
2017-11-15 20:30:00,207.86000061035156
2017-11-16 14:30:00,211.9499969482422
2017-11-16 15:30:00,212.0800018310547
2017-11-16 16:30:00,212.83999633789062
2017-11-16 17:30:00,213.50840759277344
2017-11-16 18:30:00,213.8699951171875
2017-11-16 19:30:00,214.07000732421875
2017-11-16 20:30:00,213.17999267578125
2017-11-17 14:30:00,210.4530029296875
2017-11-17 15:30:00,210.58999633789062
2017-11-17 16:30:00,211.14280700683594
2017-11-17 17:30:00,210.97000122070312
2017-11-17 18:30:00,210.85000610351562
2017-11-17 19:30:00,210.15370178222656
2017-11-17 20:30:00,210.4199981689453
2017-11-20 14:30:00,215.17999267578125
2017-11-20 15:30:00,215.31680297851562
2017-11-20 16:30:00,214.80999755859375
2017-11-20 17:30:00,216.02000427246094
2017-11-20 18:30:00,214.58999633789062
2017-11-20 19:30:00,214.55999755859375
2017-11-20 20:30:00,215.10000610351562
2017-11-21 14:30:00,219.14999389648438
2017-11-21 15:30:00,218.64700317382812
2017-11-21 16:30:00,218.8513946533203
2017-11-21 17:30:00,218.66200256347656
2017-11-21 18:30:00,218.85000610351562
2017-11-21 19:30:00,218.36000061035156
2017-11-21 20:30:00,218.9600067138672
2017-11-22 14:30:00,216.97999572753906
2017-11-22 15:30:00,216.3800048828125
2017-11-22 16:30:00,216.11500549316406
2017-11-22 17:30:00,215.48989868164062
2017-11-22 18:30:00,215.36000061035156
2017-11-22 19:30:00,215.08999633789062
2017-11-22 20:30:00,215.22000122070312
2017-11-24 14:30:00,216.6300048828125
2017-11-24 15:30:00,216.5399932861328
2017-11-24 16:30:00,216.57000732421875
2017-11-24 18:00:00,216.64259338378906
2017-11-27 14:30:00,211.50999450683594
2017-11-27 15:30:00,211.47000122070312
2017-11-27 16:30:00,211.860107421875
2017-11-27 17:30:00,211.5800018310547
2017-11-27 18:30:00,212.3300018310547
2017-11-27 19:30:00,211.75
2017-11-27 20:30:00,210.91000366210938
2017-11-28 14:30:00,214.1446990966797
2017-11-28 15:30:00,214.0
2017-11-28 16:30:00,215.06500244140625
2017-11-28 17:30:00,213.6999969482422
2017-11-28 18:30:00,213.53250122070312
2017-11-28 19:30:00,213.38999938964844
2017-11-28 20:30:00,213.16000366210938
2017-11-29 14:30:00,197.4600067138672
2017-11-29 15:30:00,194.52999877929688
2017-11-29 16:30:00,195.47999572753906
2017-11-29 17:30:00,197.27999877929688
2017-11-29 18:30:00,193.85000610351562
2017-11-29 19:30:00,193.7899932861328
2017-11-29 20:30:00,194.63999938964844
2017-11-30 14:30:00,197.7310028076172
2017-11-30 15:30:00,195.44000244140625
2017-11-30 16:30:00,195.7100067138672
2017-11-30 17:30:00,194.97000122070312
2017-11-30 18:30:00,194.75999450683594
2017-11-30 19:30:00,192.52499389648438
2017-11-30 20:30:00,192.27999877929688
2017-12-01 14:30:00,188.75
2017-12-01 15:30:00,183.2100067138672
2017-12-01 16:30:00,184.9550018310547
2017-12-01 17:30:00,186.24899291992188
2017-12-01 18:30:00,187.8699951171875
2017-12-01 19:30:00,187.17999267578125
2017-12-01 20:30:00,187.75999450683594
2017-12-04 14:30:00,183.24000549316406
2017-12-04 15:30:00,181.7100067138672
2017-12-04 16:30:00,182.3000030517578
2017-12-04 17:30:00,182.02999877929688
2017-12-04 18:30:00,180.8000030517578
2017-12-04 19:30:00,180.55999755859375
2017-12-04 20:30:00,180.77000427246094
2017-12-05 14:30:00,182.9499969482422
2017-12-05 15:30:00,185.31500244140625
2017-12-05 16:30:00,182.82000732421875
2017-12-05 17:30:00,182.3300018310547
2017-12-05 18:30:00,182.08999633789062
2017-12-05 19:30:00,181.4600067138672
2017-12-05 20:30:00,180.52999877929688
2017-12-06 14:30:00,180.97999572753906
2017-12-06 15:30:00,181.69500732421875
2017-12-06 16:30:00,181.3699951171875
2017-12-06 17:30:00,182.99000549316406
2017-12-06 18:30:00,183.52000427246094
2017-12-06 19:30:00,183.9199981689453
2017-12-06 20:30:00,184.22000122070312
2017-12-07 14:30:00,188.3699951171875
2017-12-07 15:30:00,189.6300048828125
2017-12-07 16:30:00,188.97000122070312
2017-12-07 17:30:00,189.5
2017-12-07 18:30:00,187.8800048828125
2017-12-07 19:30:00,188.8300018310547
2017-12-07 20:30:00,189.14999389648438
2017-12-08 14:30:00,190.99000549316406
2017-12-08 15:30:00,188.72999572753906
2017-12-08 16:30:00,188.7100067138672
2017-12-08 17:30:00,187.68499755859375
2017-12-08 18:30:00,186.6199951171875
2017-12-08 19:30:00,186.80999755859375
2017-12-08 20:30:00,186.4600067138672
2017-12-11 14:30:00,184.8300018310547
2017-12-11 15:30:00,185.11630249023438
2017-12-11 16:30:00,186.08999633789062
2017-12-11 17:30:00,185.2899932861328
2017-12-11 18:30:00,185.5
2017-12-11 19:30:00,185.69000244140625
2017-12-11 20:30:00,185.57000732421875
2017-12-12 14:30:00,182.83999633789062
2017-12-12 15:30:00,183.10000610351562
2017-12-12 16:30:00,182.9199981689453
2017-12-12 17:30:00,182.07000732421875
2017-12-12 18:30:00,182.52000427246094
2017-12-12 19:30:00,181.55999755859375
2017-12-12 20:30:00,181.57000732421875
2017-12-13 14:30:00,183.3699951171875
2017-12-13 15:30:00,182.3800048828125
2017-12-13 16:30:00,182.02999877929688
2017-12-13 17:30:00,181.5399932861328
2017-12-13 18:30:00,182.24000549316406
2017-12-13 19:30:00,181.8300018310547
2017-12-13 20:30:00,181.38999938964844
2017-12-14 14:30:00,183.6999969482422
2017-12-14 15:30:00,184.33999633789062
2017-12-14 16:30:00,183.71499633789062
2017-12-14 17:30:00,183.6699981689453
2017-12-14 18:30:00,182.50999450683594
2017-12-14 19:30:00,182.6699981689453
2017-12-14 20:30:00,182.1699981689453
2017-12-15 14:30:00,183.9499969482422
2017-12-15 15:30:00,185.13999938964844
2017-12-15 16:30:00,185.14999389648438
2017-12-15 17:30:00,184.99609375
2017-12-15 18:30:00,186.45449829101562
2017-12-15 19:30:00,187.36529541015625
2017-12-15 20:30:00,186.49000549316406
2017-12-18 14:30:00,188.64010620117188
2017-12-18 15:30:00,189.8000030517578
2017-12-18 16:30:00,189.91000366210938
2017-12-18 17:30:00,190.14999389648438
2017-12-18 18:30:00,189.6300048828125
2017-12-18 19:30:00,189.05999755859375
2017-12-18 20:30:00,189.27000427246094
2017-12-19 14:30:00,186.6300048828125
2017-12-19 15:30:00,186.88999938964844
2017-12-19 16:30:00,185.90859985351562
2017-12-19 17:30:00,186.6300048828125
2017-12-19 18:30:00,187.0500030517578
2017-12-19 19:30:00,186.17959594726562
2017-12-19 20:30:00,186.19000244140625
2017-12-20 14:30:00,188.2050018310547
2017-12-20 15:30:00,189.4199981689453
2017-12-20 16:30:00,189.99000549316406
2017-12-20 17:30:00,189.1699981689453
2017-12-20 18:30:00,188.13499450683594
2017-12-20 19:30:00,188.10000610351562
2017-12-20 20:30:00,188.8300018310547
2017-12-21 14:30:00,186.27000427246094
2017-12-21 15:30:00,186.52999877929688
2017-12-21 16:30:00,185.5449981689453
2017-12-21 17:30:00,186.05880737304688
2017-12-21 18:30:00,185.16000366210938
2017-12-21 19:30:00,185.63999938964844
2017-12-21 20:30:00,185.69000244140625
2017-12-22 14:30:00,186.0800018310547
2017-12-22 15:30:00,186.5500030517578
2017-12-22 16:30:00,186.78309631347656
2017-12-22 17:30:00,187.08999633789062
2017-12-22 18:30:00,186.85000610351562
2017-12-22 19:30:00,186.49000549316406
2017-12-22 20:30:00,186.69000244140625
2017-12-26 14:30:00,184.3090057373047
2017-12-26 15:30:00,184.47169494628906
2017-12-26 16:30:00,184.11000061035156
2017-12-26 17:30:00,184.16000366210938
2017-12-26 18:30:00,184.11000061035156
2017-12-26 19:30:00,184.2100067138672
2017-12-26 20:30:00,184.30999755859375
2017-12-27 14:30:00,186.3300018310547
2017-12-27 15:30:00,186.05999755859375
2017-12-27 16:30:00,185.10499572753906
2017-12-27 17:30:00,184.80999755859375
2017-12-27 18:30:00,184.9600067138672
2017-12-27 19:30:00,185.22000122070312
2017-12-27 20:30:00,185.32000732421875
2017-12-28 14:30:00,185.9199981689453
2017-12-28 15:30:00,186.1999969482422
2017-12-28 16:30:00,186.1999969482422
2017-12-28 17:30:00,185.86000061035156
2017-12-28 18:30:00,185.44369506835938
2017-12-28 19:30:00,185.1199951171875
2017-12-28 20:30:00,185.47000122070312
2017-12-29 14:30:00,185.37359619140625
2017-12-29 15:30:00,184.52000427246094
2017-12-29 16:30:00,184.39999389648438
2017-12-29 17:30:00,184.8350067138672
2017-12-29 18:30:00,184.8300018310547
2017-12-29 19:30:00,185.0
2017-12-29 20:30:00,184.1199951171875
2018-01-02 14:30:00,187.1699981689453
2018-01-02 15:30:00,188.67999267578125
2018-01-02 16:30:00,189.19000244140625
2018-01-02 17:30:00,188.2100067138672
2018-01-02 18:30:00,188.08999633789062
2018-01-02 19:30:00,188.7100067138672
2018-01-02 20:30:00,189.30999755859375
2018-01-03 14:30:00,190.22000122070312
2018-01-03 15:30:00,191.8800048828125
2018-01-03 16:30:00,191.1699981689453
2018-01-03 17:30:00,191.5605010986328
2018-01-03 18:30:00,191.88999938964844
2018-01-03 19:30:00,192.57000732421875
2018-01-03 20:30:00,192.4499969482422
2018-01-04 14:30:00,194.97500610351562
2018-01-04 15:30:00,195.6300048828125
2018-01-04 16:30:00,195.3800048828125
2018-01-04 17:30:00,194.72999572753906
2018-01-04 18:30:00,193.85499572753906
2018-01-04 19:30:00,193.67999267578125
2018-01-04 20:30:00,193.36000061035156
2018-01-05 14:30:00,195.1699981689453
2018-01-05 15:30:00,195.9600067138672
2018-01-05 16:30:00,196.74000549316406
2018-01-05 17:30:00,196.42999267578125
2018-01-05 18:30:00,196.3699951171875
2018-01-05 19:30:00,195.85589599609375
2018-01-05 20:30:00,196.32000732421875
2018-01-08 14:30:00,199.1999969482422
2018-01-08 15:30:00,198.3083038330078
2018-01-08 16:30:00,198.22999572753906
2018-01-08 17:30:00,198.14999389648438
2018-01-08 18:30:00,197.93499755859375
2018-01-08 19:30:00,197.60000610351562
2018-01-08 20:30:00,197.8800048828125
2018-01-09 14:30:00,196.9600067138672
2018-01-09 15:30:00,195.25999450683594
2018-01-09 16:30:00,194.38999938964844
2018-01-09 17:30:00,195.61900329589844
2018-01-09 18:30:00,196.2550048828125
2018-01-09 19:30:00,196.7050018310547
2018-01-09 20:30:00,197.55999755859375
2018-01-10 14:30:00,191.37240600585938
2018-01-10 15:30:00,190.70010375976562
2018-01-10 16:30:00,191.97000122070312
2018-01-10 17:30:00,192.7899932861328
2018-01-10 18:30:00,191.5449981689453
2018-01-10 19:30:00,191.35000610351562
2018-01-10 20:30:00,191.66000366210938
2018-01-11 14:30:00,190.07000732421875
2018-01-11 15:30:00,190.52000427246094
2018-01-11 16:30:00,190.20799255371094
2018-01-11 17:30:00,189.35000610351562
2018-01-11 18:30:00,189.0800018310547
2018-01-11 19:30:00,189.2335968017578
2018-01-11 20:30:00,189.0800018310547
2018-01-12 14:30:00,190.25
2018-01-12 15:30:00,190.1999969482422
2018-01-12 16:30:00,189.88999938964844
2018-01-12 17:30:00,188.5
2018-01-12 18:30:00,189.1300048828125
2018-01-12 19:30:00,188.49000549316406
2018-01-12 20:30:00,188.5
2018-01-16 14:30:00,192.7100067138672
2018-01-16 15:30:00,193.25999450683594
2018-01-16 16:30:00,193.14999389648438
2018-01-16 17:30:00,192.3800048828125
2018-01-16 18:30:00,189.29620361328125
2018-01-16 19:30:00,190.1199951171875
2018-01-16 20:30:00,190.33999633789062
2018-01-17 14:30:00,198.2866973876953
2018-01-17 15:30:00,201.58999633789062
2018-01-17 16:30:00,201.6699981689453
2018-01-17 17:30:00,201.32000732421875
2018-01-17 18:30:00,202.82000732421875
2018-01-17 19:30:00,204.2899932861328
2018-01-17 20:30:00,205.0800018310547
2018-01-18 14:30:00,201.67999267578125
2018-01-18 15:30:00,202.98500061035156
2018-01-18 16:30:00,204.02999877929688
2018-01-18 17:30:00,204.3699951171875
2018-01-18 18:30:00,205.839599609375
2018-01-18 19:30:00,205.48500061035156
2018-01-18 20:30:00,205.4499969482422
2018-01-19 14:30:00,204.47999572753906
2018-01-19 15:30:00,205.7899932861328
2018-01-19 16:30:00,206.42999267578125
2018-01-19 17:30:00,206.47999572753906
2018-01-19 18:30:00,206.5
2018-01-19 19:30:00,207.21099853515625
2018-01-19 20:30:00,207.52999877929688
2018-01-22 14:30:00,207.44500732421875
2018-01-22 15:30:00,209.02000427246094
2018-01-22 16:30:00,209.57000732421875
2018-01-22 17:30:00,208.97000122070312
2018-01-22 18:30:00,208.67999267578125
2018-01-22 19:30:00,208.4499969482422
2018-01-22 20:30:00,209.11000061035156
2018-01-23 14:30:00,211.13999938964844
2018-01-23 15:30:00,212.77000427246094
2018-01-23 16:30:00,212.88999938964844
2018-01-23 17:30:00,212.59500122070312
2018-01-23 18:30:00,212.4499969482422
2018-01-23 19:30:00,213.47999572753906
2018-01-23 20:30:00,215.1199951171875
2018-01-24 14:30:00,212.47999572753906
2018-01-24 15:30:00,210.39999389648438
2018-01-24 16:30:00,208.875
2018-01-24 17:30:00,208.41000366210938
2018-01-24 18:30:00,210.3040008544922
2018-01-24 19:30:00,211.0800018310547
2018-01-24 20:30:00,209.8000030517578
2018-01-25 14:30:00,208.47999572753906
2018-01-25 15:30:00,206.55999755859375
2018-01-25 16:30:00,206.0
2018-01-25 17:30:00,204.9600067138672
2018-01-25 18:30:00,201.66000366210938
2018-01-25 19:30:00,200.22000122070312
2018-01-25 20:30:00,199.27000427246094
2018-01-26 14:30:00,205.63999938964844
2018-01-26 15:30:00,203.02999877929688
2018-01-26 16:30:00,201.77000427246094
2018-01-26 17:30:00,201.7949981689453
2018-01-26 18:30:00,201.42999267578125
2018-01-26 19:30:00,202.11000061035156
2018-01-26 20:30:00,202.47000122070312
2018-01-29 14:30:00,197.1999969482422
2018-01-29 15:30:00,195.27499389648438
2018-01-29 16:30:00,195.11219787597656
2018-01-29 17:30:00,195.9499969482422
2018-01-29 18:30:00,196.6199951171875
2018-01-29 19:30:00,195.5
2018-01-29 20:30:00,195.97000122070312
2018-01-30 14:30:00,193.92999267578125
2018-01-30 15:30:00,193.80999755859375
2018-01-30 16:30:00,191.7899932861328
2018-01-30 17:30:00,191.02000427246094
2018-01-30 18:30:00,190.7449951171875
2018-01-30 19:30:00,191.42999267578125
2018-01-30 20:30:00,191.07000732421875
2018-01-31 14:30:00,192.8699951171875
2018-01-31 15:30:00,191.86000061035156
2018-01-31 16:30:00,191.75
2018-01-31 17:30:00,191.27000427246094
2018-01-31 18:30:00,191.30999755859375
2018-01-31 19:30:00,190.99000549316406
2018-01-31 20:30:00,191.52000427246094
2018-02-01 14:30:00,192.9600067138672
2018-02-01 15:30:00,192.72000122070312
2018-02-01 16:30:00,191.72000122070312
2018-02-01 17:30:00,190.8800048828125
2018-02-01 18:30:00,189.91000366210938
2018-02-01 19:30:00,189.19000244140625
2018-02-01 20:30:00,189.10000610351562
2018-02-02 14:30:00,180.89500427246094
2018-02-02 15:30:00,181.74000549316406
2018-02-02 16:30:00,182.38999938964844
2018-02-02 17:30:00,181.2899932861328
2018-02-02 18:30:00,179.94000244140625
2018-02-02 19:30:00,180.1199951171875
2018-02-02 20:30:00,179.1199951171875
2018-02-05 14:30:00,182.6999969482422
2018-02-05 15:30:00,180.50999450683594
2018-02-05 16:30:00,179.1199951171875
2018-02-05 17:30:00,177.30499267578125
2018-02-05 18:30:00,176.5
2018-02-05 19:30:00,175.41000366210938
2018-02-05 20:30:00,170.35000610351562
2018-02-06 14:30:00,173.98500061035156
2018-02-06 15:30:00,171.8800048828125
2018-02-06 16:30:00,173.3699951171875
2018-02-06 17:30:00,174.375
2018-02-06 18:30:00,173.35499572753906
2018-02-06 19:30:00,177.85000610351562
2018-02-06 20:30:00,178.33999633789062
2018-02-07 14:30:00,175.91000366210938
2018-02-07 15:30:00,177.97000122070312
2018-02-07 16:30:00,175.64999389648438
2018-02-07 17:30:00,173.67979431152344
2018-02-07 18:30:00,174.25
2018-02-07 19:30:00,173.8000030517578
2018-02-07 20:30:00,171.63999938964844
2018-02-08 14:30:00,169.49000549316406
2018-02-08 15:30:00,165.75999450683594
2018-02-08 16:30:00,164.72000122070312
2018-02-08 17:30:00,164.3000030517578
2018-02-08 18:30:00,166.0
2018-02-08 19:30:00,164.22000122070312
2018-02-08 20:30:00,162.24000549316406
2018-02-09 14:30:00,165.8300018310547
2018-02-09 15:30:00,162.0500030517578
2018-02-09 16:30:00,158.36590576171875
2018-02-09 17:30:00,158.33999633789062
2018-02-09 18:30:00,163.52000427246094
2018-02-09 19:30:00,164.1699981689453
2018-02-09 20:30:00,165.69000244140625
2018-02-12 14:30:00,168.3000030517578
2018-02-12 15:30:00,169.7003936767578
2018-02-12 16:30:00,171.1699981689453
2018-02-12 17:30:00,170.67999267578125
2018-02-12 18:30:00,172.91799926757812
2018-02-12 19:30:00,174.2899932861328
2018-02-12 20:30:00,172.92999267578125
2018-02-13 14:30:00,170.1199951171875
2018-02-13 15:30:00,169.38999938964844
2018-02-13 16:30:00,169.05999755859375
2018-02-13 17:30:00,168.85800170898438
2018-02-13 18:30:00,171.02000427246094
2018-02-13 19:30:00,172.11000061035156
2018-02-13 20:30:00,172.60000610351562
2018-02-14 14:30:00,178.1300048828125
2018-02-14 15:30:00,179.00999450683594
2018-02-14 16:30:00,180.0
2018-02-14 17:30:00,180.55999755859375
2018-02-14 18:30:00,182.42999267578125
2018-02-14 19:30:00,182.86500549316406
2018-02-14 20:30:00,183.0
2018-02-15 14:30:00,182.4199981689453
2018-02-15 15:30:00,182.32749938964844
2018-02-15 16:30:00,182.86000061035156
2018-02-15 17:30:00,183.63999938964844
2018-02-15 18:30:00,183.5850067138672
2018-02-15 19:30:00,185.14100646972656
2018-02-15 20:30:00,185.6999969482422
2018-02-16 14:30:00,188.23599243164062
2018-02-16 15:30:00,189.8699951171875
2018-02-16 16:30:00,191.03500366210938
2018-02-16 17:30:00,188.05999755859375
2018-02-16 18:30:00,189.34219360351562
2018-02-16 19:30:00,188.99000549316406
2018-02-16 20:30:00,187.91000366210938
2018-02-20 14:30:00,192.44000244140625
2018-02-20 15:30:00,195.4799041748047
2018-02-20 16:30:00,194.83999633789062
2018-02-20 17:30:00,193.99000549316406
2018-02-20 18:30:00,194.10000610351562
2018-02-20 19:30:00,193.03500366210938
2018-02-20 20:30:00,193.52000427246094
2018-02-21 14:30:00,193.02000427246094
2018-02-21 15:30:00,191.3000030517578
2018-02-21 16:30:00,190.52999877929688
2018-02-21 17:30:00,191.13999938964844
2018-02-21 18:30:00,191.99000549316406
2018-02-21 19:30:00,190.82000732421875
2018-02-21 20:30:00,189.2100067138672
2018-02-22 14:30:00,189.72999572753906
2018-02-22 15:30:00,189.88999938964844
2018-02-22 16:30:00,189.11000061035156
2018-02-22 17:30:00,188.36000061035156
2018-02-22 18:30:00,189.24000549316406
2018-02-22 19:30:00,188.58999633789062
2018-02-22 20:30:00,188.36000061035156
2018-02-23 14:30:00,189.25
2018-02-23 15:30:00,190.9199981689453
2018-02-23 16:30:00,191.10000610351562
2018-02-23 17:30:00,190.49000549316406
2018-02-23 18:30:00,191.86000061035156
2018-02-23 19:30:00,193.36000061035156
2018-02-23 20:30:00,193.08999633789062
2018-02-26 14:30:00,194.9149932861328
2018-02-26 15:30:00,195.11000061035156
2018-02-26 16:30:00,196.6300048828125
2018-02-26 17:30:00,196.80960083007812
2018-02-26 18:30:00,197.7899932861328
2018-02-26 19:30:00,198.80999755859375
2018-02-26 20:30:00,198.41000366210938
2018-02-27 14:30:00,199.33999633789062
2018-02-27 15:30:00,196.3300018310547
2018-02-27 16:30:00,194.5500030517578
2018-02-27 17:30:00,195.1999969482422
2018-02-27 18:30:00,194.8699951171875
2018-02-27 19:30:00,194.30999755859375
2018-02-27 20:30:00,193.49000549316406
2018-02-28 14:30:00,194.11000061035156
2018-02-28 15:30:00,192.98500061035156
2018-02-28 16:30:00,193.72999572753906
2018-02-28 17:30:00,194.05499267578125
2018-02-28 18:30:00,195.72000122070312
2018-02-28 19:30:00,193.22999572753906
2018-02-28 20:30:00,191.91000366210938
2018-03-01 14:30:00,193.42999267578125
2018-03-01 15:30:00,194.1300048828125
2018-03-01 16:30:00,193.9949951171875
2018-03-01 17:30:00,193.27000427246094
2018-03-01 18:30:00,189.2100067138672
2018-03-01 19:30:00,190.5749969482422
2018-03-01 20:30:00,190.02000427246094
2018-03-02 14:30:00,186.27000427246094
2018-03-02 15:30:00,188.75
2018-03-02 16:30:00,191.97000122070312
2018-03-02 17:30:00,191.17999267578125
2018-03-02 18:30:00,192.57000732421875
2018-03-02 19:30:00,193.8300018310547
2018-03-02 20:30:00,194.42999267578125
2018-03-05 14:30:00,192.75
2018-03-05 15:30:00,194.94000244140625
2018-03-05 16:30:00,196.6199951171875
2018-03-05 17:30:00,197.32000732421875
2018-03-05 18:30:00,198.19000244140625
2018-03-05 19:30:00,198.9499969482422
2018-03-05 20:30:00,198.75
2018-03-06 14:30:00,205.1804962158203
2018-03-06 15:30:00,204.1300048828125
2018-03-06 16:30:00,206.00999450683594
2018-03-06 17:30:00,207.75
2018-03-06 18:30:00,207.07000732421875
2018-03-06 19:30:00,208.11000061035156
2018-03-06 20:30:00,207.93099975585938
2018-03-07 14:30:00,209.64999389648438
2018-03-07 15:30:00,209.88999938964844
2018-03-07 16:30:00,208.61000061035156
2018-03-07 17:30:00,210.6999969482422
2018-03-07 18:30:00,210.55499267578125
2018-03-07 19:30:00,212.27000427246094
2018-03-07 20:30:00,211.63999938964844
2018-03-08 14:30:00,211.1300048828125
2018-03-08 15:30:00,212.27000427246094
2018-03-08 16:30:00,212.05499267578125
2018-03-08 17:30:00,212.32000732421875
2018-03-08 18:30:00,212.60000610351562
2018-03-08 19:30:00,212.8000030517578
2018-03-08 20:30:00,212.74000549316406
2018-03-09 14:30:00,221.3699951171875
2018-03-09 15:30:00,222.25999450683594
2018-03-09 16:30:00,221.6999969482422
2018-03-09 17:30:00,222.3800048828125
2018-03-09 18:30:00,224.9080047607422
2018-03-09 19:30:00,225.35000610351562
2018-03-09 20:30:00,224.9600067138672
2018-03-12 13:30:00,227.4499969482422
2018-03-12 14:30:00,224.43080139160156
2018-03-12 15:30:00,227.25
2018-03-12 16:30:00,228.2899932861328
2018-03-12 17:30:00,228.11000061035156
2018-03-12 18:30:00,229.02999877929688
2018-03-12 19:30:00,228.67999267578125
2018-03-13 13:30:00,231.50999450683594
2018-03-13 14:30:00,225.9199981689453
2018-03-13 15:30:00,225.17999267578125
2018-03-13 16:30:00,225.97000122070312
2018-03-13 17:30:00,224.72999572753906
2018-03-13 18:30:00,223.1199951171875
2018-03-13 19:30:00,223.97000122070312
2018-03-14 13:30:00,225.3000030517578
2018-03-14 14:30:00,223.99000549316406
2018-03-14 15:30:00,222.99000549316406
2018-03-14 16:30:00,223.4600067138672
2018-03-14 17:30:00,223.88999938964844
2018-03-14 18:30:00,222.75
2018-03-14 19:30:00,222.63999938964844
2018-03-15 13:30:00,224.81019592285156
2018-03-15 14:30:00,226.5399932861328
2018-03-15 15:30:00,225.61000061035156
2018-03-15 16:30:00,224.56500244140625
2018-03-15 17:30:00,223.33999633789062
2018-03-15 18:30:00,223.9600067138672
2018-03-15 19:30:00,223.0800018310547
2018-03-16 13:30:00,223.14999389648438
2018-03-16 14:30:00,222.8699951171875
2018-03-16 15:30:00,222.25999450683594
2018-03-16 16:30:00,222.1300048828125
2018-03-16 17:30:00,222.32000732421875
2018-03-16 18:30:00,221.89999389648438
2018-03-16 19:30:00,221.88999938964844
2018-03-19 13:30:00,218.52999877929688
2018-03-19 14:30:00,215.45399475097656
2018-03-19 15:30:00,213.67999267578125
2018-03-19 16:30:00,213.1999969482422
2018-03-19 17:30:00,214.6300048828125
2018-03-19 18:30:00,216.3699951171875
2018-03-19 19:30:00,217.5399932861328
2018-03-20 13:30:00,220.4199981689453
2018-03-20 14:30:00,220.55999755859375
2018-03-20 15:30:00,220.35000610351562
2018-03-20 16:30:00,218.3000030517578
2018-03-20 17:30:00,219.42999267578125
2018-03-20 18:30:00,219.61000061035156
2018-03-20 19:30:00,219.19000244140625
2018-03-21 13:30:00,225.42999267578125
2018-03-21 14:30:00,225.8300018310547
2018-03-21 15:30:00,225.19000244140625
2018-03-21 16:30:00,225.75
2018-03-21 17:30:00,225.72500610351562
2018-03-21 18:30:00,224.34469604492188
2018-03-21 19:30:00,224.27000427246094
2018-03-22 13:30:00,220.92999267578125
2018-03-22 14:30:00,216.59500122070312
2018-03-22 15:30:00,218.55059814453125
2018-03-22 16:30:00,218.91000366210938
2018-03-22 17:30:00,217.00999450683594
2018-03-22 18:30:00,216.1699981689453
2018-03-22 19:30:00,214.8800048828125
2018-03-23 13:30:00,209.08999633789062
2018-03-23 14:30:00,207.58999633789062
2018-03-23 15:30:00,208.86500549316406
2018-03-23 16:30:00,208.5800018310547
2018-03-23 17:30:00,207.2209930419922
2018-03-23 18:30:00,204.4600067138672
2018-03-23 19:30:00,202.63999938964844
2018-03-26 13:30:00,210.41000366210938
2018-03-26 14:30:00,209.264892578125
2018-03-26 15:30:00,210.1999969482422
2018-03-26 16:30:00,209.52999877929688
2018-03-26 17:30:00,211.05999755859375
2018-03-26 18:30:00,213.72999572753906
2018-03-26 19:30:00,214.94000244140625
2018-03-27 13:30:00,211.58970642089844
2018-03-27 14:30:00,212.08999633789062
2018-03-27 15:30:00,211.58999633789062
2018-03-27 16:30:00,210.47000122070312
2018-03-27 17:30:00,206.63499450683594
2018-03-27 18:30:00,202.6999969482422
2018-03-27 19:30:00,202.6300048828125
2018-03-28 13:30:00,197.63999938964844
2018-03-28 14:30:00,196.57000732421875
2018-03-28 15:30:00,199.1699981689453
2018-03-28 16:30:00,197.17999267578125
2018-03-28 17:30:00,196.11000061035156
2018-03-28 18:30:00,197.00999450683594
2018-03-28 19:30:00,196.25
2018-03-29 13:30:00,198.39999389648438
2018-03-29 14:30:00,200.5850067138672
2018-03-29 15:30:00,201.49000549316406
2018-03-29 16:30:00,201.99000549316406
2018-03-29 17:30:00,204.86000061035156
2018-03-29 18:30:00,205.6199951171875
2018-03-29 19:30:00,203.17999267578125
2018-04-02 13:30:00,196.77999877929688
2018-04-02 14:30:00,195.05999755859375
2018-04-02 15:30:00,195.4600067138672
2018-04-02 16:30:00,194.49000549316406
2018-04-02 17:30:00,192.5399932861328
2018-04-02 18:30:00,193.5399932861328
2018-04-02 19:30:00,193.8699951171875
2018-04-03 13:30:00,194.7550048828125
2018-04-03 14:30:00,197.1699981689453
2018-04-03 15:30:00,194.66000366210938
2018-04-03 16:30:00,196.59730529785156
2018-04-03 17:30:00,194.85000610351562
2018-04-03 18:30:00,198.1999969482422
2018-04-03 19:30:00,197.94000244140625
2018-04-04 13:30:00,194.6300048828125
2018-04-04 14:30:00,197.16000366210938
2018-04-04 15:30:00,198.47999572753906
2018-04-04 16:30:00,197.39999389648438
2018-04-04 17:30:00,197.82000732421875
2018-04-04 18:30:00,200.22000122070312
2018-04-04 19:30:00,201.7100067138672
2018-04-05 13:30:00,197.36000061035156
2018-04-05 14:30:00,199.02000427246094
2018-04-05 15:30:00,195.96290588378906
2018-04-05 16:30:00,194.0
2018-04-05 17:30:00,193.42999267578125
2018-04-05 18:30:00,195.0800018310547
2018-04-05 19:30:00,195.0399932861328
2018-04-06 13:30:00,193.80999755859375
2018-04-06 14:30:00,194.09500122070312
2018-04-06 15:30:00,194.1699981689453
2018-04-06 16:30:00,194.58999633789062
2018-04-06 17:30:00,191.36500549316406
2018-04-06 18:30:00,190.05999755859375
2018-04-06 19:30:00,190.66000366210938
2018-04-09 13:30:00,195.77499389648438
2018-04-09 14:30:00,197.375
2018-04-09 15:30:00,198.08999633789062
2018-04-09 16:30:00,198.69920349121094
2018-04-09 17:30:00,197.10000610351562
2018-04-09 18:30:00,195.0850067138672
2018-04-09 19:30:00,193.14999389648438
2018-04-10 13:30:00,199.8000030517578
2018-04-10 14:30:00,198.60000610351562
2018-04-10 15:30:00,196.95599365234375
2018-04-10 16:30:00,198.6699981689453
2018-04-10 17:30:00,199.5345001220703
2018-04-10 18:30:00,201.35000610351562
2018-04-10 19:30:00,200.1699981689453
2018-04-11 13:30:00,202.0063934326172
2018-04-11 14:30:00,200.92999267578125
2018-04-11 15:30:00,202.50999450683594
2018-04-11 16:30:00,202.22999572753906
2018-04-11 17:30:00,201.97000122070312
2018-04-11 18:30:00,201.07000732421875
2018-04-11 19:30:00,200.86000061035156
2018-04-12 13:30:00,205.02000427246094
2018-04-12 14:30:00,205.902099609375
2018-04-12 15:30:00,205.9669952392578
2018-04-12 16:30:00,204.5800018310547
2018-04-12 17:30:00,204.75
2018-04-12 18:30:00,205.19000244140625
2018-04-12 19:30:00,206.0
2018-04-13 13:30:00,204.1699981689453
2018-04-13 14:30:00,203.9499969482422
2018-04-13 15:30:00,205.0500030517578
2018-04-13 16:30:00,205.72000122070312
2018-04-13 17:30:00,204.72500610351562
2018-04-13 18:30:00,203.24000549316406
2018-04-13 19:30:00,203.72000122070312
2018-04-16 13:30:00,204.22999572753906
2018-04-16 14:30:00,202.42999267578125
2018-04-16 15:30:00,204.1699981689453
2018-04-16 16:30:00,204.39999389648438
2018-04-16 17:30:00,204.16000366210938
2018-04-16 18:30:00,203.625
2018-04-16 19:30:00,203.60000610351562
2018-04-17 13:30:00,208.32000732421875
2018-04-17 14:30:00,209.9499969482422
2018-04-17 15:30:00,210.32989501953125
2018-04-17 16:30:00,209.8300018310547
2018-04-17 17:30:00,209.8800048828125
2018-04-17 18:30:00,211.8000030517578
2018-04-17 19:30:00,212.27999877929688
2018-04-18 13:30:00,201.08999633789062
2018-04-18 14:30:00,201.98370361328125
2018-04-18 15:30:00,201.88499450683594
2018-04-18 16:30:00,201.22999572753906
2018-04-18 17:30:00,201.22999572753906
2018-04-18 18:30:00,201.67999267578125
2018-04-18 19:30:00,203.77499389648438
2018-04-19 13:30:00,194.44000244140625
2018-04-19 14:30:00,192.73240661621094
2018-04-19 15:30:00,190.85000610351562
2018-04-19 16:30:00,189.77000427246094
2018-04-19 17:30:00,189.2899932861328
2018-04-19 18:30:00,188.99000549316406
2018-04-19 19:30:00,190.38999938964844
2018-04-20 13:30:00,193.2899932861328
2018-04-20 14:30:00,191.6999969482422
2018-04-20 15:30:00,193.50999450683594
2018-04-20 16:30:00,193.92999267578125
2018-04-20 17:30:00,192.38999938964844
2018-04-20 18:30:00,191.58999633789062
2018-04-20 19:30:00,191.88999938964844
2018-04-23 13:30:00,195.36000061035156
2018-04-23 14:30:00,196.07000732421875
2018-04-23 15:30:00,193.25999450683594
2018-04-23 16:30:00,192.58999633789062
2018-04-23 17:30:00,191.9199981689453
2018-04-23 18:30:00,192.08999633789062
2018-04-23 19:30:00,191.85000610351562
2018-04-24 13:30:00,190.69000244140625
2018-04-24 14:30:00,189.6300048828125
2018-04-24 15:30:00,186.49000549316406
2018-04-24 16:30:00,185.72999572753906
2018-04-24 17:30:00,184.36000061035156
2018-04-24 18:30:00,185.60000610351562
2018-04-24 19:30:00,185.86000061035156
2018-04-25 13:30:00,185.91000366210938
2018-04-25 14:30:00,189.43499755859375
2018-04-25 15:30:00,187.22000122070312
2018-04-25 16:30:00,186.11000061035156
2018-04-25 17:30:00,186.14999389648438
2018-04-25 18:30:00,186.8800048828125
2018-04-25 19:30:00,186.63999938964844
2018-04-26 13:30:00,192.55999755859375
2018-04-26 14:30:00,191.3800048828125
2018-04-26 15:30:00,190.625
2018-04-26 16:30:00,190.14999389648438
2018-04-26 17:30:00,189.3300018310547
2018-04-26 18:30:00,189.9199981689453
2018-04-26 19:30:00,190.4600067138672
2018-04-27 13:30:00,188.3300018310547
2018-04-27 14:30:00,187.8699951171875
2018-04-27 15:30:00,186.25999450683594
2018-04-27 16:30:00,187.25999450683594
2018-04-27 17:30:00,187.19000244140625
2018-04-27 18:30:00,187.3000030517578
2018-04-27 19:30:00,187.25
2018-04-30 13:30:00,186.63999938964844
2018-04-30 14:30:00,186.94000244140625
2018-04-30 15:30:00,186.35400390625
2018-04-30 16:30:00,186.0
2018-04-30 17:30:00,185.10000610351562
2018-04-30 18:30:00,185.3699951171875
2018-04-30 19:30:00,185.07000732421875
2018-05-01 13:30:00,186.47000122070312
2018-05-01 14:30:00,188.41000366210938
2018-05-01 15:30:00,187.91000366210938
2018-05-01 16:30:00,187.52000427246094
2018-05-01 17:30:00,189.6999969482422
2018-05-01 18:30:00,189.6199951171875
2018-05-01 19:30:00,190.36000061035156
2018-05-02 13:30:00,189.69000244140625
2018-05-02 14:30:00,190.52000427246094
2018-05-02 15:30:00,190.5500030517578
2018-05-02 16:30:00,191.1199951171875
2018-05-02 17:30:00,191.33999633789062
2018-05-02 18:30:00,190.1300048828125
2018-05-02 19:30:00,189.5500030517578
2018-05-03 13:30:00,187.35000610351562
2018-05-03 14:30:00,185.83999633789062
2018-05-03 15:30:00,186.38999938964844
2018-05-03 16:30:00,188.85000610351562
2018-05-03 17:30:00,188.97999572753906
2018-05-03 18:30:00,189.96499633789062
2018-05-03 19:30:00,189.42999267578125
2018-05-04 13:30:00,192.33999633789062
2018-05-04 14:30:00,195.2100067138672
2018-05-04 15:30:00,195.55999755859375
2018-05-04 16:30:00,195.35000610351562
2018-05-04 17:30:00,196.7100067138672
2018-05-04 18:30:00,195.72000122070312
2018-05-04 19:30:00,195.42999267578125
2018-05-07 13:30:00,195.85000610351562
2018-05-07 14:30:00,194.85020446777344
2018-05-07 15:30:00,194.63999938964844
2018-05-07 16:30:00,194.6699981689453
2018-05-07 17:30:00,194.6300048828125
2018-05-07 18:30:00,193.32000732421875
2018-05-07 19:30:00,193.50999450683594
2018-05-08 13:30:00,193.77499389648438
2018-05-08 14:30:00,195.22000122070312
2018-05-08 15:30:00,194.6199951171875
2018-05-08 16:30:00,194.2899932861328
2018-05-08 17:30:00,194.1699981689453
2018-05-08 18:30:00,194.02999877929688
2018-05-08 19:30:00,194.8699951171875
2018-05-09 13:30:00,197.35000610351562
2018-05-09 14:30:00,198.0800018310547
2018-05-09 15:30:00,199.52999877929688
2018-05-09 16:30:00,199.6300048828125
2018-05-09 17:30:00,199.6999969482422
2018-05-09 18:30:00,199.3800048828125
2018-05-09 19:30:00,199.72999572753906
2018-05-10 13:30:00,201.60000610351562
2018-05-10 14:30:00,202.14999389648438
2018-05-10 15:30:00,202.39999389648438
2018-05-10 16:30:00,202.92869567871094
2018-05-10 17:30:00,203.61000061035156
2018-05-10 18:30:00,203.94000244140625
2018-05-10 19:30:00,204.02000427246094
2018-05-11 13:30:00,203.91000366210938
2018-05-11 14:30:00,203.10000610351562
2018-05-11 15:30:00,202.05999755859375
2018-05-11 16:30:00,202.32000732421875
2018-05-11 17:30:00,201.63999938964844
2018-05-11 18:30:00,201.3000030517578
2018-05-11 19:30:00,201.5655059814453
2018-05-14 13:30:00,207.22000122070312
2018-05-14 14:30:00,206.0399932861328
2018-05-14 15:30:00,206.25999450683594
2018-05-14 16:30:00,204.1649932861328
2018-05-14 17:30:00,203.81100463867188
2018-05-14 18:30:00,204.01499938964844
2018-05-14 19:30:00,204.02000427246094
2018-05-15 13:30:00,199.94000244140625
2018-05-15 14:30:00,201.83999633789062
2018-05-15 15:30:00,200.41000366210938
2018-05-15 16:30:00,200.3300018310547
2018-05-15 17:30:00,201.30999755859375
2018-05-15 18:30:00,201.08999633789062
2018-05-15 19:30:00,202.17999267578125
2018-05-16 13:30:00,206.94000244140625
2018-05-16 14:30:00,206.1199951171875
2018-05-16 15:30:00,207.1699981689453
2018-05-16 16:30:00,207.3699951171875
2018-05-16 17:30:00,207.89999389648438
2018-05-16 18:30:00,207.02000427246094
2018-05-16 19:30:00,206.85000610351562
2018-05-17 13:30:00,204.85499572753906
2018-05-17 14:30:00,205.22999572753906
2018-05-17 15:30:00,205.1199951171875
2018-05-17 16:30:00,204.1999969482422
2018-05-17 17:30:00,202.52000427246094
2018-05-17 18:30:00,202.82000732421875
2018-05-17 19:30:00,203.35000610351562
2018-05-18 13:30:00,195.1649932861328
2018-05-18 14:30:00,197.1699981689453
2018-05-18 15:30:00,195.91000366210938
2018-05-18 16:30:00,196.9499969482422
2018-05-18 17:30:00,196.42999267578125
2018-05-18 18:30:00,196.26499938964844
2018-05-18 19:30:00,195.5
2018-05-21 13:30:00,198.75999450683594
2018-05-21 14:30:00,197.1699981689453
2018-05-21 15:30:00,198.97999572753906
2018-05-21 16:30:00,199.18299865722656
2018-05-21 17:30:00,198.69000244140625
2018-05-21 18:30:00,199.60000610351562
2018-05-21 19:30:00,199.85000610351562
2018-05-22 13:30:00,203.49000549316406
2018-05-22 14:30:00,203.16000366210938
2018-05-22 15:30:00,202.8300018310547
2018-05-22 16:30:00,202.8699951171875
2018-05-22 17:30:00,203.8350067138672
2018-05-22 18:30:00,203.4600067138672
2018-05-22 19:30:00,202.89999389648438
2018-05-23 13:30:00,202.39999389648438
2018-05-23 14:30:00,203.19000244140625
2018-05-23 15:30:00,203.0800018310547
2018-05-23 16:30:00,200.83999633789062
2018-05-23 17:30:00,201.94000244140625
2018-05-23 18:30:00,202.40499877929688
2018-05-23 19:30:00,203.30999755859375
2018-05-24 13:30:00,202.14999389648438
2018-05-24 14:30:00,202.02499389648438
2018-05-24 15:30:00,202.75250244140625
2018-05-24 16:30:00,203.1199951171875
2018-05-24 17:30:00,204.21519470214844
2018-05-24 18:30:00,204.28500366210938
2018-05-24 19:30:00,204.33999633789062
2018-05-25 13:30:00,203.5800018310547
2018-05-25 14:30:00,202.9250030517578
2018-05-25 15:30:00,203.02999877929688
2018-05-25 16:30:00,202.2100067138672
2018-05-25 17:30:00,202.02999877929688
2018-05-25 18:30:00,201.97000122070312
2018-05-25 19:30:00,201.97000122070312
2018-05-29 13:30:00,201.72000122070312
2018-05-29 14:30:00,201.06500244140625
2018-05-29 15:30:00,199.39999389648438
2018-05-29 16:30:00,199.8800048828125
2018-05-29 17:30:00,199.80999755859375
2018-05-29 18:30:00,199.25
2018-05-29 19:30:00,200.27999877929688
2018-05-30 13:30:00,203.66000366210938
2018-05-30 14:30:00,204.2949981689453
2018-05-30 15:30:00,203.70599365234375
2018-05-30 16:30:00,201.3397979736328
2018-05-30 17:30:00,200.92999267578125
2018-05-30 18:30:00,201.64999389648438
2018-05-30 19:30:00,201.77999877929688
2018-05-31 13:30:00,199.8000030517578
2018-05-31 14:30:00,199.22999572753906
2018-05-31 15:30:00,198.19000244140625
2018-05-31 16:30:00,198.5749969482422
2018-05-31 17:30:00,198.36000061035156
2018-05-31 18:30:00,198.69000244140625
2018-05-31 19:30:00,198.1699981689453
2018-06-01 13:30:00,200.44000244140625
2018-06-01 14:30:00,201.82000732421875
2018-06-01 15:30:00,203.02999877929688
2018-06-01 16:30:00,203.60000610351562
2018-06-01 17:30:00,202.07000732421875
2018-06-01 18:30:00,201.9499969482422
2018-06-01 19:30:00,202.69000244140625
2018-06-04 13:30:00,203.16000366210938
2018-06-04 14:30:00,203.66000366210938
2018-06-04 15:30:00,205.41000366210938
2018-06-04 16:30:00,204.61000061035156
2018-06-04 17:30:00,204.75999450683594
2018-06-04 18:30:00,204.44000244140625
2018-06-04 19:30:00,204.66000366210938
2018-06-05 13:30:00,203.38479614257812
2018-06-05 14:30:00,202.52000427246094
2018-06-05 15:30:00,201.94000244140625
2018-06-05 16:30:00,202.2100067138672
2018-06-05 17:30:00,202.2902069091797
2018-06-05 18:30:00,202.0500030517578
2018-06-05 19:30:00,201.83999633789062
2018-06-06 13:30:00,198.52999877929688
2018-06-06 14:30:00,198.36000061035156
2018-06-06 15:30:00,198.44500732421875
2018-06-06 16:30:00,198.72999572753906
2018-06-06 17:30:00,198.52000427246094
2018-06-06 18:30:00,199.64500427246094
2018-06-06 19:30:00,199.5800018310547
2018-06-07 13:30:00,185.47999572753906
2018-06-07 14:30:00,186.58999633789062
2018-06-07 15:30:00,186.9199981689453
2018-06-07 16:30:00,186.6750030517578
2018-06-07 17:30:00,188.10000610351562
2018-06-07 18:30:00,187.97999572753906
2018-06-07 19:30:00,188.82000732421875
2018-06-08 13:30:00,187.0395965576172
2018-06-08 14:30:00,186.77999877929688
2018-06-08 15:30:00,187.6300048828125
2018-06-08 16:30:00,187.75
2018-06-08 17:30:00,187.44000244140625
2018-06-08 18:30:00,187.28500366210938
2018-06-08 19:30:00,188.00999450683594
2018-06-11 13:30:00,183.39999389648438
2018-06-11 14:30:00,184.1300048828125
2018-06-11 15:30:00,184.22000122070312
2018-06-11 16:30:00,183.77000427246094
2018-06-11 17:30:00,184.1649932861328
2018-06-11 18:30:00,184.56500244140625
2018-06-11 19:30:00,183.67999267578125
2018-06-12 13:30:00,184.00999450683594
2018-06-12 14:30:00,184.0449981689453
2018-06-12 15:30:00,186.2949981689453
2018-06-12 16:30:00,186.69000244140625
2018-06-12 17:30:00,185.49000549316406
2018-06-12 18:30:00,186.1199951171875
2018-06-12 19:30:00,186.89999389648438
2018-06-13 13:30:00,186.8000030517578
2018-06-13 14:30:00,188.27999877929688
2018-06-13 15:30:00,187.00599670410156
2018-06-13 16:30:00,186.74000549316406
2018-06-13 17:30:00,184.47950744628906
2018-06-13 18:30:00,185.10000610351562
2018-06-13 19:30:00,184.55999755859375
2018-06-14 13:30:00,184.58999633789062
2018-06-14 14:30:00,184.0399932861328
2018-06-14 15:30:00,183.52499389648438
2018-06-14 16:30:00,182.07440185546875
2018-06-14 17:30:00,182.11000061035156
2018-06-14 18:30:00,181.27999877929688
2018-06-14 19:30:00,181.19000244140625
2018-06-15 13:30:00,179.9600067138672
2018-06-15 14:30:00,179.53900146484375
2018-06-15 15:30:00,178.72000122070312
2018-06-15 16:30:00,179.0500030517578
2018-06-15 17:30:00,179.17999267578125
2018-06-15 18:30:00,178.5
2018-06-15 19:30:00,178.44000244140625
2018-06-18 13:30:00,174.77000427246094
2018-06-18 14:30:00,175.69000244140625
2018-06-18 15:30:00,174.94000244140625
2018-06-18 16:30:00,174.43099975585938
2018-06-18 17:30:00,174.8300018310547
2018-06-18 18:30:00,175.0500030517578
2018-06-18 19:30:00,174.1999969482422
2018-06-19 13:30:00,172.64999389648438
2018-06-19 14:30:00,174.1199951171875
2018-06-19 15:30:00,173.53509521484375
2018-06-19 16:30:00,173.39999389648438
2018-06-19 17:30:00,173.74009704589844
2018-06-19 18:30:00,173.4499969482422
2018-06-19 19:30:00,173.38999938964844
2018-06-20 13:30:00,173.5800018310547
2018-06-20 14:30:00,173.77499389648438
2018-06-20 15:30:00,173.99000549316406
2018-06-20 16:30:00,173.92999267578125
2018-06-20 17:30:00,174.08999633789062
2018-06-20 18:30:00,174.17999267578125
2018-06-20 19:30:00,174.39999389648438
2018-06-21 13:30:00,176.25
2018-06-21 14:30:00,176.08999633789062
2018-06-21 15:30:00,176.8800048828125
2018-06-21 16:30:00,175.85000610351562
2018-06-21 17:30:00,175.9499969482422
2018-06-21 18:30:00,176.10000610351562
2018-06-21 19:30:00,176.0
2018-06-22 13:30:00,173.67640686035156
2018-06-22 14:30:00,173.7899932861328
2018-06-22 15:30:00,173.98500061035156
2018-06-22 16:30:00,175.14999389648438
2018-06-22 17:30:00,174.82000732421875
2018-06-22 18:30:00,174.97999572753906
2018-06-22 19:30:00,174.3300018310547
2018-06-25 13:30:00,170.9499969482422
2018-06-25 14:30:00,169.3000030517578
2018-06-25 15:30:00,169.47000122070312
2018-06-25 16:30:00,169.82000732421875
2018-06-25 17:30:00,170.1199951171875
2018-06-25 18:30:00,170.39999389648438
2018-06-25 19:30:00,171.02999877929688
2018-06-26 13:30:00,174.81500244140625
2018-06-26 14:30:00,174.2899932861328
2018-06-26 15:30:00,174.2050018310547
2018-06-26 16:30:00,174.8000030517578
2018-06-26 17:30:00,174.7899932861328
2018-06-26 18:30:00,174.24000549316406
2018-06-26 19:30:00,174.02999877929688
2018-06-27 13:30:00,173.6999969482422
2018-06-27 14:30:00,173.07000732421875
2018-06-27 15:30:00,173.3000030517578
2018-06-27 16:30:00,171.08999633789062
2018-06-27 17:30:00,170.97999572753906
2018-06-27 18:30:00,171.24000549316406
2018-06-27 19:30:00,169.8000030517578
2018-06-28 13:30:00,168.9499969482422
2018-06-28 14:30:00,168.7100067138672
2018-06-28 15:30:00,168.58999633789062
2018-06-28 16:30:00,168.6999969482422
2018-06-28 17:30:00,169.4600067138672
2018-06-28 18:30:00,170.73500061035156
2018-06-28 19:30:00,170.8699951171875
2018-06-29 13:30:00,173.77000427246094
2018-06-29 14:30:00,173.85000610351562
2018-06-29 15:30:00,173.3699951171875
2018-06-29 16:30:00,173.67999267578125
2018-06-29 17:30:00,174.1199951171875
2018-06-29 18:30:00,174.1177978515625
2018-06-29 19:30:00,172.89999389648438
2018-07-02 13:30:00,171.25999450683594
2018-07-02 14:30:00,170.32000732421875
2018-07-02 15:30:00,170.64500427246094
2018-07-02 16:30:00,171.1699981689453
2018-07-02 17:30:00,171.97999572753906
2018-07-02 18:30:00,172.4600067138672
2018-07-02 19:30:00,173.10000610351562
2018-07-03 13:30:00,171.6302032470703
2018-07-03 14:30:00,170.32000732421875
2018-07-03 15:30:00,168.80999755859375
2018-07-03 17:00:00,167.25
2018-07-05 13:30:00,170.58999633789062
2018-07-05 14:30:00,170.4199981689453
2018-07-05 15:30:00,171.2899932861328
2018-07-05 16:30:00,171.88999938964844
2018-07-05 17:30:00,171.33999633789062
2018-07-05 18:30:00,171.6999969482422
2018-07-05 19:30:00,171.86000061035156
2018-07-06 13:30:00,170.35000610351562
2018-07-06 14:30:00,171.66000366210938
2018-07-06 15:30:00,172.75
2018-07-06 16:30:00,172.8175048828125
2018-07-06 17:30:00,173.52999877929688
2018-07-06 18:30:00,173.88499450683594
2018-07-06 19:30:00,173.85000610351562
2018-07-09 13:30:00,172.9600067138672
2018-07-09 14:30:00,173.80999755859375
2018-07-09 15:30:00,174.27000427246094
2018-07-09 16:30:00,174.50999450683594
2018-07-09 17:30:00,176.05499267578125
2018-07-09 18:30:00,176.69500732421875
2018-07-09 19:30:00,177.02000427246094
2018-07-10 13:30:00,175.61000061035156
2018-07-10 14:30:00,176.49989318847656
2018-07-10 15:30:00,177.33140563964844
2018-07-10 16:30:00,176.8300018310547
2018-07-10 17:30:00,176.27000427246094
2018-07-10 18:30:00,175.99000549316406
2018-07-10 19:30:00,176.41000366210938
2018-07-11 13:30:00,174.1199951171875
2018-07-11 14:30:00,171.25999450683594
2018-07-11 15:30:00,170.39999389648438
2018-07-11 16:30:00,170.25
2018-07-11 17:30:00,169.30999755859375
2018-07-11 18:30:00,169.3300018310547
2018-07-11 19:30:00,169.25999450683594
2018-07-12 13:30:00,172.16000366210938
2018-07-12 14:30:00,172.9149932861328
2018-07-12 15:30:00,171.80999755859375
2018-07-12 16:30:00,171.60000610351562
2018-07-12 17:30:00,170.97999572753906
2018-07-12 18:30:00,171.2899932861328
2018-07-12 19:30:00,171.33099365234375
2018-07-13 13:30:00,172.77760314941406
2018-07-13 14:30:00,172.24000549316406
2018-07-13 15:30:00,172.14999389648438
2018-07-13 16:30:00,171.84829711914062
2018-07-13 17:30:00,171.4250030517578
2018-07-13 18:30:00,171.96499633789062
2018-07-13 19:30:00,171.7899932861328
2018-07-16 13:30:00,172.61500549316406
2018-07-16 14:30:00,171.25
2018-07-16 15:30:00,172.52999877929688
2018-07-16 16:30:00,172.22999572753906
2018-07-16 17:30:00,172.30999755859375
2018-07-16 18:30:00,171.87100219726562
2018-07-16 19:30:00,171.8000030517578
2018-07-17 13:30:00,173.2899932861328
2018-07-17 14:30:00,174.75999450683594
2018-07-17 15:30:00,175.75
2018-07-17 16:30:00,177.52499389648438
2018-07-17 17:30:00,177.25999450683594
2018-07-17 18:30:00,177.0
2018-07-17 19:30:00,177.22999572753906
2018-07-18 13:30:00,180.3800048828125
2018-07-18 14:30:00,180.39999389648438
2018-07-18 15:30:00,181.57000732421875
2018-07-18 16:30:00,180.97000122070312
2018-07-18 17:30:00,181.08999633789062
2018-07-18 18:30:00,181.64999389648438
2018-07-18 19:30:00,181.30999755859375
2018-07-19 13:30:00,178.83999633789062
2018-07-19 14:30:00,178.8000030517578
2018-07-19 15:30:00,178.8000030517578
2018-07-19 16:30:00,178.25
2018-07-19 17:30:00,178.375
2018-07-19 18:30:00,178.44000244140625
2018-07-19 19:30:00,178.25999450683594
2018-07-20 13:30:00,177.66000366210938
2018-07-20 14:30:00,177.92630004882812
2018-07-20 15:30:00,177.31500244140625
2018-07-20 16:30:00,177.52000427246094
2018-07-20 17:30:00,177.8699951171875
2018-07-20 18:30:00,177.8000030517578
2018-07-20 19:30:00,177.74000549316406
2018-07-23 13:30:00,173.4600067138672
2018-07-23 14:30:00,174.14999389648438
2018-07-23 15:30:00,175.63720703125
2018-07-23 16:30:00,174.6699981689453
2018-07-23 17:30:00,174.92999267578125
2018-07-23 18:30:00,174.72000122070312
2018-07-23 19:30:00,174.83999633789062
2018-07-24 13:30:00,178.35000610351562
2018-07-24 14:30:00,176.07000732421875
2018-07-24 15:30:00,175.13690185546875
2018-07-24 16:30:00,174.2050018310547
2018-07-24 17:30:00,173.3300018310547
2018-07-24 18:30:00,173.60000610351562
2018-07-24 19:30:00,173.3699951171875
2018-07-25 13:30:00,171.00999450683594
2018-07-25 14:30:00,170.8800048828125
2018-07-25 15:30:00,171.8800048828125
2018-07-25 16:30:00,171.1699981689453
2018-07-25 17:30:00,171.802001953125
2018-07-25 18:30:00,171.19500732421875
2018-07-25 19:30:00,172.86000061035156
2018-07-26 13:30:00,172.1999969482422
2018-07-26 14:30:00,175.0449981689453
2018-07-26 15:30:00,174.0970001220703
2018-07-26 16:30:00,175.14999389648438
2018-07-26 17:30:00,175.6699981689453
2018-07-26 18:30:00,176.11129760742188
2018-07-26 19:30:00,177.25
2018-07-27 13:30:00,191.22999572753906
2018-07-27 14:30:00,190.66000366210938
2018-07-27 15:30:00,188.80999755859375
2018-07-27 16:30:00,188.05850219726562
2018-07-27 17:30:00,188.92999267578125
2018-07-27 18:30:00,189.33999633789062
2018-07-27 19:30:00,190.02000427246094
2018-07-30 13:30:00,187.43209838867188
2018-07-30 14:30:00,186.39999389648438
2018-07-30 15:30:00,186.47000122070312
2018-07-30 16:30:00,186.8800048828125
2018-07-30 17:30:00,187.85000610351562
2018-07-30 18:30:00,188.00999450683594
2018-07-30 19:30:00,187.85000610351562
2018-07-31 13:30:00,190.27999877929688
2018-07-31 14:30:00,192.16119384765625
2018-07-31 15:30:00,191.46499633789062
2018-07-31 16:30:00,190.4199981689453
2018-07-31 17:30:00,190.9600067138672
2018-07-31 18:30:00,190.72000122070312
2018-07-31 19:30:00,190.64999389648438
2018-08-01 13:30:00,190.2100067138672
2018-08-01 14:30:00,188.02999877929688
2018-08-01 15:30:00,186.42999267578125
2018-08-01 16:30:00,187.02999877929688
2018-08-01 17:30:00,186.52499389648438
2018-08-01 18:30:00,186.67999267578125
2018-08-01 19:30:00,186.3699951171875
2018-08-02 13:30:00,187.13999938964844
2018-08-02 14:30:00,185.71499633789062
2018-08-02 15:30:00,187.58859252929688
2018-08-02 16:30:00,187.5500030517578
2018-08-02 17:30:00,187.3074951171875
2018-08-02 18:30:00,187.02000427246094
2018-08-02 19:30:00,187.11000061035156
2018-08-03 13:30:00,188.0800018310547
2018-08-03 14:30:00,187.0
2018-08-03 15:30:00,186.91140747070312
2018-08-03 16:30:00,187.39999389648438
2018-08-03 17:30:00,186.77999877929688
2018-08-03 18:30:00,187.1199951171875
2018-08-03 19:30:00,187.3000030517578
2018-08-06 13:30:00,186.67999267578125
2018-08-06 14:30:00,186.7899932861328
2018-08-06 15:30:00,187.07000732421875
2018-08-06 16:30:00,188.0
2018-08-06 17:30:00,188.25
2018-08-06 18:30:00,188.39999389648438
2018-08-06 19:30:00,188.38999938964844
2018-08-07 13:30:00,184.96499633789062
2018-08-07 14:30:00,185.06039428710938
2018-08-07 15:30:00,183.87899780273438
2018-08-07 16:30:00,184.08999633789062
2018-08-07 17:30:00,186.13999938964844
2018-08-07 18:30:00,185.86000061035156
2018-08-07 19:30:00,185.9499969482422
2018-08-08 13:30:00,188.05999755859375
2018-08-08 14:30:00,188.36000061035156
2018-08-08 15:30:00,188.98500061035156
2018-08-08 16:30:00,189.94000244140625
2018-08-08 17:30:00,189.97000122070312
2018-08-08 18:30:00,190.17999267578125
2018-08-08 19:30:00,189.99000549316406
2018-08-09 13:30:00,183.55499267578125
2018-08-09 14:30:00,184.97000122070312
2018-08-09 15:30:00,185.99000549316406
2018-08-09 16:30:00,185.80999755859375
2018-08-09 17:30:00,185.39500427246094
2018-08-09 18:30:00,185.2899932861328
2018-08-09 19:30:00,184.49000549316406
2018-08-10 13:30:00,180.0
2018-08-10 14:30:00,179.9499969482422
2018-08-10 15:30:00,179.64999389648438
2018-08-10 16:30:00,178.82000732421875
2018-08-10 17:30:00,177.89999389648438
2018-08-10 18:30:00,178.3800048828125
2018-08-10 19:30:00,178.10000610351562
2018-08-13 13:30:00,178.5500030517578
2018-08-13 14:30:00,178.1999969482422
2018-08-13 15:30:00,178.00999450683594
2018-08-13 16:30:00,178.42999267578125
2018-08-13 17:30:00,179.00999450683594
2018-08-13 18:30:00,178.3477020263672
2018-08-13 19:30:00,178.1300048828125
2018-08-14 13:30:00,177.6999969482422
2018-08-14 14:30:00,178.5399932861328
2018-08-14 15:30:00,178.1750030517578
2018-08-14 16:30:00,177.0821990966797
2018-08-14 17:30:00,177.48500061035156
2018-08-14 18:30:00,177.35000610351562
2018-08-14 19:30:00,176.72999572753906
2018-08-15 13:30:00,172.19000244140625
2018-08-15 14:30:00,172.52000427246094
2018-08-15 15:30:00,171.8000030517578
2018-08-15 16:30:00,171.50999450683594
2018-08-15 17:30:00,171.77999877929688
2018-08-15 18:30:00,172.9199981689453
2018-08-15 19:30:00,172.89999389648438
2018-08-16 13:30:00,173.5500030517578
2018-08-16 14:30:00,174.32269287109375
2018-08-16 15:30:00,175.82000732421875
2018-08-16 16:30:00,174.85049438476562
2018-08-16 17:30:00,175.25999450683594
2018-08-16 18:30:00,175.2917022705078
2018-08-16 19:30:00,174.36000061035156
2018-08-17 13:30:00,167.75
2018-08-17 14:30:00,169.01950073242188
2018-08-17 15:30:00,169.05999755859375
2018-08-17 16:30:00,168.4600067138672
2018-08-17 17:30:00,169.9149932861328
2018-08-17 18:30:00,170.63999938964844
2018-08-17 19:30:00,169.9375
2018-08-20 13:30:00,168.23500061035156
2018-08-20 14:30:00,168.14999389648438
2018-08-20 15:30:00,170.02000427246094
2018-08-20 16:30:00,170.94000244140625
2018-08-20 17:30:00,171.57000732421875
2018-08-20 18:30:00,171.0399932861328
2018-08-20 19:30:00,171.24000549316406
2018-08-21 13:30:00,172.67999267578125
2018-08-21 14:30:00,173.89999389648438
2018-08-21 15:30:00,174.61000061035156
2018-08-21 16:30:00,174.7313995361328
2018-08-21 17:30:00,175.41000366210938
2018-08-21 18:30:00,174.44000244140625
2018-08-21 19:30:00,174.39999389648438
2018-08-22 13:30:00,173.8699951171875
2018-08-22 14:30:00,175.00999450683594
2018-08-22 15:30:00,174.07000732421875
2018-08-22 16:30:00,173.69000244140625
2018-08-22 17:30:00,173.14999389648438
2018-08-22 18:30:00,173.44000244140625
2018-08-22 19:30:00,173.0800018310547
2018-08-23 13:30:00,174.1300048828125
2018-08-23 14:30:00,172.38999938964844
2018-08-23 15:30:00,173.7050018310547
2018-08-23 16:30:00,173.16000366210938
2018-08-23 17:30:00,173.0
2018-08-23 18:30:00,172.99000549316406
2018-08-23 19:30:00,172.75999450683594
2018-08-24 13:30:00,172.41000366210938
2018-08-24 14:30:00,172.47999572753906
2018-08-24 15:30:00,172.5
2018-08-24 16:30:00,172.4600067138672
2018-08-24 17:30:00,172.47999572753906
2018-08-24 18:30:00,172.3699951171875
2018-08-24 19:30:00,172.44000244140625
2018-08-27 13:30:00,177.88999938964844
2018-08-27 14:30:00,176.55999755859375
2018-08-27 15:30:00,176.14500427246094
2018-08-27 16:30:00,175.8695068359375
2018-08-27 17:30:00,176.16000366210938
2018-08-27 18:30:00,176.27999877929688
2018-08-27 19:30:00,176.2100067138672
2018-08-28 13:30:00,172.3800048828125
2018-08-28 14:30:00,171.6999969482422
2018-08-28 15:30:00,172.1999969482422
2018-08-28 16:30:00,172.49600219726562
2018-08-28 17:30:00,173.0500030517578
2018-08-28 18:30:00,174.1699981689453
2018-08-28 19:30:00,174.1300048828125
2018-08-29 13:30:00,174.4199981689453
2018-08-29 14:30:00,173.41000366210938
2018-08-29 15:30:00,173.59500122070312
2018-08-29 16:30:00,173.24000549316406
2018-08-29 17:30:00,172.82000732421875
2018-08-29 18:30:00,173.3800048828125
2018-08-29 19:30:00,172.63999938964844
2018-08-30 13:30:00,173.3699951171875
2018-08-30 14:30:00,173.5399932861328
2018-08-30 15:30:00,173.47999572753906
2018-08-30 16:30:00,173.89999389648438
2018-08-30 17:30:00,173.22000122070312
2018-08-30 18:30:00,172.94000244140625
2018-08-30 19:30:00,172.5
2018-08-31 13:30:00,173.97500610351562
2018-08-31 14:30:00,173.1999969482422
2018-08-31 15:30:00,172.9600067138672
2018-08-31 16:30:00,172.8800048828125
2018-08-31 17:30:00,172.97000122070312
2018-08-31 18:30:00,172.74000549316406
2018-08-31 19:30:00,173.0800018310547
2018-09-04 13:30:00,170.75999450683594
2018-09-04 14:30:00,169.39999389648438
2018-09-04 15:30:00,168.92999267578125
2018-09-04 16:30:00,169.83999633789062
2018-09-04 17:30:00,170.52000427246094
2018-09-04 18:30:00,171.1750030517578
2018-09-04 19:30:00,171.89999389648438
2018-09-05 13:30:00,169.91000366210938
2018-09-05 14:30:00,169.89999389648438
2018-09-05 15:30:00,171.0
2018-09-05 16:30:00,171.74000549316406
2018-09-05 17:30:00,171.5800018310547
2018-09-05 18:30:00,171.6999969482422
2018-09-05 19:30:00,172.02999877929688
2018-09-06 13:30:00,161.55999755859375
2018-09-06 14:30:00,162.0399932861328
2018-09-06 15:30:00,160.85000610351562
2018-09-06 16:30:00,161.0500030517578
2018-09-06 17:30:00,160.4199981689453
2018-09-06 18:30:00,160.25999450683594
2018-09-06 19:30:00,160.05999755859375
2018-09-07 13:30:00,159.72999572753906
2018-09-07 14:30:00,160.27000427246094
2018-09-07 15:30:00,159.19000244140625
2018-09-07 16:30:00,159.69000244140625
2018-09-07 17:30:00,160.02000427246094
2018-09-07 18:30:00,160.00999450683594
2018-09-07 19:30:00,159.5800018310547
2018-09-10 13:30:00,159.45750427246094
2018-09-10 14:30:00,160.00999450683594
2018-09-10 15:30:00,159.27999877929688
2018-09-10 16:30:00,159.22000122070312
2018-09-10 17:30:00,158.7899932861328
2018-09-10 18:30:00,159.0500030517578
2018-09-10 19:30:00,159.4600067138672
2018-09-11 13:30:00,154.89999389648438
2018-09-11 14:30:00,154.66000366210938
2018-09-11 15:30:00,155.25999450683594
2018-09-11 16:30:00,154.72000122070312
2018-09-11 17:30:00,155.0
2018-09-11 18:30:00,155.0500030517578
2018-09-11 19:30:00,155.3699951171875
2018-09-12 13:30:00,150.74000549316406
2018-09-12 14:30:00,151.339599609375
2018-09-12 15:30:00,151.38999938964844
2018-09-12 16:30:00,150.52000427246094
2018-09-12 17:30:00,149.33999633789062
2018-09-12 18:30:00,149.6999969482422
2018-09-12 19:30:00,150.3350067138672
2018-09-13 13:30:00,152.2100067138672
2018-09-13 14:30:00,152.51010131835938
2018-09-13 15:30:00,153.40899658203125
2018-09-13 16:30:00,153.5500030517578
2018-09-13 17:30:00,153.57000732421875
2018-09-13 18:30:00,153.3000030517578
2018-09-13 19:30:00,153.08999633789062
2018-09-14 13:30:00,153.8000030517578
2018-09-14 14:30:00,153.375
2018-09-14 15:30:00,152.99000549316406
2018-09-14 16:30:00,152.62469482421875
2018-09-14 17:30:00,153.2100067138672
2018-09-14 18:30:00,153.0399932861328
2018-09-14 19:30:00,153.4600067138672
2018-09-17 13:30:00,152.8000030517578
2018-09-17 14:30:00,153.6199951171875
2018-09-17 15:30:00,154.22999572753906
2018-09-17 16:30:00,153.89999389648438
2018-09-17 17:30:00,154.32000732421875
2018-09-17 18:30:00,152.3249969482422
2018-09-17 19:30:00,152.10000610351562
2018-09-18 13:30:00,153.72000122070312
2018-09-18 14:30:00,154.75
2018-09-18 15:30:00,154.6300048828125
2018-09-18 16:30:00,154.5800018310547
2018-09-18 17:30:00,154.3000030517578
2018-09-18 18:30:00,153.94000244140625
2018-09-18 19:30:00,153.67999267578125
2018-09-19 13:30:00,153.25999450683594
2018-09-19 14:30:00,153.1300048828125
2018-09-19 15:30:00,152.89999389648438
2018-09-19 16:30:00,152.75
2018-09-19 17:30:00,152.7899932861328
2018-09-19 18:30:00,153.2100067138672
2018-09-19 19:30:00,153.1999969482422
2018-09-20 13:30:00,156.2100067138672
2018-09-20 14:30:00,156.17999267578125
2018-09-20 15:30:00,156.32000732421875
2018-09-20 16:30:00,156.74000549316406
2018-09-20 17:30:00,155.1199951171875
2018-09-20 18:30:00,155.21910095214844
2018-09-20 19:30:00,155.2899932861328
2018-09-21 13:30:00,155.27000427246094
2018-09-21 14:30:00,156.25999450683594
2018-09-21 15:30:00,155.36000061035156
2018-09-21 16:30:00,155.07000732421875
2018-09-21 17:30:00,155.3000030517578
2018-09-21 18:30:00,155.1199951171875
2018-09-21 19:30:00,155.72000122070312
2018-09-24 13:30:00,153.5500030517578
2018-09-24 14:30:00,154.85000610351562
2018-09-24 15:30:00,154.6999969482422
2018-09-24 16:30:00,154.4600067138672
2018-09-24 17:30:00,154.83999633789062
2018-09-24 18:30:00,154.69000244140625
2018-09-24 19:30:00,154.74000549316406
2018-09-25 13:30:00,152.0399932861328
2018-09-25 14:30:00,151.5
2018-09-25 15:30:00,151.05999755859375
2018-09-25 16:30:00,150.97999572753906
2018-09-25 17:30:00,151.23500061035156
2018-09-25 18:30:00,151.19000244140625
2018-09-25 19:30:00,151.27999877929688
2018-09-26 13:30:00,149.11000061035156
2018-09-26 14:30:00,149.0500030517578
2018-09-26 15:30:00,149.1999969482422
2018-09-26 16:30:00,149.9499969482422
2018-09-26 17:30:00,150.8300018310547
2018-09-26 18:30:00,150.24000549316406
2018-09-26 19:30:00,148.80999755859375
2018-09-27 13:30:00,150.67999267578125
2018-09-27 14:30:00,150.9199981689453
2018-09-27 15:30:00,151.36000061035156
2018-09-27 16:30:00,151.6699981689453
2018-09-27 17:30:00,151.4499969482422
2018-09-27 18:30:00,150.9199981689453
2018-09-27 19:30:00,150.61000061035156
2018-09-28 13:30:00,150.5749969482422
2018-09-28 14:30:00,151.8000030517578
2018-09-28 15:30:00,152.72999572753906
2018-09-28 16:30:00,152.22999572753906
2018-09-28 17:30:00,152.1300048828125
2018-09-28 18:30:00,151.97999572753906
2018-09-28 19:30:00,151.6999969482422
2018-10-01 13:30:00,151.69000244140625
2018-10-01 14:30:00,151.1300048828125
2018-10-01 15:30:00,151.24000549316406
2018-10-01 16:30:00,150.80499267578125
2018-10-01 17:30:00,150.11239624023438
2018-10-01 18:30:00,150.10009765625
2018-10-01 19:30:00,150.25
2018-10-02 13:30:00,153.47999572753906
2018-10-02 14:30:00,154.08999633789062
2018-10-02 15:30:00,153.66000366210938
2018-10-02 16:30:00,152.8524932861328
2018-10-02 17:30:00,152.3498992919922
2018-10-02 18:30:00,151.8800048828125
2018-10-02 19:30:00,151.0399932861328
2018-10-03 13:30:00,150.89999389648438
2018-10-03 14:30:00,150.80999755859375
2018-10-03 15:30:00,151.83790588378906
2018-10-03 16:30:00,152.19000244140625
2018-10-03 17:30:00,152.75999450683594
2018-10-03 18:30:00,151.80999755859375
2018-10-03 19:30:00,152.16000366210938
2018-10-04 13:30:00,149.1300048828125
2018-10-04 14:30:00,148.92999267578125
2018-10-04 15:30:00,148.22000122070312
2018-10-04 16:30:00,148.10000610351562
2018-10-04 17:30:00,148.22999572753906
2018-10-04 18:30:00,148.89999389648438
2018-10-04 19:30:00,149.0
2018-10-05 13:30:00,148.77999877929688
2018-10-05 14:30:00,147.5800018310547
2018-10-05 15:30:00,147.2100067138672
2018-10-05 16:30:00,147.3177947998047
2018-10-05 17:30:00,147.78500366210938
2018-10-05 18:30:00,147.69000244140625
2018-10-05 19:30:00,147.89999389648438
2018-10-08 13:30:00,149.0
2018-10-08 14:30:00,147.0800018310547
2018-10-08 15:30:00,146.60000610351562
2018-10-08 16:30:00,145.5800018310547
2018-10-08 17:30:00,145.50999450683594
2018-10-08 18:30:00,146.47999572753906
2018-10-08 19:30:00,146.08999633789062
2018-10-09 13:30:00,142.08999633789062
2018-10-09 14:30:00,144.03250122070312
2018-10-09 15:30:00,144.38999938964844
2018-10-09 16:30:00,144.5399932861328
2018-10-09 17:30:00,144.17999267578125
2018-10-09 18:30:00,144.19500732421875
2018-10-09 19:30:00,144.47999572753906
2018-10-10 13:30:00,140.63999938964844
2018-10-10 14:30:00,141.02999877929688
2018-10-10 15:30:00,142.67999267578125
2018-10-10 16:30:00,143.1699981689453
2018-10-10 17:30:00,141.9600067138672
2018-10-10 18:30:00,141.47999572753906
2018-10-10 19:30:00,139.77999877929688
2018-10-11 13:30:00,141.08999633789062
2018-10-11 14:30:00,139.86000061035156
2018-10-11 15:30:00,140.67999267578125
2018-10-11 16:30:00,140.22000122070312
2018-10-11 17:30:00,138.82000732421875
2018-10-11 18:30:00,138.53199768066406
2018-10-11 19:30:00,137.64999389648438
2018-10-12 13:30:00,141.4600067138672
2018-10-12 14:30:00,141.9499969482422
2018-10-12 15:30:00,141.5449981689453
2018-10-12 16:30:00,142.1300048828125
2018-10-12 17:30:00,142.2899932861328
2018-10-12 18:30:00,143.24000549316406
2018-10-12 19:30:00,143.58999633789062
2018-10-15 13:30:00,142.83999633789062
2018-10-15 14:30:00,143.49000549316406
2018-10-15 15:30:00,142.64999389648438
2018-10-15 16:30:00,143.38999938964844
2018-10-15 17:30:00,142.77999877929688
2018-10-15 18:30:00,142.25999450683594
2018-10-15 19:30:00,142.61000061035156
2018-10-16 13:30:00,143.7100067138672
2018-10-16 14:30:00,144.4199981689453
2018-10-16 15:30:00,144.50999450683594
2018-10-16 16:30:00,145.0850067138672
2018-10-16 17:30:00,145.47000122070312
2018-10-16 18:30:00,145.27000427246094
2018-10-16 19:30:00,145.35000610351562
2018-10-17 13:30:00,149.61000061035156
2018-10-17 14:30:00,146.5399932861328
2018-10-17 15:30:00,148.5
2018-10-17 16:30:00,147.88999938964844
2018-10-17 17:30:00,147.32000732421875
2018-10-17 18:30:00,147.4499969482422
2018-10-17 19:30:00,147.25999450683594
2018-10-18 13:30:00,144.33999633789062
2018-10-18 14:30:00,144.38999938964844
2018-10-18 15:30:00,145.8800048828125
2018-10-18 16:30:00,144.35000610351562
2018-10-18 17:30:00,144.24000549316406
2018-10-18 18:30:00,144.8000030517578
2018-10-18 19:30:00,145.14999389648438
2018-10-19 13:30:00,147.22999572753906
2018-10-19 14:30:00,146.9499969482422
2018-10-19 15:30:00,144.92999267578125
2018-10-19 16:30:00,145.52000427246094
2018-10-19 17:30:00,146.16000366210938
2018-10-19 18:30:00,146.33999633789062
2018-10-19 19:30:00,145.32000732421875
2018-10-22 13:30:00,144.14999389648438
2018-10-22 14:30:00,144.9600067138672
2018-10-22 15:30:00,143.8800048828125
2018-10-22 16:30:00,143.9290008544922
2018-10-22 17:30:00,144.4600067138672
2018-10-22 18:30:00,145.02000427246094
2018-10-22 19:30:00,144.2899932861328
2018-10-23 13:30:00,140.77999877929688
2018-10-23 14:30:00,143.97999572753906
2018-10-23 15:30:00,144.83999633789062
2018-10-23 16:30:00,145.89610290527344
2018-10-23 17:30:00,146.74000549316406
2018-10-23 18:30:00,147.39999389648438
2018-10-23 19:30:00,146.44000244140625
2018-10-24 13:30:00,143.66000366210938
2018-10-24 14:30:00,142.30999755859375
2018-10-24 15:30:00,143.8249969482422
2018-10-24 16:30:00,142.84500122070312
2018-10-24 17:30:00,143.55999755859375
2018-10-24 18:30:00,141.66000366210938
2018-10-24 19:30:00,139.25999450683594
2018-10-25 13:30:00,140.75
2018-10-25 14:30:00,140.82000732421875
2018-10-25 15:30:00,140.89999389648438
2018-10-25 16:30:00,141.92999267578125
2018-10-25 17:30:00,143.17999267578125
2018-10-25 18:30:00,142.94000244140625
2018-10-25 19:30:00,142.57000732421875
2018-10-26 13:30:00,138.0
2018-10-26 14:30:00,139.5800018310547
2018-10-26 15:30:00,140.25
2018-10-26 16:30:00,141.27999877929688
2018-10-26 17:30:00,140.82000732421875
2018-10-26 18:30:00,140.50999450683594
2018-10-26 19:30:00,139.16000366210938
2018-10-29 13:30:00,141.75
2018-10-29 14:30:00,141.75999450683594
2018-10-29 15:30:00,140.86000061035156
2018-10-29 16:30:00,141.3249969482422
2018-10-29 17:30:00,139.27000427246094
2018-10-29 18:30:00,135.17999267578125
2018-10-29 19:30:00,135.80999755859375
2018-10-30 13:30:00,139.28500366210938
2018-10-30 14:30:00,137.67999267578125
2018-10-30 15:30:00,138.58999633789062
2018-10-30 16:30:00,137.13999938964844
2018-10-30 17:30:00,137.05999755859375
2018-10-30 18:30:00,138.5
2018-10-30 19:30:00,139.1649932861328
2018-10-31 13:30:00,141.1699981689453
2018-10-31 14:30:00,142.0800018310547
2018-10-31 15:30:00,141.2100067138672
2018-10-31 16:30:00,142.38999938964844
2018-10-31 17:30:00,142.41000366210938
2018-10-31 18:30:00,142.6999969482422
2018-10-31 19:30:00,141.72999572753906
2018-11-01 13:30:00,145.46499633789062
2018-11-01 14:30:00,150.5
2018-11-01 15:30:00,149.32000732421875
2018-11-01 16:30:00,150.61000061035156
2018-11-01 17:30:00,151.6300048828125
2018-11-01 18:30:00,151.5399932861328
2018-11-01 19:30:00,151.91000366210938
2018-11-02 13:30:00,150.97000122070312
2018-11-02 14:30:00,151.3800048828125
2018-11-02 15:30:00,152.2100067138672
2018-11-02 16:30:00,151.4600067138672
2018-11-02 17:30:00,151.6999969482422
2018-11-02 18:30:00,152.19000244140625
2018-11-02 19:30:00,151.5800018310547
