Datetime,MAT
2017-11-06 14:30:00,13.619999885559082
2017-11-06 15:30:00,13.260000228881836
2017-11-06 16:30:00,13.140000343322754
2017-11-06 17:30:00,13.100000381469727
2017-11-06 18:30:00,13.104999542236328
2017-11-06 19:30:00,13.100000381469727
2017-11-06 20:30:00,13.079999923706055
2017-11-07 14:30:00,13.170000076293945
2017-11-07 15:30:00,13.109999656677246
2017-11-07 16:30:00,13.109999656677246
2017-11-07 17:30:00,13.114999771118164
2017-11-07 18:30:00,13.140000343322754
2017-11-07 19:30:00,13.130000114440918
2017-11-07 20:30:00,13.069999694824219
2017-11-08 14:30:00,12.984999656677246
2017-11-08 15:30:00,13.010100364685059
2017-11-08 16:30:00,13.140000343322754
2017-11-08 17:30:00,13.154999732971191
2017-11-08 18:30:00,13.364999771118164
2017-11-08 19:30:00,13.265000343322754
2017-11-08 20:30:00,13.305000305175781
2017-11-09 14:30:00,13.720000267028809
2017-11-09 15:30:00,14.0
2017-11-09 16:30:00,13.925000190734863
2017-11-09 17:30:00,14.289999961853027
2017-11-09 18:30:00,14.069999694824219
2017-11-09 19:30:00,14.023200035095215
2017-11-09 20:30:00,13.9350004196167
2017-11-10 14:30:00,14.1899995803833
2017-11-10 15:30:00,14.260000228881836
2017-11-10 16:30:00,14.305000305175781
2017-11-10 17:30:00,14.225000381469727
2017-11-10 18:30:00,14.524999618530273
2017-11-10 19:30:00,14.550000190734863
2017-11-10 20:30:00,14.630000114440918
2017-11-13 14:30:00,17.389999389648438
2017-11-13 15:30:00,17.649999618530273
2017-11-13 16:30:00,17.790000915527344
2017-11-13 17:30:00,17.6200008392334
2017-11-13 18:30:00,17.610000610351562
2017-11-13 19:30:00,17.635000228881836
2017-11-13 20:30:00,17.65999984741211
2017-11-14 14:30:00,18.549999237060547
2017-11-14 15:30:00,18.469999313354492
2017-11-14 16:30:00,18.65999984741211
2017-11-14 17:30:00,18.510000228881836
2017-11-14 18:30:00,18.520000457763672
2017-11-14 19:30:00,18.735000610351562
2017-11-14 20:30:00,18.540000915527344
2017-11-15 14:30:00,17.859800338745117
2017-11-15 15:30:00,18.329999923706055
2017-11-15 16:30:00,18.59000015258789
2017-11-15 17:30:00,18.639999389648438
2017-11-15 18:30:00,18.416000366210938
2017-11-15 19:30:00,18.479999542236328
2017-11-15 20:30:00,18.325000762939453
2017-11-16 14:30:00,18.229999542236328
2017-11-16 15:30:00,18.40999984741211
2017-11-16 16:30:00,18.299999237060547
2017-11-16 17:30:00,18.145000457763672
2017-11-16 18:30:00,18.31999969482422
2017-11-16 19:30:00,18.315000534057617
2017-11-16 20:30:00,18.209999084472656
2017-11-17 14:30:00,18.459999084472656
2017-11-17 15:30:00,18.639999389648438
2017-11-17 16:30:00,18.6299991607666
2017-11-17 17:30:00,18.469999313354492
2017-11-17 18:30:00,18.520000457763672
2017-11-17 19:30:00,18.499900817871094
2017-11-17 20:30:00,18.690000534057617
2017-11-20 14:30:00,19.125
2017-11-20 15:30:00,18.725000381469727
2017-11-20 16:30:00,18.440000534057617
2017-11-20 17:30:00,18.565000534057617
2017-11-20 18:30:00,18.700000762939453
2017-11-20 19:30:00,18.674999237060547
2017-11-20 20:30:00,18.719999313354492
2017-11-21 14:30:00,18.280000686645508
2017-11-21 15:30:00,18.3799991607666
2017-11-21 16:30:00,18.40999984741211
2017-11-21 17:30:00,18.540000915527344
2017-11-21 18:30:00,18.579999923706055
2017-11-21 19:30:00,18.53499984741211
2017-11-21 20:30:00,18.53499984741211
2017-11-22 14:30:00,18.81999969482422
2017-11-22 15:30:00,18.729999542236328
2017-11-22 16:30:00,18.950000762939453
2017-11-22 17:30:00,18.8799991607666
2017-11-22 18:30:00,18.94499969482422
2017-11-22 19:30:00,18.979999542236328
2017-11-22 20:30:00,18.815000534057617
2017-11-24 14:30:00,18.5
2017-11-24 15:30:00,18.479999542236328
2017-11-24 16:30:00,18.489999771118164
2017-11-24 18:00:00,18.504600524902344
2017-11-27 14:30:00,18.290000915527344
2017-11-27 15:30:00,18.3700008392334
2017-11-27 16:30:00,18.315000534057617
2017-11-27 17:30:00,18.405000686645508
2017-11-27 18:30:00,18.280000686645508
2017-11-27 19:30:00,18.2549991607666
2017-11-27 20:30:00,18.225000381469727
2017-11-28 14:30:00,18.094999313354492
2017-11-28 15:30:00,18.114999771118164
2017-11-28 16:30:00,18.09000015258789
2017-11-28 17:30:00,18.020000457763672
2017-11-28 18:30:00,18.145000457763672
2017-11-28 19:30:00,18.2450008392334
2017-11-28 20:30:00,18.239999771118164
2017-11-29 14:30:00,18.26689910888672
2017-11-29 15:30:00,18.229999542236328
2017-11-29 16:30:00,18.25
2017-11-29 17:30:00,18.25
2017-11-29 18:30:00,18.084999084472656
2017-11-29 19:30:00,18.19499969482422
2017-11-29 20:30:00,18.229999542236328
2017-11-30 14:30:00,18.200000762939453
2017-11-30 15:30:00,18.299999237060547
2017-11-30 16:30:00,18.280000686645508
2017-11-30 17:30:00,18.165000915527344
2017-11-30 18:30:00,18.2450008392334
2017-11-30 19:30:00,18.2450008392334
2017-11-30 20:30:00,18.25
2017-12-01 14:30:00,18.05500030517578
2017-12-01 15:30:00,17.940000534057617
2017-12-01 16:30:00,18.0132999420166
2017-12-01 17:30:00,17.9950008392334
2017-12-01 18:30:00,17.735000610351562
2017-12-01 19:30:00,17.46500015258789
2017-12-01 20:30:00,17.25
2017-12-04 14:30:00,17.0
2017-12-04 15:30:00,17.020000457763672
2017-12-04 16:30:00,16.940000534057617
2017-12-04 17:30:00,16.93000030517578
2017-12-04 18:30:00,16.929899215698242
2017-12-04 19:30:00,16.93000030517578
2017-12-04 20:30:00,16.84000015258789
2017-12-05 14:30:00,16.139999389648438
2017-12-05 15:30:00,15.989999771118164
2017-12-05 16:30:00,15.742500305175781
2017-12-05 17:30:00,15.725000381469727
2017-12-05 18:30:00,16.079999923706055
2017-12-05 19:30:00,15.970000267028809
2017-12-05 20:30:00,15.960000038146973
2017-12-06 14:30:00,15.5600004196167
2017-12-06 15:30:00,15.399999618530273
2017-12-06 16:30:00,15.289999961853027
2017-12-06 17:30:00,15.1899995803833
2017-12-06 18:30:00,15.289999961853027
2017-12-06 19:30:00,15.194999694824219
2017-12-06 20:30:00,15.154999732971191
2017-12-07 14:30:00,15.289999961853027
2017-12-07 15:30:00,15.420000076293945
2017-12-07 16:30:00,15.319999694824219
2017-12-07 17:30:00,15.265000343322754
2017-12-07 18:30:00,15.279999732971191
2017-12-07 19:30:00,15.345000267028809
2017-12-07 20:30:00,15.390000343322754
2017-12-08 14:30:00,15.069999694824219
2017-12-08 15:30:00,15.074999809265137
2017-12-08 16:30:00,15.069999694824219
2017-12-08 17:30:00,14.954999923706055
2017-12-08 18:30:00,14.890000343322754
2017-12-08 19:30:00,14.979999542236328
2017-12-08 20:30:00,15.039999961853027
2017-12-11 14:30:00,15.380000114440918
2017-12-11 15:30:00,15.25
2017-12-11 16:30:00,15.199799537658691
2017-12-11 17:30:00,15.149999618530273
2017-12-11 18:30:00,15.149999618530273
2017-12-11 19:30:00,15.369999885559082
2017-12-11 20:30:00,15.350000381469727
2017-12-12 14:30:00,14.944999694824219
2017-12-12 15:30:00,14.779999732971191
2017-12-12 16:30:00,14.630000114440918
2017-12-12 17:30:00,14.645000457763672
2017-12-12 18:30:00,14.635000228881836
2017-12-12 19:30:00,14.699999809265137
2017-12-12 20:30:00,14.630000114440918
2017-12-13 14:30:00,14.729999542236328
2017-12-13 15:30:00,14.925000190734863
2017-12-13 16:30:00,15.010000228881836
2017-12-13 17:30:00,15.140000343322754
2017-12-13 18:30:00,15.279999732971191
2017-12-13 19:30:00,15.550000190734863
2017-12-13 20:30:00,15.614999771118164
2017-12-14 14:30:00,16.030000686645508
2017-12-14 15:30:00,16.049999237060547
2017-12-14 16:30:00,16.165000915527344
2017-12-14 17:30:00,16.079999923706055
2017-12-14 18:30:00,16.15999984741211
2017-12-14 19:30:00,16.364999771118164
2017-12-14 20:30:00,16.239999771118164
2017-12-15 14:30:00,16.15999984741211
2017-12-15 15:30:00,15.649999618530273
2017-12-15 16:30:00,15.645000457763672
2017-12-15 17:30:00,15.555000305175781
2017-12-15 18:30:00,15.420000076293945
2017-12-15 19:30:00,15.414999961853027
2017-12-15 20:30:00,15.479999542236328
2017-12-18 14:30:00,15.220000267028809
2017-12-18 15:30:00,15.25
2017-12-18 16:30:00,15.1899995803833
2017-12-18 17:30:00,15.09000015258789
2017-12-18 18:30:00,14.891500473022461
2017-12-18 19:30:00,14.789999961853027
2017-12-18 20:30:00,14.829999923706055
2017-12-19 14:30:00,14.734999656677246
2017-12-19 15:30:00,14.979999542236328
2017-12-19 16:30:00,15.050000190734863
2017-12-19 17:30:00,15.079899787902832
2017-12-19 18:30:00,15.119999885559082
2017-12-19 19:30:00,15.135000228881836
2017-12-19 20:30:00,15.100000381469727
2017-12-20 14:30:00,15.279999732971191
2017-12-20 15:30:00,15.274999618530273
2017-12-20 16:30:00,15.220000267028809
2017-12-20 17:30:00,15.329999923706055
2017-12-20 18:30:00,15.239999771118164
2017-12-20 19:30:00,15.15999984741211
2017-12-20 20:30:00,15.119999885559082
2017-12-21 14:30:00,15.255000114440918
2017-12-21 15:30:00,15.5
2017-12-21 16:30:00,15.84000015258789
2017-12-21 17:30:00,15.765000343322754
2017-12-21 18:30:00,15.75
2017-12-21 19:30:00,15.720000267028809
2017-12-21 20:30:00,15.71500015258789
2017-12-22 14:30:00,15.765000343322754
2017-12-22 15:30:00,15.73009967803955
2017-12-22 16:30:00,15.73550033569336
2017-12-22 17:30:00,15.765000343322754
2017-12-22 18:30:00,15.800000190734863
2017-12-22 19:30:00,15.800000190734863
2017-12-22 20:30:00,15.850000381469727
2017-12-26 14:30:00,15.8100004196167
2017-12-26 15:30:00,15.774999618530273
2017-12-26 16:30:00,15.84000015258789
2017-12-26 17:30:00,15.899999618530273
2017-12-26 18:30:00,15.830499649047852
2017-12-26 19:30:00,15.725000381469727
2017-12-26 20:30:00,15.720000267028809
2017-12-27 14:30:00,15.819999694824219
2017-12-27 15:30:00,15.785300254821777
2017-12-27 16:30:00,15.675000190734863
2017-12-27 17:30:00,15.670000076293945
2017-12-27 18:30:00,15.614999771118164
2017-12-27 19:30:00,15.553099632263184
2017-12-27 20:30:00,15.614999771118164
2017-12-28 14:30:00,15.418100357055664
2017-12-28 15:30:00,15.460000038146973
2017-12-28 16:30:00,15.414999961853027
2017-12-28 17:30:00,15.449999809265137
2017-12-28 18:30:00,15.420000076293945
2017-12-28 19:30:00,15.425000190734863
2017-12-28 20:30:00,15.34000015258789
2017-12-29 14:30:00,15.489999771118164
2017-12-29 15:30:00,15.539999961853027
2017-12-29 16:30:00,15.5
2017-12-29 17:30:00,15.510000228881836
2017-12-29 18:30:00,15.520000457763672
2017-12-29 19:30:00,15.364999771118164
2017-12-29 20:30:00,15.395000457763672
2018-01-02 14:30:00,15.989999771118164
2018-01-02 15:30:00,15.789999961853027
2018-01-02 16:30:00,15.829999923706055
2018-01-02 17:30:00,15.890000343322754
2018-01-02 18:30:00,16.149999618530273
2018-01-02 19:30:00,16.143400192260742
2018-01-02 20:30:00,16.030000686645508
2018-01-03 14:30:00,16.15999984741211
2018-01-03 15:30:00,15.930000305175781
2018-01-03 16:30:00,15.994999885559082
2018-01-03 17:30:00,15.975000381469727
2018-01-03 18:30:00,15.984999656677246
2018-01-03 19:30:00,16.135000228881836
2018-01-03 20:30:00,16.1299991607666
2018-01-04 14:30:00,15.930000305175781
2018-01-04 15:30:00,15.944999694824219
2018-01-04 16:30:00,15.930000305175781
2018-01-04 17:30:00,15.952500343322754
2018-01-04 18:30:00,15.947500228881836
2018-01-04 19:30:00,15.925000190734863
2018-01-04 20:30:00,15.920000076293945
2018-01-05 14:30:00,15.989999771118164
2018-01-05 15:30:00,15.9399995803833
2018-01-05 16:30:00,15.925000190734863
2018-01-05 17:30:00,15.930000305175781
2018-01-05 18:30:00,15.9399995803833
2018-01-05 19:30:00,16.110000610351562
2018-01-05 20:30:00,16.25
2018-01-08 14:30:00,16.09000015258789
2018-01-08 15:30:00,15.8100004196167
2018-01-08 16:30:00,15.90999984741211
2018-01-08 17:30:00,15.859999656677246
2018-01-08 18:30:00,15.899999618530273
2018-01-08 19:30:00,15.770000457763672
2018-01-08 20:30:00,15.800000190734863
2018-01-09 14:30:00,15.760100364685059
2018-01-09 15:30:00,15.795000076293945
2018-01-09 16:30:00,16.059999465942383
2018-01-09 17:30:00,15.90999984741211
2018-01-09 18:30:00,15.84000015258789
2018-01-09 19:30:00,15.835000038146973
2018-01-09 20:30:00,15.829999923706055
2018-01-10 14:30:00,15.574999809265137
2018-01-10 15:30:00,15.760000228881836
2018-01-10 16:30:00,15.789999961853027
2018-01-10 17:30:00,15.770099639892578
2018-01-10 18:30:00,15.720000267028809
2018-01-10 19:30:00,15.609999656677246
2018-01-10 20:30:00,15.670000076293945
2018-01-11 14:30:00,15.1899995803833
2018-01-11 15:30:00,15.289999961853027
2018-01-11 16:30:00,15.380000114440918
2018-01-11 17:30:00,15.5
2018-01-11 18:30:00,15.5600004196167
2018-01-11 19:30:00,15.479999542236328
2018-01-11 20:30:00,15.479999542236328
2018-01-12 14:30:00,15.119999885559082
2018-01-12 15:30:00,15.300000190734863
2018-01-12 16:30:00,15.34000015258789
2018-01-12 17:30:00,15.289999961853027
2018-01-12 18:30:00,15.300000190734863
2018-01-12 19:30:00,15.270000457763672
2018-01-12 20:30:00,15.289999961853027
2018-01-16 14:30:00,15.140000343322754
2018-01-16 15:30:00,15.3100004196167
2018-01-16 16:30:00,15.34000015258789
2018-01-16 17:30:00,15.364999771118164
2018-01-16 18:30:00,15.149999618530273
2018-01-16 19:30:00,15.149999618530273
2018-01-16 20:30:00,15.119999885559082
2018-01-17 14:30:00,15.350000381469727
2018-01-17 15:30:00,15.244999885559082
2018-01-17 16:30:00,15.239999771118164
2018-01-17 17:30:00,15.380000114440918
2018-01-17 18:30:00,15.40999984741211
2018-01-17 19:30:00,15.125
2018-01-17 20:30:00,15.149999618530273
2018-01-18 14:30:00,14.9350004196167
2018-01-18 15:30:00,15.260000228881836
2018-01-18 16:30:00,15.5
2018-01-18 17:30:00,15.305000305175781
2018-01-18 18:30:00,15.15999984741211
2018-01-18 19:30:00,15.244999885559082
2018-01-18 20:30:00,15.229999542236328
2018-01-19 14:30:00,15.422499656677246
2018-01-19 15:30:00,15.380000114440918
2018-01-19 16:30:00,15.395000457763672
2018-01-19 17:30:00,15.649999618530273
2018-01-19 18:30:00,15.829999923706055
2018-01-19 19:30:00,16.15999984741211
2018-01-19 20:30:00,16.1299991607666
2018-01-22 14:30:00,16.010000228881836
2018-01-22 15:30:00,16.075000762939453
2018-01-22 16:30:00,16.139999389648438
2018-01-22 17:30:00,16.170000076293945
2018-01-22 18:30:00,16.135000228881836
2018-01-22 19:30:00,16.059999465942383
2018-01-22 20:30:00,16.09000015258789
2018-01-23 14:30:00,15.805000305175781
2018-01-23 15:30:00,15.899999618530273
2018-01-23 16:30:00,15.899999618530273
2018-01-23 17:30:00,15.890000343322754
2018-01-23 18:30:00,18.68899917602539
2018-01-23 19:30:00,17.8799991607666
2018-01-23 20:30:00,17.770000457763672
2018-01-24 14:30:00,17.530000686645508
2018-01-24 15:30:00,17.239999771118164
2018-01-24 16:30:00,17.270000457763672
2018-01-24 17:30:00,17.469999313354492
2018-01-24 18:30:00,17.489999771118164
2018-01-24 19:30:00,17.3799991607666
2018-01-24 20:30:00,17.280000686645508
2018-01-25 14:30:00,16.665000915527344
2018-01-25 15:30:00,16.649999618530273
2018-01-25 16:30:00,16.576000213623047
2018-01-25 17:30:00,16.520000457763672
2018-01-25 18:30:00,16.6200008392334
2018-01-25 19:30:00,16.670000076293945
2018-01-25 20:30:00,16.639999389648438
2018-01-26 14:30:00,16.790000915527344
2018-01-26 15:30:00,16.79640007019043
2018-01-26 16:30:00,16.6200008392334
2018-01-26 17:30:00,16.559999465942383
2018-01-26 18:30:00,16.456899642944336
2018-01-26 19:30:00,16.524999618530273
2018-01-26 20:30:00,16.56999969482422
2018-01-29 14:30:00,16.229999542236328
2018-01-29 15:30:00,16.11009979248047
2018-01-29 16:30:00,16.100000381469727
2018-01-29 17:30:00,16.110000610351562
2018-01-29 18:30:00,16.104999542236328
2018-01-29 19:30:00,16.09000015258789
2018-01-29 20:30:00,16.110000610351562
2018-01-30 14:30:00,16.280000686645508
2018-01-30 15:30:00,15.869999885559082
2018-01-30 16:30:00,15.90999984741211
2018-01-30 17:30:00,15.800000190734863
2018-01-30 18:30:00,15.90999984741211
2018-01-30 19:30:00,15.96500015258789
2018-01-30 20:30:00,15.989999771118164
2018-01-31 14:30:00,15.960000038146973
2018-01-31 15:30:00,15.920000076293945
2018-01-31 16:30:00,15.9350004196167
2018-01-31 17:30:00,15.819999694824219
2018-01-31 18:30:00,15.789999961853027
2018-01-31 19:30:00,15.850000381469727
2018-01-31 20:30:00,15.84000015258789
2018-02-01 14:30:00,15.800000190734863
2018-02-01 15:30:00,15.380000114440918
2018-02-01 16:30:00,15.4399995803833
2018-02-01 17:30:00,15.550000190734863
2018-02-01 18:30:00,15.539999961853027
2018-02-01 19:30:00,15.545000076293945
2018-02-01 20:30:00,15.324999809265137
2018-02-02 14:30:00,16.643699645996094
2018-02-02 15:30:00,16.83009910583496
2018-02-02 16:30:00,16.850000381469727
2018-02-02 17:30:00,16.860000610351562
2018-02-02 18:30:00,16.649999618530273
2018-02-02 19:30:00,16.739999771118164
2018-02-02 20:30:00,16.540000915527344
2018-02-05 14:30:00,16.809999465942383
2018-02-05 15:30:00,16.80430030822754
2018-02-05 16:30:00,16.95989990234375
2018-02-05 17:30:00,17.049999237060547
2018-02-05 18:30:00,17.06999969482422
2018-02-05 19:30:00,16.56999969482422
2018-02-05 20:30:00,16.229999542236328
2018-02-06 14:30:00,16.170000076293945
2018-02-06 15:30:00,16.079999923706055
2018-02-06 16:30:00,16.469999313354492
2018-02-06 17:30:00,16.520000457763672
2018-02-06 18:30:00,16.6299991607666
2018-02-06 19:30:00,16.84000015258789
2018-02-06 20:30:00,16.84000015258789
2018-02-07 14:30:00,17.139999389648438
2018-02-07 15:30:00,17.030000686645508
2018-02-07 16:30:00,17.139999389648438
2018-02-07 17:30:00,17.030000686645508
2018-02-07 18:30:00,17.104999542236328
2018-02-07 19:30:00,17.139999389648438
2018-02-07 20:30:00,17.0
2018-02-08 14:30:00,16.0
2018-02-08 15:30:00,15.90999984741211
2018-02-08 16:30:00,16.0
2018-02-08 17:30:00,16.010000228881836
2018-02-08 18:30:00,16.170000076293945
2018-02-08 19:30:00,16.010000228881836
2018-02-08 20:30:00,16.0
2018-02-09 14:30:00,16.489999771118164
2018-02-09 15:30:00,16.709999084472656
2018-02-09 16:30:00,16.4950008392334
2018-02-09 17:30:00,16.514999389648438
2018-02-09 18:30:00,16.854999542236328
2018-02-09 19:30:00,17.100000381469727
2018-02-09 20:30:00,17.270000457763672
2018-02-12 14:30:00,17.420000076293945
2018-02-12 15:30:00,17.799999237060547
2018-02-12 16:30:00,17.8700008392334
2018-02-12 17:30:00,17.780000686645508
2018-02-12 18:30:00,17.545000076293945
2018-02-12 19:30:00,17.420000076293945
2018-02-12 20:30:00,17.3700008392334
2018-02-13 14:30:00,16.920000076293945
2018-02-13 15:30:00,16.920000076293945
2018-02-13 16:30:00,16.825000762939453
2018-02-13 17:30:00,16.639999389648438
2018-02-13 18:30:00,16.6299991607666
2018-02-13 19:30:00,16.360000610351562
2018-02-13 20:30:00,16.360000610351562
2018-02-14 14:30:00,16.170000076293945
2018-02-14 15:30:00,16.280000686645508
2018-02-14 16:30:00,16.34000015258789
2018-02-14 17:30:00,16.538999557495117
2018-02-14 18:30:00,16.450000762939453
2018-02-14 19:30:00,16.440000534057617
2018-02-14 20:30:00,16.5
2018-02-15 14:30:00,16.690000534057617
2018-02-15 15:30:00,16.979999542236328
2018-02-15 16:30:00,16.989999771118164
2018-02-15 17:30:00,16.934999465942383
2018-02-15 18:30:00,17.065000534057617
2018-02-15 19:30:00,16.920000076293945
2018-02-15 20:30:00,16.959999084472656
2018-02-16 14:30:00,16.844999313354492
2018-02-16 15:30:00,16.924999237060547
2018-02-16 16:30:00,16.750999450683594
2018-02-16 17:30:00,16.670000076293945
2018-02-16 18:30:00,16.229999542236328
2018-02-16 19:30:00,16.510000228881836
2018-02-16 20:30:00,16.55500030517578
2018-02-20 14:30:00,16.399999618530273
2018-02-20 15:30:00,16.559999465942383
2018-02-20 16:30:00,16.600000381469727
2018-02-20 17:30:00,16.579999923706055
2018-02-20 18:30:00,16.549999237060547
2018-02-20 19:30:00,16.59000015258789
2018-02-20 20:30:00,16.475000381469727
2018-02-21 14:30:00,16.8799991607666
2018-02-21 15:30:00,17.19300079345703
2018-02-21 16:30:00,17.094999313354492
2018-02-21 17:30:00,17.170000076293945
2018-02-21 18:30:00,17.170000076293945
2018-02-21 19:30:00,17.049999237060547
2018-02-21 20:30:00,17.020000457763672
2018-02-22 14:30:00,17.270000457763672
2018-02-22 15:30:00,17.170000076293945
2018-02-22 16:30:00,17.0
2018-02-22 17:30:00,16.665000915527344
2018-02-22 18:30:00,16.764999389648438
2018-02-22 19:30:00,16.704999923706055
2018-02-22 20:30:00,16.639999389648438
2018-02-23 14:30:00,16.520000457763672
2018-02-23 15:30:00,16.700000762939453
2018-02-23 16:30:00,17.049999237060547
2018-02-23 17:30:00,16.940000534057617
2018-02-23 18:30:00,16.80500030517578
2018-02-23 19:30:00,16.68000030517578
2018-02-23 20:30:00,16.635000228881836
2018-02-26 14:30:00,15.664999961853027
2018-02-26 15:30:00,15.960000038146973
2018-02-26 16:30:00,15.994999885559082
2018-02-26 17:30:00,16.079999923706055
2018-02-26 18:30:00,16.020000457763672
2018-02-26 19:30:00,16.030000686645508
2018-02-26 20:30:00,16.06999969482422
2018-02-27 14:30:00,15.930000305175781
2018-02-27 15:30:00,15.649999618530273
2018-02-27 16:30:00,15.800000190734863
2018-02-27 17:30:00,16.0
2018-02-27 18:30:00,15.930000305175781
2018-02-27 19:30:00,15.920000076293945
2018-02-27 20:30:00,15.975000381469727
2018-02-28 14:30:00,16.0049991607666
2018-02-28 15:30:00,15.90999984741211
2018-02-28 16:30:00,15.975000381469727
2018-02-28 17:30:00,15.979999542236328
2018-02-28 18:30:00,16.010000228881836
2018-02-28 19:30:00,15.869999885559082
2018-02-28 20:30:00,15.890000343322754
2018-03-01 14:30:00,15.979999542236328
2018-03-01 15:30:00,15.845000267028809
2018-03-01 16:30:00,15.78499984741211
2018-03-01 17:30:00,15.739999771118164
2018-03-01 18:30:00,15.720000267028809
2018-03-01 19:30:00,15.800000190734863
2018-03-01 20:30:00,15.859999656677246
2018-03-02 14:30:00,15.944999694824219
2018-03-02 15:30:00,16.280000686645508
2018-03-02 16:30:00,16.469999313354492
2018-03-02 17:30:00,16.434999465942383
2018-03-02 18:30:00,16.579999923706055
2018-03-02 19:30:00,16.600000381469727
2018-03-02 20:30:00,16.56999969482422
2018-03-05 14:30:00,16.8799991607666
2018-03-05 15:30:00,16.920000076293945
2018-03-05 16:30:00,16.899999618530273
2018-03-05 17:30:00,16.790000915527344
2018-03-05 18:30:00,16.770000457763672
2018-03-05 19:30:00,16.50629997253418
2018-03-05 20:30:00,16.420000076293945
2018-03-06 14:30:00,16.264999389648438
2018-03-06 15:30:00,16.399999618530273
2018-03-06 16:30:00,16.434999465942383
2018-03-06 17:30:00,16.399999618530273
2018-03-06 18:30:00,16.4950008392334
2018-03-06 19:30:00,16.434999465942383
2018-03-06 20:30:00,16.440000534057617
2018-03-07 14:30:00,16.530000686645508
2018-03-07 15:30:00,16.3700008392334
2018-03-07 16:30:00,16.190000534057617
2018-03-07 17:30:00,16.100000381469727
2018-03-07 18:30:00,16.010000228881836
2018-03-07 19:30:00,15.914999961853027
2018-03-07 20:30:00,15.979999542236328
2018-03-08 14:30:00,16.110000610351562
2018-03-08 15:30:00,16.015600204467773
2018-03-08 16:30:00,16.040000915527344
2018-03-08 17:30:00,16.059999465942383
2018-03-08 18:30:00,16.03499984741211
2018-03-08 19:30:00,16.084999084472656
2018-03-08 20:30:00,15.979999542236328
2018-03-09 14:30:00,14.600099563598633
2018-03-09 15:30:00,15.1850004196167
2018-03-09 16:30:00,14.885000228881836
2018-03-09 17:30:00,14.760100364685059
2018-03-09 18:30:00,14.779999732971191
2018-03-09 19:30:00,14.625
2018-03-09 20:30:00,14.829999923706055
2018-03-12 13:30:00,14.829999923706055
2018-03-12 14:30:00,14.835000038146973
2018-03-12 15:30:00,14.859999656677246
2018-03-12 16:30:00,14.845000267028809
2018-03-12 17:30:00,14.854999542236328
2018-03-12 18:30:00,14.899999618530273
2018-03-12 19:30:00,15.0
2018-03-13 13:30:00,14.75
2018-03-13 14:30:00,14.630000114440918
2018-03-13 15:30:00,14.529999732971191
2018-03-13 16:30:00,14.524999618530273
2018-03-13 17:30:00,14.515000343322754
2018-03-13 18:30:00,14.479999542236328
2018-03-13 19:30:00,14.46500015258789
2018-03-14 13:30:00,14.104999542236328
2018-03-14 14:30:00,14.395000457763672
2018-03-14 15:30:00,14.119999885559082
2018-03-14 16:30:00,14.149999618530273
2018-03-14 17:30:00,14.005000114440918
2018-03-14 18:30:00,14.100000381469727
2018-03-14 19:30:00,14.1899995803833
2018-03-15 13:30:00,13.75
2018-03-15 14:30:00,13.800000190734863
2018-03-15 15:30:00,13.8100004196167
2018-03-15 16:30:00,13.789999961853027
2018-03-15 17:30:00,13.800000190734863
2018-03-15 18:30:00,13.824999809265137
2018-03-15 19:30:00,13.850000381469727
2018-03-16 13:30:00,13.829999923706055
2018-03-16 14:30:00,13.869999885559082
2018-03-16 15:30:00,13.84000015258789
2018-03-16 16:30:00,13.779999732971191
2018-03-16 17:30:00,13.770000457763672
2018-03-16 18:30:00,13.765000343322754
2018-03-16 19:30:00,13.850000381469727
2018-03-19 13:30:00,13.65999984741211
2018-03-19 14:30:00,13.604999542236328
2018-03-19 15:30:00,13.529999732971191
2018-03-19 16:30:00,13.390000343322754
2018-03-19 17:30:00,13.3100004196167
2018-03-19 18:30:00,13.255000114440918
2018-03-19 19:30:00,13.21500015258789
2018-03-20 13:30:00,13.085000038146973
2018-03-20 14:30:00,12.819999694824219
2018-03-20 15:30:00,12.770000457763672
2018-03-20 16:30:00,12.805000305175781
2018-03-20 17:30:00,12.8100004196167
2018-03-20 18:30:00,13.015000343322754
2018-03-20 19:30:00,12.979999542236328
2018-03-21 13:30:00,13.055000305175781
2018-03-21 14:30:00,13.015000343322754
2018-03-21 15:30:00,12.989999771118164
2018-03-21 16:30:00,12.975000381469727
2018-03-21 17:30:00,12.819999694824219
2018-03-21 18:30:00,12.875
2018-03-21 19:30:00,12.805000305175781
2018-03-22 13:30:00,12.96500015258789
2018-03-22 14:30:00,12.78499984741211
2018-03-22 15:30:00,12.920000076293945
2018-03-22 16:30:00,12.890000343322754
2018-03-22 17:30:00,12.914999961853027
2018-03-22 18:30:00,12.885000228881836
2018-03-22 19:30:00,12.899999618530273
2018-03-23 13:30:00,13.3100004196167
2018-03-23 14:30:00,13.369999885559082
2018-03-23 15:30:00,13.345000267028809
2018-03-23 16:30:00,13.289999961853027
2018-03-23 17:30:00,13.279999732971191
2018-03-23 18:30:00,13.295000076293945
2018-03-23 19:30:00,13.239999771118164
2018-03-26 13:30:00,12.979999542236328
2018-03-26 14:30:00,13.0
2018-03-26 15:30:00,13.0
2018-03-26 16:30:00,12.970000267028809
2018-03-26 17:30:00,12.967000007629395
2018-03-26 18:30:00,13.039999961853027
2018-03-26 19:30:00,13.029999732971191
2018-03-27 13:30:00,13.109999656677246
2018-03-27 14:30:00,13.305000305175781
2018-03-27 15:30:00,13.350000381469727
2018-03-27 16:30:00,13.380000114440918
2018-03-27 17:30:00,13.359999656677246
2018-03-27 18:30:00,13.229999542236328
2018-03-27 19:30:00,13.1899995803833
2018-03-28 13:30:00,13.109999656677246
2018-03-28 14:30:00,13.085000038146973
2018-03-28 15:30:00,13.100000381469727
2018-03-28 16:30:00,13.265000343322754
2018-03-28 17:30:00,13.135000228881836
2018-03-28 18:30:00,13.109999656677246
2018-03-28 19:30:00,13.109999656677246
2018-03-29 13:30:00,13.015000343322754
2018-03-29 14:30:00,13.194999694824219
2018-03-29 15:30:00,13.199999809265137
2018-03-29 16:30:00,13.149999618530273
2018-03-29 17:30:00,13.140000343322754
2018-03-29 18:30:00,13.145000457763672
2018-03-29 19:30:00,13.149999618530273
2018-04-02 13:30:00,13.079999923706055
2018-04-02 14:30:00,13.09000015258789
2018-04-02 15:30:00,13.079999923706055
2018-04-02 16:30:00,13.145000457763672
2018-04-02 17:30:00,13.100000381469727
2018-04-02 18:30:00,13.020000457763672
2018-04-02 19:30:00,13.0649995803833
2018-04-03 13:30:00,13.194999694824219
2018-04-03 14:30:00,13.425000190734863
2018-04-03 15:30:00,13.199999809265137
2018-04-03 16:30:00,13.140000343322754
2018-04-03 17:30:00,13.15999984741211
2018-04-03 18:30:00,13.170000076293945
2018-04-03 19:30:00,13.180000305175781
2018-04-04 13:30:00,13.130000114440918
2018-04-04 14:30:00,13.204999923706055
2018-04-04 15:30:00,13.220000267028809
2018-04-04 16:30:00,13.0600004196167
2018-04-04 17:30:00,13.109999656677246
2018-04-04 18:30:00,13.170000076293945
2018-04-04 19:30:00,13.210000038146973
2018-04-05 13:30:00,13.399999618530273
2018-04-05 14:30:00,13.324999809265137
2018-04-05 15:30:00,13.3100004196167
2018-04-05 16:30:00,13.229999542236328
2018-04-05 17:30:00,13.210000038146973
2018-04-05 18:30:00,13.225000381469727
2018-04-05 19:30:00,13.239999771118164
2018-04-06 13:30:00,13.104999542236328
2018-04-06 14:30:00,13.25
2018-04-06 15:30:00,13.260000228881836
2018-04-06 16:30:00,13.270000457763672
2018-04-06 17:30:00,13.149999618530273
2018-04-06 18:30:00,13.114999771118164
2018-04-06 19:30:00,13.130000114440918
2018-04-09 13:30:00,13.199999809265137
2018-04-09 14:30:00,13.3100004196167
2018-04-09 15:30:00,13.295000076293945
2018-04-09 16:30:00,13.239999771118164
2018-04-09 17:30:00,13.149999618530273
2018-04-09 18:30:00,13.140000343322754
2018-04-09 19:30:00,13.104999542236328
2018-04-10 13:30:00,13.279999732971191
2018-04-10 14:30:00,13.40999984741211
2018-04-10 15:30:00,13.5
2018-04-10 16:30:00,13.574999809265137
2018-04-10 17:30:00,13.510000228881836
2018-04-10 18:30:00,13.529999732971191
2018-04-10 19:30:00,13.520000457763672
2018-04-11 13:30:00,14.25
2018-04-11 14:30:00,14.255000114440918
2018-04-11 15:30:00,14.265000343322754
2018-04-11 16:30:00,14.1899995803833
2018-04-11 17:30:00,14.270000457763672
2018-04-11 18:30:00,14.359999656677246
2018-04-11 19:30:00,14.420000076293945
2018-04-12 13:30:00,14.440999984741211
2018-04-12 14:30:00,14.479999542236328
2018-04-12 15:30:00,14.5600004196167
2018-04-12 16:30:00,14.5
2018-04-12 17:30:00,14.5649995803833
2018-04-12 18:30:00,14.6899995803833
2018-04-12 19:30:00,14.680000305175781
2018-04-13 13:30:00,14.5600004196167
2018-04-13 14:30:00,14.607099533081055
2018-04-13 15:30:00,14.675000190734863
2018-04-13 16:30:00,14.630000114440918
2018-04-13 17:30:00,14.649999618530273
2018-04-13 18:30:00,14.604999542236328
2018-04-13 19:30:00,14.640000343322754
2018-04-16 13:30:00,14.805000305175781
2018-04-16 14:30:00,14.789999961853027
2018-04-16 15:30:00,14.845000267028809
2018-04-16 16:30:00,14.795000076293945
2018-04-16 17:30:00,14.710000038146973
2018-04-16 18:30:00,14.75
2018-04-16 19:30:00,14.720000267028809
2018-04-17 13:30:00,14.710000038146973
2018-04-17 14:30:00,14.609999656677246
2018-04-17 15:30:00,14.640000343322754
2018-04-17 16:30:00,14.432499885559082
2018-04-17 17:30:00,14.494999885559082
2018-04-17 18:30:00,14.46500015258789
2018-04-17 19:30:00,14.319999694824219
2018-04-18 13:30:00,14.180000305175781
2018-04-18 14:30:00,14.020000457763672
2018-04-18 15:30:00,13.869999885559082
2018-04-18 16:30:00,13.880000114440918
2018-04-18 17:30:00,13.90999984741211
2018-04-18 18:30:00,13.890000343322754
2018-04-18 19:30:00,13.885000228881836
2018-04-19 13:30:00,13.850000381469727
2018-04-19 14:30:00,13.720000267028809
2018-04-19 15:30:00,13.680000305175781
2018-04-19 16:30:00,13.664999961853027
2018-04-19 17:30:00,13.739999771118164
2018-04-19 18:30:00,13.71500015258789
2018-04-19 19:30:00,13.449999809265137
2018-04-20 13:30:00,12.712499618530273
2018-04-20 14:30:00,12.739999771118164
2018-04-20 15:30:00,12.59000015258789
2018-04-20 16:30:00,12.770000457763672
2018-04-20 17:30:00,12.989999771118164
2018-04-20 18:30:00,12.864999771118164
2018-04-20 19:30:00,12.949999809265137
2018-04-23 13:30:00,13.204999923706055
2018-04-23 14:30:00,13.359999656677246
2018-04-23 15:30:00,13.510000228881836
2018-04-23 16:30:00,13.5600004196167
2018-04-23 17:30:00,13.760000228881836
2018-04-23 18:30:00,13.675000190734863
2018-04-23 19:30:00,13.770000457763672
2018-04-24 13:30:00,13.890000343322754
2018-04-24 14:30:00,13.920000076293945
2018-04-24 15:30:00,13.859999656677246
2018-04-24 16:30:00,13.779999732971191
2018-04-24 17:30:00,13.899999618530273
2018-04-24 18:30:00,14.055000305175781
2018-04-24 19:30:00,13.9399995803833
2018-04-25 13:30:00,13.630000114440918
2018-04-25 14:30:00,13.600000381469727
2018-04-25 15:30:00,13.449999809265137
2018-04-25 16:30:00,13.539999961853027
2018-04-25 17:30:00,13.510000228881836
2018-04-25 18:30:00,13.510000228881836
2018-04-25 19:30:00,13.479999542236328
2018-04-26 13:30:00,13.942000389099121
2018-04-26 14:30:00,13.85420036315918
2018-04-26 15:30:00,13.890000343322754
2018-04-26 16:30:00,13.869999885559082
2018-04-26 17:30:00,14.0600004196167
2018-04-26 18:30:00,14.0
2018-04-26 19:30:00,14.0
2018-04-27 13:30:00,15.1899995803833
2018-04-27 14:30:00,14.59000015258789
2018-04-27 15:30:00,14.270000457763672
2018-04-27 16:30:00,14.288999557495117
2018-04-27 17:30:00,14.029999732971191
2018-04-27 18:30:00,14.220000267028809
2018-04-27 19:30:00,14.170000076293945
2018-04-30 13:30:00,14.850000381469727
2018-04-30 14:30:00,14.78499984741211
2018-04-30 15:30:00,14.8100004196167
2018-04-30 16:30:00,14.779999732971191
2018-04-30 17:30:00,14.899999618530273
2018-04-30 18:30:00,14.859999656677246
2018-04-30 19:30:00,14.8100004196167
2018-05-01 13:30:00,14.0
2018-05-01 14:30:00,13.770000457763672
2018-05-01 15:30:00,13.864999771118164
2018-05-01 16:30:00,13.854999542236328
2018-05-01 17:30:00,14.0649995803833
2018-05-01 18:30:00,13.979999542236328
2018-05-01 19:30:00,14.050000190734863
2018-05-02 13:30:00,14.225000381469727
2018-05-02 14:30:00,14.229999542236328
2018-05-02 15:30:00,14.100000381469727
2018-05-02 16:30:00,14.279999732971191
2018-05-02 17:30:00,14.319999694824219
2018-05-02 18:30:00,14.300000190734863
2018-05-02 19:30:00,14.289999961853027
2018-05-03 13:30:00,14.135000228881836
2018-05-03 14:30:00,13.920000076293945
2018-05-03 15:30:00,13.979999542236328
2018-05-03 16:30:00,14.079999923706055
2018-05-03 17:30:00,14.029999732971191
2018-05-03 18:30:00,13.914999961853027
2018-05-03 19:30:00,13.9399995803833
2018-05-04 13:30:00,13.739999771118164
2018-05-04 14:30:00,13.78499984741211
2018-05-04 15:30:00,14.039999961853027
2018-05-04 16:30:00,13.989999771118164
2018-05-04 17:30:00,14.029999732971191
2018-05-04 18:30:00,14.029999732971191
2018-05-04 19:30:00,14.010000228881836
2018-05-07 13:30:00,14.319999694824219
2018-05-07 14:30:00,14.335000038146973
2018-05-07 15:30:00,14.40999984741211
2018-05-07 16:30:00,14.364999771118164
2018-05-07 17:30:00,14.460000038146973
2018-05-07 18:30:00,14.4350004196167
2018-05-07 19:30:00,14.460000038146973
2018-05-08 13:30:00,14.5
2018-05-08 14:30:00,14.454999923706055
2018-05-08 15:30:00,14.300000190734863
2018-05-08 16:30:00,14.260000228881836
2018-05-08 17:30:00,14.279999732971191
2018-05-08 18:30:00,14.395000457763672
2018-05-08 19:30:00,14.40999984741211
2018-05-09 13:30:00,14.420000076293945
2018-05-09 14:30:00,14.529999732971191
2018-05-09 15:30:00,14.510000228881836
2018-05-09 16:30:00,14.5
2018-05-09 17:30:00,14.515000343322754
2018-05-09 18:30:00,14.489999771118164
2018-05-09 19:30:00,14.5
2018-05-10 13:30:00,14.390000343322754
2018-05-10 14:30:00,14.430000305175781
2018-05-10 15:30:00,14.489999771118164
2018-05-10 16:30:00,14.454999923706055
2018-05-10 17:30:00,14.475000381469727
2018-05-10 18:30:00,14.470000267028809
2018-05-10 19:30:00,14.510000228881836
2018-05-11 13:30:00,14.569999694824219
2018-05-11 14:30:00,14.795000076293945
2018-05-11 15:30:00,14.770000457763672
2018-05-11 16:30:00,14.760000228881836
2018-05-11 17:30:00,14.800000190734863
2018-05-11 18:30:00,14.854999542236328
2018-05-11 19:30:00,14.880000114440918
2018-05-14 13:30:00,14.579999923706055
2018-05-14 14:30:00,14.369999885559082
2018-05-14 15:30:00,14.4350004196167
2018-05-14 16:30:00,14.361000061035156
2018-05-14 17:30:00,14.25
2018-05-14 18:30:00,14.220000267028809
2018-05-14 19:30:00,14.1899995803833
2018-05-15 13:30:00,14.819999694824219
2018-05-15 14:30:00,14.942500114440918
2018-05-15 15:30:00,14.975000381469727
2018-05-15 16:30:00,14.90999984741211
2018-05-15 17:30:00,14.925000190734863
2018-05-15 18:30:00,15.005000114440918
2018-05-15 19:30:00,15.055000305175781
2018-05-16 13:30:00,15.010000228881836
2018-05-16 14:30:00,15.09850025177002
2018-05-16 15:30:00,15.359999656677246
2018-05-16 16:30:00,15.414999961853027
2018-05-16 17:30:00,15.401000022888184
2018-05-16 18:30:00,15.454999923706055
2018-05-16 19:30:00,15.470000267028809
2018-05-17 13:30:00,15.270000457763672
2018-05-17 14:30:00,15.329999923706055
2018-05-17 15:30:00,15.229999542236328
2018-05-17 16:30:00,15.265000343322754
2018-05-17 17:30:00,15.270000457763672
2018-05-17 18:30:00,15.274999618530273
2018-05-17 19:30:00,15.270000457763672
2018-05-18 13:30:00,15.029999732971191
2018-05-18 14:30:00,14.90999984741211
2018-05-18 15:30:00,15.069999694824219
2018-05-18 16:30:00,15.100000381469727
2018-05-18 17:30:00,15.09000015258789
2018-05-18 18:30:00,15.1899995803833
2018-05-18 19:30:00,15.149999618530273
2018-05-21 13:30:00,14.920000076293945
2018-05-21 14:30:00,14.860099792480469
2018-05-21 15:30:00,14.90999984741211
2018-05-21 16:30:00,14.9399995803833
2018-05-21 17:30:00,14.944999694824219
2018-05-21 18:30:00,14.869999885559082
2018-05-21 19:30:00,14.850000381469727
2018-05-22 13:30:00,14.914999961853027
2018-05-22 14:30:00,15.0
2018-05-22 15:30:00,14.989999771118164
2018-05-22 16:30:00,14.984999656677246
2018-05-22 17:30:00,15.03499984741211
2018-05-22 18:30:00,15.0
2018-05-22 19:30:00,15.015000343322754
2018-05-23 13:30:00,15.036100387573242
2018-05-23 14:30:00,15.079999923706055
2018-05-23 15:30:00,14.975000381469727
2018-05-23 16:30:00,14.960000038146973
2018-05-23 17:30:00,15.024999618530273
2018-05-23 18:30:00,15.020099639892578
2018-05-23 19:30:00,15.020000457763672
2018-05-24 13:30:00,14.975000381469727
2018-05-24 14:30:00,15.119999885559082
2018-05-24 15:30:00,14.979999542236328
2018-05-24 16:30:00,15.039999961853027
2018-05-24 17:30:00,15.045000076293945
2018-05-24 18:30:00,15.069999694824219
2018-05-24 19:30:00,15.09000015258789
2018-05-25 13:30:00,15.095000267028809
2018-05-25 14:30:00,15.16510009765625
2018-05-25 15:30:00,15.109999656677246
2018-05-25 16:30:00,15.109999656677246
2018-05-25 17:30:00,15.170000076293945
2018-05-25 18:30:00,15.210000038146973
2018-05-25 19:30:00,15.229999542236328
2018-05-29 13:30:00,15.130000114440918
2018-05-29 14:30:00,15.1899995803833
2018-05-29 15:30:00,15.145000457763672
2018-05-29 16:30:00,15.199999809265137
2018-05-29 17:30:00,15.175000190734863
2018-05-29 18:30:00,15.1850004196167
2018-05-29 19:30:00,15.199999809265137
2018-05-30 13:30:00,15.210000038146973
2018-05-30 14:30:00,15.1850004196167
2018-05-30 15:30:00,15.21500015258789
2018-05-30 16:30:00,15.295000076293945
2018-05-30 17:30:00,15.279999732971191
2018-05-30 18:30:00,15.3100004196167
2018-05-30 19:30:00,15.354999542236328
2018-05-31 13:30:00,15.460000038146973
2018-05-31 14:30:00,15.449999809265137
2018-05-31 15:30:00,15.5
2018-05-31 16:30:00,15.510000228881836
2018-05-31 17:30:00,15.510000228881836
2018-05-31 18:30:00,15.513400077819824
2018-05-31 19:30:00,15.529999732971191
2018-06-01 13:30:00,15.649999618530273
2018-06-01 14:30:00,15.760000228881836
2018-06-01 15:30:00,15.710000038146973
2018-06-01 16:30:00,15.630000114440918
2018-06-01 17:30:00,15.720000267028809
2018-06-01 18:30:00,15.765000343322754
2018-06-01 19:30:00,15.789999961853027
2018-06-04 13:30:00,15.795000076293945
2018-06-04 14:30:00,15.8149995803833
2018-06-04 15:30:00,15.770000457763672
2018-06-04 16:30:00,15.8149995803833
2018-06-04 17:30:00,15.869999885559082
2018-06-04 18:30:00,15.930000305175781
2018-06-04 19:30:00,15.9399995803833
2018-06-05 13:30:00,15.600000381469727
2018-06-05 14:30:00,15.574999809265137
2018-06-05 15:30:00,15.569999694824219
2018-06-05 16:30:00,15.654999732971191
2018-06-05 17:30:00,15.5649995803833
2018-06-05 18:30:00,15.555000305175781
2018-06-05 19:30:00,15.5600004196167
2018-06-06 13:30:00,15.720000267028809
2018-06-06 14:30:00,15.640000343322754
2018-06-06 15:30:00,15.899999618530273
2018-06-06 16:30:00,15.970000267028809
2018-06-06 17:30:00,16.040000915527344
2018-06-06 18:30:00,16.014999389648438
2018-06-06 19:30:00,16.040000915527344
2018-06-07 13:30:00,16.454999923706055
2018-06-07 14:30:00,16.635000228881836
2018-06-07 15:30:00,16.524999618530273
2018-06-07 16:30:00,16.559999465942383
2018-06-07 17:30:00,16.56999969482422
2018-06-07 18:30:00,16.579999923706055
2018-06-07 19:30:00,16.450000762939453
2018-06-08 13:30:00,16.559999465942383
2018-06-08 14:30:00,16.725000381469727
2018-06-08 15:30:00,17.1200008392334
2018-06-08 16:30:00,17.06999969482422
2018-06-08 17:30:00,17.059999465942383
2018-06-08 18:30:00,17.010000228881836
2018-06-08 19:30:00,17.030000686645508
2018-06-11 13:30:00,17.03499984741211
2018-06-11 14:30:00,17.25
2018-06-11 15:30:00,17.229999542236328
2018-06-11 16:30:00,17.239999771118164
2018-06-11 17:30:00,17.260000228881836
2018-06-11 18:30:00,17.225000381469727
2018-06-11 19:30:00,17.219999313354492
2018-06-12 13:30:00,17.46500015258789
2018-06-12 14:30:00,17.440000534057617
2018-06-12 15:30:00,17.610000610351562
2018-06-12 16:30:00,17.639999389648438
2018-06-12 17:30:00,17.696199417114258
2018-06-12 18:30:00,17.670000076293945
2018-06-12 19:30:00,17.6200008392334
2018-06-13 13:30:00,17.670000076293945
2018-06-13 14:30:00,17.84000015258789
2018-06-13 15:30:00,17.610000610351562
2018-06-13 16:30:00,17.610000610351562
2018-06-13 17:30:00,17.56999969482422
2018-06-13 18:30:00,17.610000610351562
2018-06-13 19:30:00,17.6200008392334
2018-06-14 13:30:00,17.940000534057617
2018-06-14 14:30:00,17.940000534057617
2018-06-14 15:30:00,17.8700008392334
2018-06-14 16:30:00,17.950000762939453
2018-06-14 17:30:00,17.8700008392334
2018-06-14 18:30:00,17.8700008392334
2018-06-14 19:30:00,17.90999984741211
2018-06-15 13:30:00,17.93000030517578
2018-06-15 14:30:00,17.829999923706055
2018-06-15 15:30:00,17.729999542236328
2018-06-15 16:30:00,17.700000762939453
2018-06-15 17:30:00,17.719999313354492
2018-06-15 18:30:00,17.795000076293945
2018-06-15 19:30:00,17.684999465942383
2018-06-18 13:30:00,17.780000686645508
2018-06-18 14:30:00,17.834999084472656
2018-06-18 15:30:00,17.780000686645508
2018-06-18 16:30:00,17.770000457763672
2018-06-18 17:30:00,17.770000457763672
2018-06-18 18:30:00,17.780000686645508
2018-06-18 19:30:00,17.780000686645508
2018-06-19 13:30:00,16.739999771118164
2018-06-19 14:30:00,16.774999618530273
2018-06-19 15:30:00,16.809999465942383
2018-06-19 16:30:00,16.895000457763672
2018-06-19 17:30:00,16.985000610351562
2018-06-19 18:30:00,17.200000762939453
2018-06-19 19:30:00,17.110000610351562
2018-06-20 13:30:00,17.204999923706055
2018-06-20 14:30:00,17.30500030517578
2018-06-20 15:30:00,17.34000015258789
2018-06-20 16:30:00,17.274999618530273
2018-06-20 17:30:00,17.295000076293945
2018-06-20 18:30:00,17.2450008392334
2018-06-20 19:30:00,17.415000915527344
2018-06-21 13:30:00,17.440000534057617
2018-06-21 14:30:00,17.579999923706055
2018-06-21 15:30:00,17.610000610351562
2018-06-21 16:30:00,17.56999969482422
2018-06-21 17:30:00,17.59000015258789
2018-06-21 18:30:00,17.540000915527344
2018-06-21 19:30:00,17.510000228881836
2018-06-22 13:30:00,17.739999771118164
2018-06-22 14:30:00,17.75
2018-06-22 15:30:00,17.725000381469727
2018-06-22 16:30:00,17.6200008392334
2018-06-22 17:30:00,17.537500381469727
2018-06-22 18:30:00,17.600000381469727
2018-06-22 19:30:00,17.520000457763672
2018-06-25 13:30:00,17.31999969482422
2018-06-25 14:30:00,17.2549991607666
2018-06-25 15:30:00,17.280000686645508
2018-06-25 16:30:00,17.329999923706055
2018-06-25 17:30:00,17.389999389648438
2018-06-25 18:30:00,17.3351993560791
2018-06-25 19:30:00,17.350000381469727
2018-06-26 13:30:00,17.0
2018-06-26 14:30:00,17.0
2018-06-26 15:30:00,17.184999465942383
2018-06-26 16:30:00,17.15999984741211
2018-06-26 17:30:00,17.155000686645508
2018-06-26 18:30:00,17.139999389648438
2018-06-26 19:30:00,17.110000610351562
2018-06-27 13:30:00,17.06999969482422
2018-06-27 14:30:00,16.90999984741211
2018-06-27 15:30:00,16.920000076293945
2018-06-27 16:30:00,16.899999618530273
2018-06-27 17:30:00,16.868999481201172
2018-06-27 18:30:00,16.790000915527344
2018-06-27 19:30:00,16.770000457763672
2018-06-28 13:30:00,16.18000030517578
2018-06-28 14:30:00,16.360000610351562
2018-06-28 15:30:00,16.399999618530273
2018-06-28 16:30:00,16.38010025024414
2018-06-28 17:30:00,16.280000686645508
2018-06-28 18:30:00,16.315000534057617
2018-06-28 19:30:00,16.34000015258789
2018-06-29 13:30:00,16.469100952148438
2018-06-29 14:30:00,16.469999313354492
2018-06-29 15:30:00,16.443899154663086
2018-06-29 16:30:00,16.405000686645508
2018-06-29 17:30:00,16.43000030517578
2018-06-29 18:30:00,16.454999923706055
2018-06-29 19:30:00,16.420000076293945
2018-07-02 13:30:00,16.329999923706055
2018-07-02 14:30:00,16.209999084472656
2018-07-02 15:30:00,16.209999084472656
2018-07-02 16:30:00,16.239999771118164
2018-07-02 17:30:00,16.34000015258789
2018-07-02 18:30:00,16.43000030517578
2018-07-02 19:30:00,16.540000915527344
2018-07-03 13:30:00,16.709999084472656
2018-07-03 14:30:00,16.84000015258789
2018-07-03 15:30:00,16.69499969482422
2018-07-03 17:00:00,16.6299991607666
2018-07-05 13:30:00,16.81999969482422
2018-07-05 14:30:00,16.790000915527344
2018-07-05 15:30:00,16.940000534057617
2018-07-05 16:30:00,17.03700065612793
2018-07-05 17:30:00,17.040000915527344
2018-07-05 18:30:00,17.049999237060547
2018-07-05 19:30:00,16.979999542236328
2018-07-06 13:30:00,17.209999084472656
2018-07-06 14:30:00,17.34000015258789
2018-07-06 15:30:00,17.309999465942383
2018-07-06 16:30:00,17.31999969482422
2018-07-06 17:30:00,17.229999542236328
2018-07-06 18:30:00,17.274999618530273
2018-07-06 19:30:00,17.260000228881836
2018-07-09 13:30:00,17.570100784301758
2018-07-09 14:30:00,17.594999313354492
2018-07-09 15:30:00,17.649999618530273
2018-07-09 16:30:00,17.649999618530273
2018-07-09 17:30:00,17.600000381469727
2018-07-09 18:30:00,17.6200008392334
2018-07-09 19:30:00,17.6299991607666
2018-07-10 13:30:00,17.524999618530273
2018-07-10 14:30:00,17.43000030517578
2018-07-10 15:30:00,17.420000076293945
2018-07-10 16:30:00,17.325000762939453
2018-07-10 17:30:00,17.420000076293945
2018-07-10 18:30:00,17.385000228881836
2018-07-10 19:30:00,17.3799991607666
2018-07-11 13:30:00,17.290000915527344
2018-07-11 14:30:00,17.19499969482422
2018-07-11 15:30:00,17.280000686645508
2018-07-11 16:30:00,17.280000686645508
2018-07-11 17:30:00,17.235000610351562
2018-07-11 18:30:00,17.229999542236328
2018-07-11 19:30:00,17.239999771118164
2018-07-12 13:30:00,17.389999389648438
2018-07-12 14:30:00,17.315000534057617
2018-07-12 15:30:00,17.34000015258789
2018-07-12 16:30:00,17.329999923706055
2018-07-12 17:30:00,17.30500030517578
2018-07-12 18:30:00,17.209999084472656
2018-07-12 19:30:00,17.200000762939453
2018-07-13 13:30:00,16.954999923706055
2018-07-13 14:30:00,16.920000076293945
2018-07-13 15:30:00,16.793899536132812
2018-07-13 16:30:00,16.725000381469727
2018-07-13 17:30:00,16.559999465942383
2018-07-13 18:30:00,16.459999084472656
2018-07-13 19:30:00,16.454999923706055
2018-07-16 13:30:00,16.040000915527344
2018-07-16 14:30:00,15.979999542236328
2018-07-16 15:30:00,16.010000228881836
2018-07-16 16:30:00,16.094999313354492
2018-07-16 17:30:00,16.100000381469727
2018-07-16 18:30:00,16.204999923706055
2018-07-16 19:30:00,16.280000686645508
2018-07-17 13:30:00,16.299999237060547
2018-07-17 14:30:00,16.530000686645508
2018-07-17 15:30:00,16.479999542236328
2018-07-17 16:30:00,16.44499969482422
2018-07-17 17:30:00,16.40999984741211
2018-07-17 18:30:00,16.399999618530273
2018-07-17 19:30:00,16.350000381469727
2018-07-18 13:30:00,16.125
2018-07-18 14:30:00,16.135000228881836
2018-07-18 15:30:00,16.1299991607666
2018-07-18 16:30:00,15.979999542236328
2018-07-18 17:30:00,15.9350004196167
2018-07-18 18:30:00,16.0
2018-07-18 19:30:00,15.989999771118164
2018-07-19 13:30:00,15.829999923706055
2018-07-19 14:30:00,16.020000457763672
2018-07-19 15:30:00,16.03499984741211
2018-07-19 16:30:00,16.065000534057617
2018-07-19 17:30:00,16.059999465942383
2018-07-19 18:30:00,16.040000915527344
2018-07-19 19:30:00,16.030000686645508
2018-07-20 13:30:00,15.979999542236328
2018-07-20 14:30:00,15.944999694824219
2018-07-20 15:30:00,15.899999618530273
2018-07-20 16:30:00,15.9350004196167
2018-07-20 17:30:00,15.960000038146973
2018-07-20 18:30:00,15.979999542236328
2018-07-20 19:30:00,15.970000267028809
2018-07-23 13:30:00,16.56999969482422
2018-07-23 14:30:00,16.579999923706055
2018-07-23 15:30:00,16.614999771118164
2018-07-23 16:30:00,16.68000030517578
2018-07-23 17:30:00,16.655000686645508
2018-07-23 18:30:00,16.709999084472656
2018-07-23 19:30:00,16.59000015258789
2018-07-24 13:30:00,16.600000381469727
2018-07-24 14:30:00,16.674999237060547
2018-07-24 15:30:00,16.670000076293945
2018-07-24 16:30:00,16.510000228881836
2018-07-24 17:30:00,16.489999771118164
2018-07-24 18:30:00,16.475000381469727
2018-07-24 19:30:00,16.479999542236328
2018-07-25 13:30:00,16.395000457763672
2018-07-25 14:30:00,16.389999389648438
2018-07-25 15:30:00,16.309999465942383
2018-07-25 16:30:00,16.209999084472656
2018-07-25 17:30:00,16.204999923706055
2018-07-25 18:30:00,16.309900283813477
2018-07-25 19:30:00,16.299999237060547
2018-07-26 13:30:00,15.194999694824219
2018-07-26 14:30:00,15.244999885559082
2018-07-26 15:30:00,15.180000305175781
2018-07-26 16:30:00,15.260000228881836
2018-07-26 17:30:00,15.301899909973145
2018-07-26 18:30:00,15.484999656677246
2018-07-26 19:30:00,15.609999656677246
2018-07-27 13:30:00,15.619999885559082
2018-07-27 14:30:00,15.46500015258789
2018-07-27 15:30:00,15.529999732971191
2018-07-27 16:30:00,15.524999618530273
2018-07-27 17:30:00,15.670000076293945
2018-07-27 18:30:00,15.5600004196167
2018-07-27 19:30:00,15.574999809265137
2018-07-30 13:30:00,15.770000457763672
2018-07-30 14:30:00,15.75
2018-07-30 15:30:00,15.670000076293945
2018-07-30 16:30:00,15.640000343322754
2018-07-30 17:30:00,15.635000228881836
2018-07-30 18:30:00,15.569999694824219
2018-07-30 19:30:00,15.569999694824219
2018-07-31 13:30:00,15.375
2018-07-31 14:30:00,15.550000190734863
2018-07-31 15:30:00,15.789999961853027
2018-07-31 16:30:00,15.880000114440918
2018-07-31 17:30:00,15.90999984741211
2018-07-31 18:30:00,15.859999656677246
2018-07-31 19:30:00,15.869999885559082
2018-08-01 13:30:00,15.744999885559082
2018-08-01 14:30:00,15.755000114440918
2018-08-01 15:30:00,15.770000457763672
2018-08-01 16:30:00,15.779999732971191
2018-08-01 17:30:00,15.680000305175781
2018-08-01 18:30:00,15.734999656677246
2018-08-01 19:30:00,15.770000457763672
2018-08-02 13:30:00,15.625
2018-08-02 14:30:00,15.729999542236328
2018-08-02 15:30:00,15.850000381469727
2018-08-02 16:30:00,15.84000015258789
2018-08-02 17:30:00,15.954999923706055
2018-08-02 18:30:00,15.944999694824219
2018-08-02 19:30:00,15.960000038146973
2018-08-03 13:30:00,16.09000015258789
2018-08-03 14:30:00,16.09000015258789
2018-08-03 15:30:00,15.970000267028809
2018-08-03 16:30:00,16.024999618530273
2018-08-03 17:30:00,15.994999885559082
2018-08-03 18:30:00,15.994999885559082
2018-08-03 19:30:00,15.9399995803833
2018-08-06 13:30:00,15.9399995803833
2018-08-06 14:30:00,15.994999885559082
2018-08-06 15:30:00,15.970000267028809
2018-08-06 16:30:00,15.9350004196167
2018-08-06 17:30:00,15.975000381469727
2018-08-06 18:30:00,15.949999809265137
2018-08-06 19:30:00,15.9399995803833
2018-08-07 13:30:00,15.920000076293945
2018-08-07 14:30:00,15.640000343322754
2018-08-07 15:30:00,15.739999771118164
2018-08-07 16:30:00,15.670000076293945
2018-08-07 17:30:00,15.649999618530273
2018-08-07 18:30:00,15.649999618530273
2018-08-07 19:30:00,15.600000381469727
2018-08-08 13:30:00,15.449999809265137
2018-08-08 14:30:00,15.274999618530273
2018-08-08 15:30:00,15.46500015258789
2018-08-08 16:30:00,15.460000038146973
2018-08-08 17:30:00,15.5649995803833
2018-08-08 18:30:00,15.515000343322754
2018-08-08 19:30:00,15.520000457763672
2018-08-09 13:30:00,15.520000457763672
2018-08-09 14:30:00,15.569999694824219
2018-08-09 15:30:00,15.640000343322754
2018-08-09 16:30:00,15.680000305175781
2018-08-09 17:30:00,15.614999771118164
2018-08-09 18:30:00,15.619999885559082
2018-08-09 19:30:00,15.609999656677246
2018-08-10 13:30:00,15.295000076293945
2018-08-10 14:30:00,15.390000343322754
2018-08-10 15:30:00,15.420000076293945
2018-08-10 16:30:00,15.555000305175781
2018-08-10 17:30:00,15.632499694824219
2018-08-10 18:30:00,15.78499984741211
2018-08-10 19:30:00,15.729999542236328
2018-08-13 13:30:00,15.850000381469727
2018-08-13 14:30:00,15.866100311279297
2018-08-13 15:30:00,15.895000457763672
2018-08-13 16:30:00,15.805000305175781
2018-08-13 17:30:00,15.9350004196167
2018-08-13 18:30:00,15.899999618530273
2018-08-13 19:30:00,15.880000114440918
2018-08-14 13:30:00,15.979999542236328
2018-08-14 14:30:00,15.930000305175781
2018-08-14 15:30:00,15.750100135803223
2018-08-14 16:30:00,15.550000190734863
2018-08-14 17:30:00,15.515000343322754
2018-08-14 18:30:00,15.5600004196167
2018-08-14 19:30:00,15.550000190734863
2018-08-15 13:30:00,15.28499984741211
2018-08-15 14:30:00,15.279999732971191
2018-08-15 15:30:00,15.295000076293945
2018-08-15 16:30:00,15.319999694824219
2018-08-15 17:30:00,15.289999961853027
2018-08-15 18:30:00,15.301799774169922
2018-08-15 19:30:00,15.289999961853027
2018-08-16 13:30:00,15.029999732971191
2018-08-16 14:30:00,15.149999618530273
2018-08-16 15:30:00,15.09000015258789
2018-08-16 16:30:00,15.130000114440918
2018-08-16 17:30:00,15.15999984741211
2018-08-16 18:30:00,15.170000076293945
2018-08-16 19:30:00,15.199999809265137
2018-08-17 13:30:00,15.300000190734863
2018-08-17 14:30:00,15.199999809265137
2018-08-17 15:30:00,15.319999694824219
2018-08-17 16:30:00,15.350000381469727
2018-08-17 17:30:00,15.350000381469727
2018-08-17 18:30:00,15.375
2018-08-17 19:30:00,15.3100004196167
2018-08-20 13:30:00,15.289999961853027
2018-08-20 14:30:00,15.244999885559082
2018-08-20 15:30:00,15.300000190734863
2018-08-20 16:30:00,15.449999809265137
2018-08-20 17:30:00,15.460000038146973
2018-08-20 18:30:00,15.300000190734863
2018-08-20 19:30:00,15.28499984741211
2018-08-21 13:30:00,15.329999923706055
2018-08-21 14:30:00,15.324999809265137
2018-08-21 15:30:00,15.364999771118164
2018-08-21 16:30:00,15.319999694824219
2018-08-21 17:30:00,15.305000305175781
2018-08-21 18:30:00,15.270000457763672
2018-08-21 19:30:00,15.270000457763672
2018-08-22 13:30:00,15.270000457763672
2018-08-22 14:30:00,15.260000228881836
2018-08-22 15:30:00,15.354999542236328
2018-08-22 16:30:00,15.48009967803955
2018-08-22 17:30:00,15.4350004196167
2018-08-22 18:30:00,15.425000190734863
2018-08-22 19:30:00,15.430000305175781
2018-08-23 13:30:00,15.420000076293945
2018-08-23 14:30:00,15.300000190734863
2018-08-23 15:30:00,15.329999923706055
2018-08-23 16:30:00,15.279999732971191
2018-08-23 17:30:00,15.293000221252441
2018-08-23 18:30:00,15.300000190734863
2018-08-23 19:30:00,15.260000228881836
2018-08-24 13:30:00,15.350000381469727
2018-08-24 14:30:00,15.34000015258789
2018-08-24 15:30:00,15.329999923706055
2018-08-24 16:30:00,15.345000267028809
2018-08-24 17:30:00,15.359999656677246
2018-08-24 18:30:00,15.460000038146973
2018-08-24 19:30:00,15.399999618530273
2018-08-27 13:30:00,15.529999732971191
2018-08-27 14:30:00,15.454999923706055
2018-08-27 15:30:00,15.5
2018-08-27 16:30:00,15.510000228881836
2018-08-27 17:30:00,15.619999885559082
2018-08-27 18:30:00,15.569999694824219
2018-08-27 19:30:00,15.59000015258789
2018-08-28 13:30:00,15.680000305175781
2018-08-28 14:30:00,15.585000038146973
2018-08-28 15:30:00,15.479999542236328
2018-08-28 16:30:00,15.420000076293945
2018-08-28 17:30:00,15.489999771118164
2018-08-28 18:30:00,15.53499984741211
2018-08-28 19:30:00,15.550000190734863
2018-08-29 13:30:00,15.739999771118164
2018-08-29 14:30:00,15.729999542236328
2018-08-29 15:30:00,15.65999984741211
2018-08-29 16:30:00,15.640000343322754
2018-08-29 17:30:00,15.579999923706055
2018-08-29 18:30:00,15.710000038146973
2018-08-29 19:30:00,15.729999542236328
2018-08-30 13:30:00,15.5649995803833
2018-08-30 14:30:00,15.47189998626709
2018-08-30 15:30:00,15.470000267028809
2018-08-30 16:30:00,15.520000457763672
2018-08-30 17:30:00,15.470000267028809
2018-08-30 18:30:00,15.425000190734863
2018-08-30 19:30:00,15.404999732971191
2018-08-31 13:30:00,15.369999885559082
2018-08-31 14:30:00,15.279999732971191
2018-08-31 15:30:00,15.289999961853027
2018-08-31 16:30:00,15.260000228881836
2018-08-31 17:30:00,15.319999694824219
2018-08-31 18:30:00,15.40999984741211
2018-08-31 19:30:00,15.4350004196167
2018-09-04 13:30:00,15.345000267028809
2018-09-04 14:30:00,15.3100004196167
2018-09-04 15:30:00,15.3149995803833
2018-09-04 16:30:00,15.385000228881836
2018-09-04 17:30:00,15.395000457763672
2018-09-04 18:30:00,15.5600004196167
2018-09-04 19:30:00,15.5600004196167
2018-09-05 13:30:00,15.529999732971191
2018-09-05 14:30:00,15.550000190734863
2018-09-05 15:30:00,15.529999732971191
2018-09-05 16:30:00,15.364999771118164
2018-09-05 17:30:00,15.359999656677246
2018-09-05 18:30:00,15.390000343322754
2018-09-05 19:30:00,15.3100004196167
2018-09-06 13:30:00,15.4399995803833
2018-09-06 14:30:00,15.375
2018-09-06 15:30:00,15.369999885559082
2018-09-06 16:30:00,15.34000015258789
2018-09-06 17:30:00,15.399999618530273
2018-09-06 18:30:00,15.414999961853027
2018-09-06 19:30:00,15.329999923706055
2018-09-07 13:30:00,15.550000190734863
2018-09-07 14:30:00,15.880000114440918
2018-09-07 15:30:00,15.680000305175781
2018-09-07 16:30:00,15.670000076293945
2018-09-07 17:30:00,15.739999771118164
2018-09-07 18:30:00,15.734999656677246
2018-09-07 19:30:00,15.6899995803833
2018-09-10 13:30:00,15.819999694824219
2018-09-10 14:30:00,15.854999542236328
2018-09-10 15:30:00,15.885000228881836
2018-09-10 16:30:00,15.895000457763672
2018-09-10 17:30:00,15.970000267028809
2018-09-10 18:30:00,16.0049991607666
2018-09-10 19:30:00,16.059999465942383
2018-09-11 13:30:00,15.899999618530273
2018-09-11 14:30:00,15.78499984741211
2018-09-11 15:30:00,15.739999771118164
2018-09-11 16:30:00,15.824999809265137
2018-09-11 17:30:00,15.829999923706055
2018-09-11 18:30:00,15.819999694824219
2018-09-11 19:30:00,15.779999732971191
2018-09-12 13:30:00,15.6899995803833
2018-09-12 14:30:00,15.890000343322754
2018-09-12 15:30:00,16.013399124145508
2018-09-12 16:30:00,16.045000076293945
2018-09-12 17:30:00,16.149999618530273
2018-09-12 18:30:00,16.079999923706055
2018-09-12 19:30:00,16.06999969482422
2018-09-13 13:30:00,16.094999313354492
2018-09-13 14:30:00,16.079999923706055
2018-09-13 15:30:00,16.145000457763672
2018-09-13 16:30:00,16.149999618530273
2018-09-13 17:30:00,16.155000686645508
2018-09-13 18:30:00,16.100000381469727
2018-09-13 19:30:00,16.1200008392334
2018-09-14 13:30:00,16.15999984741211
2018-09-14 14:30:00,16.15999984741211
2018-09-14 15:30:00,16.170000076293945
2018-09-14 16:30:00,16.186899185180664
2018-09-14 17:30:00,16.30500030517578
2018-09-14 18:30:00,16.350000381469727
2018-09-14 19:30:00,16.360000610351562
2018-09-17 13:30:00,16.44499969482422
2018-09-17 14:30:00,16.549999237060547
2018-09-17 15:30:00,16.530000686645508
2018-09-17 16:30:00,16.520000457763672
2018-09-17 17:30:00,16.549999237060547
2018-09-17 18:30:00,16.524999618530273
2018-09-17 19:30:00,16.5
2018-09-18 13:30:00,16.579999923706055
2018-09-18 14:30:00,16.579999923706055
2018-09-18 15:30:00,16.530000686645508
2018-09-18 16:30:00,16.579999923706055
2018-09-18 17:30:00,16.639999389648438
2018-09-18 18:30:00,16.614999771118164
2018-09-18 19:30:00,16.610000610351562
2018-09-19 13:30:00,16.59000015258789
2018-09-19 14:30:00,16.649999618530273
2018-09-19 15:30:00,16.690000534057617
2018-09-19 16:30:00,16.559999465942383
2018-09-19 17:30:00,16.6299991607666
2018-09-19 18:30:00,16.604999542236328
2018-09-19 19:30:00,16.6299991607666
2018-09-20 13:30:00,16.610000610351562
2018-09-20 14:30:00,16.610000610351562
2018-09-20 15:30:00,16.690000534057617
2018-09-20 16:30:00,16.639999389648438
2018-09-20 17:30:00,16.614999771118164
2018-09-20 18:30:00,16.6200008392334
2018-09-20 19:30:00,16.600000381469727
2018-09-21 13:30:00,16.489999771118164
2018-09-21 14:30:00,16.3700008392334
2018-09-21 15:30:00,16.334999084472656
2018-09-21 16:30:00,16.405000686645508
2018-09-21 17:30:00,16.440000534057617
2018-09-21 18:30:00,16.520000457763672
2018-09-21 19:30:00,16.524999618530273
2018-09-24 13:30:00,16.270000457763672
2018-09-24 14:30:00,16.190000534057617
2018-09-24 15:30:00,16.059999465942383
2018-09-24 16:30:00,15.994999885559082
2018-09-24 17:30:00,15.925000190734863
2018-09-24 18:30:00,16.010000228881836
2018-09-24 19:30:00,16.0
2018-09-25 13:30:00,16.0
2018-09-25 14:30:00,16.1299991607666
2018-09-25 15:30:00,16.100000381469727
2018-09-25 16:30:00,16.020000457763672
2018-09-25 17:30:00,16.049999237060547
2018-09-25 18:30:00,16.079999923706055
2018-09-25 19:30:00,16.059999465942383
2018-09-26 13:30:00,16.079999923706055
2018-09-26 14:30:00,16.054800033569336
2018-09-26 15:30:00,16.05500030517578
2018-09-26 16:30:00,16.149999618530273
2018-09-26 17:30:00,16.100000381469727
2018-09-26 18:30:00,16.040000915527344
2018-09-26 19:30:00,16.010000228881836
2018-09-27 13:30:00,16.045000076293945
2018-09-27 14:30:00,16.020000457763672
2018-09-27 15:30:00,16.084999084472656
2018-09-27 16:30:00,16.024999618530273
2018-09-27 17:30:00,16.079999923706055
2018-09-27 18:30:00,15.994999885559082
2018-09-27 19:30:00,15.989999771118164
2018-09-28 13:30:00,15.944999694824219
2018-09-28 14:30:00,15.65999984741211
2018-09-28 15:30:00,15.664999961853027
2018-09-28 16:30:00,15.645000457763672
2018-09-28 17:30:00,15.739999771118164
2018-09-28 18:30:00,15.654999732971191
2018-09-28 19:30:00,15.710000038146973
2018-10-01 13:30:00,15.979999542236328
2018-10-01 14:30:00,16.020000457763672
2018-10-01 15:30:00,16.065000534057617
2018-10-01 16:30:00,16.014999389648438
2018-10-01 17:30:00,15.984999656677246
2018-10-01 18:30:00,15.949999809265137
2018-10-01 19:30:00,15.949999809265137
2018-10-02 13:30:00,15.824999809265137
2018-10-02 14:30:00,15.734999656677246
2018-10-02 15:30:00,15.675000190734863
2018-10-02 16:30:00,15.510000228881836
2018-10-02 17:30:00,15.539999961853027
2018-10-02 18:30:00,15.425000190734863
2018-10-02 19:30:00,15.255000114440918
2018-10-03 13:30:00,15.204999923706055
2018-10-03 14:30:00,15.204999923706055
2018-10-03 15:30:00,15.180299758911133
2018-10-03 16:30:00,15.199999809265137
2018-10-03 17:30:00,15.1850004196167
2018-10-03 18:30:00,15.125
2018-10-03 19:30:00,15.15999984741211
2018-10-04 13:30:00,14.9399995803833
2018-10-04 14:30:00,14.802499771118164
2018-10-04 15:30:00,14.619999885559082
2018-10-04 16:30:00,14.5600004196167
2018-10-04 17:30:00,14.5600004196167
2018-10-04 18:30:00,14.510000228881836
2018-10-04 19:30:00,14.529999732971191
2018-10-05 13:30:00,14.300000190734863
2018-10-05 14:30:00,14.265000343322754
2018-10-05 15:30:00,14.25
2018-10-05 16:30:00,14.28499984741211
2018-10-05 17:30:00,14.46500015258789
2018-10-05 18:30:00,14.40999984741211
2018-10-05 19:30:00,14.510000228881836
2018-10-08 13:30:00,14.895000457763672
2018-10-08 14:30:00,14.984999656677246
2018-10-08 15:30:00,14.8100004196167
2018-10-08 16:30:00,14.829999923706055
2018-10-08 17:30:00,14.704999923706055
2018-10-08 18:30:00,14.71500015258789
2018-10-08 19:30:00,14.539999961853027
2018-10-09 13:30:00,14.559300422668457
2018-10-09 14:30:00,14.40999984741211
2018-10-09 15:30:00,14.364999771118164
2018-10-09 16:30:00,14.364999771118164
2018-10-09 17:30:00,14.46500015258789
2018-10-09 18:30:00,14.5
2018-10-09 19:30:00,14.470000267028809
2018-10-10 13:30:00,14.149999618530273
2018-10-10 14:30:00,14.055000305175781
2018-10-10 15:30:00,14.085000038146973
2018-10-10 16:30:00,14.029999732971191
2018-10-10 17:30:00,13.960000038146973
2018-10-10 18:30:00,13.994999885559082
2018-10-10 19:30:00,13.90999984741211
2018-10-11 13:30:00,14.069999694824219
2018-10-11 14:30:00,14.0
2018-10-11 15:30:00,14.229999542236328
2018-10-11 16:30:00,14.15999984741211
2018-10-11 17:30:00,14.069999694824219
2018-10-11 18:30:00,14.074999809265137
2018-10-11 19:30:00,13.989999771118164
2018-10-12 13:30:00,14.5600004196167
2018-10-12 14:30:00,14.550000190734863
2018-10-12 15:30:00,14.359999656677246
2018-10-12 16:30:00,14.210000038146973
2018-10-12 17:30:00,14.220000267028809
2018-10-12 18:30:00,14.170000076293945
2018-10-12 19:30:00,14.34000015258789
2018-10-15 13:30:00,14.364999771118164
2018-10-15 14:30:00,14.579999923706055
2018-10-15 15:30:00,14.510000228881836
2018-10-15 16:30:00,14.489999771118164
2018-10-15 17:30:00,14.494999885559082
2018-10-15 18:30:00,14.449999809265137
2018-10-15 19:30:00,14.430000305175781
2018-10-16 13:30:00,14.680000305175781
2018-10-16 14:30:00,14.760000228881836
2018-10-16 15:30:00,14.805000305175781
2018-10-16 16:30:00,14.734999656677246
2018-10-16 17:30:00,14.819999694824219
2018-10-16 18:30:00,14.824999809265137
2018-10-16 19:30:00,14.84000015258789
2018-10-17 13:30:00,14.850000381469727
2018-10-17 14:30:00,14.895000457763672
2018-10-17 15:30:00,14.869999885559082
2018-10-17 16:30:00,14.75
2018-10-17 17:30:00,14.720000267028809
2018-10-17 18:30:00,14.710000038146973
2018-10-17 19:30:00,14.774999618530273
2018-10-18 13:30:00,14.585000038146973
2018-10-18 14:30:00,14.4350004196167
2018-10-18 15:30:00,14.279999732971191
2018-10-18 16:30:00,14.170000076293945
2018-10-18 17:30:00,14.119999885559082
2018-10-18 18:30:00,14.1899995803833
2018-10-18 19:30:00,14.199999809265137
2018-10-19 13:30:00,14.460000038146973
2018-10-19 14:30:00,14.470000267028809
2018-10-19 15:30:00,14.399999618530273
2018-10-19 16:30:00,14.470000267028809
2018-10-19 17:30:00,14.15999984741211
2018-10-19 18:30:00,14.25
2018-10-19 19:30:00,14.21500015258789
2018-10-22 13:30:00,13.90999984741211
2018-10-22 14:30:00,13.960000038146973
2018-10-22 15:30:00,14.09000015258789
2018-10-22 16:30:00,14.1850004196167
2018-10-22 17:30:00,14.25
2018-10-22 18:30:00,14.220000267028809
2018-10-22 19:30:00,14.09000015258789
2018-10-23 13:30:00,13.640000343322754
2018-10-23 14:30:00,13.6899995803833
2018-10-23 15:30:00,13.8100004196167
2018-10-23 16:30:00,13.729999542236328
2018-10-23 17:30:00,13.6850004196167
2018-10-23 18:30:00,13.949999809265137
2018-10-23 19:30:00,13.890000343322754
2018-10-24 13:30:00,13.84000015258789
2018-10-24 14:30:00,13.720000267028809
2018-10-24 15:30:00,13.6899995803833
2018-10-24 16:30:00,13.680000305175781
2018-10-24 17:30:00,13.595000267028809
2018-10-24 18:30:00,13.555000305175781
2018-10-24 19:30:00,13.449999809265137
2018-10-25 13:30:00,13.609999656677246
2018-10-25 14:30:00,13.649999618530273
2018-10-25 15:30:00,13.59000015258789
2018-10-25 16:30:00,13.800000190734863
2018-10-25 17:30:00,13.8100004196167
2018-10-25 18:30:00,13.869999885559082
2018-10-25 19:30:00,13.829999923706055
2018-10-26 13:30:00,13.239999771118164
2018-10-26 14:30:00,13.630000114440918
2018-10-26 15:30:00,13.755000114440918
2018-10-26 16:30:00,13.654999732971191
2018-10-26 17:30:00,13.609999656677246
2018-10-26 18:30:00,13.520000457763672
2018-10-26 19:30:00,13.460000038146973
2018-10-29 13:30:00,13.470000267028809
2018-10-29 14:30:00,13.529999732971191
2018-10-29 15:30:00,13.380000114440918
2018-10-29 16:30:00,13.420000076293945
2018-10-29 17:30:00,13.364999771118164
2018-10-29 18:30:00,13.21500015258789
2018-10-29 19:30:00,13.350000381469727
2018-10-30 13:30:00,13.619999885559082
2018-10-30 14:30:00,13.600000381469727
2018-10-30 15:30:00,13.880000114440918
2018-10-30 16:30:00,13.720000267028809
2018-10-30 17:30:00,13.6899995803833
2018-10-30 18:30:00,13.774999618530273
2018-10-30 19:30:00,13.800000190734863
2018-10-31 13:30:00,13.800000190734863
2018-10-31 14:30:00,13.630000114440918
2018-10-31 15:30:00,13.604999542236328
2018-10-31 16:30:00,13.680000305175781
2018-10-31 17:30:00,13.760000228881836
2018-10-31 18:30:00,13.680000305175781
2018-10-31 19:30:00,13.579999923706055
2018-11-01 13:30:00,13.789999961853027
2018-11-01 14:30:00,14.045000076293945
2018-11-01 15:30:00,14.229999542236328
2018-11-01 16:30:00,14.359999656677246
2018-11-01 17:30:00,14.300000190734863
2018-11-01 18:30:00,14.329999923706055
2018-11-01 19:30:00,14.279999732971191
2018-11-02 13:30:00,14.475000381469727
2018-11-02 14:30:00,14.489999771118164
2018-11-02 15:30:00,14.520000457763672
2018-11-02 16:30:00,14.460000038146973
2018-11-02 17:30:00,14.539999961853027
2018-11-02 18:30:00,14.470000267028809
2018-11-02 19:30:00,14.470000267028809
