Datetime,MCHP
2017-11-06 14:30:00,95.3499984741211
2017-11-06 15:30:00,94.55000305175781
2017-11-06 16:30:00,94.54000091552734
2017-11-06 17:30:00,95.30000305175781
2017-11-06 18:30:00,94.85310363769531
2017-11-06 19:30:00,94.98999786376953
2017-11-06 20:30:00,95.30000305175781
2017-11-07 14:30:00,91.29499816894531
2017-11-07 15:30:00,92.13999938964844
2017-11-07 16:30:00,90.52999877929688
2017-11-07 17:30:00,91.3052978515625
2017-11-07 18:30:00,90.88999938964844
2017-11-07 19:30:00,91.55000305175781
2017-11-07 20:30:00,91.43000030517578
2017-11-08 14:30:00,91.2699966430664
2017-11-08 15:30:00,91.87999725341797
2017-11-08 16:30:00,91.75
2017-11-08 17:30:00,91.9000015258789
2017-11-08 18:30:00,92.5999984741211
2017-11-08 19:30:00,92.69000244140625
2017-11-08 20:30:00,92.80000305175781
2017-11-09 14:30:00,91.43000030517578
2017-11-09 15:30:00,90.8489990234375
2017-11-09 16:30:00,90.3499984741211
2017-11-09 17:30:00,89.94999694824219
2017-11-09 18:30:00,90.5199966430664
2017-11-09 19:30:00,90.41999816894531
2017-11-09 20:30:00,90.80000305175781
2017-11-10 14:30:00,91.02999877929688
2017-11-10 15:30:00,91.18000030517578
2017-11-10 16:30:00,91.31999969482422
2017-11-10 17:30:00,91.52999877929688
2017-11-10 18:30:00,91.33000183105469
2017-11-10 19:30:00,91.55000305175781
2017-11-10 20:30:00,91.55999755859375
2017-11-13 14:30:00,90.83000183105469
2017-11-13 15:30:00,90.7300033569336
2017-11-13 16:30:00,90.80000305175781
2017-11-13 17:30:00,90.97000122070312
2017-11-13 18:30:00,91.00499725341797
2017-11-13 19:30:00,90.75
2017-11-13 20:30:00,91.0199966430664
2017-11-14 14:30:00,90.52999877929688
2017-11-14 15:30:00,90.38999938964844
2017-11-14 16:30:00,90.58000183105469
2017-11-14 17:30:00,90.54000091552734
2017-11-14 18:30:00,90.9000015258789
2017-11-14 19:30:00,90.8499984741211
2017-11-14 20:30:00,91.01000213623047
2017-11-15 14:30:00,90.07029724121094
2017-11-15 15:30:00,90.58999633789062
2017-11-15 16:30:00,90.06999969482422
2017-11-15 17:30:00,89.91000366210938
2017-11-15 18:30:00,90.16000366210938
2017-11-15 19:30:00,89.47000122070312
2017-11-15 20:30:00,89.63999938964844
2017-11-16 14:30:00,90.16999816894531
2017-11-16 15:30:00,90.29319763183594
2017-11-16 16:30:00,90.36000061035156
2017-11-16 17:30:00,90.86000061035156
2017-11-16 18:30:00,90.80999755859375
2017-11-16 19:30:00,90.7699966430664
2017-11-16 20:30:00,90.77999877929688
2017-11-17 14:30:00,91.41999816894531
2017-11-17 15:30:00,90.94999694824219
2017-11-17 16:30:00,91.36499786376953
2017-11-17 17:30:00,91.2699966430664
2017-11-17 18:30:00,91.54000091552734
2017-11-17 19:30:00,91.37000274658203
2017-11-17 20:30:00,91.2699966430664
2017-11-20 14:30:00,91.61000061035156
2017-11-20 15:30:00,91.47000122070312
2017-11-20 16:30:00,91.31999969482422
2017-11-20 17:30:00,91.55000305175781
2017-11-20 18:30:00,91.5
2017-11-20 19:30:00,91.33000183105469
2017-11-20 20:30:00,91.37999725341797
2017-11-21 14:30:00,92.5
2017-11-21 15:30:00,92.16999816894531
2017-11-21 16:30:00,92.08999633789062
2017-11-21 17:30:00,92.29000091552734
2017-11-21 18:30:00,92.26000213623047
2017-11-21 19:30:00,91.77999877929688
2017-11-21 20:30:00,91.87999725341797
2017-11-22 14:30:00,91.91000366210938
2017-11-22 15:30:00,91.9800033569336
2017-11-22 16:30:00,91.75
2017-11-22 17:30:00,91.60990142822266
2017-11-22 18:30:00,91.31999969482422
2017-11-22 19:30:00,90.7699966430664
2017-11-22 20:30:00,90.41000366210938
2017-11-24 14:30:00,90.45999908447266
2017-11-24 15:30:00,90.9800033569336
2017-11-24 16:30:00,90.88999938964844
2017-11-24 18:00:00,90.97000122070312
2017-11-27 14:30:00,89.58999633789062
2017-11-27 15:30:00,89.05999755859375
2017-11-27 16:30:00,89.18000030517578
2017-11-27 17:30:00,89.18000030517578
2017-11-27 18:30:00,89.13999938964844
2017-11-27 19:30:00,89.17500305175781
2017-11-27 20:30:00,88.93000030517578
2017-11-28 14:30:00,89.96749877929688
2017-11-28 15:30:00,89.91000366210938
2017-11-28 16:30:00,90.18499755859375
2017-11-28 17:30:00,90.37999725341797
2017-11-28 18:30:00,90.33499908447266
2017-11-28 19:30:00,90.52999877929688
2017-11-28 20:30:00,90.54499816894531
2017-11-29 14:30:00,86.63500213623047
2017-11-29 15:30:00,86.05500030517578
2017-11-29 16:30:00,87.23999786376953
2017-11-29 17:30:00,87.38999938964844
2017-11-29 18:30:00,86.83000183105469
2017-11-29 19:30:00,86.875
2017-11-29 20:30:00,86.58000183105469
2017-11-30 14:30:00,88.16999816894531
2017-11-30 15:30:00,88.19000244140625
2017-11-30 16:30:00,88.66999816894531
2017-11-30 17:30:00,87.69999694824219
2017-11-30 18:30:00,87.37000274658203
2017-11-30 19:30:00,87.4000015258789
2017-11-30 20:30:00,86.98999786376953
2017-12-01 14:30:00,86.77999877929688
2017-12-01 15:30:00,85.91999816894531
2017-12-01 16:30:00,86.0250015258789
2017-12-01 17:30:00,86.67990112304688
2017-12-01 18:30:00,86.8949966430664
2017-12-01 19:30:00,86.5
2017-12-01 20:30:00,86.98999786376953
2017-12-04 14:30:00,86.48500061035156
2017-12-04 15:30:00,86.33000183105469
2017-12-04 16:30:00,86.66000366210938
2017-12-04 17:30:00,86.80000305175781
2017-12-04 18:30:00,86.8499984741211
2017-12-04 19:30:00,86.55000305175781
2017-12-04 20:30:00,86.30000305175781
2017-12-05 14:30:00,87.33000183105469
2017-12-05 15:30:00,87.92019653320312
2017-12-05 16:30:00,87.44499969482422
2017-12-05 17:30:00,87.43000030517578
2017-12-05 18:30:00,87.06999969482422
2017-12-05 19:30:00,86.75
2017-12-05 20:30:00,86.18000030517578
2017-12-06 14:30:00,86.5
2017-12-06 15:30:00,86.3499984741211
2017-12-06 16:30:00,85.94000244140625
2017-12-06 17:30:00,85.87000274658203
2017-12-06 18:30:00,86.2300033569336
2017-12-06 19:30:00,86.19000244140625
2017-12-06 20:30:00,86.29000091552734
2017-12-07 14:30:00,86.6500015258789
2017-12-07 15:30:00,87.55000305175781
2017-12-07 16:30:00,87.44999694824219
2017-12-07 17:30:00,87.33999633789062
2017-12-07 18:30:00,86.97000122070312
2017-12-07 19:30:00,87.31999969482422
2017-12-07 20:30:00,87.37999725341797
2017-12-08 14:30:00,88.3499984741211
2017-12-08 15:30:00,87.5999984741211
2017-12-08 16:30:00,88.1500015258789
2017-12-08 17:30:00,87.77999877929688
2017-12-08 18:30:00,87.62999725341797
2017-12-08 19:30:00,87.51000213623047
2017-12-08 20:30:00,87.4000015258789
2017-12-11 14:30:00,88.2300033569336
2017-12-11 15:30:00,88.27999877929688
2017-12-11 16:30:00,88.16000366210938
2017-12-11 17:30:00,87.21499633789062
2017-12-11 18:30:00,87.16999816894531
2017-12-11 19:30:00,87.1500015258789
2017-12-11 20:30:00,87.37999725341797
2017-12-12 14:30:00,86.51000213623047
2017-12-12 15:30:00,86.62999725341797
2017-12-12 16:30:00,86.48999786376953
2017-12-12 17:30:00,86.58499908447266
2017-12-12 18:30:00,86.23999786376953
2017-12-12 19:30:00,85.79000091552734
2017-12-12 20:30:00,85.86000061035156
2017-12-13 14:30:00,86.9000015258789
2017-12-13 15:30:00,86.80000305175781
2017-12-13 16:30:00,86.81999969482422
2017-12-13 17:30:00,86.45999908447266
2017-12-13 18:30:00,86.5999984741211
2017-12-13 19:30:00,86.55999755859375
2017-12-13 20:30:00,86.38999938964844
2017-12-14 14:30:00,86.54000091552734
2017-12-14 15:30:00,86.58999633789062
2017-12-14 16:30:00,86.4000015258789
2017-12-14 17:30:00,86.30000305175781
2017-12-14 18:30:00,85.8499984741211
2017-12-14 19:30:00,85.68250274658203
2017-12-14 20:30:00,85.47000122070312
2017-12-15 14:30:00,86.88999938964844
2017-12-15 15:30:00,87.12999725341797
2017-12-15 16:30:00,86.95999908447266
2017-12-15 17:30:00,86.82499694824219
2017-12-15 18:30:00,86.93000030517578
2017-12-15 19:30:00,86.87000274658203
2017-12-15 20:30:00,86.7699966430664
2017-12-18 14:30:00,87.88999938964844
2017-12-18 15:30:00,88.29010009765625
2017-12-18 16:30:00,89.2699966430664
2017-12-18 17:30:00,89.09500122070312
2017-12-18 18:30:00,88.77999877929688
2017-12-18 19:30:00,88.8949966430664
2017-12-18 20:30:00,88.94999694824219
2017-12-19 14:30:00,89.05999755859375
2017-12-19 15:30:00,88.81999969482422
2017-12-19 16:30:00,88.62999725341797
2017-12-19 17:30:00,89.33499908447266
2017-12-19 18:30:00,89.68499755859375
2017-12-19 19:30:00,89.56990051269531
2017-12-19 20:30:00,89.61000061035156
2017-12-20 14:30:00,89.47000122070312
2017-12-20 15:30:00,90.12999725341797
2017-12-20 16:30:00,90.29000091552734
2017-12-20 17:30:00,90.29000091552734
2017-12-20 18:30:00,90.3499984741211
2017-12-20 19:30:00,90.16999816894531
2017-12-20 20:30:00,90.22000122070312
2017-12-21 14:30:00,89.75
2017-12-21 15:30:00,90.05000305175781
2017-12-21 16:30:00,90.04499816894531
2017-12-21 17:30:00,90.11000061035156
2017-12-21 18:30:00,89.75
2017-12-21 19:30:00,89.54000091552734
2017-12-21 20:30:00,89.4800033569336
2017-12-22 14:30:00,88.44000244140625
2017-12-22 15:30:00,88.38999938964844
2017-12-22 16:30:00,88.3499984741211
2017-12-22 17:30:00,88.58999633789062
2017-12-22 18:30:00,88.69999694824219
2017-12-22 19:30:00,88.77999877929688
2017-12-22 20:30:00,88.93000030517578
2017-12-26 14:30:00,88.19000244140625
2017-12-26 15:30:00,88.375
2017-12-26 16:30:00,88.2699966430664
2017-12-26 17:30:00,88.4749984741211
2017-12-26 18:30:00,88.55999755859375
2017-12-26 19:30:00,88.54000091552734
2017-12-26 20:30:00,88.6500015258789
2017-12-27 14:30:00,88.83999633789062
2017-12-27 15:30:00,88.5999984741211
2017-12-27 16:30:00,88.41000366210938
2017-12-27 17:30:00,88.4000015258789
2017-12-27 18:30:00,88.55999755859375
2017-12-27 19:30:00,88.37000274658203
2017-12-27 20:30:00,88.38999938964844
2017-12-28 14:30:00,88.41500091552734
2017-12-28 15:30:00,88.44000244140625
2017-12-28 16:30:00,88.4000015258789
2017-12-28 17:30:00,88.5
2017-12-28 18:30:00,88.33000183105469
2017-12-28 19:30:00,88.37999725341797
2017-12-28 20:30:00,88.62000274658203
2017-12-29 14:30:00,88.5999984741211
2017-12-29 15:30:00,88.56199645996094
2017-12-29 16:30:00,88.43000030517578
2017-12-29 17:30:00,88.45010375976562
2017-12-29 18:30:00,88.4000015258789
2017-12-29 19:30:00,88.23600006103516
2017-12-29 20:30:00,87.87999725341797
2018-01-02 14:30:00,89.58999633789062
2018-01-02 15:30:00,89.95989990234375
2018-01-02 16:30:00,89.64179992675781
2018-01-02 17:30:00,89.44999694824219
2018-01-02 18:30:00,89.72000122070312
2018-01-02 19:30:00,90.06999969482422
2018-01-02 20:30:00,90.41000366210938
2018-01-03 14:30:00,91.70999908447266
2018-01-03 15:30:00,91.58000183105469
2018-01-03 16:30:00,91.21499633789062
2018-01-03 17:30:00,91.2699966430664
2018-01-03 18:30:00,91.77999877929688
2018-01-03 19:30:00,91.76000213623047
2018-01-03 20:30:00,91.76000213623047
2018-01-04 14:30:00,92.39579772949219
2018-01-04 15:30:00,92.44000244140625
2018-01-04 16:30:00,92.56999969482422
2018-01-04 17:30:00,92.31999969482422
2018-01-04 18:30:00,91.95999908447266
2018-01-04 19:30:00,91.91999816894531
2018-01-04 20:30:00,91.9800033569336
2018-01-05 14:30:00,92.61000061035156
2018-01-05 15:30:00,92.62999725341797
2018-01-05 16:30:00,92.43000030517578
2018-01-05 17:30:00,92.31999969482422
2018-01-05 18:30:00,92.61630249023438
2018-01-05 19:30:00,92.49500274658203
2018-01-05 20:30:00,92.2300033569336
2018-01-08 14:30:00,92.08000183105469
2018-01-08 15:30:00,92.17500305175781
2018-01-08 16:30:00,92.61000061035156
2018-01-08 17:30:00,92.58499908447266
2018-01-08 18:30:00,92.55000305175781
2018-01-08 19:30:00,92.625
2018-01-08 20:30:00,92.5999984741211
2018-01-09 14:30:00,92.41999816894531
2018-01-09 15:30:00,92.80999755859375
2018-01-09 16:30:00,92.5199966430664
2018-01-09 17:30:00,92.8270034790039
2018-01-09 18:30:00,92.86000061035156
2018-01-09 19:30:00,92.73999786376953
2018-01-09 20:30:00,92.5199966430664
2018-01-10 14:30:00,90.83999633789062
2018-01-10 15:30:00,90.08000183105469
2018-01-10 16:30:00,90.6500015258789
2018-01-10 17:30:00,90.93000030517578
2018-01-10 18:30:00,90.56999969482422
2018-01-10 19:30:00,90.72000122070312
2018-01-10 20:30:00,90.94000244140625
2018-01-11 14:30:00,91.41999816894531
2018-01-11 15:30:00,92.11009979248047
2018-01-11 16:30:00,92.2301025390625
2018-01-11 17:30:00,92.01000213623047
2018-01-11 18:30:00,91.86000061035156
2018-01-11 19:30:00,91.87999725341797
2018-01-11 20:30:00,92.11000061035156
2018-01-12 14:30:00,92.43000030517578
2018-01-12 15:30:00,92.83999633789062
2018-01-12 16:30:00,92.9000015258789
2018-01-12 17:30:00,92.9000015258789
2018-01-12 18:30:00,93.22000122070312
2018-01-12 19:30:00,93.37999725341797
2018-01-12 20:30:00,93.43000030517578
2018-01-16 14:30:00,93.91000366210938
2018-01-16 15:30:00,93.70999908447266
2018-01-16 16:30:00,93.60359954833984
2018-01-16 17:30:00,93.55000305175781
2018-01-16 18:30:00,93.22000122070312
2018-01-16 19:30:00,93.47000122070312
2018-01-16 20:30:00,93.3499984741211
2018-01-17 14:30:00,93.98999786376953
2018-01-17 15:30:00,94.6332015991211
2018-01-17 16:30:00,94.80000305175781
2018-01-17 17:30:00,94.80999755859375
2018-01-17 18:30:00,95.41999816894531
2018-01-17 19:30:00,95.77999877929688
2018-01-17 20:30:00,96.0199966430664
2018-01-18 14:30:00,97.08499908447266
2018-01-18 15:30:00,96.9800033569336
2018-01-18 16:30:00,97.05999755859375
2018-01-18 17:30:00,97.28500366210938
2018-01-18 18:30:00,97.29000091552734
2018-01-18 19:30:00,97.2300033569336
2018-01-18 20:30:00,97.30000305175781
2018-01-19 14:30:00,97.37999725341797
2018-01-19 15:30:00,97.86000061035156
2018-01-19 16:30:00,97.48999786376953
2018-01-19 17:30:00,97.6500015258789
2018-01-19 18:30:00,97.44499969482422
2018-01-19 19:30:00,97.4000015258789
2018-01-19 20:30:00,97.47000122070312
2018-01-22 14:30:00,97.80999755859375
2018-01-22 15:30:00,97.70999908447266
2018-01-22 16:30:00,98.05999755859375
2018-01-22 17:30:00,97.95159912109375
2018-01-22 18:30:00,98.16000366210938
2018-01-22 19:30:00,98.48999786376953
2018-01-22 20:30:00,98.69999694824219
2018-01-23 14:30:00,98.93000030517578
2018-01-23 15:30:00,98.66999816894531
2018-01-23 16:30:00,98.55000305175781
2018-01-23 17:30:00,98.4209976196289
2018-01-23 18:30:00,98.19000244140625
2018-01-23 19:30:00,98.23999786376953
2018-01-23 20:30:00,98.52999877929688
2018-01-24 14:30:00,97.52999877929688
2018-01-24 15:30:00,96.75
2018-01-24 16:30:00,96.19000244140625
2018-01-24 17:30:00,95.16999816894531
2018-01-24 18:30:00,95.20999908447266
2018-01-24 19:30:00,95.37999725341797
2018-01-24 20:30:00,95.33999633789062
2018-01-25 14:30:00,95.05999755859375
2018-01-25 15:30:00,95.05500030517578
2018-01-25 16:30:00,94.56999969482422
2018-01-25 17:30:00,93.92500305175781
2018-01-25 18:30:00,93.19000244140625
2018-01-25 19:30:00,92.6500015258789
2018-01-25 20:30:00,92.4800033569336
2018-01-26 14:30:00,95.2699966430664
2018-01-26 15:30:00,96.1500015258789
2018-01-26 16:30:00,95.55000305175781
2018-01-26 17:30:00,95.84100341796875
2018-01-26 18:30:00,95.97000122070312
2018-01-26 19:30:00,96.375
2018-01-26 20:30:00,96.86000061035156
2018-01-29 14:30:00,96.25
2018-01-29 15:30:00,95.77999877929688
2018-01-29 16:30:00,96.25
2018-01-29 17:30:00,96.5199966430664
2018-01-29 18:30:00,96.47000122070312
2018-01-29 19:30:00,96.13999938964844
2018-01-29 20:30:00,96.83999633789062
2018-01-30 14:30:00,96.11000061035156
2018-01-30 15:30:00,95.91999816894531
2018-01-30 16:30:00,95.6500015258789
2018-01-30 17:30:00,95.5199966430664
2018-01-30 18:30:00,95.33999633789062
2018-01-30 19:30:00,95.26000213623047
2018-01-30 20:30:00,95.01000213623047
2018-01-31 14:30:00,95.70999908447266
2018-01-31 15:30:00,95.44000244140625
2018-01-31 16:30:00,95.30999755859375
2018-01-31 17:30:00,95.0999984741211
2018-01-31 18:30:00,94.76000213623047
2018-01-31 19:30:00,95.0
2018-01-31 20:30:00,95.23999786376953
2018-02-01 14:30:00,95.22000122070312
2018-02-01 15:30:00,94.94999694824219
2018-02-01 16:30:00,95.02999877929688
2018-02-01 17:30:00,95.1500015258789
2018-02-01 18:30:00,94.87999725341797
2018-02-01 19:30:00,94.47000122070312
2018-02-01 20:30:00,94.54000091552734
2018-02-02 14:30:00,93.76000213623047
2018-02-02 15:30:00,94.26499938964844
2018-02-02 16:30:00,94.90899658203125
2018-02-02 17:30:00,94.33999633789062
2018-02-02 18:30:00,93.94000244140625
2018-02-02 19:30:00,93.57499694824219
2018-02-02 20:30:00,93.33000183105469
2018-02-05 14:30:00,93.83999633789062
2018-02-05 15:30:00,93.4000015258789
2018-02-05 16:30:00,92.76000213623047
2018-02-05 17:30:00,92.16999816894531
2018-02-05 18:30:00,91.7300033569336
2018-02-05 19:30:00,91.62999725341797
2018-02-05 20:30:00,89.5199966430664
2018-02-06 14:30:00,89.2300033569336
2018-02-06 15:30:00,88.8499984741211
2018-02-06 16:30:00,90.05999755859375
2018-02-06 17:30:00,89.75
2018-02-06 18:30:00,89.2249984741211
2018-02-06 19:30:00,91.30999755859375
2018-02-06 20:30:00,91.91000366210938
2018-02-07 14:30:00,87.41000366210938
2018-02-07 15:30:00,86.20999908447266
2018-02-07 16:30:00,84.18000030517578
2018-02-07 17:30:00,84.36000061035156
2018-02-07 18:30:00,84.68000030517578
2018-02-07 19:30:00,83.88500213623047
2018-02-07 20:30:00,82.80999755859375
2018-02-08 14:30:00,81.01000213623047
2018-02-08 15:30:00,79.8550033569336
2018-02-08 16:30:00,79.6500015258789
2018-02-08 17:30:00,80.3499984741211
2018-02-08 18:30:00,80.29000091552734
2018-02-08 19:30:00,79.75
2018-02-08 20:30:00,79.87000274658203
2018-02-09 14:30:00,81.125
2018-02-09 15:30:00,80.79000091552734
2018-02-09 16:30:00,79.22000122070312
2018-02-09 17:30:00,78.9800033569336
2018-02-09 18:30:00,80.70999908447266
2018-02-09 19:30:00,80.41999816894531
2018-02-09 20:30:00,81.04000091552734
2018-02-12 14:30:00,82.0
2018-02-12 15:30:00,81.94999694824219
2018-02-12 16:30:00,82.81999969482422
2018-02-12 17:30:00,82.5999984741211
2018-02-12 18:30:00,83.20999908447266
2018-02-12 19:30:00,83.44999694824219
2018-02-12 20:30:00,83.04000091552734
2018-02-13 14:30:00,81.08499908447266
2018-02-13 15:30:00,80.55999755859375
2018-02-13 16:30:00,80.25
2018-02-13 17:30:00,80.5199966430664
2018-02-13 18:30:00,80.41999816894531
2018-02-13 19:30:00,80.44000244140625
2018-02-13 20:30:00,80.86000061035156
2018-02-14 14:30:00,81.66000366210938
2018-02-14 15:30:00,81.0999984741211
2018-02-14 16:30:00,80.36000061035156
2018-02-14 17:30:00,80.91000366210938
2018-02-14 18:30:00,81.11000061035156
2018-02-14 19:30:00,82.13999938964844
2018-02-14 20:30:00,82.19999694824219
2018-02-15 14:30:00,82.19000244140625
2018-02-15 15:30:00,81.48999786376953
2018-02-15 16:30:00,81.93000030517578
2018-02-15 17:30:00,82.12000274658203
2018-02-15 18:30:00,81.74500274658203
2018-02-15 19:30:00,82.41999816894531
2018-02-15 20:30:00,82.48999786376953
2018-02-16 14:30:00,82.83999633789062
2018-02-16 15:30:00,83.19000244140625
2018-02-16 16:30:00,83.26300048828125
2018-02-16 17:30:00,83.44999694824219
2018-02-16 18:30:00,83.66000366210938
2018-02-16 19:30:00,83.45999908447266
2018-02-16 20:30:00,83.41000366210938
2018-02-20 14:30:00,84.94000244140625
2018-02-20 15:30:00,86.23999786376953
2018-02-20 16:30:00,86.05000305175781
2018-02-20 17:30:00,85.1156997680664
2018-02-20 18:30:00,85.04000091552734
2018-02-20 19:30:00,84.5
2018-02-20 20:30:00,84.9000015258789
2018-02-21 14:30:00,84.27999877929688
2018-02-21 15:30:00,85.08000183105469
2018-02-21 16:30:00,84.87999725341797
2018-02-21 17:30:00,85.33940124511719
2018-02-21 18:30:00,85.75
2018-02-21 19:30:00,84.7699966430664
2018-02-21 20:30:00,84.1500015258789
2018-02-22 14:30:00,85.0199966430664
2018-02-22 15:30:00,85.37999725341797
2018-02-22 16:30:00,85.08000183105469
2018-02-22 17:30:00,84.4800033569336
2018-02-22 18:30:00,84.6500015258789
2018-02-22 19:30:00,84.26000213623047
2018-02-22 20:30:00,83.94999694824219
2018-02-23 14:30:00,84.3499984741211
2018-02-23 15:30:00,84.3499984741211
2018-02-23 16:30:00,83.86000061035156
2018-02-23 17:30:00,84.11000061035156
2018-02-23 18:30:00,84.13500213623047
2018-02-23 19:30:00,84.87000274658203
2018-02-23 20:30:00,85.15989685058594
2018-02-26 14:30:00,86.41000366210938
2018-02-26 15:30:00,85.36000061035156
2018-02-26 16:30:00,85.5999984741211
2018-02-26 17:30:00,85.7699966430664
2018-02-26 18:30:00,85.83000183105469
2018-02-26 19:30:00,86.08000183105469
2018-02-26 20:30:00,86.38999938964844
2018-02-27 14:30:00,91.54000091552734
2018-02-27 15:30:00,89.92500305175781
2018-02-27 16:30:00,88.5
2018-02-27 17:30:00,89.55999755859375
2018-02-27 18:30:00,88.55000305175781
2018-02-27 19:30:00,88.70999908447266
2018-02-27 20:30:00,88.51000213623047
2018-02-28 14:30:00,89.91000366210938
2018-02-28 15:30:00,89.94000244140625
2018-02-28 16:30:00,89.44999694824219
2018-02-28 17:30:00,89.62000274658203
2018-02-28 18:30:00,89.63999938964844
2018-02-28 19:30:00,89.63999938964844
2018-02-28 20:30:00,88.94000244140625
2018-03-01 14:30:00,89.05999755859375
2018-03-01 15:30:00,89.12999725341797
2018-03-01 16:30:00,88.91500091552734
2018-03-01 17:30:00,88.61000061035156
2018-03-01 18:30:00,88.37999725341797
2018-03-01 19:30:00,88.8499984741211
2018-03-01 20:30:00,89.02999877929688
2018-03-02 14:30:00,91.13999938964844
2018-03-02 15:30:00,90.52999877929688
2018-03-02 16:30:00,91.80000305175781
2018-03-02 17:30:00,90.5199966430664
2018-03-02 18:30:00,91.16000366210938
2018-03-02 19:30:00,91.0647964477539
2018-03-02 20:30:00,91.29499816894531
2018-03-05 14:30:00,93.36000061035156
2018-03-05 15:30:00,93.66000366210938
2018-03-05 16:30:00,94.33000183105469
2018-03-05 17:30:00,94.19000244140625
2018-03-05 18:30:00,93.95999908447266
2018-03-05 19:30:00,94.61499786376953
2018-03-05 20:30:00,94.4800033569336
2018-03-06 14:30:00,95.0
2018-03-06 15:30:00,94.68000030517578
2018-03-06 16:30:00,94.41000366210938
2018-03-06 17:30:00,95.47000122070312
2018-03-06 18:30:00,96.02999877929688
2018-03-06 19:30:00,96.38500213623047
2018-03-06 20:30:00,96.58000183105469
2018-03-07 14:30:00,95.37999725341797
2018-03-07 15:30:00,95.30000305175781
2018-03-07 16:30:00,94.51010131835938
2018-03-07 17:30:00,94.70999908447266
2018-03-07 18:30:00,94.95999908447266
2018-03-07 19:30:00,95.69999694824219
2018-03-07 20:30:00,95.58000183105469
2018-03-08 14:30:00,95.20999908447266
2018-03-08 15:30:00,95.06999969482422
2018-03-08 16:30:00,94.83000183105469
2018-03-08 17:30:00,94.69499969482422
2018-03-08 18:30:00,95.05999755859375
2018-03-08 19:30:00,95.19999694824219
2018-03-08 20:30:00,95.33999633789062
2018-03-09 14:30:00,98.23999786376953
2018-03-09 15:30:00,97.93000030517578
2018-03-09 16:30:00,98.49500274658203
2018-03-09 17:30:00,98.44999694824219
2018-03-09 18:30:00,98.7750015258789
2018-03-09 19:30:00,98.70999908447266
2018-03-09 20:30:00,98.95999908447266
2018-03-12 13:30:00,99.61000061035156
2018-03-12 14:30:00,99.62000274658203
2018-03-12 15:30:00,99.80000305175781
2018-03-12 16:30:00,100.02999877929688
2018-03-12 17:30:00,100.2300033569336
2018-03-12 18:30:00,100.06500244140625
2018-03-12 19:30:00,100.25
2018-03-13 13:30:00,101.2300033569336
2018-03-13 14:30:00,99.69999694824219
2018-03-13 15:30:00,99.0
2018-03-13 16:30:00,98.9800033569336
2018-03-13 17:30:00,98.2300033569336
2018-03-13 18:30:00,97.96499633789062
2018-03-13 19:30:00,98.0199966430664
2018-03-14 13:30:00,98.1500015258789
2018-03-14 14:30:00,97.4000015258789
2018-03-14 15:30:00,97.24500274658203
2018-03-14 16:30:00,97.19000244140625
2018-03-14 17:30:00,97.45999908447266
2018-03-14 18:30:00,97.0999984741211
2018-03-14 19:30:00,97.2699966430664
2018-03-15 13:30:00,97.72989654541016
2018-03-15 14:30:00,97.5999984741211
2018-03-15 15:30:00,97.05999755859375
2018-03-15 16:30:00,97.31500244140625
2018-03-15 17:30:00,97.05000305175781
2018-03-15 18:30:00,97.3499984741211
2018-03-15 19:30:00,97.52999877929688
2018-03-16 13:30:00,98.04000091552734
2018-03-16 14:30:00,98.06999969482422
2018-03-16 15:30:00,97.56999969482422
2018-03-16 16:30:00,97.88500213623047
2018-03-16 17:30:00,98.13999938964844
2018-03-16 18:30:00,97.91000366210938
2018-03-16 19:30:00,98.20999908447266
2018-03-19 13:30:00,96.875
2018-03-19 14:30:00,95.88999938964844
2018-03-19 15:30:00,95.3375015258789
2018-03-19 16:30:00,95.66000366210938
2018-03-19 17:30:00,96.25
2018-03-19 18:30:00,96.6500015258789
2018-03-19 19:30:00,96.9800033569336
2018-03-20 13:30:00,98.13999938964844
2018-03-20 14:30:00,98.05999755859375
2018-03-20 15:30:00,98.23999786376953
2018-03-20 16:30:00,97.69999694824219
2018-03-20 17:30:00,98.1500015258789
2018-03-20 18:30:00,98.55999755859375
2018-03-20 19:30:00,98.5199966430664
2018-03-21 13:30:00,99.01000213623047
2018-03-21 14:30:00,99.4800033569336
2018-03-21 15:30:00,99.77999877929688
2018-03-21 16:30:00,99.66000366210938
2018-03-21 17:30:00,99.4800033569336
2018-03-21 18:30:00,99.35130310058594
2018-03-21 19:30:00,99.2300033569336
2018-03-22 13:30:00,98.51000213623047
2018-03-22 14:30:00,97.31999969482422
2018-03-22 15:30:00,98.02999877929688
2018-03-22 16:30:00,98.2249984741211
2018-03-22 17:30:00,97.70999908447266
2018-03-22 18:30:00,97.51000213623047
2018-03-22 19:30:00,96.55999755859375
2018-03-23 13:30:00,96.4000015258789
2018-03-23 14:30:00,95.9800033569336
2018-03-23 15:30:00,95.7300033569336
2018-03-23 16:30:00,96.00499725341797
2018-03-23 17:30:00,95.77999877929688
2018-03-23 18:30:00,94.87999725341797
2018-03-23 19:30:00,94.0199966430664
2018-03-26 13:30:00,95.91000366210938
2018-03-26 14:30:00,95.2750015258789
2018-03-26 15:30:00,96.12999725341797
2018-03-26 16:30:00,96.45999908447266
2018-03-26 17:30:00,96.91000366210938
2018-03-26 18:30:00,97.6500015258789
2018-03-26 19:30:00,97.98999786376953
2018-03-27 13:30:00,97.9000015258789
2018-03-27 14:30:00,98.16999816894531
2018-03-27 15:30:00,98.06999969482422
2018-03-27 16:30:00,97.9000015258789
2018-03-27 17:30:00,96.62000274658203
2018-03-27 18:30:00,94.77999877929688
2018-03-27 19:30:00,94.3499984741211
2018-03-28 13:30:00,93.11000061035156
2018-03-28 14:30:00,91.9000015258789
2018-03-28 15:30:00,92.58999633789062
2018-03-28 16:30:00,92.30999755859375
2018-03-28 17:30:00,92.08000183105469
2018-03-28 18:30:00,91.48999786376953
2018-03-28 19:30:00,91.1510009765625
2018-03-29 13:30:00,91.37000274658203
2018-03-29 14:30:00,91.44000244140625
2018-03-29 15:30:00,91.16999816894531
2018-03-29 16:30:00,91.30000305175781
2018-03-29 17:30:00,92.16999816894531
2018-03-29 18:30:00,91.98999786376953
2018-03-29 19:30:00,91.3499984741211
2018-04-02 13:30:00,89.55999755859375
2018-04-02 14:30:00,89.06999969482422
2018-04-02 15:30:00,88.70999908447266
2018-04-02 16:30:00,88.69000244140625
2018-04-02 17:30:00,87.875
2018-04-02 18:30:00,87.38999938964844
2018-04-02 19:30:00,87.6500015258789
2018-04-03 13:30:00,87.86000061035156
2018-04-03 14:30:00,88.65499877929688
2018-04-03 15:30:00,87.69000244140625
2018-04-03 16:30:00,88.0
2018-04-03 17:30:00,87.69000244140625
2018-04-03 18:30:00,89.12000274658203
2018-04-03 19:30:00,89.02899932861328
2018-04-04 13:30:00,88.62999725341797
2018-04-04 14:30:00,89.0
2018-04-04 15:30:00,89.13999938964844
2018-04-04 16:30:00,88.58999633789062
2018-04-04 17:30:00,89.5
2018-04-04 18:30:00,90.03500366210938
2018-04-04 19:30:00,90.16999816894531
2018-04-05 13:30:00,89.44999694824219
2018-04-05 14:30:00,90.1500015258789
2018-04-05 15:30:00,89.44999694824219
2018-04-05 16:30:00,89.08000183105469
2018-04-05 17:30:00,88.81500244140625
2018-04-05 18:30:00,89.52999877929688
2018-04-05 19:30:00,89.63999938964844
2018-04-06 13:30:00,88.5999984741211
2018-04-06 14:30:00,87.99500274658203
2018-04-06 15:30:00,87.625
2018-04-06 16:30:00,87.80000305175781
2018-04-06 17:30:00,86.44999694824219
2018-04-06 18:30:00,86.02999877929688
2018-04-06 19:30:00,86.2699966430664
2018-04-09 13:30:00,87.41000366210938
2018-04-09 14:30:00,88.4000015258789
2018-04-09 15:30:00,88.6500015258789
2018-04-09 16:30:00,88.58000183105469
2018-04-09 17:30:00,87.94999694824219
2018-04-09 18:30:00,86.94000244140625
2018-04-09 19:30:00,86.22000122070312
2018-04-10 13:30:00,88.38500213623047
2018-04-10 14:30:00,88.05000305175781
2018-04-10 15:30:00,87.27999877929688
2018-04-10 16:30:00,88.3499984741211
2018-04-10 17:30:00,88.62999725341797
2018-04-10 18:30:00,88.88999938964844
2018-04-10 19:30:00,88.7300033569336
2018-04-11 13:30:00,89.2699966430664
2018-04-11 14:30:00,89.03500366210938
2018-04-11 15:30:00,89.41999816894531
2018-04-11 16:30:00,89.13500213623047
2018-04-11 17:30:00,88.91000366210938
2018-04-11 18:30:00,88.5999984741211
2018-04-11 19:30:00,88.48999786376953
2018-04-12 13:30:00,89.2699966430664
2018-04-12 14:30:00,89.55000305175781
2018-04-12 15:30:00,89.33000183105469
2018-04-12 16:30:00,88.75
2018-04-12 17:30:00,88.77999877929688
2018-04-12 18:30:00,89.30999755859375
2018-04-12 19:30:00,89.05999755859375
2018-04-13 13:30:00,87.79000091552734
2018-04-13 14:30:00,87.83000183105469
2018-04-13 15:30:00,88.23999786376953
2018-04-13 16:30:00,88.18499755859375
2018-04-13 17:30:00,87.83999633789062
2018-04-13 18:30:00,87.16999816894531
2018-04-13 19:30:00,87.33000183105469
2018-04-16 13:30:00,87.37999725341797
2018-04-16 14:30:00,86.30999755859375
2018-04-16 15:30:00,86.8499984741211
2018-04-16 16:30:00,86.80000305175781
2018-04-16 17:30:00,86.69000244140625
2018-04-16 18:30:00,86.56999969482422
2018-04-16 19:30:00,86.26000213623047
2018-04-17 13:30:00,87.91000366210938
2018-04-17 14:30:00,88.4000015258789
2018-04-17 15:30:00,88.74500274658203
2018-04-17 16:30:00,89.33000183105469
2018-04-17 17:30:00,89.4000015258789
2018-04-17 18:30:00,89.36000061035156
2018-04-17 19:30:00,89.06999969482422
2018-04-18 13:30:00,88.2300033569336
2018-04-18 14:30:00,88.12999725341797
2018-04-18 15:30:00,88.38999938964844
2018-04-18 16:30:00,88.38999938964844
2018-04-18 17:30:00,88.6500015258789
2018-04-18 18:30:00,88.41000366210938
2018-04-18 19:30:00,88.0
2018-04-19 13:30:00,85.79199981689453
2018-04-19 14:30:00,85.44000244140625
2018-04-19 15:30:00,85.44000244140625
2018-04-19 16:30:00,85.52999877929688
2018-04-19 17:30:00,84.9000015258789
2018-04-19 18:30:00,85.25
2018-04-19 19:30:00,85.16000366210938
2018-04-20 13:30:00,86.47000122070312
2018-04-20 14:30:00,85.30999755859375
2018-04-20 15:30:00,85.7300033569336
2018-04-20 16:30:00,86.1572036743164
2018-04-20 17:30:00,85.76000213623047
2018-04-20 18:30:00,85.36499786376953
2018-04-20 19:30:00,85.6500015258789
2018-04-23 13:30:00,85.86000061035156
2018-04-23 14:30:00,86.41999816894531
2018-04-23 15:30:00,85.44999694824219
2018-04-23 16:30:00,85.0
2018-04-23 17:30:00,84.87999725341797
2018-04-23 18:30:00,84.83999633789062
2018-04-23 19:30:00,84.41999816894531
2018-04-24 13:30:00,83.95999908447266
2018-04-24 14:30:00,83.37000274658203
2018-04-24 15:30:00,82.19000244140625
2018-04-24 16:30:00,82.5999984741211
2018-04-24 17:30:00,81.55999755859375
2018-04-24 18:30:00,82.22000122070312
2018-04-24 19:30:00,82.41000366210938
2018-04-25 13:30:00,82.69000244140625
2018-04-25 14:30:00,83.94999694824219
2018-04-25 15:30:00,83.29000091552734
2018-04-25 16:30:00,83.20999908447266
2018-04-25 17:30:00,83.0
2018-04-25 18:30:00,83.0999984741211
2018-04-25 19:30:00,82.97000122070312
2018-04-26 13:30:00,84.88999938964844
2018-04-26 14:30:00,85.08999633789062
2018-04-26 15:30:00,84.98999786376953
2018-04-26 16:30:00,84.86000061035156
2018-04-26 17:30:00,84.44000244140625
2018-04-26 18:30:00,84.72000122070312
2018-04-26 19:30:00,84.9000015258789
2018-04-27 13:30:00,84.05000305175781
2018-04-27 14:30:00,84.30000305175781
2018-04-27 15:30:00,84.4800033569336
2018-04-27 16:30:00,84.58999633789062
2018-04-27 17:30:00,84.7699966430664
2018-04-27 18:30:00,84.73999786376953
2018-04-27 19:30:00,84.66000366210938
2018-04-30 13:30:00,84.51000213623047
2018-04-30 14:30:00,84.6500015258789
2018-04-30 15:30:00,83.87999725341797
2018-04-30 16:30:00,83.93000030517578
2018-04-30 17:30:00,83.86000061035156
2018-04-30 18:30:00,83.94999694824219
2018-04-30 19:30:00,83.66000366210938
2018-05-01 13:30:00,83.41999816894531
2018-05-01 14:30:00,84.06999969482422
2018-05-01 15:30:00,84.08000183105469
2018-05-01 16:30:00,83.76000213623047
2018-05-01 17:30:00,84.37000274658203
2018-05-01 18:30:00,84.5199966430664
2018-05-01 19:30:00,84.9800033569336
2018-05-02 13:30:00,85.31999969482422
2018-05-02 14:30:00,84.56999969482422
2018-05-02 15:30:00,84.51000213623047
2018-05-02 16:30:00,84.9000015258789
2018-05-02 17:30:00,85.2300033569336
2018-05-02 18:30:00,84.79000091552734
2018-05-02 19:30:00,84.80000305175781
2018-05-03 13:30:00,82.87000274658203
2018-05-03 14:30:00,83.44999694824219
2018-05-03 15:30:00,83.88999938964844
2018-05-03 16:30:00,85.03500366210938
2018-05-03 17:30:00,85.2300033569336
2018-05-03 18:30:00,86.18000030517578
2018-05-03 19:30:00,86.11000061035156
2018-05-04 13:30:00,86.55000305175781
2018-05-04 14:30:00,87.06999969482422
2018-05-04 15:30:00,87.4800033569336
2018-05-04 16:30:00,86.9000015258789
2018-05-04 17:30:00,87.54000091552734
2018-05-04 18:30:00,87.55999755859375
2018-05-04 19:30:00,87.52999877929688
2018-05-07 13:30:00,88.4000015258789
2018-05-07 14:30:00,88.67500305175781
2018-05-07 15:30:00,89.2249984741211
2018-05-07 16:30:00,89.25
2018-05-07 17:30:00,89.20999908447266
2018-05-07 18:30:00,88.37000274658203
2018-05-07 19:30:00,88.73999786376953
2018-05-08 13:30:00,88.04000091552734
2018-05-08 14:30:00,89.33999633789062
2018-05-08 15:30:00,89.27999877929688
2018-05-08 16:30:00,89.75
2018-05-08 17:30:00,89.6583023071289
2018-05-08 18:30:00,90.23999786376953
2018-05-08 19:30:00,90.62999725341797
2018-05-09 13:30:00,89.5199966430664
2018-05-09 14:30:00,90.16000366210938
2018-05-09 15:30:00,90.88999938964844
2018-05-09 16:30:00,91.31999969482422
2018-05-09 17:30:00,91.56999969482422
2018-05-09 18:30:00,91.7300033569336
2018-05-09 19:30:00,91.86000061035156
2018-05-10 13:30:00,92.30999755859375
2018-05-10 14:30:00,92.76000213623047
2018-05-10 15:30:00,92.61000061035156
2018-05-10 16:30:00,92.44000244140625
2018-05-10 17:30:00,92.43800354003906
2018-05-10 18:30:00,92.72000122070312
2018-05-10 19:30:00,93.18000030517578
2018-05-11 13:30:00,93.86000061035156
2018-05-11 14:30:00,93.44999694824219
2018-05-11 15:30:00,93.44499969482422
2018-05-11 16:30:00,93.08999633789062
2018-05-11 17:30:00,92.66999816894531
2018-05-11 18:30:00,92.83000183105469
2018-05-11 19:30:00,92.94000244140625
2018-05-14 13:30:00,94.22000122070312
2018-05-14 14:30:00,93.80999755859375
2018-05-14 15:30:00,93.63999938964844
2018-05-14 16:30:00,93.53500366210938
2018-05-14 17:30:00,93.55000305175781
2018-05-14 18:30:00,93.66999816894531
2018-05-14 19:30:00,93.47000122070312
2018-05-15 13:30:00,92.94000244140625
2018-05-15 14:30:00,93.5199966430664
2018-05-15 15:30:00,93.05999755859375
2018-05-15 16:30:00,92.7300033569336
2018-05-15 17:30:00,93.33000183105469
2018-05-15 18:30:00,93.12999725341797
2018-05-15 19:30:00,93.36000061035156
2018-05-16 13:30:00,93.31999969482422
2018-05-16 14:30:00,93.20999908447266
2018-05-16 15:30:00,93.83999633789062
2018-05-16 16:30:00,93.70999908447266
2018-05-16 17:30:00,93.87999725341797
2018-05-16 18:30:00,93.4800033569336
2018-05-16 19:30:00,93.52999877929688
2018-05-17 13:30:00,93.6500015258789
2018-05-17 14:30:00,93.7699966430664
2018-05-17 15:30:00,93.41000366210938
2018-05-17 16:30:00,93.3499984741211
2018-05-17 17:30:00,93.22989654541016
2018-05-17 18:30:00,93.43000030517578
2018-05-17 19:30:00,93.36000061035156
2018-05-18 13:30:00,92.2699966430664
2018-05-18 14:30:00,93.11000061035156
2018-05-18 15:30:00,93.02999877929688
2018-05-18 16:30:00,93.11000061035156
2018-05-18 17:30:00,93.22000122070312
2018-05-18 18:30:00,93.07499694824219
2018-05-18 19:30:00,92.79000091552734
2018-05-21 13:30:00,94.12000274658203
2018-05-21 14:30:00,93.41999816894531
2018-05-21 15:30:00,93.80000305175781
2018-05-21 16:30:00,93.61499786376953
2018-05-21 17:30:00,93.19999694824219
2018-05-21 18:30:00,93.68000030517578
2018-05-21 19:30:00,93.79000091552734
2018-05-22 13:30:00,94.0199966430664
2018-05-22 14:30:00,94.80000305175781
2018-05-22 15:30:00,94.33999633789062
2018-05-22 16:30:00,94.31999969482422
2018-05-22 17:30:00,94.80000305175781
2018-05-22 18:30:00,94.7300033569336
2018-05-22 19:30:00,94.33999633789062
2018-05-23 13:30:00,93.25
2018-05-23 14:30:00,93.4800033569336
2018-05-23 15:30:00,93.41000366210938
2018-05-23 16:30:00,93.37999725341797
2018-05-23 17:30:00,93.47000122070312
2018-05-23 18:30:00,93.88999938964844
2018-05-23 19:30:00,94.12999725341797
2018-05-24 13:30:00,93.97000122070312
2018-05-24 14:30:00,93.87000274658203
2018-05-24 15:30:00,94.37999725341797
2018-05-24 16:30:00,94.62000274658203
2018-05-24 17:30:00,94.68000030517578
2018-05-24 18:30:00,94.81999969482422
2018-05-24 19:30:00,94.87000274658203
2018-05-25 13:30:00,95.48999786376953
2018-05-25 14:30:00,95.4800033569336
2018-05-25 15:30:00,95.52999877929688
2018-05-25 16:30:00,95.55000305175781
2018-05-25 17:30:00,95.87000274658203
2018-05-25 18:30:00,95.86000061035156
2018-05-25 19:30:00,95.80999755859375
2018-05-29 13:30:00,95.27999877929688
2018-05-29 14:30:00,95.19000244140625
2018-05-29 15:30:00,94.83999633789062
2018-05-29 16:30:00,94.91999816894531
2018-05-29 17:30:00,95.19999694824219
2018-05-29 18:30:00,94.87000274658203
2018-05-29 19:30:00,95.19000244140625
2018-05-30 13:30:00,98.7699966430664
2018-05-30 14:30:00,98.12000274658203
2018-05-30 15:30:00,97.45999908447266
2018-05-30 16:30:00,97.67500305175781
2018-05-30 17:30:00,97.16999816894531
2018-05-30 18:30:00,97.44999694824219
2018-05-30 19:30:00,97.54000091552734
2018-05-31 13:30:00,97.98999786376953
2018-05-31 14:30:00,97.87000274658203
2018-05-31 15:30:00,98.33000183105469
2018-05-31 16:30:00,98.12000274658203
2018-05-31 17:30:00,98.0199966430664
2018-05-31 18:30:00,97.93000030517578
2018-05-31 19:30:00,97.38999938964844
2018-06-01 13:30:00,98.66999816894531
2018-06-01 14:30:00,99.08930206298828
2018-06-01 15:30:00,99.69999694824219
2018-06-01 16:30:00,100.18000030517578
2018-06-01 17:30:00,100.62000274658203
2018-06-01 18:30:00,100.68000030517578
2018-06-01 19:30:00,101.05000305175781
2018-06-04 13:30:00,101.12000274658203
2018-06-04 14:30:00,100.68000030517578
2018-06-04 15:30:00,100.98500061035156
2018-06-04 16:30:00,100.97000122070312
2018-06-04 17:30:00,101.30000305175781
2018-06-04 18:30:00,101.58000183105469
2018-06-04 19:30:00,101.37000274658203
2018-06-05 13:30:00,101.77999877929688
2018-06-05 14:30:00,101.63999938964844
2018-06-05 15:30:00,101.72000122070312
2018-06-05 16:30:00,101.94999694824219
2018-06-05 17:30:00,102.08000183105469
2018-06-05 18:30:00,101.94999694824219
2018-06-05 19:30:00,102.16999816894531
2018-06-06 13:30:00,102.23999786376953
2018-06-06 14:30:00,102.6500015258789
2018-06-06 15:30:00,102.2300033569336
2018-06-06 16:30:00,102.56500244140625
2018-06-06 17:30:00,102.53500366210938
2018-06-06 18:30:00,103.01000213623047
2018-06-06 19:30:00,103.30999755859375
2018-06-07 13:30:00,102.84500122070312
2018-06-07 14:30:00,102.4000015258789
2018-06-07 15:30:00,101.8499984741211
2018-06-07 16:30:00,101.44000244140625
2018-06-07 17:30:00,101.86000061035156
2018-06-07 18:30:00,102.0999984741211
2018-06-07 19:30:00,102.21099853515625
2018-06-08 13:30:00,101.37999725341797
2018-06-08 14:30:00,101.38999938964844
2018-06-08 15:30:00,102.13999938964844
2018-06-08 16:30:00,102.05999755859375
2018-06-08 17:30:00,102.05000305175781
2018-06-08 18:30:00,102.11499786376953
2018-06-08 19:30:00,102.12000274658203
2018-06-11 13:30:00,102.29000091552734
2018-06-11 14:30:00,102.18000030517578
2018-06-11 15:30:00,102.48999786376953
2018-06-11 16:30:00,102.57499694824219
2018-06-11 17:30:00,102.63999938964844
2018-06-11 18:30:00,102.58000183105469
2018-06-11 19:30:00,102.4000015258789
2018-06-12 13:30:00,102.20999908447266
2018-06-12 14:30:00,102.58999633789062
2018-06-12 15:30:00,102.87000274658203
2018-06-12 16:30:00,102.80999755859375
2018-06-12 17:30:00,102.31999969482422
2018-06-12 18:30:00,102.72000122070312
2018-06-12 19:30:00,102.69000244140625
2018-06-13 13:30:00,102.30999755859375
2018-06-13 14:30:00,102.5
2018-06-13 15:30:00,102.54000091552734
2018-06-13 16:30:00,102.6500015258789
2018-06-13 17:30:00,102.1050033569336
2018-06-13 18:30:00,102.2300033569336
2018-06-13 19:30:00,102.08000183105469
2018-06-14 13:30:00,102.58000183105469
2018-06-14 14:30:00,102.33999633789062
2018-06-14 15:30:00,102.80000305175781
2018-06-14 16:30:00,102.61000061035156
2018-06-14 17:30:00,102.6500015258789
2018-06-14 18:30:00,102.54000091552734
2018-06-14 19:30:00,102.55999755859375
2018-06-15 13:30:00,101.52999877929688
2018-06-15 14:30:00,101.69999694824219
2018-06-15 15:30:00,101.91999816894531
2018-06-15 16:30:00,101.9000015258789
2018-06-15 17:30:00,101.83999633789062
2018-06-15 18:30:00,102.0
2018-06-15 19:30:00,102.0
2018-06-18 13:30:00,100.58000183105469
2018-06-18 14:30:00,101.20999908447266
2018-06-18 15:30:00,101.15499877929688
2018-06-18 16:30:00,101.41999816894531
2018-06-18 17:30:00,101.51000213623047
2018-06-18 18:30:00,101.58999633789062
2018-06-18 19:30:00,101.63099670410156
2018-06-19 13:30:00,100.0
2018-06-19 14:30:00,100.44989776611328
2018-06-19 15:30:00,100.48999786376953
2018-06-19 16:30:00,100.37999725341797
2018-06-19 17:30:00,100.48999786376953
2018-06-19 18:30:00,100.29499816894531
2018-06-19 19:30:00,100.4000015258789
2018-06-20 13:30:00,100.69000244140625
2018-06-20 14:30:00,101.08000183105469
2018-06-20 15:30:00,101.30000305175781
2018-06-20 16:30:00,101.16999816894531
2018-06-20 17:30:00,101.44999694824219
2018-06-20 18:30:00,101.0199966430664
2018-06-20 19:30:00,101.2300033569336
2018-06-21 13:30:00,99.9000015258789
2018-06-21 14:30:00,99.41000366210938
2018-06-21 15:30:00,99.25
2018-06-21 16:30:00,99.16999816894531
2018-06-21 17:30:00,99.30999755859375
2018-06-21 18:30:00,99.13999938964844
2018-06-21 19:30:00,98.72000122070312
2018-06-22 13:30:00,97.70999908447266
2018-06-22 14:30:00,97.08999633789062
2018-06-22 15:30:00,96.55000305175781
2018-06-22 16:30:00,97.33000183105469
2018-06-22 17:30:00,97.19999694824219
2018-06-22 18:30:00,97.30999755859375
2018-06-22 19:30:00,96.91000366210938
2018-06-25 13:30:00,93.37999725341797
2018-06-25 14:30:00,93.16000366210938
2018-06-25 15:30:00,93.30999755859375
2018-06-25 16:30:00,93.58999633789062
2018-06-25 17:30:00,93.37000274658203
2018-06-25 18:30:00,92.90499877929688
2018-06-25 19:30:00,93.25
2018-06-26 13:30:00,93.47000122070312
2018-06-26 14:30:00,92.79000091552734
2018-06-26 15:30:00,92.9000015258789
2018-06-26 16:30:00,93.4800033569336
2018-06-26 17:30:00,93.48999786376953
2018-06-26 18:30:00,92.94999694824219
2018-06-26 19:30:00,93.06999969482422
2018-06-27 13:30:00,92.91999816894531
2018-06-27 14:30:00,92.5199966430664
2018-06-27 15:30:00,92.66000366210938
2018-06-27 16:30:00,91.77999877929688
2018-06-27 17:30:00,91.2750015258789
2018-06-27 18:30:00,91.05500030517578
2018-06-27 19:30:00,90.27999877929688
2018-06-28 13:30:00,90.13999938964844
2018-06-28 14:30:00,90.75
2018-06-28 15:30:00,90.27999877929688
2018-06-28 16:30:00,90.3499984741211
2018-06-28 17:30:00,90.88999938964844
2018-06-28 18:30:00,90.4800033569336
2018-06-28 19:30:00,90.44000244140625
2018-06-29 13:30:00,90.87000274658203
2018-06-29 14:30:00,91.69999694824219
2018-06-29 15:30:00,91.81999969482422
2018-06-29 16:30:00,91.6500015258789
2018-06-29 17:30:00,91.55500030517578
2018-06-29 18:30:00,91.62000274658203
2018-06-29 19:30:00,90.95999908447266
2018-07-02 13:30:00,90.0
2018-07-02 14:30:00,90.02999877929688
2018-07-02 15:30:00,90.2699966430664
2018-07-02 16:30:00,90.55000305175781
2018-07-02 17:30:00,91.16000366210938
2018-07-02 18:30:00,91.0199966430664
2018-07-02 19:30:00,91.48999786376953
2018-07-03 13:30:00,91.45500183105469
2018-07-03 14:30:00,91.11740112304688
2018-07-03 15:30:00,90.73899841308594
2018-07-03 17:00:00,90.2300033569336
2018-07-05 13:30:00,91.16999816894531
2018-07-05 14:30:00,91.30000305175781
2018-07-05 15:30:00,92.11000061035156
2018-07-05 16:30:00,92.02999877929688
2018-07-05 17:30:00,91.80000305175781
2018-07-05 18:30:00,91.99500274658203
2018-07-05 19:30:00,92.11000061035156
2018-07-06 13:30:00,92.37999725341797
2018-07-06 14:30:00,92.7300033569336
2018-07-06 15:30:00,93.16000366210938
2018-07-06 16:30:00,93.18000030517578
2018-07-06 17:30:00,93.45999908447266
2018-07-06 18:30:00,93.7699966430664
2018-07-06 19:30:00,93.41999816894531
2018-07-09 13:30:00,92.73999786376953
2018-07-09 14:30:00,92.52999877929688
2018-07-09 15:30:00,92.7699966430664
2018-07-09 16:30:00,92.94499969482422
2018-07-09 17:30:00,93.16999816894531
2018-07-09 18:30:00,93.20999908447266
2018-07-09 19:30:00,93.41000366210938
2018-07-10 13:30:00,93.83000183105469
2018-07-10 14:30:00,93.8499984741211
2018-07-10 15:30:00,94.625
2018-07-10 16:30:00,94.44999694824219
2018-07-10 17:30:00,94.26000213623047
2018-07-10 18:30:00,94.55000305175781
2018-07-10 19:30:00,94.58000183105469
2018-07-11 13:30:00,93.94000244140625
2018-07-11 14:30:00,92.63999938964844
2018-07-11 15:30:00,92.45999908447266
2018-07-11 16:30:00,92.23999786376953
2018-07-11 17:30:00,91.9800033569336
2018-07-11 18:30:00,91.94999694824219
2018-07-11 19:30:00,92.02999877929688
2018-07-12 13:30:00,93.73500061035156
2018-07-12 14:30:00,93.58000183105469
2018-07-12 15:30:00,93.87000274658203
2018-07-12 16:30:00,93.91439819335938
2018-07-12 17:30:00,93.87000274658203
2018-07-12 18:30:00,94.19999694824219
2018-07-12 19:30:00,94.30999755859375
2018-07-13 13:30:00,94.12000274658203
2018-07-13 14:30:00,94.1500015258789
2018-07-13 15:30:00,94.11000061035156
2018-07-13 16:30:00,94.08000183105469
2018-07-13 17:30:00,93.97000122070312
2018-07-13 18:30:00,94.05999755859375
2018-07-13 19:30:00,94.05000305175781
2018-07-16 13:30:00,94.37000274658203
2018-07-16 14:30:00,94.45999908447266
2018-07-16 15:30:00,94.70999908447266
2018-07-16 16:30:00,94.58999633789062
2018-07-16 17:30:00,94.30000305175781
2018-07-16 18:30:00,94.22000122070312
2018-07-16 19:30:00,94.11000061035156
2018-07-17 13:30:00,93.36000061035156
2018-07-17 14:30:00,94.16899871826172
2018-07-17 15:30:00,94.44999694824219
2018-07-17 16:30:00,94.62000274658203
2018-07-17 17:30:00,94.9800033569336
2018-07-17 18:30:00,94.8499984741211
2018-07-17 19:30:00,95.05000305175781
2018-07-18 13:30:00,95.55500030517578
2018-07-18 14:30:00,95.23999786376953
2018-07-18 15:30:00,95.58000183105469
2018-07-18 16:30:00,95.73999786376953
2018-07-18 17:30:00,95.66999816894531
2018-07-18 18:30:00,95.66999816894531
2018-07-18 19:30:00,95.75
2018-07-19 13:30:00,94.58000183105469
2018-07-19 14:30:00,94.69000244140625
2018-07-19 15:30:00,94.73999786376953
2018-07-19 16:30:00,94.86000061035156
2018-07-19 17:30:00,95.06999969482422
2018-07-19 18:30:00,94.87999725341797
2018-07-19 19:30:00,94.80000305175781
2018-07-20 13:30:00,94.72000122070312
2018-07-20 14:30:00,94.75
2018-07-20 15:30:00,94.54010009765625
2018-07-20 16:30:00,94.78500366210938
2018-07-20 17:30:00,94.5199966430664
2018-07-20 18:30:00,94.44999694824219
2018-07-20 19:30:00,94.38999938964844
2018-07-23 13:30:00,93.33000183105469
2018-07-23 14:30:00,93.87999725341797
2018-07-23 15:30:00,94.44000244140625
2018-07-23 16:30:00,94.20999908447266
2018-07-23 17:30:00,94.44999694824219
2018-07-23 18:30:00,94.36000061035156
2018-07-23 19:30:00,94.25
2018-07-24 13:30:00,95.06999969482422
2018-07-24 14:30:00,94.58999633789062
2018-07-24 15:30:00,94.41999816894531
2018-07-24 16:30:00,93.69499969482422
2018-07-24 17:30:00,93.22000122070312
2018-07-24 18:30:00,93.31999969482422
2018-07-24 19:30:00,93.2699966430664
2018-07-25 13:30:00,91.38999938964844
2018-07-25 14:30:00,91.27999877929688
2018-07-25 15:30:00,92.43000030517578
2018-07-25 16:30:00,92.52999877929688
2018-07-25 17:30:00,92.7300033569336
2018-07-25 18:30:00,91.5999984741211
2018-07-25 19:30:00,92.95999908447266
2018-07-26 13:30:00,93.0999984741211
2018-07-26 14:30:00,94.44999694824219
2018-07-26 15:30:00,93.91000366210938
2018-07-26 16:30:00,94.16999816894531
2018-07-26 17:30:00,94.27999877929688
2018-07-26 18:30:00,94.6500015258789
2018-07-26 19:30:00,94.66999816894531
2018-07-27 13:30:00,96.30999755859375
2018-07-27 14:30:00,96.19000244140625
2018-07-27 15:30:00,95.94999694824219
2018-07-27 16:30:00,95.58000183105469
2018-07-27 17:30:00,95.4800033569336
2018-07-27 18:30:00,95.41000366210938
2018-07-27 19:30:00,95.30999755859375
2018-07-30 13:30:00,94.66840362548828
2018-07-30 14:30:00,94.11000061035156
2018-07-30 15:30:00,93.48999786376953
2018-07-30 16:30:00,93.87000274658203
2018-07-30 17:30:00,93.87999725341797
2018-07-30 18:30:00,93.62999725341797
2018-07-30 19:30:00,93.19000244140625
2018-07-31 13:30:00,93.66000366210938
2018-07-31 14:30:00,93.62999725341797
2018-07-31 15:30:00,93.93000030517578
2018-07-31 16:30:00,93.94999694824219
2018-07-31 17:30:00,93.91000366210938
2018-07-31 18:30:00,93.70999908447266
2018-07-31 19:30:00,93.41999816894531
2018-08-01 13:30:00,94.33000183105469
2018-08-01 14:30:00,94.05000305175781
2018-08-01 15:30:00,93.48999786376953
2018-08-01 16:30:00,93.44999694824219
2018-08-01 17:30:00,93.55000305175781
2018-08-01 18:30:00,93.61000061035156
2018-08-01 19:30:00,93.58999633789062
2018-08-02 13:30:00,94.29000091552734
2018-08-02 14:30:00,94.18000030517578
2018-08-02 15:30:00,94.75499725341797
2018-08-02 16:30:00,94.80999755859375
2018-08-02 17:30:00,94.69999694824219
2018-08-02 18:30:00,94.29000091552734
2018-08-02 19:30:00,94.5999984741211
2018-08-03 13:30:00,94.72000122070312
2018-08-03 14:30:00,94.25
2018-08-03 15:30:00,94.36000061035156
2018-08-03 16:30:00,94.69000244140625
2018-08-03 17:30:00,94.66999816894531
2018-08-03 18:30:00,94.98999786376953
2018-08-03 19:30:00,95.0999984741211
2018-08-06 13:30:00,95.4800033569336
2018-08-06 14:30:00,95.20050048828125
2018-08-06 15:30:00,95.125
2018-08-06 16:30:00,95.2300033569336
2018-08-06 17:30:00,95.12999725341797
2018-08-06 18:30:00,95.21600341796875
2018-08-06 19:30:00,95.6050033569336
2018-08-07 13:30:00,96.63999938964844
2018-08-07 14:30:00,96.30000305175781
2018-08-07 15:30:00,96.86499786376953
2018-08-07 16:30:00,96.91000366210938
2018-08-07 17:30:00,97.41000366210938
2018-08-07 18:30:00,97.3949966430664
2018-08-07 19:30:00,97.27999877929688
2018-08-08 13:30:00,97.19000244140625
2018-08-08 14:30:00,97.0999984741211
2018-08-08 15:30:00,97.2699966430664
2018-08-08 16:30:00,97.48899841308594
2018-08-08 17:30:00,97.80999755859375
2018-08-08 18:30:00,97.69000244140625
2018-08-08 19:30:00,97.75
2018-08-09 13:30:00,97.9800033569336
2018-08-09 14:30:00,97.47000122070312
2018-08-09 15:30:00,97.81999969482422
2018-08-09 16:30:00,97.75499725341797
2018-08-09 17:30:00,97.98999786376953
2018-08-09 18:30:00,97.87999725341797
2018-08-09 19:30:00,98.04000091552734
2018-08-10 13:30:00,85.52359771728516
2018-08-10 14:30:00,86.12000274658203
2018-08-10 15:30:00,87.81999969482422
2018-08-10 16:30:00,88.89009857177734
2018-08-10 17:30:00,86.6500015258789
2018-08-10 18:30:00,86.68499755859375
2018-08-10 19:30:00,87.40499877929688
2018-08-13 13:30:00,87.25
2018-08-13 14:30:00,87.01000213623047
2018-08-13 15:30:00,87.7699966430664
2018-08-13 16:30:00,87.37999725341797
2018-08-13 17:30:00,87.25
2018-08-13 18:30:00,87.05500030517578
2018-08-13 19:30:00,87.0250015258789
2018-08-14 13:30:00,85.08999633789062
2018-08-14 14:30:00,84.80000305175781
2018-08-14 15:30:00,84.38999938964844
2018-08-14 16:30:00,83.7300033569336
2018-08-14 17:30:00,83.97000122070312
2018-08-14 18:30:00,84.0199966430664
2018-08-14 19:30:00,84.08000183105469
2018-08-15 13:30:00,82.22000122070312
2018-08-15 14:30:00,82.40989685058594
2018-08-15 15:30:00,82.38999938964844
2018-08-15 16:30:00,81.37000274658203
2018-08-15 17:30:00,82.4000015258789
2018-08-15 18:30:00,82.30000305175781
2018-08-15 19:30:00,82.33999633789062
2018-08-16 13:30:00,83.44999694824219
2018-08-16 14:30:00,83.2300033569336
2018-08-16 15:30:00,82.58000183105469
2018-08-16 16:30:00,82.50080108642578
2018-08-16 17:30:00,82.2699966430664
2018-08-16 18:30:00,81.88999938964844
2018-08-16 19:30:00,81.80000305175781
2018-08-17 13:30:00,80.81590270996094
2018-08-17 14:30:00,81.05560302734375
2018-08-17 15:30:00,81.66999816894531
2018-08-17 16:30:00,81.11000061035156
2018-08-17 17:30:00,82.31999969482422
2018-08-17 18:30:00,82.83999633789062
2018-08-17 19:30:00,83.01000213623047
2018-08-20 13:30:00,82.0
2018-08-20 14:30:00,81.7699966430664
2018-08-20 15:30:00,82.125
2018-08-20 16:30:00,82.48999786376953
2018-08-20 17:30:00,82.77999877929688
2018-08-20 18:30:00,82.43000030517578
2018-08-20 19:30:00,82.50990295410156
2018-08-21 13:30:00,84.0199966430664
2018-08-21 14:30:00,84.5
2018-08-21 15:30:00,85.42500305175781
2018-08-21 16:30:00,85.6500015258789
2018-08-21 17:30:00,85.80000305175781
2018-08-21 18:30:00,85.2300033569336
2018-08-21 19:30:00,85.01000213623047
2018-08-22 13:30:00,83.91000366210938
2018-08-22 14:30:00,84.5999984741211
2018-08-22 15:30:00,85.05000305175781
2018-08-22 16:30:00,85.00499725341797
2018-08-22 17:30:00,85.0790023803711
2018-08-22 18:30:00,85.1458969116211
2018-08-22 19:30:00,85.41999816894531
2018-08-23 13:30:00,86.69999694824219
2018-08-23 14:30:00,85.87000274658203
2018-08-23 15:30:00,86.29000091552734
2018-08-23 16:30:00,86.20700073242188
2018-08-23 17:30:00,86.08999633789062
2018-08-23 18:30:00,85.69999694824219
2018-08-23 19:30:00,85.66999816894531
2018-08-24 13:30:00,86.83999633789062
2018-08-24 14:30:00,86.44999694824219
2018-08-24 15:30:00,86.5999984741211
2018-08-24 16:30:00,86.8499984741211
2018-08-24 17:30:00,86.87999725341797
2018-08-24 18:30:00,86.76000213623047
2018-08-24 19:30:00,86.9800033569336
2018-08-27 13:30:00,88.62999725341797
2018-08-27 14:30:00,88.22000122070312
2018-08-27 15:30:00,88.67500305175781
2018-08-27 16:30:00,88.66999816894531
2018-08-27 17:30:00,88.34500122070312
2018-08-27 18:30:00,88.41000366210938
2018-08-27 19:30:00,88.37999725341797
2018-08-28 13:30:00,88.0
2018-08-28 14:30:00,87.5824966430664
2018-08-28 15:30:00,87.5199966430664
2018-08-28 16:30:00,87.37000274658203
2018-08-28 17:30:00,87.62000274658203
2018-08-28 18:30:00,87.37000274658203
2018-08-28 19:30:00,87.4800033569336
2018-08-29 13:30:00,86.83000183105469
2018-08-29 14:30:00,86.58999633789062
2018-08-29 15:30:00,86.83999633789062
2018-08-29 16:30:00,86.81999969482422
2018-08-29 17:30:00,86.97000122070312
2018-08-29 18:30:00,87.0999984741211
2018-08-29 19:30:00,86.79000091552734
2018-08-30 13:30:00,85.55000305175781
2018-08-30 14:30:00,85.69000244140625
2018-08-30 15:30:00,86.29000091552734
2018-08-30 16:30:00,86.41000366210938
2018-08-30 17:30:00,85.70999908447266
2018-08-30 18:30:00,85.41999816894531
2018-08-30 19:30:00,85.56999969482422
2018-08-31 13:30:00,85.34100341796875
2018-08-31 14:30:00,85.55000305175781
2018-08-31 15:30:00,85.83000183105469
2018-08-31 16:30:00,85.75
2018-08-31 17:30:00,86.0
2018-08-31 18:30:00,86.0999984741211
2018-08-31 19:30:00,86.0199966430664
2018-09-04 13:30:00,85.62999725341797
2018-09-04 14:30:00,85.45999908447266
2018-09-04 15:30:00,85.6500015258789
2018-09-04 16:30:00,85.72339630126953
2018-09-04 17:30:00,85.93000030517578
2018-09-04 18:30:00,86.12000274658203
2018-09-04 19:30:00,86.12000274658203
2018-09-05 13:30:00,85.2300033569336
2018-09-05 14:30:00,85.11000061035156
2018-09-05 15:30:00,85.2699966430664
2018-09-05 16:30:00,85.1500015258789
2018-09-05 17:30:00,85.1500015258789
2018-09-05 18:30:00,84.9800033569336
2018-09-05 19:30:00,85.16000366210938
2018-09-06 13:30:00,83.72000122070312
2018-09-06 14:30:00,83.19999694824219
2018-09-06 15:30:00,83.21499633789062
2018-09-06 16:30:00,83.33000183105469
2018-09-06 17:30:00,83.33499908447266
2018-09-06 18:30:00,83.90139770507812
2018-09-06 19:30:00,83.9000015258789
2018-09-07 13:30:00,84.27999877929688
2018-09-07 14:30:00,84.66999816894531
2018-09-07 15:30:00,83.75
2018-09-07 16:30:00,83.55000305175781
2018-09-07 17:30:00,83.5999984741211
2018-09-07 18:30:00,83.18119812011719
2018-09-07 19:30:00,83.08000183105469
2018-09-10 13:30:00,83.56500244140625
2018-09-10 14:30:00,83.52999877929688
2018-09-10 15:30:00,83.68000030517578
2018-09-10 16:30:00,83.69000244140625
2018-09-10 17:30:00,83.87000274658203
2018-09-10 18:30:00,83.9728012084961
2018-09-10 19:30:00,84.02999877929688
2018-09-11 13:30:00,82.55000305175781
2018-09-11 14:30:00,83.01000213623047
2018-09-11 15:30:00,83.27999877929688
2018-09-11 16:30:00,83.56999969482422
2018-09-11 17:30:00,83.62999725341797
2018-09-11 18:30:00,83.11000061035156
2018-09-11 19:30:00,83.2074966430664
2018-09-12 13:30:00,81.4000015258789
2018-09-12 14:30:00,82.20999908447266
2018-09-12 15:30:00,82.81999969482422
2018-09-12 16:30:00,82.66999816894531
2018-09-12 17:30:00,82.79000091552734
2018-09-12 18:30:00,83.41500091552734
2018-09-12 19:30:00,83.48999786376953
2018-09-13 13:30:00,83.75
2018-09-13 14:30:00,84.08000183105469
2018-09-13 15:30:00,84.29000091552734
2018-09-13 16:30:00,84.16500091552734
2018-09-13 17:30:00,83.88999938964844
2018-09-13 18:30:00,83.7699966430664
2018-09-13 19:30:00,83.80999755859375
2018-09-14 13:30:00,84.81999969482422
2018-09-14 14:30:00,84.33999633789062
2018-09-14 15:30:00,83.63999938964844
2018-09-14 16:30:00,83.7300033569336
2018-09-14 17:30:00,84.0
2018-09-14 18:30:00,83.54000091552734
2018-09-14 19:30:00,83.5999984741211
2018-09-17 13:30:00,81.98999786376953
2018-09-17 14:30:00,81.95999908447266
2018-09-17 15:30:00,82.16999816894531
2018-09-17 16:30:00,81.91000366210938
2018-09-17 17:30:00,82.04000091552734
2018-09-17 18:30:00,81.52999877929688
2018-09-17 19:30:00,80.87999725341797
2018-09-18 13:30:00,81.23999786376953
2018-09-18 14:30:00,81.41000366210938
2018-09-18 15:30:00,81.09500122070312
2018-09-18 16:30:00,80.81999969482422
2018-09-18 17:30:00,80.94000244140625
2018-09-18 18:30:00,80.73999786376953
2018-09-18 19:30:00,80.38999938964844
2018-09-19 13:30:00,80.80999755859375
2018-09-19 14:30:00,81.43000030517578
2018-09-19 15:30:00,81.22000122070312
2018-09-19 16:30:00,80.80500030517578
2018-09-19 17:30:00,81.19000244140625
2018-09-19 18:30:00,81.33999633789062
2018-09-19 19:30:00,81.37999725341797
2018-09-20 13:30:00,83.5199966430664
2018-09-20 14:30:00,83.06500244140625
2018-09-20 15:30:00,83.3499984741211
2018-09-20 16:30:00,83.75499725341797
2018-09-20 17:30:00,83.27999877929688
2018-09-20 18:30:00,83.52999877929688
2018-09-20 19:30:00,83.37999725341797
2018-09-21 13:30:00,83.13999938964844
2018-09-21 14:30:00,83.05000305175781
2018-09-21 15:30:00,82.51000213623047
2018-09-21 16:30:00,82.41999816894531
2018-09-21 17:30:00,82.72000122070312
2018-09-21 18:30:00,82.48999786376953
2018-09-21 19:30:00,82.75
2018-09-24 13:30:00,82.29000091552734
2018-09-24 14:30:00,82.18000030517578
2018-09-24 15:30:00,82.0199966430664
2018-09-24 16:30:00,81.98999786376953
2018-09-24 17:30:00,82.13999938964844
2018-09-24 18:30:00,82.22000122070312
2018-09-24 19:30:00,82.30999755859375
2018-09-25 13:30:00,79.76000213623047
2018-09-25 14:30:00,79.23999786376953
2018-09-25 15:30:00,78.7300033569336
2018-09-25 16:30:00,78.86000061035156
2018-09-25 17:30:00,79.2699966430664
2018-09-25 18:30:00,78.81999969482422
2018-09-25 19:30:00,78.77999877929688
2018-09-26 13:30:00,79.36000061035156
2018-09-26 14:30:00,79.5448989868164
2018-09-26 15:30:00,79.12999725341797
2018-09-26 16:30:00,79.25
2018-09-26 17:30:00,79.36000061035156
2018-09-26 18:30:00,79.41999816894531
2018-09-26 19:30:00,78.79000091552734
2018-09-27 13:30:00,78.98999786376953
2018-09-27 14:30:00,79.12000274658203
2018-09-27 15:30:00,79.30999755859375
2018-09-27 16:30:00,78.86499786376953
2018-09-27 17:30:00,78.81999969482422
2018-09-27 18:30:00,78.7300033569336
2018-09-27 19:30:00,78.61000061035156
2018-09-28 13:30:00,78.55000305175781
2018-09-28 14:30:00,78.6500015258789
2018-09-28 15:30:00,78.94000244140625
2018-09-28 16:30:00,78.91999816894531
2018-09-28 17:30:00,78.9800033569336
2018-09-28 18:30:00,78.70500183105469
2018-09-28 19:30:00,78.9000015258789
2018-10-01 13:30:00,79.45500183105469
2018-10-01 14:30:00,79.37999725341797
2018-10-01 15:30:00,79.22000122070312
2018-10-01 16:30:00,78.88999938964844
2018-10-01 17:30:00,78.69000244140625
2018-10-01 18:30:00,78.21499633789062
2018-10-01 19:30:00,77.16000366210938
2018-10-02 13:30:00,78.0199966430664
2018-10-02 14:30:00,78.29000091552734
2018-10-02 15:30:00,78.05000305175781
2018-10-02 16:30:00,77.62999725341797
2018-10-02 17:30:00,77.75
2018-10-02 18:30:00,77.55000305175781
2018-10-02 19:30:00,77.6500015258789
2018-10-03 13:30:00,76.22000122070312
2018-10-03 14:30:00,76.3949966430664
2018-10-03 15:30:00,77.08999633789062
2018-10-03 16:30:00,77.31999969482422
2018-10-03 17:30:00,76.15499877929688
2018-10-03 18:30:00,75.54499816894531
2018-10-03 19:30:00,75.11000061035156
2018-10-04 13:30:00,74.05999755859375
2018-10-04 14:30:00,73.08499908447266
2018-10-04 15:30:00,72.08000183105469
2018-10-04 16:30:00,71.6094970703125
2018-10-04 17:30:00,71.30999755859375
2018-10-04 18:30:00,71.89749908447266
2018-10-04 19:30:00,71.44000244140625
2018-10-05 13:30:00,69.7699966430664
2018-10-05 14:30:00,69.13999938964844
2018-10-05 15:30:00,69.02999877929688
2018-10-05 16:30:00,68.95999908447266
2018-10-05 17:30:00,69.5999984741211
2018-10-05 18:30:00,69.2936019897461
2018-10-05 19:30:00,69.29000091552734
2018-10-08 13:30:00,68.54000091552734
2018-10-08 14:30:00,68.01000213623047
2018-10-08 15:30:00,67.62000274658203
2018-10-08 16:30:00,67.25
2018-10-08 17:30:00,66.91000366210938
2018-10-08 18:30:00,67.5999984741211
2018-10-08 19:30:00,67.70999908447266
2018-10-09 13:30:00,67.0999984741211
2018-10-09 14:30:00,67.04000091552734
2018-10-09 15:30:00,66.4574966430664
2018-10-09 16:30:00,66.55999755859375
2018-10-09 17:30:00,66.70500183105469
2018-10-09 18:30:00,67.0
2018-10-09 19:30:00,67.37999725341797
2018-10-10 13:30:00,65.94999694824219
2018-10-10 14:30:00,65.61000061035156
2018-10-10 15:30:00,65.70999908447266
2018-10-10 16:30:00,66.55000305175781
2018-10-10 17:30:00,66.38999938964844
2018-10-10 18:30:00,66.3499984741211
2018-10-10 19:30:00,66.44000244140625
2018-10-11 13:30:00,68.33000183105469
2018-10-11 14:30:00,68.375
2018-10-11 15:30:00,69.20999908447266
2018-10-11 16:30:00,69.22000122070312
2018-10-11 17:30:00,67.79000091552734
2018-10-11 18:30:00,68.05999755859375
2018-10-11 19:30:00,67.69999694824219
2018-10-12 13:30:00,68.33000183105469
2018-10-12 14:30:00,68.17500305175781
2018-10-12 15:30:00,67.75
2018-10-12 16:30:00,67.98999786376953
2018-10-12 17:30:00,68.29000091552734
2018-10-12 18:30:00,68.31999969482422
2018-10-12 19:30:00,68.26000213623047
2018-10-15 13:30:00,67.37000274658203
2018-10-15 14:30:00,68.01000213623047
2018-10-15 15:30:00,68.25
2018-10-15 16:30:00,68.5
2018-10-15 17:30:00,68.43000030517578
2018-10-15 18:30:00,68.30999755859375
2018-10-15 19:30:00,68.20999908447266
2018-10-16 13:30:00,68.33999633789062
2018-10-16 14:30:00,69.06999969482422
2018-10-16 15:30:00,68.95500183105469
2018-10-16 16:30:00,68.95999908447266
2018-10-16 17:30:00,69.37000274658203
2018-10-16 18:30:00,69.0250015258789
2018-10-16 19:30:00,69.19000244140625
2018-10-17 13:30:00,68.86000061035156
2018-10-17 14:30:00,68.6050033569336
2018-10-17 15:30:00,69.25
2018-10-17 16:30:00,69.5199966430664
2018-10-17 17:30:00,69.0
2018-10-17 18:30:00,69.33000183105469
2018-10-17 19:30:00,69.05000305175781
2018-10-18 13:30:00,67.79000091552734
2018-10-18 14:30:00,67.7300033569336
2018-10-18 15:30:00,67.62999725341797
2018-10-18 16:30:00,67.25
2018-10-18 17:30:00,67.5199966430664
2018-10-18 18:30:00,67.33999633789062
2018-10-18 19:30:00,67.58999633789062
2018-10-19 13:30:00,68.12000274658203
2018-10-19 14:30:00,68.29499816894531
2018-10-19 15:30:00,67.06999969482422
2018-10-19 16:30:00,67.4000015258789
2018-10-19 17:30:00,67.41000366210938
2018-10-19 18:30:00,67.47000122070312
2018-10-19 19:30:00,67.02999877929688
2018-10-22 13:30:00,66.66000366210938
2018-10-22 14:30:00,67.16999816894531
2018-10-22 15:30:00,66.76000213623047
2018-10-22 16:30:00,66.80500030517578
2018-10-22 17:30:00,66.91999816894531
2018-10-22 18:30:00,67.17500305175781
2018-10-22 19:30:00,66.83999633789062
2018-10-23 13:30:00,65.33999633789062
2018-10-23 14:30:00,66.55059814453125
2018-10-23 15:30:00,67.04000091552734
2018-10-23 16:30:00,66.93000030517578
2018-10-23 17:30:00,67.29000091552734
2018-10-23 18:30:00,67.49500274658203
2018-10-23 19:30:00,67.22100067138672
2018-10-24 13:30:00,64.94000244140625
2018-10-24 14:30:00,64.0199966430664
2018-10-24 15:30:00,64.31999969482422
2018-10-24 16:30:00,63.45000076293945
2018-10-24 17:30:00,63.619998931884766
2018-10-24 18:30:00,62.220001220703125
2018-10-24 19:30:00,61.310001373291016
2018-10-25 13:30:00,63.380001068115234
2018-10-25 14:30:00,63.099998474121094
2018-10-25 15:30:00,63.349998474121094
2018-10-25 16:30:00,64.19999694824219
2018-10-25 17:30:00,63.5099983215332
2018-10-25 18:30:00,62.71500015258789
2018-10-25 19:30:00,62.5099983215332
2018-10-26 13:30:00,61.41999816894531
2018-10-26 14:30:00,62.45000076293945
2018-10-26 15:30:00,62.45000076293945
2018-10-26 16:30:00,63.08000183105469
2018-10-26 17:30:00,62.939998626708984
2018-10-26 18:30:00,62.540000915527344
2018-10-26 19:30:00,62.29999923706055
2018-10-29 13:30:00,64.36000061035156
2018-10-29 14:30:00,63.86000061035156
2018-10-29 15:30:00,63.08000183105469
2018-10-29 16:30:00,63.40999984741211
2018-10-29 17:30:00,62.939998626708984
2018-10-29 18:30:00,61.93000030517578
2018-10-29 19:30:00,62.33000183105469
2018-10-30 13:30:00,63.970001220703125
2018-10-30 14:30:00,63.880001068115234
2018-10-30 15:30:00,64.45999908447266
2018-10-30 16:30:00,63.77000045776367
2018-10-30 17:30:00,63.72999954223633
2018-10-30 18:30:00,64.4800033569336
2018-10-30 19:30:00,64.86000061035156
2018-10-31 13:30:00,65.79000091552734
2018-10-31 14:30:00,65.66999816894531
2018-10-31 15:30:00,65.58000183105469
2018-10-31 16:30:00,65.66000366210938
2018-10-31 17:30:00,65.87000274658203
2018-10-31 18:30:00,66.02999877929688
2018-10-31 19:30:00,65.7699966430664
2018-11-01 13:30:00,67.05000305175781
2018-11-01 14:30:00,69.0199966430664
2018-11-01 15:30:00,69.2699966430664
2018-11-01 16:30:00,69.70999908447266
2018-11-01 17:30:00,70.55000305175781
2018-11-01 18:30:00,70.93000030517578
2018-11-01 19:30:00,70.37999725341797
2018-11-02 13:30:00,68.98500061035156
2018-11-02 14:30:00,69.04000091552734
2018-11-02 15:30:00,69.20999908447266
2018-11-02 16:30:00,68.91000366210938
2018-11-02 17:30:00,69.27999877929688
2018-11-02 18:30:00,69.76000213623047
2018-11-02 19:30:00,69.73999786376953
