Datetime,MNST
2017-11-06 14:30:00,57.560001373291016
2017-11-06 15:30:00,57.75
2017-11-06 16:30:00,57.40999984741211
2017-11-06 17:30:00,57.459999084472656
2017-11-06 18:30:00,57.48030090332031
2017-11-06 19:30:00,57.529998779296875
2017-11-06 20:30:00,57.52000045776367
2017-11-07 14:30:00,57.665000915527344
2017-11-07 15:30:00,57.58000183105469
2017-11-07 16:30:00,57.70000076293945
2017-11-07 17:30:00,57.790000915527344
2017-11-07 18:30:00,57.4900016784668
2017-11-07 19:30:00,57.63999938964844
2017-11-07 20:30:00,57.91999816894531
2017-11-08 14:30:00,57.91999816894531
2017-11-08 15:30:00,57.90999984741211
2017-11-08 16:30:00,58.0099983215332
2017-11-08 17:30:00,57.9900016784668
2017-11-08 18:30:00,57.880001068115234
2017-11-08 19:30:00,57.967498779296875
2017-11-08 20:30:00,57.95479965209961
2017-11-09 14:30:00,58.16999816894531
2017-11-09 15:30:00,58.27000045776367
2017-11-09 16:30:00,58.22999954223633
2017-11-09 17:30:00,58.02000045776367
2017-11-09 18:30:00,58.27000045776367
2017-11-09 19:30:00,58.689998626708984
2017-11-09 20:30:00,58.68000030517578
2017-11-10 14:30:00,60.0
2017-11-10 15:30:00,60.107200622558594
2017-11-10 16:30:00,60.20000076293945
2017-11-10 17:30:00,60.5099983215332
2017-11-10 18:30:00,61.060001373291016
2017-11-10 19:30:00,60.93000030517578
2017-11-10 20:30:00,61.15999984741211
2017-11-13 14:30:00,61.92900085449219
2017-11-13 15:30:00,61.93000030517578
2017-11-13 16:30:00,62.20000076293945
2017-11-13 17:30:00,62.36000061035156
2017-11-13 18:30:00,62.16999816894531
2017-11-13 19:30:00,62.09000015258789
2017-11-13 20:30:00,62.20000076293945
2017-11-14 14:30:00,61.900001525878906
2017-11-14 15:30:00,62.0099983215332
2017-11-14 16:30:00,62.22999954223633
2017-11-14 17:30:00,61.91999816894531
2017-11-14 18:30:00,62.39899826049805
2017-11-14 19:30:00,62.52000045776367
2017-11-14 20:30:00,62.66999816894531
2017-11-15 14:30:00,62.540000915527344
2017-11-15 15:30:00,62.31999969482422
2017-11-15 16:30:00,62.029998779296875
2017-11-15 17:30:00,61.630001068115234
2017-11-15 18:30:00,61.4900016784668
2017-11-15 19:30:00,61.52000045776367
2017-11-15 20:30:00,61.61000061035156
2017-11-16 14:30:00,62.349998474121094
2017-11-16 15:30:00,61.97999954223633
2017-11-16 16:30:00,62.334999084472656
2017-11-16 17:30:00,62.5
2017-11-16 18:30:00,62.459999084472656
2017-11-16 19:30:00,62.040000915527344
2017-11-16 20:30:00,61.9900016784668
2017-11-17 14:30:00,62.40999984741211
2017-11-17 15:30:00,62.4900016784668
2017-11-17 16:30:00,62.290000915527344
2017-11-17 17:30:00,62.349998474121094
2017-11-17 18:30:00,62.209999084472656
2017-11-17 19:30:00,62.13999938964844
2017-11-17 20:30:00,62.150001525878906
2017-11-20 14:30:00,61.470001220703125
2017-11-20 15:30:00,61.59000015258789
2017-11-20 16:30:00,61.4390983581543
2017-11-20 17:30:00,61.310001373291016
2017-11-20 18:30:00,61.27000045776367
2017-11-20 19:30:00,61.2400016784668
2017-11-20 20:30:00,61.165000915527344
2017-11-21 14:30:00,61.56999969482422
2017-11-21 15:30:00,61.21500015258789
2017-11-21 16:30:00,61.345001220703125
2017-11-21 17:30:00,61.31999969482422
2017-11-21 18:30:00,61.27000045776367
2017-11-21 19:30:00,61.130001068115234
2017-11-21 20:30:00,61.2599983215332
2017-11-22 14:30:00,61.08000183105469
2017-11-22 15:30:00,61.08000183105469
2017-11-22 16:30:00,61.130001068115234
2017-11-22 17:30:00,61.02000045776367
2017-11-22 18:30:00,61.2599983215332
2017-11-22 19:30:00,61.224998474121094
2017-11-22 20:30:00,61.27000045776367
2017-11-24 14:30:00,61.77000045776367
2017-11-24 15:30:00,61.65999984741211
2017-11-24 16:30:00,61.72999954223633
2017-11-24 18:00:00,61.63520050048828
2017-11-27 14:30:00,61.79999923706055
2017-11-27 15:30:00,61.45000076293945
2017-11-27 16:30:00,61.939998626708984
2017-11-27 17:30:00,61.790000915527344
2017-11-27 18:30:00,61.77000045776367
2017-11-27 19:30:00,61.84000015258789
2017-11-27 20:30:00,61.77000045776367
2017-11-28 14:30:00,62.380001068115234
2017-11-28 15:30:00,61.97119903564453
2017-11-28 16:30:00,62.13999938964844
2017-11-28 17:30:00,61.81999969482422
2017-11-28 18:30:00,61.72999954223633
2017-11-28 19:30:00,62.04999923706055
2017-11-28 20:30:00,62.09000015258789
2017-11-29 14:30:00,61.939998626708984
2017-11-29 15:30:00,61.540000915527344
2017-11-29 16:30:00,62.029998779296875
2017-11-29 17:30:00,61.900001525878906
2017-11-29 18:30:00,61.869998931884766
2017-11-29 19:30:00,61.77000045776367
2017-11-29 20:30:00,61.900001525878906
2017-11-30 14:30:00,62.400001525878906
2017-11-30 15:30:00,62.349998474121094
2017-11-30 16:30:00,62.34000015258789
2017-11-30 17:30:00,62.52000045776367
2017-11-30 18:30:00,62.529998779296875
2017-11-30 19:30:00,62.5099983215332
2017-11-30 20:30:00,62.66999816894531
2017-12-01 14:30:00,62.22999954223633
2017-12-01 15:30:00,62.08000183105469
2017-12-01 16:30:00,62.529998779296875
2017-12-01 17:30:00,62.65999984741211
2017-12-01 18:30:00,62.720001220703125
2017-12-01 19:30:00,62.79999923706055
2017-12-01 20:30:00,62.90999984741211
2017-12-04 14:30:00,63.18000030517578
2017-12-04 15:30:00,63.20000076293945
2017-12-04 16:30:00,62.959999084472656
2017-12-04 17:30:00,62.83000183105469
2017-12-04 18:30:00,62.88999938964844
2017-12-04 19:30:00,63.220001220703125
2017-12-04 20:30:00,63.349998474121094
2017-12-05 14:30:00,63.31999969482422
2017-12-05 15:30:00,63.22999954223633
2017-12-05 16:30:00,63.040000915527344
2017-12-05 17:30:00,63.02000045776367
2017-12-05 18:30:00,63.11000061035156
2017-12-05 19:30:00,63.189998626708984
2017-12-05 20:30:00,63.029998779296875
2017-12-06 14:30:00,63.040000915527344
2017-12-06 15:30:00,62.911399841308594
2017-12-06 16:30:00,62.88999938964844
2017-12-06 17:30:00,62.650001525878906
2017-12-06 18:30:00,63.08000183105469
2017-12-06 19:30:00,63.189998626708984
2017-12-06 20:30:00,63.2599983215332
2017-12-07 14:30:00,62.849998474121094
2017-12-07 15:30:00,62.939998626708984
2017-12-07 16:30:00,62.65999984741211
2017-12-07 17:30:00,62.470001220703125
2017-12-07 18:30:00,62.27000045776367
2017-12-07 19:30:00,62.4900016784668
2017-12-07 20:30:00,62.29999923706055
2017-12-08 14:30:00,62.61000061035156
2017-12-08 15:30:00,62.59000015258789
2017-12-08 16:30:00,63.03499984741211
2017-12-08 17:30:00,62.99789810180664
2017-12-08 18:30:00,62.779998779296875
2017-12-08 19:30:00,63.10499954223633
2017-12-08 20:30:00,63.220001220703125
2017-12-11 14:30:00,62.4900016784668
2017-12-11 15:30:00,62.380001068115234
2017-12-11 16:30:00,62.59000015258789
2017-12-11 17:30:00,62.70000076293945
2017-12-11 18:30:00,63.0
2017-12-11 19:30:00,62.81999969482422
2017-12-11 20:30:00,62.939998626708984
2017-12-12 14:30:00,63.220001220703125
2017-12-12 15:30:00,63.41999816894531
2017-12-12 16:30:00,63.36000061035156
2017-12-12 17:30:00,63.0099983215332
2017-12-12 18:30:00,63.060001373291016
2017-12-12 19:30:00,62.90999984741211
2017-12-12 20:30:00,62.91999816894531
2017-12-13 14:30:00,63.459999084472656
2017-12-13 15:30:00,63.369998931884766
2017-12-13 16:30:00,63.29999923706055
2017-12-13 17:30:00,63.22999954223633
2017-12-13 18:30:00,63.47999954223633
2017-12-13 19:30:00,63.439998626708984
2017-12-13 20:30:00,63.529998779296875
2017-12-14 14:30:00,63.56999969482422
2017-12-14 15:30:00,63.529998779296875
2017-12-14 16:30:00,63.459999084472656
2017-12-14 17:30:00,63.255001068115234
2017-12-14 18:30:00,63.290000915527344
2017-12-14 19:30:00,63.18000030517578
2017-12-14 20:30:00,63.119998931884766
2017-12-15 14:30:00,63.43000030517578
2017-12-15 15:30:00,63.56999969482422
2017-12-15 16:30:00,63.790000915527344
2017-12-15 17:30:00,63.7400016784668
2017-12-15 18:30:00,63.75
2017-12-15 19:30:00,63.935001373291016
2017-12-15 20:30:00,63.97999954223633
2017-12-18 14:30:00,64.61000061035156
2017-12-18 15:30:00,64.20999908447266
2017-12-18 16:30:00,64.37999725341797
2017-12-18 17:30:00,64.11000061035156
2017-12-18 18:30:00,64.02999877929688
2017-12-18 19:30:00,63.95000076293945
2017-12-18 20:30:00,64.04000091552734
2017-12-19 14:30:00,64.08000183105469
2017-12-19 15:30:00,64.1500015258789
2017-12-19 16:30:00,63.939998626708984
2017-12-19 17:30:00,64.13999938964844
2017-12-19 18:30:00,64.19000244140625
2017-12-19 19:30:00,64.23999786376953
2017-12-19 20:30:00,64.22000122070312
2017-12-20 14:30:00,63.63999938964844
2017-12-20 15:30:00,63.75
2017-12-20 16:30:00,63.970001220703125
2017-12-20 17:30:00,64.05999755859375
2017-12-20 18:30:00,64.0199966430664
2017-12-20 19:30:00,63.995601654052734
2017-12-20 20:30:00,64.04000091552734
2017-12-21 14:30:00,63.90999984741211
2017-12-21 15:30:00,63.83000183105469
2017-12-21 16:30:00,63.980098724365234
2017-12-21 17:30:00,64.25
2017-12-21 18:30:00,64.2699966430664
2017-12-21 19:30:00,63.97999954223633
2017-12-21 20:30:00,63.83000183105469
2017-12-22 14:30:00,63.779998779296875
2017-12-22 15:30:00,63.885799407958984
2017-12-22 16:30:00,63.91999816894531
2017-12-22 17:30:00,63.619998931884766
2017-12-22 18:30:00,63.83000183105469
2017-12-22 19:30:00,63.68000030517578
2017-12-22 20:30:00,63.77000045776367
2017-12-26 14:30:00,63.91999816894531
2017-12-26 15:30:00,63.9900016784668
2017-12-26 16:30:00,63.95500183105469
2017-12-26 17:30:00,63.91999816894531
2017-12-26 18:30:00,63.77000045776367
2017-12-26 19:30:00,63.790000915527344
2017-12-26 20:30:00,63.83000183105469
2017-12-27 14:30:00,63.84000015258789
2017-12-27 15:30:00,63.869998931884766
2017-12-27 16:30:00,63.880001068115234
2017-12-27 17:30:00,63.85240173339844
2017-12-27 18:30:00,63.84000015258789
2017-12-27 19:30:00,64.20500183105469
2017-12-27 20:30:00,64.2300033569336
2017-12-28 14:30:00,63.2599983215332
2017-12-28 15:30:00,63.13999938964844
2017-12-28 16:30:00,63.18000030517578
2017-12-28 17:30:00,63.15999984741211
2017-12-28 18:30:00,62.9900016784668
2017-12-28 19:30:00,62.97999954223633
2017-12-28 20:30:00,62.90999984741211
2017-12-29 14:30:00,63.40999984741211
2017-12-29 15:30:00,63.58000183105469
2017-12-29 16:30:00,63.5099983215332
2017-12-29 17:30:00,63.36000061035156
2017-12-29 18:30:00,63.399898529052734
2017-12-29 19:30:00,63.5
2017-12-29 20:30:00,63.310001373291016
2018-01-02 14:30:00,62.96500015258789
2018-01-02 15:30:00,62.91999816894531
2018-01-02 16:30:00,62.84000015258789
2018-01-02 17:30:00,63.060001373291016
2018-01-02 18:30:00,62.880001068115234
2018-01-02 19:30:00,62.880001068115234
2018-01-02 20:30:00,62.720001220703125
2018-01-03 14:30:00,62.720001220703125
2018-01-03 15:30:00,62.849998474121094
2018-01-03 16:30:00,62.79999923706055
2018-01-03 17:30:00,63.060001373291016
2018-01-03 18:30:00,63.02000045776367
2018-01-03 19:30:00,63.08000183105469
2018-01-03 20:30:00,63.099998474121094
2018-01-04 14:30:00,63.564998626708984
2018-01-04 15:30:00,63.66999816894531
2018-01-04 16:30:00,63.290000915527344
2018-01-04 17:30:00,63.40999984741211
2018-01-04 18:30:00,63.2400016784668
2018-01-04 19:30:00,63.369998931884766
2018-01-04 20:30:00,63.349998474121094
2018-01-05 14:30:00,63.470001220703125
2018-01-05 15:30:00,63.689998626708984
2018-01-05 16:30:00,63.38999938964844
2018-01-05 17:30:00,63.25
2018-01-05 18:30:00,63.34000015258789
2018-01-05 19:30:00,63.314998626708984
2018-01-05 20:30:00,63.4900016784668
2018-01-08 14:30:00,63.5099983215332
2018-01-08 15:30:00,63.41999816894531
2018-01-08 16:30:00,63.59000015258789
2018-01-08 17:30:00,63.7599983215332
2018-01-08 18:30:00,63.900001525878906
2018-01-08 19:30:00,63.81999969482422
2018-01-08 20:30:00,64.02999877929688
2018-01-09 14:30:00,64.45999908447266
2018-01-09 15:30:00,64.51000213623047
2018-01-09 16:30:00,64.6500015258789
2018-01-09 17:30:00,65.06999969482422
2018-01-09 18:30:00,64.98999786376953
2018-01-09 19:30:00,65.0199966430664
2018-01-09 20:30:00,65.45999908447266
2018-01-10 14:30:00,63.90999984741211
2018-01-10 15:30:00,63.91999816894531
2018-01-10 16:30:00,63.90999984741211
2018-01-10 17:30:00,63.41999816894531
2018-01-10 18:30:00,63.369998931884766
2018-01-10 19:30:00,63.59000015258789
2018-01-10 20:30:00,63.59000015258789
2018-01-11 14:30:00,63.68000030517578
2018-01-11 15:30:00,63.79999923706055
2018-01-11 16:30:00,63.5
2018-01-11 17:30:00,63.834999084472656
2018-01-11 18:30:00,63.810001373291016
2018-01-11 19:30:00,64.01000213623047
2018-01-11 20:30:00,63.939998626708984
2018-01-12 14:30:00,64.12999725341797
2018-01-12 15:30:00,64.0199966430664
2018-01-12 16:30:00,64.04000091552734
2018-01-12 17:30:00,63.75
2018-01-12 18:30:00,64.0
2018-01-12 19:30:00,63.7599983215332
2018-01-12 20:30:00,63.77000045776367
2018-01-16 14:30:00,64.41999816894531
2018-01-16 15:30:00,64.29000091552734
2018-01-16 16:30:00,64.30999755859375
2018-01-16 17:30:00,64.47000122070312
2018-01-16 18:30:00,64.62000274658203
2018-01-16 19:30:00,64.55000305175781
2018-01-16 20:30:00,64.56999969482422
2018-01-17 14:30:00,66.0
2018-01-17 15:30:00,66.51000213623047
2018-01-17 16:30:00,66.9800033569336
2018-01-17 17:30:00,66.94999694824219
2018-01-17 18:30:00,67.16999816894531
2018-01-17 19:30:00,67.05000305175781
2018-01-17 20:30:00,67.06999969482422
2018-01-18 14:30:00,66.18000030517578
2018-01-18 15:30:00,65.73999786376953
2018-01-18 16:30:00,65.98999786376953
2018-01-18 17:30:00,65.98999786376953
2018-01-18 18:30:00,66.37999725341797
2018-01-18 19:30:00,66.37000274658203
2018-01-18 20:30:00,66.4800033569336
2018-01-19 14:30:00,67.00499725341797
2018-01-19 15:30:00,67.01000213623047
2018-01-19 16:30:00,66.87000274658203
2018-01-19 17:30:00,66.88999938964844
2018-01-19 18:30:00,66.80999755859375
2018-01-19 19:30:00,66.83999633789062
2018-01-19 20:30:00,66.8499984741211
2018-01-22 14:30:00,67.4800033569336
2018-01-22 15:30:00,67.34500122070312
2018-01-22 16:30:00,67.43099975585938
2018-01-22 17:30:00,67.62999725341797
2018-01-22 18:30:00,67.58999633789062
2018-01-22 19:30:00,67.71499633789062
2018-01-22 20:30:00,67.77999877929688
2018-01-23 14:30:00,68.31999969482422
2018-01-23 15:30:00,68.23999786376953
2018-01-23 16:30:00,68.26000213623047
2018-01-23 17:30:00,68.19120025634766
2018-01-23 18:30:00,68.37999725341797
2018-01-23 19:30:00,68.36499786376953
2018-01-23 20:30:00,68.45999908447266
2018-01-24 14:30:00,68.51000213623047
2018-01-24 15:30:00,68.5199966430664
2018-01-24 16:30:00,68.27999877929688
2018-01-24 17:30:00,68.4000015258789
2018-01-24 18:30:00,68.36000061035156
2018-01-24 19:30:00,68.36000061035156
2018-01-24 20:30:00,68.27999877929688
2018-01-25 14:30:00,68.3499984741211
2018-01-25 15:30:00,68.16999816894531
2018-01-25 16:30:00,68.2699966430664
2018-01-25 17:30:00,68.08999633789062
2018-01-25 18:30:00,68.04000091552734
2018-01-25 19:30:00,67.94000244140625
2018-01-25 20:30:00,67.79000091552734
2018-01-26 14:30:00,68.37999725341797
2018-01-26 15:30:00,68.80000305175781
2018-01-26 16:30:00,68.58000183105469
2018-01-26 17:30:00,68.80999755859375
2018-01-26 18:30:00,68.6500015258789
2018-01-26 19:30:00,68.6500015258789
2018-01-26 20:30:00,68.88999938964844
2018-01-29 14:30:00,67.87000274658203
2018-01-29 15:30:00,68.01000213623047
2018-01-29 16:30:00,68.3196029663086
2018-01-29 17:30:00,68.55999755859375
2018-01-29 18:30:00,68.51000213623047
2018-01-29 19:30:00,68.2699966430664
2018-01-29 20:30:00,68.30000305175781
2018-01-30 14:30:00,68.37570190429688
2018-01-30 15:30:00,68.41999816894531
2018-01-30 16:30:00,68.41500091552734
2018-01-30 17:30:00,68.13999938964844
2018-01-30 18:30:00,68.22000122070312
2018-01-30 19:30:00,68.12999725341797
2018-01-30 20:30:00,67.9000015258789
2018-01-31 14:30:00,68.05000305175781
2018-01-31 15:30:00,67.9800033569336
2018-01-31 16:30:00,67.88999938964844
2018-01-31 17:30:00,68.12000274658203
2018-01-31 18:30:00,68.0199966430664
2018-01-31 19:30:00,67.87999725341797
2018-01-31 20:30:00,68.22000122070312
2018-02-01 14:30:00,67.51000213623047
2018-02-01 15:30:00,67.83000183105469
2018-02-01 16:30:00,68.07499694824219
2018-02-01 17:30:00,68.4000015258789
2018-02-01 18:30:00,68.0999984741211
2018-02-01 19:30:00,67.95999908447266
2018-02-01 20:30:00,67.93000030517578
2018-02-02 14:30:00,67.51000213623047
2018-02-02 15:30:00,67.36000061035156
2018-02-02 16:30:00,67.47000122070312
2018-02-02 17:30:00,67.43000030517578
2018-02-02 18:30:00,66.91999816894531
2018-02-02 19:30:00,66.94999694824219
2018-02-02 20:30:00,66.62999725341797
2018-02-05 14:30:00,66.5250015258789
2018-02-05 15:30:00,66.58999633789062
2018-02-05 16:30:00,66.25
2018-02-05 17:30:00,65.7699966430664
2018-02-05 18:30:00,65.87999725341797
2018-02-05 19:30:00,65.16999816894531
2018-02-05 20:30:00,63.86000061035156
2018-02-06 14:30:00,63.34000015258789
2018-02-06 15:30:00,63.066898345947266
2018-02-06 16:30:00,63.7599983215332
2018-02-06 17:30:00,63.529998779296875
2018-02-06 18:30:00,62.75
2018-02-06 19:30:00,63.95000076293945
2018-02-06 20:30:00,64.22000122070312
2018-02-07 14:30:00,64.16999816894531
2018-02-07 15:30:00,64.73999786376953
2018-02-07 16:30:00,64.95999908447266
2018-02-07 17:30:00,64.4800033569336
2018-02-07 18:30:00,64.7699966430664
2018-02-07 19:30:00,64.62999725341797
2018-02-07 20:30:00,64.55999755859375
2018-02-08 14:30:00,64.06999969482422
2018-02-08 15:30:00,63.52000045776367
2018-02-08 16:30:00,63.220001220703125
2018-02-08 17:30:00,63.130001068115234
2018-02-08 18:30:00,63.08000183105469
2018-02-08 19:30:00,62.790000915527344
2018-02-08 20:30:00,61.939998626708984
2018-02-09 14:30:00,62.55500030517578
2018-02-09 15:30:00,62.099998474121094
2018-02-09 16:30:00,61.349998474121094
2018-02-09 17:30:00,61.59000015258789
2018-02-09 18:30:00,62.45199966430664
2018-02-09 19:30:00,62.43000030517578
2018-02-09 20:30:00,62.88999938964844
2018-02-12 14:30:00,63.439998626708984
2018-02-12 15:30:00,63.90999984741211
2018-02-12 16:30:00,64.30999755859375
2018-02-12 17:30:00,64.04000091552734
2018-02-12 18:30:00,64.36000061035156
2018-02-12 19:30:00,64.27999877929688
2018-02-12 20:30:00,64.08999633789062
2018-02-13 14:30:00,63.15999984741211
2018-02-13 15:30:00,63.06999969482422
2018-02-13 16:30:00,63.36000061035156
2018-02-13 17:30:00,63.380001068115234
2018-02-13 18:30:00,63.61000061035156
2018-02-13 19:30:00,63.43000030517578
2018-02-13 20:30:00,63.38999938964844
2018-02-14 14:30:00,63.08000183105469
2018-02-14 15:30:00,63.25
2018-02-14 16:30:00,63.400001525878906
2018-02-14 17:30:00,63.630001068115234
2018-02-14 18:30:00,63.599998474121094
2018-02-14 19:30:00,63.79999923706055
2018-02-14 20:30:00,63.86000061035156
2018-02-15 14:30:00,64.1050033569336
2018-02-15 15:30:00,64.27999877929688
2018-02-15 16:30:00,64.52999877929688
2018-02-15 17:30:00,64.83000183105469
2018-02-15 18:30:00,65.22000122070312
2018-02-15 19:30:00,65.4800033569336
2018-02-15 20:30:00,65.6500015258789
2018-02-16 14:30:00,65.41999816894531
2018-02-16 15:30:00,65.54000091552734
2018-02-16 16:30:00,65.88990020751953
2018-02-16 17:30:00,65.7300033569336
2018-02-16 18:30:00,65.47010040283203
2018-02-16 19:30:00,65.58000183105469
2018-02-16 20:30:00,65.4800033569336
2018-02-20 14:30:00,64.94000244140625
2018-02-20 15:30:00,65.06999969482422
2018-02-20 16:30:00,65.33000183105469
2018-02-20 17:30:00,64.91000366210938
2018-02-20 18:30:00,64.80999755859375
2018-02-20 19:30:00,64.62000274658203
2018-02-20 20:30:00,64.62000274658203
2018-02-21 14:30:00,65.93000030517578
2018-02-21 15:30:00,65.66000366210938
2018-02-21 16:30:00,65.7699966430664
2018-02-21 17:30:00,65.78359985351562
2018-02-21 18:30:00,66.01000213623047
2018-02-21 19:30:00,65.4800033569336
2018-02-21 20:30:00,65.02999877929688
2018-02-22 14:30:00,65.2300033569336
2018-02-22 15:30:00,65.13999938964844
2018-02-22 16:30:00,65.34500122070312
2018-02-22 17:30:00,65.06500244140625
2018-02-22 18:30:00,65.25499725341797
2018-02-22 19:30:00,65.16010284423828
2018-02-22 20:30:00,64.93000030517578
2018-02-23 14:30:00,64.7249984741211
2018-02-23 15:30:00,65.2300033569336
2018-02-23 16:30:00,65.52999877929688
2018-02-23 17:30:00,65.4000015258789
2018-02-23 18:30:00,65.61000061035156
2018-02-23 19:30:00,65.83999633789062
2018-02-23 20:30:00,65.87000274658203
2018-02-26 14:30:00,65.33000183105469
2018-02-26 15:30:00,65.56999969482422
2018-02-26 16:30:00,65.62000274658203
2018-02-26 17:30:00,65.63999938964844
2018-02-26 18:30:00,65.61000061035156
2018-02-26 19:30:00,65.86000061035156
2018-02-26 20:30:00,65.80999755859375
2018-02-27 14:30:00,65.62999725341797
2018-02-27 15:30:00,64.94999694824219
2018-02-27 16:30:00,64.75
2018-02-27 17:30:00,64.83000183105469
2018-02-27 18:30:00,64.69000244140625
2018-02-27 19:30:00,64.44999694824219
2018-02-27 20:30:00,64.18000030517578
2018-02-28 14:30:00,64.05000305175781
2018-02-28 15:30:00,63.65999984741211
2018-02-28 16:30:00,63.81999969482422
2018-02-28 17:30:00,63.869998931884766
2018-02-28 18:30:00,64.27999877929688
2018-02-28 19:30:00,63.720001220703125
2018-02-28 20:30:00,63.36000061035156
2018-03-01 14:30:00,55.709999084472656
2018-03-01 15:30:00,56.689998626708984
2018-03-01 16:30:00,55.63999938964844
2018-03-01 17:30:00,54.7400016784668
2018-03-01 18:30:00,54.150001525878906
2018-03-01 19:30:00,54.70000076293945
2018-03-01 20:30:00,54.20000076293945
2018-03-02 14:30:00,53.5
2018-03-02 15:30:00,53.560001373291016
2018-03-02 16:30:00,53.810001373291016
2018-03-02 17:30:00,53.80500030517578
2018-03-02 18:30:00,53.95000076293945
2018-03-02 19:30:00,54.04499816894531
2018-03-02 20:30:00,54.18000030517578
2018-03-05 14:30:00,55.70000076293945
2018-03-05 15:30:00,56.13999938964844
2018-03-05 16:30:00,56.13999938964844
2018-03-05 17:30:00,56.2400016784668
2018-03-05 18:30:00,56.0099983215332
2018-03-05 19:30:00,55.650001525878906
2018-03-05 20:30:00,55.720001220703125
2018-03-06 14:30:00,54.709999084472656
2018-03-06 15:30:00,54.56999969482422
2018-03-06 16:30:00,54.880001068115234
2018-03-06 17:30:00,55.11000061035156
2018-03-06 18:30:00,55.11000061035156
2018-03-06 19:30:00,55.54499816894531
2018-03-06 20:30:00,55.65999984741211
2018-03-07 14:30:00,55.36000061035156
2018-03-07 15:30:00,55.52000045776367
2018-03-07 16:30:00,55.150001525878906
2018-03-07 17:30:00,55.130001068115234
2018-03-07 18:30:00,55.29999923706055
2018-03-07 19:30:00,55.58000183105469
2018-03-07 20:30:00,55.54999923706055
2018-03-08 14:30:00,55.70000076293945
2018-03-08 15:30:00,56.310001373291016
2018-03-08 16:30:00,56.38999938964844
2018-03-08 17:30:00,56.45000076293945
2018-03-08 18:30:00,56.65999984741211
2018-03-08 19:30:00,56.94499969482422
2018-03-08 20:30:00,56.83000183105469
2018-03-09 14:30:00,57.369998931884766
2018-03-09 15:30:00,57.744998931884766
2018-03-09 16:30:00,57.970001220703125
2018-03-09 17:30:00,57.939998626708984
2018-03-09 18:30:00,57.84000015258789
2018-03-09 19:30:00,57.95000076293945
2018-03-09 20:30:00,58.060001373291016
2018-03-12 13:30:00,58.630001068115234
2018-03-12 14:30:00,58.43000030517578
2018-03-12 15:30:00,58.38999938964844
2018-03-12 16:30:00,58.400001525878906
2018-03-12 17:30:00,58.22999954223633
2018-03-12 18:30:00,58.59000015258789
2018-03-12 19:30:00,58.43000030517578
2018-03-13 13:30:00,59.060001373291016
2018-03-13 14:30:00,59.11000061035156
2018-03-13 15:30:00,58.560001373291016
2018-03-13 16:30:00,58.81999969482422
2018-03-13 17:30:00,58.61000061035156
2018-03-13 18:30:00,58.599998474121094
2018-03-13 19:30:00,58.689998626708984
2018-03-14 13:30:00,58.119998931884766
2018-03-14 14:30:00,58.08000183105469
2018-03-14 15:30:00,57.83000183105469
2018-03-14 16:30:00,58.11000061035156
2018-03-14 17:30:00,58.41999816894531
2018-03-14 18:30:00,58.58000183105469
2018-03-14 19:30:00,58.7400016784668
2018-03-15 13:30:00,59.040000915527344
2018-03-15 14:30:00,58.72999954223633
2018-03-15 15:30:00,58.529998779296875
2018-03-15 16:30:00,58.290000915527344
2018-03-15 17:30:00,58.099998474121094
2018-03-15 18:30:00,58.0
2018-03-15 19:30:00,58.20000076293945
2018-03-16 13:30:00,58.34000015258789
2018-03-16 14:30:00,58.400001525878906
2018-03-16 15:30:00,58.5
2018-03-16 16:30:00,58.68000030517578
2018-03-16 17:30:00,58.529998779296875
2018-03-16 18:30:00,58.6349983215332
2018-03-16 19:30:00,58.630001068115234
2018-03-19 13:30:00,58.43000030517578
2018-03-19 14:30:00,58.61000061035156
2018-03-19 15:30:00,58.46500015258789
2018-03-19 16:30:00,58.02000045776367
2018-03-19 17:30:00,57.97999954223633
2018-03-19 18:30:00,58.15999984741211
2018-03-19 19:30:00,58.290000915527344
2018-03-20 13:30:00,58.32500076293945
2018-03-20 14:30:00,58.48500061035156
2018-03-20 15:30:00,58.54999923706055
2018-03-20 16:30:00,58.560001373291016
2018-03-20 17:30:00,58.81999969482422
2018-03-20 18:30:00,58.65999984741211
2018-03-20 19:30:00,58.66999816894531
2018-03-21 13:30:00,58.0099983215332
2018-03-21 14:30:00,58.04999923706055
2018-03-21 15:30:00,58.04499816894531
2018-03-21 16:30:00,58.2400016784668
2018-03-21 17:30:00,58.15999984741211
2018-03-21 18:30:00,58.130001068115234
2018-03-21 19:30:00,58.099998474121094
2018-03-22 13:30:00,57.5099983215332
2018-03-22 14:30:00,57.290000915527344
2018-03-22 15:30:00,57.47999954223633
2018-03-22 16:30:00,57.52000045776367
2018-03-22 17:30:00,57.185001373291016
2018-03-22 18:30:00,57.16899871826172
2018-03-22 19:30:00,56.779998779296875
2018-03-23 13:30:00,56.86000061035156
2018-03-23 14:30:00,56.650001525878906
2018-03-23 15:30:00,56.59000015258789
2018-03-23 16:30:00,56.63750076293945
2018-03-23 17:30:00,56.5099983215332
2018-03-23 18:30:00,56.209999084472656
2018-03-23 19:30:00,55.869998931884766
2018-03-26 13:30:00,56.4900016784668
2018-03-26 14:30:00,56.02000045776367
2018-03-26 15:30:00,56.27750015258789
2018-03-26 16:30:00,56.52000045776367
2018-03-26 17:30:00,56.75
2018-03-26 18:30:00,56.779998779296875
2018-03-26 19:30:00,56.869998931884766
2018-03-27 13:30:00,56.505001068115234
2018-03-27 14:30:00,57.119998931884766
2018-03-27 15:30:00,57.349998474121094
2018-03-27 16:30:00,57.209999084472656
2018-03-27 17:30:00,56.849998474121094
2018-03-27 18:30:00,56.29999923706055
2018-03-27 19:30:00,56.2599983215332
2018-03-28 13:30:00,56.47999954223633
2018-03-28 14:30:00,56.470001220703125
2018-03-28 15:30:00,56.630001068115234
2018-03-28 16:30:00,56.41999816894531
2018-03-28 17:30:00,56.349998474121094
2018-03-28 18:30:00,56.38999938964844
2018-03-28 19:30:00,56.2400016784668
2018-03-29 13:30:00,56.91999816894531
2018-03-29 14:30:00,56.939998626708984
2018-03-29 15:30:00,57.06999969482422
2018-03-29 16:30:00,57.209999084472656
2018-03-29 17:30:00,57.29999923706055
2018-03-29 18:30:00,57.31999969482422
2018-03-29 19:30:00,57.20000076293945
2018-04-02 13:30:00,56.849998474121094
2018-04-02 14:30:00,56.0099983215332
2018-04-02 15:30:00,55.59000015258789
2018-04-02 16:30:00,55.56999969482422
2018-04-02 17:30:00,55.33000183105469
2018-04-02 18:30:00,55.290000915527344
2018-04-02 19:30:00,55.5989990234375
2018-04-03 13:30:00,55.470001220703125
2018-04-03 14:30:00,55.66999816894531
2018-04-03 15:30:00,55.459999084472656
2018-04-03 16:30:00,55.47999954223633
2018-04-03 17:30:00,55.3650016784668
2018-04-03 18:30:00,55.86000061035156
2018-04-03 19:30:00,55.72999954223633
2018-04-04 13:30:00,55.790000915527344
2018-04-04 14:30:00,55.84000015258789
2018-04-04 15:30:00,56.43000030517578
2018-04-04 16:30:00,56.349998474121094
2018-04-04 17:30:00,56.83000183105469
2018-04-04 18:30:00,56.97999954223633
2018-04-04 19:30:00,56.77000045776367
2018-04-05 13:30:00,57.400001525878906
2018-04-05 14:30:00,57.70000076293945
2018-04-05 15:30:00,57.599998474121094
2018-04-05 16:30:00,57.38999938964844
2018-04-05 17:30:00,57.505001068115234
2018-04-05 18:30:00,57.63999938964844
2018-04-05 19:30:00,57.41999816894531
2018-04-06 13:30:00,56.79999923706055
2018-04-06 14:30:00,56.31999969482422
2018-04-06 15:30:00,56.189998626708984
2018-04-06 16:30:00,56.40999984741211
2018-04-06 17:30:00,55.77000045776367
2018-04-06 18:30:00,55.75
2018-04-06 19:30:00,55.939998626708984
2018-04-09 13:30:00,56.099998474121094
2018-04-09 14:30:00,56.619998931884766
2018-04-09 15:30:00,56.849998474121094
2018-04-09 16:30:00,56.86000061035156
2018-04-09 17:30:00,56.66999816894531
2018-04-09 18:30:00,56.68000030517578
2018-04-09 19:30:00,56.2400016784668
2018-04-10 13:30:00,56.470001220703125
2018-04-10 14:30:00,56.33000183105469
2018-04-10 15:30:00,55.849998474121094
2018-04-10 16:30:00,56.11000061035156
2018-04-10 17:30:00,56.15999984741211
2018-04-10 18:30:00,56.45000076293945
2018-04-10 19:30:00,56.33000183105469
2018-04-11 13:30:00,56.119998931884766
2018-04-11 14:30:00,56.09000015258789
2018-04-11 15:30:00,56.22999954223633
2018-04-11 16:30:00,56.27000045776367
2018-04-11 17:30:00,56.31999969482422
2018-04-11 18:30:00,56.22999954223633
2018-04-11 19:30:00,56.22999954223633
2018-04-12 13:30:00,56.459999084472656
2018-04-12 14:30:00,56.72999954223633
2018-04-12 15:30:00,56.560001373291016
2018-04-12 16:30:00,56.52000045776367
2018-04-12 17:30:00,56.75
2018-04-12 18:30:00,56.720001220703125
2018-04-12 19:30:00,56.529998779296875
2018-04-13 13:30:00,56.58000183105469
2018-04-13 14:30:00,56.77000045776367
2018-04-13 15:30:00,56.70000076293945
2018-04-13 16:30:00,57.11000061035156
2018-04-13 17:30:00,56.970001220703125
2018-04-13 18:30:00,56.54999923706055
2018-04-13 19:30:00,56.68000030517578
2018-04-16 13:30:00,56.939998626708984
2018-04-16 14:30:00,56.95000076293945
2018-04-16 15:30:00,57.08000183105469
2018-04-16 16:30:00,57.29999923706055
2018-04-16 17:30:00,57.029998779296875
2018-04-16 18:30:00,56.970001220703125
2018-04-16 19:30:00,56.970001220703125
2018-04-17 13:30:00,57.310001373291016
2018-04-17 14:30:00,57.40999984741211
2018-04-17 15:30:00,57.61000061035156
2018-04-17 16:30:00,57.65999984741211
2018-04-17 17:30:00,57.58000183105469
2018-04-17 18:30:00,57.66999816894531
2018-04-17 19:30:00,57.689998626708984
2018-04-18 13:30:00,57.54999923706055
2018-04-18 14:30:00,57.77000045776367
2018-04-18 15:30:00,57.540000915527344
2018-04-18 16:30:00,57.5
2018-04-18 17:30:00,57.54999923706055
2018-04-18 18:30:00,57.52000045776367
2018-04-18 19:30:00,57.470001220703125
2018-04-19 13:30:00,57.09000015258789
2018-04-19 14:30:00,57.40999984741211
2018-04-19 15:30:00,57.064998626708984
2018-04-19 16:30:00,56.90999984741211
2018-04-19 17:30:00,57.02000045776367
2018-04-19 18:30:00,57.09000015258789
2018-04-19 19:30:00,57.29999923706055
2018-04-20 13:30:00,56.84000015258789
2018-04-20 14:30:00,56.599998474121094
2018-04-20 15:30:00,56.220001220703125
2018-04-20 16:30:00,56.400001525878906
2018-04-20 17:30:00,56.380001068115234
2018-04-20 18:30:00,56.29999923706055
2018-04-20 19:30:00,56.5099983215332
2018-04-23 13:30:00,56.790000915527344
2018-04-23 14:30:00,57.2400016784668
2018-04-23 15:30:00,57.27000045776367
2018-04-23 16:30:00,57.04999923706055
2018-04-23 17:30:00,56.790000915527344
2018-04-23 18:30:00,56.724998474121094
2018-04-23 19:30:00,56.849998474121094
2018-04-24 13:30:00,56.220001220703125
2018-04-24 14:30:00,56.099998474121094
2018-04-24 15:30:00,55.81999969482422
2018-04-24 16:30:00,55.560001373291016
2018-04-24 17:30:00,55.41999816894531
2018-04-24 18:30:00,55.65999984741211
2018-04-24 19:30:00,55.72999954223633
2018-04-25 13:30:00,54.79999923706055
2018-04-25 14:30:00,54.709999084472656
2018-04-25 15:30:00,54.58000183105469
2018-04-25 16:30:00,54.650001525878906
2018-04-25 17:30:00,54.459999084472656
2018-04-25 18:30:00,54.400001525878906
2018-04-25 19:30:00,54.40999984741211
2018-04-26 13:30:00,54.720001220703125
2018-04-26 14:30:00,55.23500061035156
2018-04-26 15:30:00,55.38999938964844
2018-04-26 16:30:00,55.439998626708984
2018-04-26 17:30:00,55.29999923706055
2018-04-26 18:30:00,55.310001373291016
2018-04-26 19:30:00,55.099998474121094
2018-04-27 13:30:00,55.90999984741211
2018-04-27 14:30:00,56.150001525878906
2018-04-27 15:30:00,56.38999938964844
2018-04-27 16:30:00,56.27000045776367
2018-04-27 17:30:00,56.33000183105469
2018-04-27 18:30:00,56.2599983215332
2018-04-27 19:30:00,56.20000076293945
2018-04-30 13:30:00,56.119998931884766
2018-04-30 14:30:00,55.810001373291016
2018-04-30 15:30:00,55.290000915527344
2018-04-30 16:30:00,54.91999816894531
2018-04-30 17:30:00,55.029998779296875
2018-04-30 18:30:00,55.0099983215332
2018-04-30 19:30:00,54.9900016784668
2018-05-01 13:30:00,54.47999954223633
2018-05-01 14:30:00,54.56999969482422
2018-05-01 15:30:00,54.63999938964844
2018-05-01 16:30:00,54.4900016784668
2018-05-01 17:30:00,54.810001373291016
2018-05-01 18:30:00,54.85499954223633
2018-05-01 19:30:00,55.189998626708984
2018-05-02 13:30:00,54.310001373291016
2018-05-02 14:30:00,53.779998779296875
2018-05-02 15:30:00,53.5099983215332
2018-05-02 16:30:00,53.369998931884766
2018-05-02 17:30:00,53.560001373291016
2018-05-02 18:30:00,52.88999938964844
2018-05-02 19:30:00,52.72999954223633
2018-05-03 13:30:00,52.4900016784668
2018-05-03 14:30:00,51.95000076293945
2018-05-03 15:30:00,51.90299987792969
2018-05-03 16:30:00,52.33000183105469
2018-05-03 17:30:00,52.41999816894531
2018-05-03 18:30:00,52.2400016784668
2018-05-03 19:30:00,52.310001373291016
2018-05-04 13:30:00,52.4900016784668
2018-05-04 14:30:00,52.95500183105469
2018-05-04 15:30:00,52.97999954223633
2018-05-04 16:30:00,53.064998626708984
2018-05-04 17:30:00,53.209999084472656
2018-05-04 18:30:00,53.0
2018-05-04 19:30:00,52.790000915527344
2018-05-07 13:30:00,52.810001373291016
2018-05-07 14:30:00,53.18000030517578
2018-05-07 15:30:00,53.2599983215332
2018-05-07 16:30:00,53.220001220703125
2018-05-07 17:30:00,53.444400787353516
2018-05-07 18:30:00,53.060001373291016
2018-05-07 19:30:00,53.310001373291016
2018-05-08 13:30:00,53.54999923706055
2018-05-08 14:30:00,54.275001525878906
2018-05-08 15:30:00,54.029998779296875
2018-05-08 16:30:00,53.90999984741211
2018-05-08 17:30:00,53.58000183105469
2018-05-08 18:30:00,53.56999969482422
2018-05-08 19:30:00,53.08000183105469
2018-05-09 13:30:00,49.2599983215332
2018-05-09 14:30:00,48.90999984741211
2018-05-09 15:30:00,49.2599983215332
2018-05-09 16:30:00,49.380001068115234
2018-05-09 17:30:00,49.06999969482422
2018-05-09 18:30:00,49.18000030517578
2018-05-09 19:30:00,49.099998474121094
2018-05-10 13:30:00,50.59000015258789
2018-05-10 14:30:00,50.5099983215332
2018-05-10 15:30:00,50.66999816894531
2018-05-10 16:30:00,50.619998931884766
2018-05-10 17:30:00,50.34000015258789
2018-05-10 18:30:00,50.189998626708984
2018-05-10 19:30:00,50.060001373291016
2018-05-11 13:30:00,49.65999984741211
2018-05-11 14:30:00,49.02000045776367
2018-05-11 15:30:00,49.209999084472656
2018-05-11 16:30:00,49.41999816894531
2018-05-11 17:30:00,49.334999084472656
2018-05-11 18:30:00,49.31999969482422
2018-05-11 19:30:00,49.279998779296875
2018-05-14 13:30:00,49.279998779296875
2018-05-14 14:30:00,48.9900016784668
2018-05-14 15:30:00,49.16999816894531
2018-05-14 16:30:00,48.880001068115234
2018-05-14 17:30:00,48.875
2018-05-14 18:30:00,49.01499938964844
2018-05-14 19:30:00,48.90999984741211
2018-05-15 13:30:00,48.61000061035156
2018-05-15 14:30:00,48.90399932861328
2018-05-15 15:30:00,48.560001373291016
2018-05-15 16:30:00,48.30500030517578
2018-05-15 17:30:00,48.18000030517578
2018-05-15 18:30:00,48.130001068115234
2018-05-15 19:30:00,48.20000076293945
2018-05-16 13:30:00,48.100399017333984
2018-05-16 14:30:00,48.060001373291016
2018-05-16 15:30:00,48.209999084472656
2018-05-16 16:30:00,48.04999923706055
2018-05-16 17:30:00,48.029998779296875
2018-05-16 18:30:00,48.099998474121094
2018-05-16 19:30:00,48.099998474121094
2018-05-17 13:30:00,48.16999816894531
2018-05-17 14:30:00,48.28499984741211
2018-05-17 15:30:00,48.560001373291016
2018-05-17 16:30:00,48.58000183105469
2018-05-17 17:30:00,48.34000015258789
2018-05-17 18:30:00,48.57500076293945
2018-05-17 19:30:00,48.57500076293945
2018-05-18 13:30:00,49.52000045776367
2018-05-18 14:30:00,49.61000061035156
2018-05-18 15:30:00,49.40999984741211
2018-05-18 16:30:00,49.599998474121094
2018-05-18 17:30:00,49.529998779296875
2018-05-18 18:30:00,49.58000183105469
2018-05-18 19:30:00,49.470001220703125
2018-05-21 13:30:00,50.150001525878906
2018-05-21 14:30:00,49.869998931884766
2018-05-21 15:30:00,49.7599983215332
2018-05-21 16:30:00,49.779998779296875
2018-05-21 17:30:00,49.779998779296875
2018-05-21 18:30:00,49.869998931884766
2018-05-21 19:30:00,49.90999984741211
2018-05-22 13:30:00,49.880001068115234
2018-05-22 14:30:00,49.880001068115234
2018-05-22 15:30:00,49.71630096435547
2018-05-22 16:30:00,49.77000045776367
2018-05-22 17:30:00,49.70000076293945
2018-05-22 18:30:00,49.79999923706055
2018-05-22 19:30:00,49.68000030517578
2018-05-23 13:30:00,49.630001068115234
2018-05-23 14:30:00,50.119998931884766
2018-05-23 15:30:00,49.779998779296875
2018-05-23 16:30:00,49.9474983215332
2018-05-23 17:30:00,50.25
2018-05-23 18:30:00,50.04010009765625
2018-05-23 19:30:00,50.02000045776367
2018-05-24 13:30:00,49.96500015258789
2018-05-24 14:30:00,49.529998779296875
2018-05-24 15:30:00,49.584999084472656
2018-05-24 16:30:00,49.650001525878906
2018-05-24 17:30:00,49.630001068115234
2018-05-24 18:30:00,49.599998474121094
2018-05-24 19:30:00,49.630001068115234
2018-05-25 13:30:00,50.36000061035156
2018-05-25 14:30:00,50.099998474121094
2018-05-25 15:30:00,49.63999938964844
2018-05-25 16:30:00,49.41999816894531
2018-05-25 17:30:00,49.459999084472656
2018-05-25 18:30:00,49.720001220703125
2018-05-25 19:30:00,49.65999984741211
2018-05-29 13:30:00,49.59000015258789
2018-05-29 14:30:00,49.540000915527344
2018-05-29 15:30:00,49.220001220703125
2018-05-29 16:30:00,49.11000061035156
2018-05-29 17:30:00,49.02000045776367
2018-05-29 18:30:00,49.0
2018-05-29 19:30:00,49.290000915527344
2018-05-30 13:30:00,51.099998474121094
2018-05-30 14:30:00,51.5
2018-05-30 15:30:00,51.84000015258789
2018-05-30 16:30:00,52.31999969482422
2018-05-30 17:30:00,52.029998779296875
2018-05-30 18:30:00,52.060001373291016
2018-05-30 19:30:00,51.95000076293945
2018-05-31 13:30:00,51.400001525878906
2018-05-31 14:30:00,50.970001220703125
2018-05-31 15:30:00,51.06999969482422
2018-05-31 16:30:00,51.04999923706055
2018-05-31 17:30:00,51.25
2018-05-31 18:30:00,51.3849983215332
2018-05-31 19:30:00,51.18000030517578
2018-06-01 13:30:00,51.474998474121094
2018-06-01 14:30:00,51.7599983215332
2018-06-01 15:30:00,51.619998931884766
2018-06-01 16:30:00,51.638999938964844
2018-06-01 17:30:00,51.65999984741211
2018-06-01 18:30:00,51.560001373291016
2018-06-01 19:30:00,51.5
2018-06-04 13:30:00,51.48500061035156
2018-06-04 14:30:00,51.83000183105469
2018-06-04 15:30:00,51.93000030517578
2018-06-04 16:30:00,51.685001373291016
2018-06-04 17:30:00,51.880001068115234
2018-06-04 18:30:00,51.78499984741211
2018-06-04 19:30:00,51.779998779296875
2018-06-05 13:30:00,51.70500183105469
2018-06-05 14:30:00,51.119998931884766
2018-06-05 15:30:00,51.345001220703125
2018-06-05 16:30:00,51.470001220703125
2018-06-05 17:30:00,51.423099517822266
2018-06-05 18:30:00,51.459999084472656
2018-06-05 19:30:00,51.369998931884766
2018-06-06 13:30:00,52.5099983215332
2018-06-06 14:30:00,52.880001068115234
2018-06-06 15:30:00,53.060001373291016
2018-06-06 16:30:00,53.2599983215332
2018-06-06 17:30:00,53.11000061035156
2018-06-06 18:30:00,53.25
2018-06-06 19:30:00,53.20000076293945
2018-06-07 13:30:00,53.060001373291016
2018-06-07 14:30:00,53.04999923706055
2018-06-07 15:30:00,53.0620002746582
2018-06-07 16:30:00,52.79999923706055
2018-06-07 17:30:00,52.959999084472656
2018-06-07 18:30:00,53.040000915527344
2018-06-07 19:30:00,52.82500076293945
2018-06-08 13:30:00,55.15999984741211
2018-06-08 14:30:00,55.29999923706055
2018-06-08 15:30:00,55.880001068115234
2018-06-08 16:30:00,55.625
2018-06-08 17:30:00,55.5
2018-06-08 18:30:00,55.72999954223633
2018-06-08 19:30:00,55.470001220703125
2018-06-11 13:30:00,55.70000076293945
2018-06-11 14:30:00,55.83000183105469
2018-06-11 15:30:00,56.060001373291016
2018-06-11 16:30:00,56.07749938964844
2018-06-11 17:30:00,56.02000045776367
2018-06-11 18:30:00,56.0099983215332
2018-06-11 19:30:00,56.060001373291016
2018-06-12 13:30:00,56.189998626708984
2018-06-12 14:30:00,56.04999923706055
2018-06-12 15:30:00,56.369998931884766
2018-06-12 16:30:00,56.189998626708984
2018-06-12 17:30:00,56.2599983215332
2018-06-12 18:30:00,56.29499816894531
2018-06-12 19:30:00,56.18000030517578
2018-06-13 13:30:00,56.09000015258789
2018-06-13 14:30:00,56.275001525878906
2018-06-13 15:30:00,56.04309844970703
2018-06-13 16:30:00,56.20000076293945
2018-06-13 17:30:00,56.0
2018-06-13 18:30:00,56.11000061035156
2018-06-13 19:30:00,56.09000015258789
2018-06-14 13:30:00,55.97999954223633
2018-06-14 14:30:00,56.04999923706055
2018-06-14 15:30:00,56.0
2018-06-14 16:30:00,56.02000045776367
2018-06-14 17:30:00,55.9900016784668
2018-06-14 18:30:00,56.11000061035156
2018-06-14 19:30:00,56.05099868774414
2018-06-15 13:30:00,56.119998931884766
2018-06-15 14:30:00,56.0
2018-06-15 15:30:00,56.06999969482422
2018-06-15 16:30:00,56.02000045776367
2018-06-15 17:30:00,56.09000015258789
2018-06-15 18:30:00,56.029998779296875
2018-06-15 19:30:00,56.439998626708984
2018-06-18 13:30:00,56.0099983215332
2018-06-18 14:30:00,55.95000076293945
2018-06-18 15:30:00,55.939998626708984
2018-06-18 16:30:00,56.0099983215332
2018-06-18 17:30:00,56.040000915527344
2018-06-18 18:30:00,56.0
2018-06-18 19:30:00,56.08000183105469
2018-06-19 13:30:00,56.0099983215332
2018-06-19 14:30:00,55.93000030517578
2018-06-19 15:30:00,55.95000076293945
2018-06-19 16:30:00,56.01499938964844
2018-06-19 17:30:00,56.025001525878906
2018-06-19 18:30:00,55.96500015258789
2018-06-19 19:30:00,55.88999938964844
2018-06-20 13:30:00,55.2599983215332
2018-06-20 14:30:00,55.13999938964844
2018-06-20 15:30:00,55.32500076293945
2018-06-20 16:30:00,55.28519821166992
2018-06-20 17:30:00,55.45000076293945
2018-06-20 18:30:00,55.42499923706055
2018-06-20 19:30:00,55.52000045776367
2018-06-21 13:30:00,55.900001525878906
2018-06-21 14:30:00,55.900001525878906
2018-06-21 15:30:00,55.9900016784668
2018-06-21 16:30:00,55.90999984741211
2018-06-21 17:30:00,55.970001220703125
2018-06-21 18:30:00,56.0
2018-06-21 19:30:00,55.970001220703125
2018-06-22 13:30:00,56.0
2018-06-22 14:30:00,56.40999984741211
2018-06-22 15:30:00,56.560001373291016
2018-06-22 16:30:00,56.709999084472656
2018-06-22 17:30:00,56.790000915527344
2018-06-22 18:30:00,56.9900016784668
2018-06-22 19:30:00,56.86000061035156
2018-06-25 13:30:00,57.05500030517578
2018-06-25 14:30:00,57.04999923706055
2018-06-25 15:30:00,56.81999969482422
2018-06-25 16:30:00,56.63999938964844
2018-06-25 17:30:00,56.494998931884766
2018-06-25 18:30:00,56.364898681640625
2018-06-25 19:30:00,56.63999938964844
2018-06-26 13:30:00,56.36000061035156
2018-06-26 14:30:00,56.33000183105469
2018-06-26 15:30:00,56.459999084472656
2018-06-26 16:30:00,56.5
2018-06-26 17:30:00,56.474998474121094
2018-06-26 18:30:00,56.404998779296875
2018-06-26 19:30:00,56.244998931884766
2018-06-27 13:30:00,56.43000030517578
2018-06-27 14:30:00,56.099998474121094
2018-06-27 15:30:00,56.06999969482422
2018-06-27 16:30:00,55.9900016784668
2018-06-27 17:30:00,55.970001220703125
2018-06-27 18:30:00,56.099998474121094
2018-06-27 19:30:00,55.939998626708984
2018-06-28 13:30:00,56.57500076293945
2018-06-28 14:30:00,56.849998474121094
2018-06-28 15:30:00,56.560001373291016
2018-06-28 16:30:00,56.709999084472656
2018-06-28 17:30:00,56.70000076293945
2018-06-28 18:30:00,56.86000061035156
2018-06-28 19:30:00,56.790000915527344
2018-06-29 13:30:00,56.779998779296875
2018-06-29 14:30:00,56.93000030517578
2018-06-29 15:30:00,57.380001068115234
2018-06-29 16:30:00,57.349998474121094
2018-06-29 17:30:00,57.459999084472656
2018-06-29 18:30:00,57.63999938964844
2018-06-29 19:30:00,57.310001373291016
2018-07-02 13:30:00,57.849998474121094
2018-07-02 14:30:00,57.54999923706055
2018-07-02 15:30:00,57.400001525878906
2018-07-02 16:30:00,57.279998779296875
2018-07-02 17:30:00,57.599998474121094
2018-07-02 18:30:00,57.56999969482422
2018-07-02 19:30:00,57.58250045776367
2018-07-03 13:30:00,57.75
2018-07-03 14:30:00,57.790000915527344
2018-07-03 15:30:00,57.83000183105469
2018-07-03 17:00:00,57.68000030517578
2018-07-05 13:30:00,56.93000030517578
2018-07-05 14:30:00,56.900001525878906
2018-07-05 15:30:00,57.189998626708984
2018-07-05 16:30:00,57.130001068115234
2018-07-05 17:30:00,57.29999923706055
2018-07-05 18:30:00,57.494998931884766
2018-07-05 19:30:00,57.63999938964844
2018-07-06 13:30:00,58.04999923706055
2018-07-06 14:30:00,58.34000015258789
2018-07-06 15:30:00,58.400001525878906
2018-07-06 16:30:00,58.2400016784668
2018-07-06 17:30:00,58.28499984741211
2018-07-06 18:30:00,58.529998779296875
2018-07-06 19:30:00,58.439998626708984
2018-07-09 13:30:00,58.40999984741211
2018-07-09 14:30:00,58.689998626708984
2018-07-09 15:30:00,58.68000030517578
2018-07-09 16:30:00,58.5
2018-07-09 17:30:00,58.39500045776367
2018-07-09 18:30:00,58.650001525878906
2018-07-09 19:30:00,58.709999084472656
2018-07-10 13:30:00,59.150001525878906
2018-07-10 14:30:00,59.130001068115234
2018-07-10 15:30:00,59.2599983215332
2018-07-10 16:30:00,59.33000183105469
2018-07-10 17:30:00,59.45000076293945
2018-07-10 18:30:00,59.52000045776367
2018-07-10 19:30:00,59.56999969482422
2018-07-11 13:30:00,59.58000183105469
2018-07-11 14:30:00,59.970001220703125
2018-07-11 15:30:00,60.43000030517578
2018-07-11 16:30:00,60.20000076293945
2018-07-11 17:30:00,60.27000045776367
2018-07-11 18:30:00,60.310001373291016
2018-07-11 19:30:00,60.2400016784668
2018-07-12 13:30:00,60.72999954223633
2018-07-12 14:30:00,60.790000915527344
2018-07-12 15:30:00,61.150001525878906
2018-07-12 16:30:00,60.91999816894531
2018-07-12 17:30:00,60.79999923706055
2018-07-12 18:30:00,60.84000015258789
2018-07-12 19:30:00,61.0099983215332
2018-07-13 13:30:00,60.9900016784668
2018-07-13 14:30:00,60.76499938964844
2018-07-13 15:30:00,60.93000030517578
2018-07-13 16:30:00,61.0078010559082
2018-07-13 17:30:00,61.11000061035156
2018-07-13 18:30:00,61.15999984741211
2018-07-13 19:30:00,61.189998626708984
2018-07-16 13:30:00,60.823699951171875
2018-07-16 14:30:00,61.415000915527344
2018-07-16 15:30:00,61.34000015258789
2018-07-16 16:30:00,61.244998931884766
2018-07-16 17:30:00,61.095001220703125
2018-07-16 18:30:00,61.224998474121094
2018-07-16 19:30:00,61.08000183105469
2018-07-17 13:30:00,61.34000015258789
2018-07-17 14:30:00,61.5
2018-07-17 15:30:00,61.962799072265625
2018-07-17 16:30:00,62.08000183105469
2018-07-17 17:30:00,62.029998779296875
2018-07-17 18:30:00,62.150001525878906
2018-07-17 19:30:00,62.16999816894531
2018-07-18 13:30:00,60.939998626708984
2018-07-18 14:30:00,60.77000045776367
2018-07-18 15:30:00,60.751800537109375
2018-07-18 16:30:00,60.86000061035156
2018-07-18 17:30:00,60.880001068115234
2018-07-18 18:30:00,61.08000183105469
2018-07-18 19:30:00,61.040000915527344
2018-07-19 13:30:00,61.15999984741211
2018-07-19 14:30:00,61.380001068115234
2018-07-19 15:30:00,61.35499954223633
2018-07-19 16:30:00,61.459999084472656
2018-07-19 17:30:00,61.29999923706055
2018-07-19 18:30:00,61.22999954223633
2018-07-19 19:30:00,61.13999938964844
2018-07-20 13:30:00,61.29999923706055
2018-07-20 14:30:00,61.5099983215332
2018-07-20 15:30:00,61.33000183105469
2018-07-20 16:30:00,61.380001068115234
2018-07-20 17:30:00,61.33000183105469
2018-07-20 18:30:00,61.34000015258789
2018-07-20 19:30:00,61.59000015258789
2018-07-23 13:30:00,61.18000030517578
2018-07-23 14:30:00,61.41999816894531
2018-07-23 15:30:00,61.28499984741211
2018-07-23 16:30:00,61.04999923706055
2018-07-23 17:30:00,60.96590042114258
2018-07-23 18:30:00,60.91999816894531
2018-07-23 19:30:00,61.0
2018-07-24 13:30:00,61.11000061035156
2018-07-24 14:30:00,60.97999954223633
2018-07-24 15:30:00,60.95899963378906
2018-07-24 16:30:00,60.630001068115234
2018-07-24 17:30:00,60.70500183105469
2018-07-24 18:30:00,60.845001220703125
2018-07-24 19:30:00,61.08000183105469
2018-07-25 13:30:00,61.650001525878906
2018-07-25 14:30:00,61.43000030517578
2018-07-25 15:30:00,61.459999084472656
2018-07-25 16:30:00,61.47999954223633
2018-07-25 17:30:00,61.63999938964844
2018-07-25 18:30:00,61.869998931884766
2018-07-25 19:30:00,62.130001068115234
2018-07-26 13:30:00,62.43000030517578
2018-07-26 14:30:00,62.06999969482422
2018-07-26 15:30:00,61.900001525878906
2018-07-26 16:30:00,61.93000030517578
2018-07-26 17:30:00,61.90999984741211
2018-07-26 18:30:00,61.56999969482422
2018-07-26 19:30:00,61.65999984741211
2018-07-27 13:30:00,61.47999954223633
2018-07-27 14:30:00,61.369998931884766
2018-07-27 15:30:00,60.90999984741211
2018-07-27 16:30:00,60.334999084472656
2018-07-27 17:30:00,60.40999984741211
2018-07-27 18:30:00,60.470001220703125
2018-07-27 19:30:00,60.63999938964844
2018-07-30 13:30:00,60.5099983215332
2018-07-30 14:30:00,60.41999816894531
2018-07-30 15:30:00,60.04999923706055
2018-07-30 16:30:00,60.0099983215332
2018-07-30 17:30:00,59.994998931884766
2018-07-30 18:30:00,59.68000030517578
2018-07-30 19:30:00,59.70000076293945
2018-07-31 13:30:00,60.52000045776367
2018-07-31 14:30:00,60.599998474121094
2018-07-31 15:30:00,60.5
2018-07-31 16:30:00,60.5
2018-07-31 17:30:00,60.5
2018-07-31 18:30:00,60.255001068115234
2018-07-31 19:30:00,60.029998779296875
2018-08-01 13:30:00,58.619998931884766
2018-08-01 14:30:00,58.7400016784668
2018-08-01 15:30:00,58.810001373291016
2018-08-01 16:30:00,58.560001373291016
2018-08-01 17:30:00,58.619998931884766
2018-08-01 18:30:00,58.7400016784668
2018-08-01 19:30:00,58.77000045776367
2018-08-02 13:30:00,58.77000045776367
2018-08-02 14:30:00,58.8650016784668
2018-08-02 15:30:00,59.11000061035156
2018-08-02 16:30:00,59.18000030517578
2018-08-02 17:30:00,59.25
2018-08-02 18:30:00,59.5099983215332
2018-08-02 19:30:00,59.349998474121094
2018-08-03 13:30:00,59.380001068115234
2018-08-03 14:30:00,59.48500061035156
2018-08-03 15:30:00,59.27000045776367
2018-08-03 16:30:00,59.529998779296875
2018-08-03 17:30:00,59.41999816894531
2018-08-03 18:30:00,59.290000915527344
2018-08-03 19:30:00,59.279998779296875
2018-08-06 13:30:00,59.41999816894531
2018-08-06 14:30:00,59.959999084472656
2018-08-06 15:30:00,60.2400016784668
2018-08-06 16:30:00,60.040000915527344
2018-08-06 17:30:00,59.84000015258789
2018-08-06 18:30:00,59.66999816894531
2018-08-06 19:30:00,59.40999984741211
2018-08-07 13:30:00,59.59000015258789
2018-08-07 14:30:00,59.720001220703125
2018-08-07 15:30:00,59.95000076293945
2018-08-07 16:30:00,59.779998779296875
2018-08-07 17:30:00,59.56999969482422
2018-08-07 18:30:00,59.70000076293945
2018-08-07 19:30:00,59.790000915527344
2018-08-08 13:30:00,59.54999923706055
2018-08-08 14:30:00,59.369998931884766
2018-08-08 15:30:00,59.209999084472656
2018-08-08 16:30:00,59.119998931884766
2018-08-08 17:30:00,59.38999938964844
2018-08-08 18:30:00,59.459999084472656
2018-08-08 19:30:00,59.380001068115234
2018-08-09 13:30:00,61.77000045776367
2018-08-09 14:30:00,61.189998626708984
2018-08-09 15:30:00,60.77000045776367
2018-08-09 16:30:00,60.70000076293945
2018-08-09 17:30:00,61.02000045776367
2018-08-09 18:30:00,61.16999816894531
2018-08-09 19:30:00,60.9900016784668
2018-08-10 13:30:00,60.584999084472656
2018-08-10 14:30:00,60.790000915527344
2018-08-10 15:30:00,60.90999984741211
2018-08-10 16:30:00,60.95500183105469
2018-08-10 17:30:00,60.5099983215332
2018-08-10 18:30:00,60.70000076293945
2018-08-10 19:30:00,60.709999084472656
2018-08-13 13:30:00,60.5
2018-08-13 14:30:00,60.400001525878906
2018-08-13 15:30:00,60.34000015258789
2018-08-13 16:30:00,60.5099983215332
2018-08-13 17:30:00,60.7400016784668
2018-08-13 18:30:00,60.505001068115234
2018-08-13 19:30:00,60.45000076293945
2018-08-14 13:30:00,60.720001220703125
2018-08-14 14:30:00,60.79999923706055
2018-08-14 15:30:00,61.0099983215332
2018-08-14 16:30:00,61.08000183105469
2018-08-14 17:30:00,61.02000045776367
2018-08-14 18:30:00,61.63999938964844
2018-08-14 19:30:00,61.79999923706055
2018-08-15 13:30:00,61.310001373291016
2018-08-15 14:30:00,61.2400016784668
2018-08-15 15:30:00,61.65999984741211
2018-08-15 16:30:00,61.540000915527344
2018-08-15 17:30:00,61.43000030517578
2018-08-15 18:30:00,61.25749969482422
2018-08-15 19:30:00,61.349998474121094
2018-08-16 13:30:00,61.349998474121094
2018-08-16 14:30:00,61.869998931884766
2018-08-16 15:30:00,61.70000076293945
2018-08-16 16:30:00,61.75
2018-08-16 17:30:00,61.61790084838867
2018-08-16 18:30:00,61.6349983215332
2018-08-16 19:30:00,61.66999816894531
2018-08-17 13:30:00,61.70000076293945
2018-08-17 14:30:00,61.849998474121094
2018-08-17 15:30:00,62.02000045776367
2018-08-17 16:30:00,61.91999816894531
2018-08-17 17:30:00,62.20000076293945
2018-08-17 18:30:00,62.16999816894531
2018-08-17 19:30:00,62.18000030517578
2018-08-20 13:30:00,62.5099983215332
2018-08-20 14:30:00,62.06999969482422
2018-08-20 15:30:00,62.0099983215332
2018-08-20 16:30:00,62.21009826660156
2018-08-20 17:30:00,62.060001373291016
2018-08-20 18:30:00,62.345001220703125
2018-08-20 19:30:00,62.09000015258789
2018-08-21 13:30:00,62.119998931884766
2018-08-21 14:30:00,62.08000183105469
2018-08-21 15:30:00,61.959999084472656
2018-08-21 16:30:00,61.974998474121094
2018-08-21 17:30:00,61.97999954223633
2018-08-21 18:30:00,61.790000915527344
2018-08-21 19:30:00,61.86000061035156
2018-08-22 13:30:00,61.060001373291016
2018-08-22 14:30:00,61.04999923706055
2018-08-22 15:30:00,61.02899932861328
2018-08-22 16:30:00,61.09000015258789
2018-08-22 17:30:00,61.03799819946289
2018-08-22 18:30:00,61.064998626708984
2018-08-22 19:30:00,61.0099983215332
2018-08-23 13:30:00,61.0099983215332
2018-08-23 14:30:00,60.849998474121094
2018-08-23 15:30:00,60.79999923706055
2018-08-23 16:30:00,60.7599983215332
2018-08-23 17:30:00,60.84000015258789
2018-08-23 18:30:00,60.86000061035156
2018-08-23 19:30:00,60.68000030517578
2018-08-24 13:30:00,60.720001220703125
2018-08-24 14:30:00,61.0
2018-08-24 15:30:00,61.0
2018-08-24 16:30:00,60.91999816894531
2018-08-24 17:30:00,60.72999954223633
2018-08-24 18:30:00,60.72999954223633
2018-08-24 19:30:00,60.650001525878906
2018-08-27 13:30:00,60.59000015258789
2018-08-27 14:30:00,60.470001220703125
2018-08-27 15:30:00,60.599998474121094
2018-08-27 16:30:00,60.39500045776367
2018-08-27 17:30:00,60.345001220703125
2018-08-27 18:30:00,60.25
2018-08-27 19:30:00,60.43000030517578
2018-08-28 13:30:00,60.59000015258789
2018-08-28 14:30:00,60.70000076293945
2018-08-28 15:30:00,60.70000076293945
2018-08-28 16:30:00,60.720001220703125
2018-08-28 17:30:00,60.80500030517578
2018-08-28 18:30:00,60.81999969482422
2018-08-28 19:30:00,60.79999923706055
2018-08-29 13:30:00,60.79999923706055
2018-08-29 14:30:00,61.15999984741211
2018-08-29 15:30:00,61.130001068115234
2018-08-29 16:30:00,61.005001068115234
2018-08-29 17:30:00,61.0099983215332
2018-08-29 18:30:00,61.29399871826172
2018-08-29 19:30:00,61.380001068115234
2018-08-30 13:30:00,61.380001068115234
2018-08-30 14:30:00,60.9900016784668
2018-08-30 15:30:00,60.810001373291016
2018-08-30 16:30:00,61.04499816894531
2018-08-30 17:30:00,60.90999984741211
2018-08-30 18:30:00,60.56999969482422
2018-08-30 19:30:00,60.81999969482422
2018-08-31 13:30:00,60.59000015258789
2018-08-31 14:30:00,60.57500076293945
2018-08-31 15:30:00,60.29999923706055
2018-08-31 16:30:00,60.400001525878906
2018-08-31 17:30:00,60.3650016784668
2018-08-31 18:30:00,60.40999984741211
2018-08-31 19:30:00,60.88999938964844
2018-09-04 13:30:00,60.81999969482422
2018-09-04 14:30:00,60.790000915527344
2018-09-04 15:30:00,60.68000030517578
2018-09-04 16:30:00,60.869998931884766
2018-09-04 17:30:00,60.849998474121094
2018-09-04 18:30:00,60.83000183105469
2018-09-04 19:30:00,60.93000030517578
2018-09-05 13:30:00,61.04999923706055
2018-09-05 14:30:00,61.22999954223633
2018-09-05 15:30:00,61.369998931884766
2018-09-05 16:30:00,61.52000045776367
2018-09-05 17:30:00,61.560001373291016
2018-09-05 18:30:00,61.459999084472656
2018-09-05 19:30:00,61.459999084472656
2018-09-06 13:30:00,61.02000045776367
2018-09-06 14:30:00,61.16999816894531
2018-09-06 15:30:00,60.9900016784668
2018-09-06 16:30:00,61.02000045776367
2018-09-06 17:30:00,61.0099983215332
2018-09-06 18:30:00,61.34000015258789
2018-09-06 19:30:00,61.33000183105469
2018-09-07 13:30:00,60.0099983215332
2018-09-07 14:30:00,60.41999816894531
2018-09-07 15:30:00,60.45000076293945
2018-09-07 16:30:00,60.53499984741211
2018-09-07 17:30:00,60.334999084472656
2018-09-07 18:30:00,60.43000030517578
2018-09-07 19:30:00,60.349998474121094
2018-09-10 13:30:00,60.209999084472656
2018-09-10 14:30:00,60.224998474121094
2018-09-10 15:30:00,59.89500045776367
2018-09-10 16:30:00,59.95690155029297
2018-09-10 17:30:00,59.849998474121094
2018-09-10 18:30:00,59.86000061035156
2018-09-10 19:30:00,59.77000045776367
2018-09-11 13:30:00,58.79999923706055
2018-09-11 14:30:00,58.630001068115234
2018-09-11 15:30:00,58.79999923706055
2018-09-11 16:30:00,58.68000030517578
2018-09-11 17:30:00,58.59000015258789
2018-09-11 18:30:00,58.2599983215332
2018-09-11 19:30:00,58.099998474121094
2018-09-12 13:30:00,57.84000015258789
2018-09-12 14:30:00,58.040000915527344
2018-09-12 15:30:00,58.0
2018-09-12 16:30:00,58.279998779296875
2018-09-12 17:30:00,58.279998779296875
2018-09-12 18:30:00,58.33000183105469
2018-09-12 19:30:00,58.27000045776367
2018-09-13 13:30:00,58.72999954223633
2018-09-13 14:30:00,58.68000030517578
2018-09-13 15:30:00,58.75
2018-09-13 16:30:00,58.439998626708984
2018-09-13 17:30:00,58.40999984741211
2018-09-13 18:30:00,58.709999084472656
2018-09-13 19:30:00,58.93000030517578
2018-09-14 13:30:00,59.47999954223633
2018-09-14 14:30:00,59.38999938964844
2018-09-14 15:30:00,59.33000183105469
2018-09-14 16:30:00,59.4900016784668
2018-09-14 17:30:00,59.52000045776367
2018-09-14 18:30:00,59.47999954223633
2018-09-14 19:30:00,59.52000045776367
2018-09-17 13:30:00,59.314998626708984
2018-09-17 14:30:00,59.560001373291016
2018-09-17 15:30:00,59.7599983215332
2018-09-17 16:30:00,59.72999954223633
2018-09-17 17:30:00,59.78990173339844
2018-09-17 18:30:00,59.65999984741211
2018-09-17 19:30:00,59.72999954223633
2018-09-18 13:30:00,59.349998474121094
2018-09-18 14:30:00,59.61000061035156
2018-09-18 15:30:00,59.400001525878906
2018-09-18 16:30:00,59.369998931884766
2018-09-18 17:30:00,59.43000030517578
2018-09-18 18:30:00,59.45000076293945
2018-09-18 19:30:00,59.400001525878906
2018-09-19 13:30:00,59.16999816894531
2018-09-19 14:30:00,59.28499984741211
2018-09-19 15:30:00,59.41999816894531
2018-09-19 16:30:00,59.36000061035156
2018-09-19 17:30:00,59.25
2018-09-19 18:30:00,59.27000045776367
2018-09-19 19:30:00,59.310001373291016
2018-09-20 13:30:00,60.27000045776367
2018-09-20 14:30:00,60.2599983215332
2018-09-20 15:30:00,60.51499938964844
2018-09-20 16:30:00,60.564998626708984
2018-09-20 17:30:00,60.540000915527344
2018-09-20 18:30:00,60.27000045776367
2018-09-20 19:30:00,60.380001068115234
2018-09-21 13:30:00,60.689998626708984
2018-09-21 14:30:00,60.52000045776367
2018-09-21 15:30:00,60.5099983215332
2018-09-21 16:30:00,60.279998779296875
2018-09-21 17:30:00,60.06999969482422
2018-09-21 18:30:00,60.040000915527344
2018-09-21 19:30:00,59.849998474121094
2018-09-24 13:30:00,58.380001068115234
2018-09-24 14:30:00,58.34000015258789
2018-09-24 15:30:00,57.939998626708984
2018-09-24 16:30:00,58.0
2018-09-24 17:30:00,58.290000915527344
2018-09-24 18:30:00,58.2599983215332
2018-09-24 19:30:00,58.29999923706055
2018-09-25 13:30:00,58.34000015258789
2018-09-25 14:30:00,58.0
2018-09-25 15:30:00,57.97999954223633
2018-09-25 16:30:00,57.869998931884766
2018-09-25 17:30:00,58.029998779296875
2018-09-25 18:30:00,57.95500183105469
2018-09-25 19:30:00,57.93000030517578
2018-09-26 13:30:00,58.29999923706055
2018-09-26 14:30:00,58.59000015258789
2018-09-26 15:30:00,58.560001373291016
2018-09-26 16:30:00,58.72999954223633
2018-09-26 17:30:00,58.730098724365234
2018-09-26 18:30:00,58.720001220703125
2018-09-26 19:30:00,58.33000183105469
2018-09-27 13:30:00,58.91999816894531
2018-09-27 14:30:00,58.915000915527344
2018-09-27 15:30:00,58.875
2018-09-27 16:30:00,58.66999816894531
2018-09-27 17:30:00,58.630001068115234
2018-09-27 18:30:00,58.29499816894531
2018-09-27 19:30:00,58.33000183105469
2018-09-28 13:30:00,58.47999954223633
2018-09-28 14:30:00,58.27000045776367
2018-09-28 15:30:00,58.13999938964844
2018-09-28 16:30:00,58.36000061035156
2018-09-28 17:30:00,58.2400016784668
2018-09-28 18:30:00,58.25
2018-09-28 19:30:00,58.290000915527344
2018-10-01 13:30:00,58.40999984741211
2018-10-01 14:30:00,58.220001220703125
2018-10-01 15:30:00,57.86000061035156
2018-10-01 16:30:00,57.68000030517578
2018-10-01 17:30:00,57.55500030517578
2018-10-01 18:30:00,57.25
2018-10-01 19:30:00,57.36000061035156
2018-10-02 13:30:00,56.290000915527344
2018-10-02 14:30:00,56.810001373291016
2018-10-02 15:30:00,57.130001068115234
2018-10-02 16:30:00,57.16999816894531
2018-10-02 17:30:00,57.25
2018-10-02 18:30:00,57.185001373291016
2018-10-02 19:30:00,57.189998626708984
2018-10-03 13:30:00,57.31999969482422
2018-10-03 14:30:00,57.150001525878906
2018-10-03 15:30:00,57.06999969482422
2018-10-03 16:30:00,56.90999984741211
2018-10-03 17:30:00,56.88999938964844
2018-10-03 18:30:00,56.474998474121094
2018-10-03 19:30:00,56.65999984741211
2018-10-04 13:30:00,56.02000045776367
2018-10-04 14:30:00,55.96500015258789
2018-10-04 15:30:00,55.7599983215332
2018-10-04 16:30:00,55.880001068115234
2018-10-04 17:30:00,55.66999816894531
2018-10-04 18:30:00,55.849998474121094
2018-10-04 19:30:00,55.970001220703125
2018-10-05 13:30:00,56.54999923706055
2018-10-05 14:30:00,56.209999084472656
2018-10-05 15:30:00,56.029998779296875
2018-10-05 16:30:00,56.0
2018-10-05 17:30:00,56.209999084472656
2018-10-05 18:30:00,56.20500183105469
2018-10-05 19:30:00,56.189998626708984
2018-10-08 13:30:00,56.5099983215332
2018-10-08 14:30:00,56.2400016784668
2018-10-08 15:30:00,56.20000076293945
2018-10-08 16:30:00,56.08000183105469
2018-10-08 17:30:00,56.22999954223633
2018-10-08 18:30:00,56.59000015258789
2018-10-08 19:30:00,56.5
2018-10-09 13:30:00,56.84000015258789
2018-10-09 14:30:00,56.7599983215332
2018-10-09 15:30:00,56.7400016784668
2018-10-09 16:30:00,56.709999084472656
2018-10-09 17:30:00,56.63999938964844
2018-10-09 18:30:00,56.48500061035156
2018-10-09 19:30:00,56.56999969482422
2018-10-10 13:30:00,55.54999923706055
2018-10-10 14:30:00,55.380001068115234
2018-10-10 15:30:00,55.209999084472656
2018-10-10 16:30:00,54.959999084472656
2018-10-10 17:30:00,54.7599983215332
2018-10-10 18:30:00,54.43000030517578
2018-10-10 19:30:00,53.900001525878906
2018-10-11 13:30:00,54.18000030517578
2018-10-11 14:30:00,53.81999969482422
2018-10-11 15:30:00,54.25
2018-10-11 16:30:00,53.9900016784668
2018-10-11 17:30:00,53.61000061035156
2018-10-11 18:30:00,53.439998626708984
2018-10-11 19:30:00,52.83000183105469
2018-10-12 13:30:00,53.29999923706055
2018-10-12 14:30:00,53.68000030517578
2018-10-12 15:30:00,53.25
2018-10-12 16:30:00,53.27000045776367
2018-10-12 17:30:00,53.13999938964844
2018-10-12 18:30:00,53.4900016784668
2018-10-12 19:30:00,53.290000915527344
2018-10-15 13:30:00,52.45000076293945
2018-10-15 14:30:00,52.810001373291016
2018-10-15 15:30:00,52.41999816894531
2018-10-15 16:30:00,52.5099983215332
2018-10-15 17:30:00,52.20000076293945
2018-10-15 18:30:00,52.38999938964844
2018-10-15 19:30:00,52.20000076293945
2018-10-16 13:30:00,52.790000915527344
2018-10-16 14:30:00,52.88999938964844
2018-10-16 15:30:00,52.70000076293945
2018-10-16 16:30:00,52.92499923706055
2018-10-16 17:30:00,52.95000076293945
2018-10-16 18:30:00,52.939998626708984
2018-10-16 19:30:00,53.11000061035156
2018-10-17 13:30:00,52.470001220703125
2018-10-17 14:30:00,52.36000061035156
2018-10-17 15:30:00,52.84000015258789
2018-10-17 16:30:00,52.88999938964844
2018-10-17 17:30:00,52.7400016784668
2018-10-17 18:30:00,52.779998779296875
2018-10-17 19:30:00,52.619998931884766
2018-10-18 13:30:00,52.400001525878906
2018-10-18 14:30:00,52.54999923706055
2018-10-18 15:30:00,52.07500076293945
2018-10-18 16:30:00,51.66999816894531
2018-10-18 17:30:00,51.88999938964844
2018-10-18 18:30:00,51.79999923706055
2018-10-18 19:30:00,51.84000015258789
2018-10-19 13:30:00,52.869998931884766
2018-10-19 14:30:00,52.47999954223633
2018-10-19 15:30:00,52.25
2018-10-19 16:30:00,52.56999969482422
2018-10-19 17:30:00,52.38999938964844
2018-10-19 18:30:00,52.45000076293945
2018-10-19 19:30:00,52.11000061035156
2018-10-22 13:30:00,52.05500030517578
2018-10-22 14:30:00,52.38999938964844
2018-10-22 15:30:00,52.15999984741211
2018-10-22 16:30:00,52.38999938964844
2018-10-22 17:30:00,52.17499923706055
2018-10-22 18:30:00,52.27000045776367
2018-10-22 19:30:00,52.09000015258789
2018-10-23 13:30:00,51.34000015258789
2018-10-23 14:30:00,51.48500061035156
2018-10-23 15:30:00,51.994998931884766
2018-10-23 16:30:00,52.79999923706055
2018-10-23 17:30:00,52.900001525878906
2018-10-23 18:30:00,52.790000915527344
2018-10-23 19:30:00,52.63999938964844
2018-10-24 13:30:00,52.619998931884766
2018-10-24 14:30:00,52.529998779296875
2018-10-24 15:30:00,53.09000015258789
2018-10-24 16:30:00,52.470001220703125
2018-10-24 17:30:00,52.77000045776367
2018-10-24 18:30:00,52.2599983215332
2018-10-24 19:30:00,52.02000045776367
2018-10-25 13:30:00,52.7599983215332
2018-10-25 14:30:00,52.7400016784668
2018-10-25 15:30:00,52.4900016784668
2018-10-25 16:30:00,52.650001525878906
2018-10-25 17:30:00,52.709999084472656
2018-10-25 18:30:00,52.77000045776367
2018-10-25 19:30:00,52.5099983215332
2018-10-26 13:30:00,51.25
2018-10-26 14:30:00,51.43000030517578
2018-10-26 15:30:00,51.599998474121094
2018-10-26 16:30:00,51.560001373291016
2018-10-26 17:30:00,51.47999954223633
2018-10-26 18:30:00,51.150001525878906
2018-10-26 19:30:00,51.060001373291016
2018-10-29 13:30:00,51.709999084472656
2018-10-29 14:30:00,51.529998779296875
2018-10-29 15:30:00,51.279998779296875
2018-10-29 16:30:00,51.595001220703125
2018-10-29 17:30:00,51.52000045776367
2018-10-29 18:30:00,50.90999984741211
2018-10-29 19:30:00,51.29999923706055
2018-10-30 13:30:00,52.18000030517578
2018-10-30 14:30:00,52.59000015258789
2018-10-30 15:30:00,52.47999954223633
2018-10-30 16:30:00,52.33000183105469
2018-10-30 17:30:00,52.45000076293945
2018-10-30 18:30:00,52.810001373291016
2018-10-30 19:30:00,53.0
2018-10-31 13:30:00,53.220001220703125
2018-10-31 14:30:00,53.31999969482422
2018-10-31 15:30:00,52.689998626708984
2018-10-31 16:30:00,52.88999938964844
2018-10-31 17:30:00,53.334999084472656
2018-10-31 18:30:00,53.310001373291016
2018-10-31 19:30:00,52.83000183105469
2018-11-01 13:30:00,53.9900016784668
2018-11-01 14:30:00,54.16999816894531
2018-11-01 15:30:00,54.130001068115234
2018-11-01 16:30:00,54.099998474121094
2018-11-01 17:30:00,54.1150016784668
2018-11-01 18:30:00,54.19499969482422
2018-11-01 19:30:00,54.45000076293945
2018-11-02 13:30:00,54.310001373291016
2018-11-02 14:30:00,54.02000045776367
2018-11-02 15:30:00,54.040000915527344
2018-11-02 16:30:00,53.82500076293945
2018-11-02 17:30:00,54.13999938964844
2018-11-02 18:30:00,53.95000076293945
2018-11-02 19:30:00,54.099998474121094
