Datetime,NDX
2017-11-06 14:30:00,6312.5
2017-11-06 15:30:00,6307.2900390625
2017-11-06 16:30:00,6306.9404296875
2017-11-06 17:30:00,6309.11572265625
2017-11-06 18:30:00,6313.30322265625
2017-11-06 19:30:00,6316.39404296875
2017-11-06 20:30:00,6314.33447265625
2017-11-07 14:30:00,6313.75927734375
2017-11-07 15:30:00,6308.99462890625
2017-11-07 16:30:00,6309.12890625
2017-11-07 17:30:00,6315.60107421875
2017-11-07 18:30:00,6310.53955078125
2017-11-07 19:30:00,6308.46728515625
2017-11-07 20:30:00,6318.3427734375
2017-11-08 14:30:00,6321.21728515625
2017-11-08 15:30:00,6328.4345703125
2017-11-08 16:30:00,6331.6357421875
2017-11-08 17:30:00,6337.89208984375
2017-11-08 18:30:00,6342.55419921875
2017-11-08 19:30:00,6344.3662109375
2017-11-08 20:30:00,6345.9609375
2017-11-09 14:30:00,6307.42333984375
2017-11-09 15:30:00,6294.73046875
2017-11-09 16:30:00,6260.86279296875
2017-11-09 17:30:00,6277.93603515625
2017-11-09 18:30:00,6291.3037109375
2017-11-09 19:30:00,6302.0498046875
2017-11-09 20:30:00,6310.9384765625
2017-11-10 14:30:00,6293.06103515625
2017-11-10 15:30:00,6291.8134765625
2017-11-10 16:30:00,6302.5595703125
2017-11-10 17:30:00,6304.662109375
2017-11-10 18:30:00,6308.5078125
2017-11-10 19:30:00,6309.28564453125
2017-11-10 20:30:00,6308.1923828125
2017-11-13 14:30:00,6314.96044921875
2017-11-13 15:30:00,6315.841796875
2017-11-13 16:30:00,6317.193359375
2017-11-13 17:30:00,6314.029296875
2017-11-13 18:30:00,6318.84521484375
2017-11-13 19:30:00,6321.23779296875
2017-11-13 20:30:00,6315.8203125
2017-11-14 14:30:00,6280.609375
2017-11-14 15:30:00,6293.0634765625
2017-11-14 16:30:00,6293.21484375
2017-11-14 17:30:00,6277.85302734375
2017-11-14 18:30:00,6286.2001953125
2017-11-14 19:30:00,6288.1123046875
2017-11-14 20:30:00,6293.24072265625
2017-11-15 14:30:00,6253.73046875
2017-11-15 15:30:00,6272.205078125
2017-11-15 16:30:00,6265.3740234375
2017-11-15 17:30:00,6258.4833984375
2017-11-15 18:30:00,6266.37255859375
2017-11-15 19:30:00,6261.958984375
2017-11-15 20:30:00,6259.01806640625
2017-11-16 14:30:00,6316.1650390625
2017-11-16 15:30:00,6329.53076171875
2017-11-16 16:30:00,6344.40380859375
2017-11-16 17:30:00,6342.87744140625
2017-11-16 18:30:00,6346.95361328125
2017-11-16 19:30:00,6346.3798828125
2017-11-16 20:30:00,6338.49951171875
2017-11-17 14:30:00,6329.728515625
2017-11-17 15:30:00,6331.8193359375
2017-11-17 16:30:00,6332.40087890625
2017-11-17 17:30:00,6327.8017578125
2017-11-17 18:30:00,6322.64453125
2017-11-17 19:30:00,6316.6787109375
2017-11-17 20:30:00,6314.751953125
2017-11-20 14:30:00,6312.0048828125
2017-11-20 15:30:00,6311.52880859375
2017-11-20 16:30:00,6306.09423828125
2017-11-20 17:30:00,6314.56640625
2017-11-20 18:30:00,6310.154296875
2017-11-20 19:30:00,6306.15771484375
2017-11-20 20:30:00,6308.74609375
2017-11-21 14:30:00,6374.2939453125
2017-11-21 15:30:00,6374.80078125
2017-11-21 16:30:00,6373.67333984375
2017-11-21 17:30:00,6374.9208984375
2017-11-21 18:30:00,6375.701171875
2017-11-21 19:30:00,6373.71875
2017-11-21 20:30:00,6378.15283203125
2017-11-22 14:30:00,6376.63427734375
2017-11-22 15:30:00,6377.66748046875
2017-11-22 16:30:00,6381.60693359375
2017-11-22 17:30:00,6381.86181640625
2017-11-22 18:30:00,6385.01513671875
2017-11-22 19:30:00,6385.92822265625
2017-11-22 20:30:00,6386.32861328125
2017-11-24 14:30:00,6396.01513671875
2017-11-24 15:30:00,6406.8076171875
2017-11-24 16:30:00,6408.95556640625
2017-11-24 18:00:00,6409.28662109375
2017-11-27 14:30:00,6416.744140625
2017-11-27 15:30:00,6393.03759765625
2017-11-27 16:30:00,6405.68359375
2017-11-27 17:30:00,6409.2880859375
2017-11-27 18:30:00,6404.732421875
2017-11-27 19:30:00,6406.4189453125
2017-11-27 20:30:00,6406.87060546875
2017-11-28 14:30:00,6413.55126953125
2017-11-28 15:30:00,6413.90673828125
2017-11-28 16:30:00,6420.93408203125
2017-11-28 17:30:00,6414.1875
2017-11-28 18:30:00,6409.1923828125
2017-11-28 19:30:00,6417.072265625
2017-11-28 20:30:00,6418.91064453125
2017-11-29 14:30:00,6331.71630859375
2017-11-29 15:30:00,6312.65576171875
2017-11-29 16:30:00,6306.7216796875
2017-11-29 17:30:00,6330.67822265625
2017-11-29 18:30:00,6304.54541015625
2017-11-29 19:30:00,6304.4921875
2017-11-29 20:30:00,6310.69970703125
2017-11-30 14:30:00,6344.75732421875
2017-11-30 15:30:00,6350.306640625
2017-11-30 16:30:00,6370.13720703125
2017-11-30 17:30:00,6366.76806640625
2017-11-30 18:30:00,6366.77734375
2017-11-30 19:30:00,6357.33251953125
2017-11-30 20:30:00,6367.09716796875
2017-12-01 14:30:00,6356.82275390625
2017-12-01 15:30:00,6270.81689453125
2017-12-01 16:30:00,6301.12060546875
2017-12-01 17:30:00,6321.1328125
2017-12-01 18:30:00,6331.421875
2017-12-01 19:30:00,6328.55810546875
2017-12-01 20:30:00,6336.60986328125
2017-12-04 14:30:00,6323.7314453125
2017-12-04 15:30:00,6300.97119140625
2017-12-04 16:30:00,6298.8759765625
2017-12-04 17:30:00,6317.83251953125
2017-12-04 18:30:00,6297.75634765625
2017-12-04 19:30:00,6282.71435546875
2017-12-04 20:30:00,6267.4951171875
2017-12-05 14:30:00,6304.958984375
2017-12-05 15:30:00,6328.85595703125
2017-12-05 16:30:00,6308.677734375
2017-12-05 17:30:00,6304.31005859375
2017-12-05 18:30:00,6287.0830078125
2017-12-05 19:30:00,6278.94873046875
2017-12-05 20:30:00,6265.248046875
2017-12-06 14:30:00,6277.3505859375
2017-12-06 15:30:00,6279.97802734375
2017-12-06 16:30:00,6269.26611328125
2017-12-06 17:30:00,6276.52294921875
2017-12-06 18:30:00,6294.822265625
2017-12-06 19:30:00,6295.8994140625
2017-12-06 20:30:00,6294.705078125
2017-12-07 14:30:00,6312.353515625
2017-12-07 15:30:00,6323.60595703125
2017-12-07 16:30:00,6323.51513671875
2017-12-07 17:30:00,6325.078125
2017-12-07 18:30:00,6308.66064453125
2017-12-07 19:30:00,6318.0478515625
2017-12-07 20:30:00,6315.52490234375
2017-12-08 14:30:00,6366.76953125
2017-12-08 15:30:00,6351.267578125
2017-12-08 16:30:00,6363.07421875
2017-12-08 17:30:00,6358.740234375
2017-12-08 18:30:00,6340.8505859375
2017-12-08 19:30:00,6343.638671875
2017-12-08 20:30:00,6342.1962890625
2017-12-11 14:30:00,6362.416015625
2017-12-11 15:30:00,6368.943359375
2017-12-11 16:30:00,6385.47314453125
2017-12-11 17:30:00,6385.56787109375
2017-12-11 18:30:00,6386.70458984375
2017-12-11 19:30:00,6385.13427734375
2017-12-11 20:30:00,6392.662109375
2017-12-12 14:30:00,6384.30810546875
2017-12-12 15:30:00,6398.66748046875
2017-12-12 16:30:00,6391.5048828125
2017-12-12 17:30:00,6388.72802734375
2017-12-12 18:30:00,6386.21484375
2017-12-12 19:30:00,6385.890625
2017-12-12 20:30:00,6382.59619140625
2017-12-13 14:30:00,6404.11328125
2017-12-13 15:30:00,6409.2197265625
2017-12-13 16:30:00,6400.2451171875
2017-12-13 17:30:00,6394.64501953125
2017-12-13 18:30:00,6404.69775390625
2017-12-13 19:30:00,6403.30419921875
2017-12-13 20:30:00,6396.0263671875
2017-12-14 14:30:00,6415.2275390625
2017-12-14 15:30:00,6409.97998046875
2017-12-14 16:30:00,6412.0908203125
2017-12-14 17:30:00,6401.28759765625
2017-12-14 18:30:00,6389.15966796875
2017-12-14 19:30:00,6392.8759765625
2017-12-14 20:30:00,6390.99267578125
2017-12-15 14:30:00,6422.8017578125
2017-12-15 15:30:00,6439.44873046875
2017-12-15 16:30:00,6456.603515625
2017-12-15 17:30:00,6454.02099609375
2017-12-15 18:30:00,6463.466796875
2017-12-15 19:30:00,6469.22265625
2017-12-15 20:30:00,6461.611328125
2017-12-18 14:30:00,6514.73046875
2017-12-18 15:30:00,6507.7060546875
2017-12-18 16:30:00,6516.75
2017-12-18 17:30:00,6519.369140625
2017-12-18 18:30:00,6517.49072265625
2017-12-18 19:30:00,6514.43896484375
2017-12-18 20:30:00,6516.388671875
2017-12-19 14:30:00,6484.62255859375
2017-12-19 15:30:00,6488.46240234375
2017-12-19 16:30:00,6465.859375
2017-12-19 17:30:00,6476.5400390625
2017-12-19 18:30:00,6484.03125
2017-12-19 19:30:00,6478.9091796875
2017-12-19 20:30:00,6483.37890625
2017-12-20 14:30:00,6461.392578125
2017-12-20 15:30:00,6460.58056640625
2017-12-20 16:30:00,6473.29736328125
2017-12-20 17:30:00,6482.74169921875
2017-12-20 18:30:00,6470.84326171875
2017-12-20 19:30:00,6472.94287109375
2017-12-20 20:30:00,6472.658203125
2017-12-21 14:30:00,6475.6083984375
2017-12-21 15:30:00,6489.97998046875
2017-12-21 16:30:00,6491.91748046875
2017-12-21 17:30:00,6500.14306640625
2017-12-21 18:30:00,6484.73388671875
2017-12-21 19:30:00,6480.580078125
2017-12-21 20:30:00,6475.39306640625
2017-12-22 14:30:00,6464.72802734375
2017-12-22 15:30:00,6463.81982421875
2017-12-22 16:30:00,6456.3935546875
2017-12-22 17:30:00,6456.65380859375
2017-12-22 18:30:00,6463.13671875
2017-12-22 19:30:00,6464.6640625
2017-12-22 20:30:00,6465.6533203125
2017-12-26 14:30:00,6428.73974609375
2017-12-26 15:30:00,6424.52880859375
2017-12-26 16:30:00,6429.7392578125
2017-12-26 17:30:00,6434.85693359375
2017-12-26 18:30:00,6432.36474609375
2017-12-26 19:30:00,6426.01025390625
2017-12-26 20:30:00,6433.31787109375
2017-12-27 14:30:00,6446.58740234375
2017-12-27 15:30:00,6442.25146484375
2017-12-27 16:30:00,6435.32275390625
2017-12-27 17:30:00,6433.22216796875
2017-12-27 18:30:00,6432.22705078125
2017-12-27 19:30:00,6427.95947265625
2017-12-27 20:30:00,6433.20556640625
2017-12-28 14:30:00,6435.83203125
2017-12-28 15:30:00,6442.54541015625
2017-12-28 16:30:00,6443.603515625
2017-12-28 17:30:00,6438.7783203125
2017-12-28 18:30:00,6433.43603515625
2017-12-28 19:30:00,6434.13671875
2017-12-28 20:30:00,6439.22021484375
2017-12-29 14:30:00,6433.13916015625
2017-12-29 15:30:00,6420.19287109375
2017-12-29 16:30:00,6425.6259765625
2017-12-29 17:30:00,6424.54541015625
2017-12-29 18:30:00,6418.8193359375
2017-12-29 19:30:00,6423.0849609375
2017-12-29 20:30:00,6398.416015625
2018-01-02 14:30:00,6483.3193359375
2018-01-02 15:30:00,6490.8759765625
2018-01-02 16:30:00,6490.76953125
2018-01-02 17:30:00,6494.54541015625
2018-01-02 18:30:00,6501.5673828125
2018-01-02 19:30:00,6504.57763671875
2018-01-02 20:30:00,6508.25146484375
2018-01-03 14:30:00,6551.6748046875
2018-01-03 15:30:00,6565.4306640625
2018-01-03 16:30:00,6565.7978515625
2018-01-03 17:30:00,6573.630859375
2018-01-03 18:30:00,6572.26611328125
2018-01-03 19:30:00,6572.21728515625
2018-01-03 20:30:00,6573.25244140625
2018-01-04 14:30:00,6591.86328125
2018-01-04 15:30:00,6582.25048828125
2018-01-04 16:30:00,6584.314453125
2018-01-04 17:30:00,6580.53076171875
2018-01-04 18:30:00,6582.35400390625
2018-01-04 19:30:00,6591.30859375
2018-01-04 20:30:00,6584.39208984375
2018-01-05 14:30:00,6620.51171875
2018-01-05 15:30:00,6635.66455078125
2018-01-05 16:30:00,6640.95751953125
2018-01-05 17:30:00,6640.02978515625
2018-01-05 18:30:00,6642.677734375
2018-01-05 19:30:00,6640.0263671875
2018-01-05 20:30:00,6652.5791015625
2018-01-08 14:30:00,6668.8486328125
2018-01-08 15:30:00,6674.8203125
2018-01-08 16:30:00,6674.544921875
2018-01-08 17:30:00,6676.0283203125
2018-01-08 18:30:00,6675.91455078125
2018-01-08 19:30:00,6671.78564453125
2018-01-08 20:30:00,6676.8505859375
2018-01-09 14:30:00,6675.60693359375
2018-01-09 15:30:00,6688.10595703125
2018-01-09 16:30:00,6683.22607421875
2018-01-09 17:30:00,6694.1650390625
2018-01-09 18:30:00,6685.8427734375
2018-01-09 19:30:00,6678.55322265625
2018-01-09 20:30:00,6676.5517578125
2018-01-10 14:30:00,6635.17333984375
2018-01-10 15:30:00,6641.62744140625
2018-01-10 16:30:00,6647.31982421875
2018-01-10 17:30:00,6649.40625
2018-01-10 18:30:00,6639.95166015625
2018-01-10 19:30:00,6652.0947265625
2018-01-10 20:30:00,6662.96240234375
2018-01-11 14:30:00,6674.005859375
2018-01-11 15:30:00,6677.03955078125
2018-01-11 16:30:00,6687.8486328125
2018-01-11 17:30:00,6698.1005859375
2018-01-11 18:30:00,6695.02099609375
2018-01-11 19:30:00,6698.5380859375
2018-01-11 20:30:00,6706.84228515625
2018-01-12 14:30:00,6730.57080078125
2018-01-12 15:30:00,6743.03369140625
2018-01-12 16:30:00,6745.25244140625
2018-01-12 17:30:00,6751.82666015625
2018-01-12 18:30:00,6758.9609375
2018-01-12 19:30:00,6750.58056640625
2018-01-12 20:30:00,6755.13720703125
2018-01-16 14:30:00,6818.5849609375
2018-01-16 15:30:00,6799.12890625
2018-01-16 16:30:00,6784.84765625
2018-01-16 17:30:00,6773.33837890625
2018-01-16 18:30:00,6737.25732421875
2018-01-16 19:30:00,6752.47998046875
2018-01-16 20:30:00,6737.462890625
2018-01-17 14:30:00,6745.54638671875
2018-01-17 15:30:00,6769.3359375
2018-01-17 16:30:00,6773.15771484375
2018-01-17 17:30:00,6796.75634765625
2018-01-17 18:30:00,6801.70458984375
2018-01-17 19:30:00,6806.36962890625
2018-01-17 20:30:00,6809.7451171875
2018-01-18 14:30:00,6795.42626953125
2018-01-18 15:30:00,6805.63134765625
2018-01-18 16:30:00,6815.744140625
2018-01-18 17:30:00,6813.14404296875
2018-01-18 18:30:00,6824.63330078125
2018-01-18 19:30:00,6814.23046875
2018-01-18 20:30:00,6812.64794921875
2018-01-19 14:30:00,6821.28271484375
2018-01-19 15:30:00,6820.69677734375
2018-01-19 16:30:00,6820.1142578125
2018-01-19 17:30:00,6821.845703125
2018-01-19 18:30:00,6828.1630859375
2018-01-19 19:30:00,6833.845703125
2018-01-19 20:30:00,6830.65185546875
2018-01-22 14:30:00,6867.2333984375
2018-01-22 15:30:00,6870.02490234375
2018-01-22 16:30:00,6887.21728515625
2018-01-22 17:30:00,6885.751953125
2018-01-22 18:30:00,6881.16650390625
2018-01-22 19:30:00,6887.28759765625
2018-01-22 20:30:00,6904.68505859375
2018-01-23 14:30:00,6951.67822265625
2018-01-23 15:30:00,6960.52880859375
2018-01-23 16:30:00,6957.6796875
2018-01-23 17:30:00,6955.20947265625
2018-01-23 18:30:00,6952.09326171875
2018-01-23 19:30:00,6961.3369140625
2018-01-23 20:30:00,6965.10400390625
2018-01-24 14:30:00,6985.41552734375
2018-01-24 15:30:00,6941.61328125
2018-01-24 16:30:00,6917.9521484375
2018-01-24 17:30:00,6906.20654296875
2018-01-24 18:30:00,6939.32666015625
2018-01-24 19:30:00,6922.39599609375
2018-01-24 20:30:00,6918.8095703125
2018-01-25 14:30:00,6918.72119140625
2018-01-25 15:30:00,6941.90234375
2018-01-25 16:30:00,6948.08740234375
2018-01-25 17:30:00,6938.39208984375
2018-01-25 18:30:00,6931.78271484375
2018-01-25 19:30:00,6911.431640625
2018-01-25 20:30:00,6917.67529296875
2018-01-26 14:30:00,6958.61962890625
2018-01-26 15:30:00,6974.27734375
2018-01-26 16:30:00,6970.79541015625
2018-01-26 17:30:00,6980.75537109375
2018-01-26 18:30:00,6985.35791015625
2018-01-26 19:30:00,7000.9677734375
2018-01-26 20:30:00,7018.72119140625
2018-01-29 14:30:00,7003.048828125
2018-01-29 15:30:00,6994.4990234375
2018-01-29 16:30:00,7004.720703125
2018-01-29 17:30:00,7015.73779296875
2018-01-29 18:30:00,7004.041015625
2018-01-29 19:30:00,6992.28076171875
2018-01-29 20:30:00,6986.857421875
2018-01-30 14:30:00,6924.490234375
2018-01-30 15:30:00,6942.92431640625
2018-01-30 16:30:00,6930.29638671875
2018-01-30 17:30:00,6913.98828125
2018-01-30 18:30:00,6934.677734375
2018-01-30 19:30:00,6937.3212890625
2018-01-30 20:30:00,6933.447265625
2018-01-31 14:30:00,6971.6484375
2018-01-31 15:30:00,6946.400390625
2018-01-31 16:30:00,6957.19189453125
2018-01-31 17:30:00,6967.63037109375
2018-01-31 18:30:00,6945.96923828125
2018-01-31 19:30:00,6938.60009765625
2018-01-31 20:30:00,6952.6201171875
2018-02-01 14:30:00,6936.32568359375
2018-02-01 15:30:00,6942.5888671875
2018-02-01 16:30:00,6956.3076171875
2018-02-01 17:30:00,6966.85693359375
2018-02-01 18:30:00,6921.12353515625
2018-02-01 19:30:00,6909.58935546875
2018-02-01 20:30:00,6900.8271484375
2018-02-02 14:30:00,6840.79052734375
2018-02-02 15:30:00,6836.65673828125
2018-02-02 16:30:00,6852.42138671875
2018-02-02 17:30:00,6821.64794921875
2018-02-02 18:30:00,6794.4150390625
2018-02-02 19:30:00,6786.265625
2018-02-02 20:30:00,6763.62060546875
2018-02-05 14:30:00,6798.89111328125
2018-02-05 15:30:00,6764.1298828125
2018-02-05 16:30:00,6729.70263671875
2018-02-05 17:30:00,6697.81591796875
2018-02-05 18:30:00,6683.61865234375
2018-02-05 19:30:00,6639.44091796875
2018-02-05 20:30:00,6502.63818359375
2018-02-06 14:30:00,6545.1025390625
2018-02-06 16:30:00,6560.5029296875
2018-02-06 17:30:00,6569.7685546875
2018-02-06 18:30:00,6498.5009765625
2018-02-06 19:30:00,6633.72509765625
2018-02-06 20:30:00,6657.939453125
2018-02-07 14:30:00,6659.89501953125
2018-02-07 15:30:00,6698.033203125
2018-02-07 16:30:00,6678.576171875
2018-02-07 17:30:00,6612.78515625
2018-02-07 18:30:00,6645.55908203125
2018-02-07 19:30:00,6640.46533203125
2018-02-07 20:30:00,6582.630859375
2018-02-08 14:30:00,6544.64794921875
2018-02-08 15:30:00,6473.0322265625
2018-02-08 16:30:00,6452.67041015625
2018-02-08 17:30:00,6429.48974609375
2018-02-08 18:30:00,6442.31005859375
2018-02-08 19:30:00,6418.36572265625
2018-02-08 20:30:00,6307.533203125
2018-02-09 14:30:00,6381.4755859375
2018-02-09 15:30:00,6313.60302734375
2018-02-09 16:30:00,6218.7802734375
2018-02-09 17:30:00,6194.33935546875
2018-02-09 18:30:00,6331.7451171875
2018-02-09 19:30:00,6354.24658203125
2018-02-09 20:30:00,6404.51513671875
2018-02-12 14:30:00,6445.2587890625
2018-02-12 15:30:00,6490.60498046875
2018-02-12 16:30:00,6526.00244140625
2018-02-12 17:30:00,6511.052734375
2018-02-12 18:30:00,6541.2978515625
2018-02-12 19:30:00,6552.783203125
2018-02-12 20:30:00,6518.73583984375
2018-02-13 14:30:00,6523.65185546875
2018-02-13 15:30:00,6516.19482421875
2018-02-13 16:30:00,6515.48486328125
2018-02-13 17:30:00,6542.25048828125
2018-02-13 18:30:00,6553.80859375
2018-02-13 19:30:00,6560.08544921875
2018-02-13 20:30:00,6555.3046875
2018-02-14 14:30:00,6603.40087890625
2018-02-14 15:30:00,6615.3359375
2018-02-14 16:30:00,6615.20947265625
2018-02-14 17:30:00,6642.625
2018-02-14 18:30:00,6651.6328125
2018-02-14 19:30:00,6673.021484375
2018-02-14 20:30:00,6673.63037109375
2018-02-15 14:30:00,6744.06005859375
2018-02-15 15:30:00,6726.9638671875
2018-02-15 16:30:00,6735.6416015625
2018-02-15 17:30:00,6758.26611328125
2018-02-15 18:30:00,6775.42919921875
2018-02-15 19:30:00,6783.72119140625
2018-02-15 20:30:00,6795.505859375
2018-02-16 14:30:00,6815.513671875
2018-02-16 15:30:00,6817.2880859375
2018-02-16 16:30:00,6829.65087890625
2018-02-16 17:30:00,6786.283203125
2018-02-16 18:30:00,6777.3515625
2018-02-16 19:30:00,6791.36865234375
2018-02-16 20:30:00,6770.29052734375
2018-02-20 14:30:00,6793.31787109375
2018-02-20 15:30:00,6824.48046875
2018-02-20 16:30:00,6830.42919921875
2018-02-20 17:30:00,6814.787109375
2018-02-20 18:30:00,6811.79296875
2018-02-20 19:30:00,6764.28125
2018-02-20 20:30:00,6783.13916015625
2018-02-21 14:30:00,6830.9833984375
2018-02-21 15:30:00,6846.88671875
2018-02-21 16:30:00,6827.54345703125
2018-02-21 17:30:00,6837.962890625
2018-02-21 18:30:00,6867.630859375
2018-02-21 19:30:00,6817.8798828125
2018-02-21 20:30:00,6760.38623046875
2018-02-22 14:30:00,6809.537109375
2018-02-22 15:30:00,6821.92236328125
2018-02-22 16:30:00,6809.89208984375
2018-02-22 17:30:00,6777.8466796875
2018-02-22 18:30:00,6791.13671875
2018-02-22 19:30:00,6766.36279296875
2018-02-22 20:30:00,6762.84228515625
2018-02-23 14:30:00,6790.6591796875
2018-02-23 15:30:00,6823.60498046875
2018-02-23 16:30:00,6829.259765625
2018-02-23 17:30:00,6835.078125
2018-02-23 18:30:00,6847.18994140625
2018-02-23 19:30:00,6887.95703125
2018-02-23 20:30:00,6894.59375
2018-02-26 14:30:00,6940.01220703125
2018-02-26 15:30:00,6957.56396484375
2018-02-26 16:30:00,6961.2255859375
2018-02-26 17:30:00,6969.53564453125
2018-02-26 18:30:00,6972.830078125
2018-02-26 19:30:00,6986.2900390625
2018-02-26 20:30:00,6986.79248046875
2018-02-27 14:30:00,6998.89453125
2018-02-27 15:30:00,6943.97314453125
2018-02-27 16:30:00,6923.21337890625
2018-02-27 17:30:00,6952.0498046875
2018-02-27 18:30:00,6937.40576171875
2018-02-27 19:30:00,6921.693359375
2018-02-27 20:30:00,6906.5361328125
2018-02-28 14:30:00,6950.6474609375
2018-02-28 15:30:00,6924.3330078125
2018-02-28 16:30:00,6911.27099609375
2018-02-28 17:30:00,6943.68994140625
2018-02-28 18:30:00,6954.291015625
2018-02-28 19:30:00,6905.09912109375
2018-02-28 20:30:00,6860.26416015625
2018-03-01 14:30:00,6860.1611328125
2018-03-01 15:30:00,6832.98974609375
2018-03-01 16:30:00,6820.60791015625
2018-03-01 17:30:00,6782.30322265625
2018-03-01 18:30:00,6732.85791015625
2018-03-01 19:30:00,6767.900390625
2018-03-01 20:30:00,6748.5673828125
2018-03-02 14:30:00,6682.48876953125
2018-03-02 15:30:00,6730.28125
2018-03-02 16:30:00,6761.345703125
2018-03-02 17:30:00,6734.69580078125
2018-03-02 18:30:00,6760.3564453125
2018-03-02 19:30:00,6773.55712890625
2018-03-02 20:30:00,6811.1142578125
2018-03-05 14:30:00,6776.1845703125
2018-03-05 15:30:00,6840.57763671875
2018-03-05 16:30:00,6863.27734375
2018-03-05 17:30:00,6879.2509765625
2018-03-05 18:30:00,6866.43115234375
2018-03-05 19:30:00,6884.17431640625
2018-03-05 20:30:00,6883.453125
2018-03-06 14:30:00,6934.521484375
2018-03-06 15:30:00,6875.28564453125
2018-03-06 16:30:00,6891.1708984375
2018-03-06 17:30:00,6917.04052734375
2018-03-06 18:30:00,6897.255859375
2018-03-06 19:30:00,6906.9833984375
2018-03-06 20:30:00,6908.9619140625
2018-03-07 14:30:00,6896.787109375
2018-03-07 15:30:00,6889.98681640625
2018-03-07 16:30:00,6869.8720703125
2018-03-07 17:30:00,6893.1240234375
2018-03-07 18:30:00,6902.294921875
2018-03-07 19:30:00,6922.97021484375
2018-03-07 20:30:00,6927.35791015625
2018-03-08 14:30:00,6953.67822265625
2018-03-08 15:30:00,6962.9853515625
2018-03-08 16:30:00,6955.58203125
2018-03-08 17:30:00,6937.77490234375
2018-03-08 18:30:00,6946.14697265625
2018-03-08 19:30:00,6964.1044921875
2018-03-08 20:30:00,6964.64306640625
2018-03-09 14:30:00,7033.90869140625
2018-03-09 15:30:00,7053.4033203125
2018-03-09 16:30:00,7065.22412109375
2018-03-09 17:30:00,7071.08984375
2018-03-09 18:30:00,7074.86865234375
2018-03-09 19:30:00,7085.8984375
2018-03-09 20:30:00,7098.85595703125
2018-03-12 13:30:00,7140.0068359375
2018-03-12 14:30:00,7110.1806640625
2018-03-12 15:30:00,7142.96875
2018-03-12 16:30:00,7151.8623046875
2018-03-12 17:30:00,7129.62890625
2018-03-12 18:30:00,7141.3017578125
2018-03-12 19:30:00,7133.6845703125
2018-03-13 13:30:00,7166.408203125
2018-03-13 14:30:00,7092.904296875
2018-03-13 15:30:00,7081.150390625
2018-03-13 16:30:00,7099.208984375
2018-03-13 17:30:00,7064.86279296875
2018-03-13 18:30:00,7037.1787109375
2018-03-13 19:30:00,7050.71240234375
2018-03-14 13:30:00,7058.93115234375
2018-03-14 14:30:00,7045.58251953125
2018-03-14 15:30:00,7035.61376953125
2018-03-14 16:30:00,7045.25146484375
2018-03-14 17:30:00,7063.45751953125
2018-03-14 18:30:00,7036.2041015625
2018-03-14 19:30:00,7038.8974609375
2018-03-15 13:30:00,7048.90478515625
2018-03-15 14:30:00,7072.5166015625
2018-03-15 15:30:00,7050.451171875
2018-03-15 16:30:00,7041.6083984375
2018-03-15 17:30:00,7019.08349609375
2018-03-15 18:30:00,7035.6708984375
2018-03-15 19:30:00,7035.4931640625
2018-03-16 13:30:00,7055.32568359375
2018-03-16 14:30:00,7041.8896484375
2018-03-16 15:30:00,7024.23046875
2018-03-16 16:30:00,7020.8623046875
2018-03-16 17:30:00,7021.17236328125
2018-03-16 18:30:00,7023.158203125
2018-03-16 19:30:00,7016.13623046875
2018-03-19 13:30:00,6932.333984375
2018-03-19 14:30:00,6876.5634765625
2018-03-19 15:30:00,6850.98779296875
2018-03-19 16:30:00,6820.69482421875
2018-03-19 17:30:00,6833.10791015625
2018-03-19 18:30:00,6838.1328125
2018-03-19 19:30:00,6866.58935546875
2018-03-20 13:30:00,6888.2587890625
2018-03-20 14:30:00,6878.77197265625
2018-03-20 15:30:00,6886.8955078125
2018-03-20 16:30:00,6866.1826171875
2018-03-20 17:30:00,6882.81298828125
2018-03-20 18:30:00,6891.34619140625
2018-03-20 19:30:00,6883.810546875
2018-03-21 13:30:00,6883.45947265625
2018-03-21 14:30:00,6887.39501953125
2018-03-21 15:30:00,6903.064453125
2018-03-21 16:30:00,6898.80224609375
2018-03-21 17:30:00,6888.19140625
2018-03-21 18:30:00,6866.6923828125
2018-03-21 19:30:00,6854.8935546875
2018-03-22 13:30:00,6785.37841796875
2018-03-22 14:30:00,6726.8974609375
2018-03-22 15:30:00,6758.23095703125
2018-03-22 16:30:00,6779.51708984375
2018-03-22 17:30:00,6747.09619140625
2018-03-22 18:30:00,6724.68212890625
2018-03-22 19:30:00,6685.169921875
2018-03-23 13:30:00,6670.64599609375
2018-03-23 14:30:00,6661.072265625
2018-03-23 15:30:00,6644.5302734375
2018-03-23 16:30:00,6653.0234375
2018-03-23 17:30:00,6630.40673828125
2018-03-23 18:30:00,6570.7333984375
2018-03-23 19:30:00,6515.01123046875
2018-03-26 13:30:00,6622.4375
2018-03-26 14:30:00,6569.7109375
2018-03-26 15:30:00,6624.0908203125
2018-03-26 16:30:00,6644.640625
2018-03-26 17:30:00,6690.634765625
2018-03-26 18:30:00,6719.671875
2018-03-26 19:30:00,6753.31103515625
2018-03-27 13:30:00,6763.61572265625
2018-03-27 14:30:00,6737.7314453125
2018-03-27 15:30:00,6727.54296875
2018-03-27 16:30:00,6712.826171875
2018-03-27 17:30:00,6631.91162109375
2018-03-27 18:30:00,6539.68212890625
2018-03-27 19:30:00,6530.42626953125
2018-03-28 13:30:00,6472.8681640625
2018-03-28 14:30:00,6446.0849609375
2018-03-28 15:30:00,6513.4677734375
2018-03-28 16:30:00,6499.31103515625
2018-03-28 17:30:00,6474.56884765625
2018-03-28 18:30:00,6480.8828125
2018-03-28 19:30:00,6463.8837890625
2018-03-29 13:30:00,6476.2314453125
2018-03-29 14:30:00,6539.97314453125
2018-03-29 15:30:00,6546.56787109375
2018-03-29 16:30:00,6551.11962890625
2018-03-29 17:30:00,6602.5693359375
2018-03-29 18:30:00,6604.884765625
2018-03-29 19:30:00,6586.58251953125
2018-04-02 13:30:00,6463.2890625
2018-04-02 14:30:00,6432.76025390625
2018-04-02 15:30:00,6404.1875
2018-04-02 16:30:00,6363.8310546875
2018-04-02 17:30:00,6342.76806640625
2018-04-02 18:30:00,6356.7802734375
2018-04-02 19:30:00,6382.73828125
2018-04-03 13:30:00,6373.7724609375
2018-04-03 14:30:00,6443.3837890625
2018-04-03 15:30:00,6376.6328125
2018-04-03 16:30:00,6416.55078125
2018-04-03 17:30:00,6382.109375
2018-04-03 18:30:00,6467.7890625
2018-04-03 19:30:00,6457.40185546875
2018-04-04 13:30:00,6383.66845703125
2018-04-04 14:30:00,6438.66455078125
2018-04-04 15:30:00,6477.33984375
2018-04-04 16:30:00,6435.44970703125
2018-04-04 17:30:00,6507.95458984375
2018-04-04 18:30:00,6545.8798828125
2018-04-04 19:30:00,6560.404296875
2018-04-05 13:30:00,6587.68505859375
2018-04-05 14:30:00,6620.27734375
2018-04-05 15:30:00,6598.75439453125
2018-04-05 16:30:00,6575.03271484375
2018-04-05 17:30:00,6580.630859375
2018-04-05 18:30:00,6608.7822265625
2018-04-05 19:30:00,6598.25439453125
2018-04-06 13:30:00,6558.7861328125
2018-04-06 14:30:00,6523.2431640625
2018-04-06 15:30:00,6507.51513671875
2018-04-06 16:30:00,6525.30712890625
2018-04-06 17:30:00,6442.87353515625
2018-04-06 18:30:00,6425.6513671875
2018-04-06 19:30:00,6434.17626953125
2018-04-09 13:30:00,6541.54248046875
2018-04-09 14:30:00,6559.08642578125
2018-04-09 15:30:00,6587.751953125
2018-04-09 16:30:00,6585.232421875
2018-04-09 17:30:00,6561.61328125
2018-04-09 18:30:00,6519.681640625
2018-04-09 19:30:00,6471.31640625
2018-04-10 13:30:00,6575.4248046875
2018-04-10 14:30:00,6583.78564453125
2018-04-10 15:30:00,6549.0615234375
2018-04-10 16:30:00,6582.40673828125
2018-04-10 17:30:00,6591.22705078125
2018-04-10 18:30:00,6627.70849609375
2018-04-10 19:30:00,6615.89208984375
2018-04-11 13:30:00,6625.26416015625
2018-04-11 14:30:00,6611.0654296875
2018-04-11 15:30:00,6633.359375
2018-04-11 16:30:00,6618.87158203125
2018-04-11 17:30:00,6614.0556640625
2018-04-11 18:30:00,6581.9775390625
2018-04-11 19:30:00,6580.8037109375
2018-04-12 13:30:00,6671.43017578125
2018-04-12 14:30:00,6670.02587890625
2018-04-12 15:30:00,6663.23046875
2018-04-12 16:30:00,6635.76904296875
2018-04-12 17:30:00,6661.75732421875
2018-04-12 18:30:00,6677.39990234375
2018-04-12 19:30:00,6658.25390625
2018-04-13 13:30:00,6632.16943359375
2018-04-13 14:30:00,6646.67822265625
2018-04-13 15:30:00,6651.89111328125
2018-04-13 16:30:00,6663.4130859375
2018-04-13 17:30:00,6651.79345703125
2018-04-13 18:30:00,6607.02783203125
2018-04-13 19:30:00,6627.6884765625
2018-04-16 13:30:00,6670.27294921875
2018-04-16 14:30:00,6653.515625
2018-04-16 15:30:00,6669.703125
2018-04-16 16:30:00,6691.44091796875
2018-04-16 17:30:00,6678.72314453125
2018-04-16 18:30:00,6672.65771484375
2018-04-16 19:30:00,6674.4423828125
2018-04-17 13:30:00,6761.7041015625
2018-04-17 14:30:00,6802.23388671875
2018-04-17 15:30:00,6813.37451171875
2018-04-17 16:30:00,6812.462890625
2018-04-17 17:30:00,6810.6357421875
2018-04-17 18:30:00,6824.255859375
2018-04-17 19:30:00,6818.00146484375
2018-04-18 13:30:00,6812.15869140625
2018-04-18 14:30:00,6839.8828125
2018-04-18 15:30:00,6847.1181640625
2018-04-18 16:30:00,6842.1552734375
2018-04-18 17:30:00,6848.14599609375
2018-04-18 18:30:00,6844.93359375
2018-04-18 19:30:00,6833.5595703125
2018-04-19 13:30:00,6800.41015625
2018-04-19 14:30:00,6782.98974609375
2018-04-19 15:30:00,6756.12646484375
2018-04-19 16:30:00,6752.29736328125
2018-04-19 17:30:00,6755.8115234375
2018-04-19 18:30:00,6767.0390625
2018-04-19 19:30:00,6774.7470703125
2018-04-20 13:30:00,6732.0703125
2018-04-20 14:30:00,6669.15625
2018-04-20 15:30:00,6670.27587890625
2018-04-20 16:30:00,6682.86328125
2018-04-20 17:30:00,6676.712890625
2018-04-20 18:30:00,6651.99462890625
2018-04-20 19:30:00,6666.37548828125
2018-04-23 13:30:00,6684.97119140625
2018-04-23 14:30:00,6719.24072265625
2018-04-23 15:30:00,6687.16552734375
2018-04-23 16:30:00,6667.4560546875
2018-04-23 17:30:00,6631.921875
2018-04-23 18:30:00,6643.58447265625
2018-04-23 19:30:00,6648.63525390625
2018-04-24 13:30:00,6618.68310546875
2018-04-24 14:30:00,6590.86669921875
2018-04-24 15:30:00,6538.150390625
2018-04-24 16:30:00,6515.6513671875
2018-04-24 17:30:00,6478.1396484375
2018-04-24 18:30:00,6504.32470703125
2018-04-24 19:30:00,6506.283203125
2018-04-25 14:30:00,6535.26953125
2018-04-25 15:30:00,6510.28125
2018-04-25 16:30:00,6503.98583984375
2018-04-25 17:30:00,6492.8193359375
2018-04-25 18:30:00,6517.1044921875
2018-04-25 19:30:00,6515.45556640625
2018-04-26 13:30:00,6629.78759765625
2018-04-26 14:30:00,6633.826171875
2018-04-26 15:30:00,6637.9013671875
2018-04-26 16:30:00,6652.49267578125
2018-04-26 17:30:00,6656.4248046875
2018-04-26 18:30:00,6657.0205078125
2018-04-26 19:30:00,6652.0869140625
2018-04-27 13:30:00,6655.24755859375
2018-04-27 14:30:00,6674.31591796875
2018-04-27 15:30:00,6652.53662109375
2018-04-27 16:30:00,6657.65234375
2018-04-27 17:30:00,6658.515625
2018-04-27 18:30:00,6647.61083984375
2018-04-27 19:30:00,6657.42822265625
2018-04-30 13:30:00,6696.341796875
2018-04-30 14:30:00,6673.6259765625
2018-04-30 15:30:00,6615.08837890625
2018-04-30 16:30:00,6614.39013671875
2018-04-30 17:30:00,6627.5234375
2018-04-30 18:30:00,6617.64599609375
2018-04-30 19:30:00,6609.1708984375
2018-05-01 13:30:00,6623.04296875
2018-05-01 14:30:00,6612.9638671875
2018-05-01 15:30:00,6615.1875
2018-05-01 16:30:00,6599.67041015625
2018-05-01 17:30:00,6644.4111328125
2018-05-01 18:30:00,6651.91162109375
2018-05-01 19:30:00,6681.23193359375
2018-05-02 13:30:00,6683.56787109375
2018-05-02 14:30:00,6684.6669921875
2018-05-02 15:30:00,6675.177734375
2018-05-02 16:30:00,6686.03857421875
2018-05-02 17:30:00,6702.31103515625
2018-05-02 18:30:00,6663.4619140625
2018-05-02 19:30:00,6646.22900390625
2018-05-03 13:30:00,6588.35791015625
2018-05-03 14:30:00,6554.45556640625
2018-05-03 15:30:00,6566.38525390625
2018-05-03 16:30:00,6629.1552734375
2018-05-03 17:30:00,6635.09228515625
2018-05-03 18:30:00,6653.50146484375
2018-05-03 19:30:00,6643.7265625
2018-05-04 13:30:00,6700.5595703125
2018-05-04 14:30:00,6741.494140625
2018-05-04 15:30:00,6746.15283203125
2018-05-04 16:30:00,6744.931640625
2018-05-04 17:30:00,6775.62548828125
2018-05-04 18:30:00,6774.45068359375
2018-05-04 19:30:00,6766.2978515625
2018-05-07 13:30:00,6834.4013671875
2018-05-07 14:30:00,6842.52001953125
2018-05-07 15:30:00,6837.31689453125
2018-05-07 16:30:00,6825.244140625
2018-05-07 17:30:00,6841.96044921875
2018-05-07 18:30:00,6811.0263671875
2018-05-07 19:30:00,6819.19677734375
2018-05-08 13:30:00,6793.7119140625
2018-05-08 14:30:00,6814.91748046875
2018-05-08 15:30:00,6800.16357421875
2018-05-08 16:30:00,6802.4736328125
2018-05-08 17:30:00,6802.9775390625
2018-05-08 18:30:00,6803.04248046875
2018-05-08 19:30:00,6813.47998046875
2018-05-09 13:30:00,6827.24072265625
2018-05-09 14:30:00,6823.8955078125
2018-05-09 15:30:00,6855.11669921875
2018-05-09 16:30:00,6877.88232421875
2018-05-09 17:30:00,6883.55078125
2018-05-09 18:30:00,6887.1015625
2018-05-09 19:30:00,6890.443359375
2018-05-10 13:30:00,6929.74267578125
2018-05-10 14:30:00,6943.37646484375
2018-05-10 15:30:00,6954.0390625
2018-05-10 16:30:00,6958.14599609375
2018-05-10 17:30:00,6953.18798828125
2018-05-10 18:30:00,6954.20361328125
2018-05-10 19:30:00,6963.91748046875
2018-05-11 13:30:00,6957.49755859375
2018-05-11 14:30:00,6953.00390625
2018-05-11 15:30:00,6931.4384765625
2018-05-11 16:30:00,6943.5947265625
2018-05-11 17:30:00,6939.2431640625
2018-05-11 18:30:00,6944.07763671875
2018-05-11 19:30:00,6952.7158203125
2018-05-14 13:30:00,7002.306640625
2018-05-14 14:30:00,6990.8095703125
2018-05-14 15:30:00,6991.70263671875
2018-05-14 16:30:00,6968.4228515625
2018-05-14 17:30:00,6966.91015625
2018-05-14 18:30:00,6971.22607421875
2018-05-14 19:30:00,6963.37744140625
2018-05-15 13:30:00,6885.08203125
2018-05-15 14:30:00,6871.56396484375
2018-05-15 15:30:00,6870.72216796875
2018-05-15 16:30:00,6873.462890625
2018-05-15 17:30:00,6869.64501953125
2018-05-15 18:30:00,6864.8984375
2018-05-15 19:30:00,6886.10498046875
2018-05-16 13:30:00,6914.34228515625
2018-05-16 14:30:00,6903.451171875
2018-05-16 15:30:00,6934.19482421875
2018-05-16 16:30:00,6930.88525390625
2018-05-16 17:30:00,6933.7158203125
2018-05-16 18:30:00,6930.15673828125
2018-05-16 19:30:00,6927.9580078125
2018-05-17 13:30:00,6930.021484375
2018-05-17 14:30:00,6940.8154296875
2018-05-17 15:30:00,6933.68505859375
2018-05-17 16:30:00,6911.57080078125
2018-05-17 17:30:00,6895.38623046875
2018-05-17 18:30:00,6901.67236328125
2018-05-17 19:30:00,6903.033203125
2018-05-18 13:30:00,6880.8369140625
2018-05-18 14:30:00,6885.1396484375
2018-05-18 15:30:00,6879.57080078125
2018-05-18 16:30:00,6883.0078125
2018-05-18 17:30:00,6877.0390625
2018-05-18 18:30:00,6871.92236328125
2018-05-18 19:30:00,6866.01806640625
2018-05-21 13:30:00,6928.59228515625
2018-05-21 14:30:00,6888.9501953125
2018-05-21 15:30:00,6906.21240234375
2018-05-21 16:30:00,6910.8857421875
2018-05-21 17:30:00,6891.52978515625
2018-05-21 18:30:00,6891.20751953125
2018-05-21 19:30:00,6902.7158203125
2018-05-22 13:30:00,6904.04248046875
2018-05-22 14:30:00,6914.90185546875
2018-05-22 15:30:00,6903.54052734375
2018-05-22 16:30:00,6910.05126953125
2018-05-22 17:30:00,6919.77783203125
2018-05-22 18:30:00,6910.134765625
2018-05-22 19:30:00,6894.296875
2018-05-23 13:30:00,6880.7900390625
2018-05-23 14:30:00,6877.6923828125
2018-05-23 15:30:00,6879.31787109375
2018-05-23 16:30:00,6889.81201171875
2018-05-23 17:30:00,6920.74365234375
2018-05-23 18:30:00,6937.62158203125
2018-05-23 19:30:00,6953.9423828125
2018-05-24 13:30:00,6910.8984375
2018-05-24 14:30:00,6915.11328125
2018-05-24 15:30:00,6943.27490234375
2018-05-24 16:30:00,6953.5048828125
2018-05-24 17:30:00,6958.798828125
2018-05-24 18:30:00,6958.72314453125
2018-05-24 19:30:00,6948.06884765625
2018-05-25 13:30:00,6977.17529296875
2018-05-25 14:30:00,6973.326171875
2018-05-25 15:30:00,6971.76025390625
2018-05-25 16:30:00,6968.93603515625
2018-05-25 17:30:00,6965.6142578125
2018-05-25 18:30:00,6963.11962890625
2018-05-25 19:30:00,6962.91552734375
2018-05-29 13:30:00,6949.40478515625
2018-05-29 14:30:00,6943.447265625
2018-05-29 15:30:00,6904.49609375
2018-05-29 16:30:00,6917.05029296875
2018-05-29 17:30:00,6915.56103515625
2018-05-29 18:30:00,6897.68212890625
2018-05-29 19:30:00,6924.46630859375
2018-05-30 13:30:00,6950.81982421875
2018-05-30 14:30:00,6971.63623046875
2018-05-30 15:30:00,6984.81494140625
2018-05-30 16:30:00,6979.50048828125
2018-05-30 17:30:00,6979.9384765625
2018-05-30 18:30:00,6978.23388671875
2018-05-30 19:30:00,6976.9287109375
2018-05-31 13:30:00,6985.10888671875
2018-05-31 14:30:00,6987.03173828125
2018-05-31 15:30:00,6990.8681640625
2018-05-31 16:30:00,6990.88525390625
2018-05-31 17:30:00,6973.0732421875
2018-05-31 18:30:00,6978.212890625
2018-05-31 19:30:00,6972.62109375
2018-06-01 13:30:00,7046.68505859375
2018-06-01 14:30:00,7061.78369140625
2018-06-01 15:30:00,7076.01123046875
2018-06-01 16:30:00,7082.7685546875
2018-06-01 17:30:00,7077.85498046875
2018-06-01 18:30:00,7069.87744140625
2018-06-01 19:30:00,7082.9873046875
2018-06-04 13:30:00,7109.4013671875
2018-06-04 14:30:00,7120.9912109375
2018-06-04 15:30:00,7140.77294921875
2018-06-04 16:30:00,7144.1201171875
2018-06-04 17:30:00,7139.2587890625
2018-06-04 18:30:00,7139.8447265625
2018-06-04 19:30:00,7143.2177734375
2018-06-05 13:30:00,7174.92822265625
2018-06-05 14:30:00,7153.8310546875
2018-06-05 15:30:00,7143.53955078125
2018-06-05 16:30:00,7159.18896484375
2018-06-05 17:30:00,7163.63037109375
2018-06-05 18:30:00,7162.28955078125
2018-06-05 19:30:00,7168.1416015625
2018-06-06 13:30:00,7156.4921875
2018-06-06 14:30:00,7179.59814453125
2018-06-06 15:30:00,7176.65966796875
2018-06-06 16:30:00,7173.87353515625
2018-06-06 17:30:00,7186.58056640625
2018-06-06 18:30:00,7195.05712890625
2018-06-06 19:30:00,7207.52392578125
2018-06-07 13:30:00,7164.814453125
2018-06-07 14:30:00,7163.388671875
2018-06-07 15:30:00,7161.86767578125
2018-06-07 16:30:00,7129.3642578125
2018-06-07 17:30:00,7135.2119140625
2018-06-07 18:30:00,7152.7314453125
2018-06-07 19:30:00,7152.13037109375
2018-06-08 13:30:00,7118.22802734375
2018-06-08 14:30:00,7134.3994140625
2018-06-08 15:30:00,7146.74462890625
2018-06-08 16:30:00,7147.482421875
2018-06-08 17:30:00,7151.82373046875
2018-06-08 18:30:00,7152.6748046875
2018-06-08 19:30:00,7150.6884765625
2018-06-11 13:30:00,7151.29638671875
2018-06-11 14:30:00,7165.7705078125
2018-06-11 15:30:00,7186.11865234375
2018-06-11 16:30:00,7183.3056640625
2018-06-11 17:30:00,7176.4931640625
2018-06-11 18:30:00,7183.38037109375
2018-06-11 19:30:00,7166.314453125
2018-06-12 13:30:00,7177.76318359375
2018-06-12 14:30:00,7190.54296875
2018-06-12 15:30:00,7203.58056640625
2018-06-12 16:30:00,7208.0009765625
2018-06-12 17:30:00,7186.84228515625
2018-06-12 18:30:00,7196.06591796875
2018-06-12 19:30:00,7209.5908203125
2018-06-13 13:30:00,7240.16357421875
2018-06-13 14:30:00,7256.525390625
2018-06-13 15:30:00,7247.20068359375
2018-06-13 16:30:00,7240.9951171875
2018-06-13 17:30:00,7207.033203125
2018-06-13 18:30:00,7223.76708984375
2018-06-13 19:30:00,7202.4951171875
2018-06-14 13:30:00,7277.3076171875
2018-06-14 14:30:00,7267.552734375
2018-06-14 15:30:00,7275.59619140625
2018-06-14 16:30:00,7283.5830078125
2018-06-14 17:30:00,7276.5166015625
2018-06-14 18:30:00,7277.17431640625
2018-06-14 19:30:00,7281.07470703125
2018-06-15 13:30:00,7246.779296875
2018-06-15 14:30:00,7241.85400390625
2018-06-15 15:30:00,7249.6328125
2018-06-15 16:30:00,7257.83544921875
2018-06-15 17:30:00,7264.4775390625
2018-06-15 18:30:00,7259.498046875
2018-06-15 19:30:00,7255.80908203125
2018-06-18 13:30:00,7217.0830078125
2018-06-18 14:30:00,7247.0927734375
2018-06-18 15:30:00,7236.67333984375
2018-06-18 16:30:00,7247.21923828125
2018-06-18 17:30:00,7249.16845703125
2018-06-18 18:30:00,7251.65576171875
2018-06-18 19:30:00,7249.59716796875
2018-06-19 13:30:00,7146.3447265625
2018-06-19 14:30:00,7190.400390625
2018-06-19 15:30:00,7190.08642578125
2018-06-19 16:30:00,7187.61865234375
2018-06-19 17:30:00,7213.16748046875
2018-06-19 18:30:00,7209.9765625
2018-06-19 19:30:00,7227.55615234375
2018-06-20 13:30:00,7263.02734375
2018-06-20 14:30:00,7282.38623046875
2018-06-20 15:30:00,7297.1201171875
2018-06-20 16:30:00,7295.2802734375
2018-06-20 17:30:00,7304.7734375
2018-06-20 18:30:00,7289.56494140625
2018-06-20 19:30:00,7280.91455078125
2018-06-21 13:30:00,7231.90234375
2018-06-21 14:30:00,7248.55615234375
2018-06-21 15:30:00,7237.11181640625
2018-06-21 16:30:00,7236.845703125
2018-06-21 17:30:00,7229.3173828125
2018-06-21 18:30:00,7224.7734375
2018-06-21 19:30:00,7215.57958984375
2018-06-22 13:30:00,7182.79931640625
2018-06-22 14:30:00,7202.87060546875
2018-06-22 15:30:00,7210.3232421875
2018-06-22 16:30:00,7223.86376953125
2018-06-22 17:30:00,7214.30029296875
2018-06-22 18:30:00,7215.015625
2018-06-22 19:30:00,7191.3564453125
2018-06-25 13:30:00,7076.7138671875
2018-06-25 14:30:00,7033.73486328125
2018-06-25 15:30:00,7013.14990234375
2018-06-25 16:30:00,7004.833984375
2018-06-25 17:30:00,7011.00634765625
2018-06-25 18:30:00,7003.51318359375
2018-06-25 19:30:00,7037.51611328125
2018-06-26 13:30:00,7067.18408203125
2018-06-26 14:30:00,7057.42138671875
2018-06-26 15:30:00,7082.724609375
2018-06-26 16:30:00,7102.654296875
2018-06-26 17:30:00,7083.99169921875
2018-06-26 18:30:00,7070.96630859375
2018-06-26 19:30:00,7069.7958984375
2018-06-27 13:30:00,7109.46875
2018-06-27 14:30:00,7080.25439453125
2018-06-27 15:30:00,7082.0048828125
2018-06-27 16:30:00,7026.2802734375
2018-06-27 17:30:00,7018.14013671875
2018-06-27 18:30:00,7014.5244140625
2018-06-27 19:30:00,6968.79150390625
2018-06-28 13:30:00,6971.83251953125
2018-06-28 14:30:00,7009.52978515625
2018-06-28 15:30:00,6985.05322265625
2018-06-28 16:30:00,7005.5634765625
2018-06-28 17:30:00,7027.8779296875
2018-06-28 18:30:00,7044.2041015625
2018-06-28 19:30:00,7034.2841796875
2018-06-29 13:30:00,7077.97412109375
2018-06-29 14:30:00,7086.1826171875
2018-06-29 15:30:00,7076.7822265625
2018-06-29 16:30:00,7075.94873046875
2018-06-29 17:30:00,7081.27099609375
2018-06-29 18:30:00,7073.5849609375
2018-06-29 19:30:00,7049.34423828125
2018-07-02 13:30:00,7032.7529296875
2018-07-02 14:30:00,7035.775390625
2018-07-02 15:30:00,7025.30810546875
2018-07-02 16:30:00,7014.81103515625
2018-07-02 17:30:00,7074.97265625
2018-07-02 18:30:00,7074.1279296875
2018-07-02 19:30:00,7097.18603515625
2018-07-03 13:30:00,7090.85693359375
2018-07-03 14:30:00,7080.8466796875
2018-07-03 15:30:00,7051.732421875
2018-07-03 17:00:00,7014.55419921875
2018-07-05 13:30:00,7046.32958984375
2018-07-05 14:30:00,7060.41015625
2018-07-05 15:30:00,7088.77197265625
2018-07-05 16:30:00,7094.46533203125
2018-07-05 17:30:00,7083.4140625
2018-07-05 18:30:00,7095.94775390625
2018-07-05 19:30:00,7100.4521484375
2018-07-06 13:30:00,7143.38818359375
2018-07-06 14:30:00,7177.01611328125
2018-07-06 15:30:00,7199.65966796875
2018-07-06 16:30:00,7198.58203125
2018-07-06 17:30:00,7200.29833984375
2018-07-06 18:30:00,7215.11328125
2018-07-06 19:30:00,7206.76318359375
2018-07-09 13:30:00,7225.873046875
2018-07-09 14:30:00,7245.33203125
2018-07-09 15:30:00,7241.708984375
2018-07-09 16:30:00,7248.830078125
2018-07-09 17:30:00,7253.95361328125
2018-07-09 18:30:00,7259.728515625
2018-07-09 19:30:00,7275.89892578125
2018-07-10 13:30:00,7281.71484375
2018-07-10 14:30:00,7282.02978515625
2018-07-10 15:30:00,7292.8671875
2018-07-10 16:30:00,7278.4619140625
2018-07-10 17:30:00,7276.45947265625
2018-07-10 18:30:00,7279.08935546875
2018-07-10 19:30:00,7281.701171875
2018-07-11 13:30:00,7268.36669921875
2018-07-11 14:30:00,7239.96923828125
2018-07-11 15:30:00,7240.41015625
2018-07-11 16:30:00,7258.6142578125
2018-07-11 17:30:00,7249.8955078125
2018-07-11 18:30:00,7247.26220703125
2018-07-11 19:30:00,7244.494140625
2018-07-12 13:30:00,7323.0654296875
2018-07-12 14:30:00,7329.8232421875
2018-07-12 15:30:00,7346.751953125
2018-07-12 16:30:00,7354.16357421875
2018-07-12 17:30:00,7354.423828125
2018-07-12 18:30:00,7354.5205078125
2018-07-12 19:30:00,7368.568359375
2018-07-13 13:30:00,7379.29931640625
2018-07-13 14:30:00,7385.23583984375
2018-07-13 15:30:00,7383.71826171875
2018-07-13 16:30:00,7370.478515625
2018-07-13 17:30:00,7366.30859375
2018-07-13 18:30:00,7374.7548828125
2018-07-13 19:30:00,7376.93603515625
2018-07-16 13:30:00,7375.888671875
2018-07-16 14:30:00,7365.4970703125
2018-07-16 15:30:00,7379.21923828125
2018-07-16 16:30:00,7367.91650390625
2018-07-16 17:30:00,7364.7880859375
2018-07-16 18:30:00,7350.984375
2018-07-16 19:30:00,7359.81005859375
2018-07-17 13:30:00,7335.52392578125
2018-07-17 14:30:00,7361.14013671875
2018-07-17 15:30:00,7404.205078125
2018-07-17 16:30:00,7406.00146484375
2018-07-17 17:30:00,7405.61279296875
2018-07-17 18:30:00,7410.14013671875
2018-07-17 19:30:00,7405.6689453125
2018-07-18 13:30:00,7381.8525390625
2018-07-18 14:30:00,7391.03173828125
2018-07-18 15:30:00,7389.73583984375
2018-07-18 16:30:00,7396.349609375
2018-07-18 17:30:00,7397.1865234375
2018-07-18 18:30:00,7394.4990234375
2018-07-18 19:30:00,7390.22509765625
2018-07-19 13:30:00,7362.9482421875
2018-07-19 14:30:00,7375.33056640625
2018-07-19 15:30:00,7362.9521484375
2018-07-19 16:30:00,7367.46142578125
2018-07-19 17:30:00,7366.203125
2018-07-19 18:30:00,7353.3125
2018-07-19 19:30:00,7353.818359375
2018-07-20 13:30:00,7381.66943359375
2018-07-20 14:30:00,7395.0517578125
2018-07-20 15:30:00,7364.68115234375
2018-07-20 16:30:00,7359.6025390625
2018-07-20 17:30:00,7361.29443359375
2018-07-20 18:30:00,7347.40673828125
2018-07-20 19:30:00,7350.365234375
2018-07-23 13:30:00,7329.12109375
2018-07-23 14:30:00,7345.2802734375
2018-07-23 15:30:00,7363.1904296875
2018-07-23 16:30:00,7355.8642578125
2018-07-23 17:30:00,7368.26123046875
2018-07-23 18:30:00,7371.34521484375
2018-07-23 19:30:00,7370.9638671875
2018-07-24 13:30:00,7468.455078125
2018-07-24 14:30:00,7436.18359375
2018-07-24 15:30:00,7421.31982421875
2018-07-24 16:30:00,7386.04150390625
2018-07-24 17:30:00,7390.67138671875
2018-07-24 18:30:00,7396.87060546875
2018-07-24 19:30:00,7404.28857421875
2018-07-25 13:30:00,7417.69091796875
2018-07-25 14:30:00,7431.5703125
2018-07-25 15:30:00,7447.78857421875
2018-07-25 16:30:00,7452.1796875
2018-07-25 17:30:00,7468.9482421875
2018-07-25 18:30:00,7468.91845703125
2018-07-25 19:30:00,7508.87548828125
2018-07-26 13:30:00,7406.7607421875
2018-07-26 14:30:00,7425.21142578125
2018-07-26 15:30:00,7411.36962890625
2018-07-26 16:30:00,7406.00146484375
2018-07-26 17:30:00,7407.52294921875
2018-07-26 18:30:00,7399.537109375
2018-07-26 19:30:00,7399.18408203125
2018-07-27 13:30:00,7389.44384765625
2018-07-27 14:30:00,7364.4970703125
2018-07-27 15:30:00,7329.78955078125
2018-07-27 16:30:00,7280.759765625
2018-07-27 17:30:00,7285.76611328125
2018-07-27 18:30:00,7285.59033203125
2018-07-27 19:30:00,7297.6484375
2018-07-30 13:30:00,7231.65771484375
2018-07-30 14:30:00,7205.12841796875
2018-07-30 15:30:00,7193.4892578125
2018-07-30 16:30:00,7199.6630859375
2018-07-30 17:30:00,7203.13330078125
2018-07-30 18:30:00,7188.93896484375
2018-07-30 19:30:00,7193.59033203125
2018-07-31 13:30:00,7194.17236328125
2018-07-31 14:30:00,7231.36083984375
2018-07-31 15:30:00,7270.6455078125
2018-07-31 16:30:00,7245.06396484375
2018-07-31 17:30:00,7251.00390625
2018-07-31 18:30:00,7240.03857421875
2018-07-31 19:30:00,7232.716796875
2018-08-01 13:30:00,7292.23779296875
2018-08-01 14:30:00,7274.3369140625
2018-08-01 15:30:00,7250.84912109375
2018-08-01 16:30:00,7256.07080078125
2018-08-01 17:30:00,7268.9501953125
2018-08-01 18:30:00,7270.7197265625
2018-08-01 19:30:00,7270.34326171875
2018-08-02 13:30:00,7288.40625
2018-08-02 14:30:00,7307.51953125
2018-08-02 15:30:00,7346.478515625
2018-08-02 16:30:00,7364.21484375
2018-08-02 17:30:00,7363.78564453125
2018-08-02 18:30:00,7368.33984375
2018-08-02 19:30:00,7371.525390625
2018-08-03 13:30:00,7393.576171875
2018-08-03 14:30:00,7378.21533203125
2018-08-03 15:30:00,7377.72705078125
2018-08-03 16:30:00,7379.06787109375
2018-08-03 17:30:00,7386.00537109375
2018-08-03 18:30:00,7385.6767578125
2018-08-03 19:30:00,7393.45068359375
2018-08-06 13:30:00,7397.9912109375
2018-08-06 14:30:00,7402.09716796875
2018-08-06 15:30:00,7419.5810546875
2018-08-06 16:30:00,7435.36328125
2018-08-06 17:30:00,7432.89404296875
2018-08-06 18:30:00,7437.55712890625
2018-08-06 19:30:00,7438.568359375
2018-08-07 13:30:00,7469.70166015625
2018-08-07 14:30:00,7446.57763671875
2018-08-07 15:30:00,7466.08642578125
2018-08-07 16:30:00,7460.62841796875
2018-08-07 17:30:00,7469.67919921875
2018-08-07 18:30:00,7464.97607421875
2018-08-07 19:30:00,7462.59716796875
2018-08-08 13:30:00,7458.32177734375
2018-08-08 14:30:00,7477.7119140625
2018-08-08 15:30:00,7464.52880859375
2018-08-08 16:30:00,7466.75927734375
2018-08-08 17:30:00,7480.943359375
2018-08-08 18:30:00,7479.45849609375
2018-08-08 19:30:00,7468.87841796875
2018-08-09 13:30:00,7490.4921875
2018-08-09 14:30:00,7487.1943359375
2018-08-09 15:30:00,7483.6669921875
2018-08-09 16:30:00,7492.17431640625
2018-08-09 17:30:00,7489.69384765625
2018-08-09 18:30:00,7480.20947265625
2018-08-09 19:30:00,7468.3798828125
2018-08-10 13:30:00,7422.30029296875
2018-08-10 14:30:00,7427.59375
2018-08-10 15:30:00,7427.99658203125
2018-08-10 16:30:00,7420.38037109375
2018-08-10 17:30:00,7383.8173828125
2018-08-10 18:30:00,7412.14453125
2018-08-10 19:30:00,7411.6474609375
2018-08-13 13:30:00,7464.0634765625
2018-08-13 14:30:00,7425.01611328125
2018-08-13 15:30:00,7407.28857421875
2018-08-13 16:30:00,7418.00146484375
2018-08-13 17:30:00,7433.4775390625
2018-08-13 18:30:00,7409.22265625
2018-08-13 19:30:00,7401.56103515625
2018-08-14 13:30:00,7416.8818359375
2018-08-14 14:30:00,7439.76708984375
2018-08-14 15:30:00,7455.2373046875
2018-08-14 16:30:00,7441.12109375
2018-08-14 17:30:00,7441.1630859375
2018-08-14 18:30:00,7453.29150390625
2018-08-14 19:30:00,7447.23291015625
2018-08-15 13:30:00,7313.21142578125
2018-08-15 14:30:00,7334.34912109375
2018-08-15 15:30:00,7337.58447265625
2018-08-15 16:30:00,7335.1806640625
2018-08-15 17:30:00,7321.69970703125
2018-08-15 18:30:00,7349.009765625
2018-08-15 19:30:00,7356.3671875
2018-08-16 13:30:00,7404.65185546875
2018-08-16 14:30:00,7416.65185546875
2018-08-16 15:30:00,7416.626953125
2018-08-16 16:30:00,7408.44873046875
2018-08-16 17:30:00,7385.68212890625
2018-08-16 18:30:00,7386.171875
2018-08-16 19:30:00,7374.2958984375
2018-08-17 13:30:00,7318.2958984375
2018-08-17 14:30:00,7342.42138671875
2018-08-17 15:30:00,7355.7666015625
2018-08-17 16:30:00,7340.59814453125
2018-08-17 17:30:00,7383.28955078125
2018-08-17 18:30:00,7378.8857421875
2018-08-17 19:30:00,7374.80078125
2018-08-20 13:30:00,7357.93994140625
2018-08-20 14:30:00,7356.57568359375
2018-08-20 15:30:00,7369.501953125
2018-08-20 16:30:00,7376.1240234375
2018-08-20 17:30:00,7383.3662109375
2018-08-20 18:30:00,7375.58203125
2018-08-20 19:30:00,7370.7314453125
2018-08-21 13:30:00,7415.30126953125
2018-08-21 14:30:00,7406.9189453125
2018-08-21 15:30:00,7433.70068359375
2018-08-21 16:30:00,7431.9912109375
2018-08-21 17:30:00,7423.66552734375
2018-08-21 18:30:00,7403.67626953125
2018-08-21 19:30:00,7398.5703125
2018-08-22 13:30:00,7389.58544921875
2018-08-22 14:30:00,7426.9677734375
2018-08-22 15:30:00,7418.9345703125
2018-08-22 16:30:00,7420.7158203125
2018-08-22 17:30:00,7418.44580078125
2018-08-22 18:30:00,7427.9521484375
2018-08-22 19:30:00,7426.4375
2018-08-23 13:30:00,7465.33447265625
2018-08-23 14:30:00,7420.1376953125
2018-08-23 15:30:00,7435.552734375
2018-08-23 16:30:00,7433.05419921875
2018-08-23 17:30:00,7436.94384765625
2018-08-23 18:30:00,7430.52001953125
2018-08-23 19:30:00,7413.2646484375
2018-08-24 13:30:00,7463.849609375
2018-08-24 14:30:00,7477.48291015625
2018-08-24 15:30:00,7484.740234375
2018-08-24 16:30:00,7478.7802734375
2018-08-24 17:30:00,7485.08056640625
2018-08-24 18:30:00,7481.87548828125
2018-08-24 19:30:00,7485.99951171875
2018-08-27 13:30:00,7552.103515625
2018-08-27 14:30:00,7551.31640625
2018-08-27 15:30:00,7556.48828125
2018-08-27 16:30:00,7551.33740234375
2018-08-27 17:30:00,7551.64013671875
2018-08-27 18:30:00,7554.58642578125
2018-08-27 19:30:00,7560.4150390625
2018-08-28 13:30:00,7571.6630859375
2018-08-28 14:30:00,7574.3916015625
2018-08-28 15:30:00,7568.3974609375
2018-08-28 16:30:00,7569.21630859375
2018-08-28 17:30:00,7576.87841796875
2018-08-28 18:30:00,7572.74755859375
2018-08-28 19:30:00,7569.83447265625
2018-08-29 13:30:00,7615.3046875
2018-08-29 14:30:00,7646.0400390625
2018-08-29 15:30:00,7645.22314453125
2018-08-29 16:30:00,7645.23193359375
2018-08-29 17:30:00,7646.412109375
2018-08-29 18:30:00,7660.14111328125
2018-08-29 19:30:00,7659.9482421875
2018-08-30 13:30:00,7657.6142578125
2018-08-30 14:30:00,7654.732421875
2018-08-30 15:30:00,7672.9287109375
2018-08-30 16:30:00,7689.56494140625
2018-08-30 17:30:00,7648.4833984375
2018-08-30 18:30:00,7639.08154296875
2018-08-30 19:30:00,7642.96240234375
2018-08-31 13:30:00,7667.98681640625
2018-08-31 14:30:00,7653.05908203125
2018-08-31 15:30:00,7647.4873046875
2018-08-31 16:30:00,7645.96923828125
2018-08-31 17:30:00,7634.7158203125
2018-08-31 18:30:00,7635.0478515625
2018-08-31 19:30:00,7653.9814453125
2018-09-04 13:30:00,7617.4541015625
2018-09-04 14:30:00,7631.57861328125
2018-09-04 15:30:00,7597.6943359375
2018-09-04 16:30:00,7612.75927734375
2018-09-04 17:30:00,7622.96142578125
2018-09-04 18:30:00,7623.6357421875
2018-09-04 19:30:00,7623.912109375
2018-09-05 13:30:00,7527.4765625
2018-09-05 14:30:00,7505.27880859375
2018-09-05 15:30:00,7542.47021484375
2018-09-05 16:30:00,7546.77490234375
2018-09-05 17:30:00,7535.93505859375
2018-09-05 18:30:00,7522.74169921875
2018-09-05 19:30:00,7522.1474609375
2018-09-06 13:30:00,7473.435546875
2018-09-06 14:30:00,7441.19677734375
2018-09-06 15:30:00,7436.3095703125
2018-09-06 16:30:00,7432.3046875
2018-09-06 17:30:00,7428.15283203125
2018-09-06 18:30:00,7463.29248046875
2018-09-06 19:30:00,7454.58642578125
2018-09-07 13:30:00,7468.37255859375
2018-09-07 14:30:00,7478.40283203125
2018-09-07 15:30:00,7433.8916015625
2018-09-07 16:30:00,7446.103515625
2018-09-07 17:30:00,7454.90380859375
2018-09-07 18:30:00,7449.767578125
2018-09-07 19:30:00,7429.84423828125
2018-09-10 13:30:00,7421.24951171875
2018-09-10 14:30:00,7450.734375
2018-09-10 15:30:00,7434.2216796875
2018-09-10 16:30:00,7447.1171875
2018-09-10 17:30:00,7448.67431640625
2018-09-10 18:30:00,7450.1328125
2018-09-10 19:30:00,7450.8466796875
2018-09-11 13:30:00,7468.62744140625
2018-09-11 14:30:00,7473.3603515625
2018-09-11 15:30:00,7505.04345703125
2018-09-11 16:30:00,7489.7880859375
2018-09-11 17:30:00,7509.54638671875
2018-09-11 18:30:00,7503.6904296875
2018-09-11 19:30:00,7508.42919921875
2018-09-12 13:30:00,7449.37060546875
2018-09-12 14:30:00,7481.64697265625
2018-09-12 15:30:00,7475.22119140625
2018-09-12 16:30:00,7483.84521484375
2018-09-12 17:30:00,7466.14111328125
2018-09-12 18:30:00,7487.328125
2018-09-12 19:30:00,7487.259765625
2018-09-13 13:30:00,7543.3369140625
2018-09-13 14:30:00,7556.7421875
2018-09-13 15:30:00,7568.39404296875
2018-09-13 16:30:00,7560.50634765625
2018-09-13 17:30:00,7554.86669921875
2018-09-13 18:30:00,7550.455078125
2018-09-13 19:30:00,7560.2900390625
2018-09-14 13:30:00,7568.9296875
2018-09-14 14:30:00,7561.9765625
2018-09-14 15:30:00,7524.72607421875
2018-09-14 16:30:00,7535.91162109375
2018-09-14 17:30:00,7543.17578125
2018-09-14 18:30:00,7540.84814453125
2018-09-14 19:30:00,7541.5634765625
2018-09-17 13:30:00,7477.56982421875
2018-09-17 14:30:00,7468.85986328125
2018-09-17 15:30:00,7487.21728515625
2018-09-17 16:30:00,7471.48193359375
2018-09-17 17:30:00,7477.36474609375
2018-09-17 18:30:00,7446.57763671875
2018-09-17 19:30:00,7435.75537109375
2018-09-18 13:30:00,7502.3330078125
2018-09-18 14:30:00,7522.0966796875
2018-09-18 15:30:00,7514.875
2018-09-18 16:30:00,7502.86279296875
2018-09-18 17:30:00,7514.73779296875
2018-09-18 18:30:00,7510.599609375
2018-09-18 19:30:00,7499.27490234375
2018-09-19 13:30:00,7452.60888671875
2018-09-19 14:30:00,7472.7666015625
2018-09-19 15:30:00,7468.05126953125
2018-09-19 16:30:00,7461.89599609375
2018-09-19 17:30:00,7478.3935546875
2018-09-19 18:30:00,7487.81201171875
2018-09-19 19:30:00,7490.90576171875
2018-09-20 13:30:00,7561.87841796875
2018-09-20 14:30:00,7563.7978515625
2018-09-20 15:30:00,7567.0751953125
2018-09-20 16:30:00,7571.07958984375
2018-09-20 17:30:00,7567.9169921875
2018-09-20 18:30:00,7578.30615234375
2018-09-20 19:30:00,7570.77685546875
2018-09-21 13:30:00,7558.08056640625
2018-09-21 14:30:00,7570.7734375
2018-09-21 15:30:00,7567.60595703125
2018-09-21 16:30:00,7556.8955078125
2018-09-21 17:30:00,7550.3291015625
2018-09-21 18:30:00,7532.98779296875
2018-09-21 19:30:00,7530.53271484375
2018-09-24 13:30:00,7498.3916015625
2018-09-24 14:30:00,7532.119140625
2018-09-24 15:30:00,7523.662109375
2018-09-24 16:30:00,7527.787109375
2018-09-24 17:30:00,7538.26123046875
2018-09-24 18:30:00,7544.66064453125
2018-09-24 19:30:00,7552.94140625
2018-09-25 13:30:00,7536.6865234375
2018-09-25 14:30:00,7555.99658203125
2018-09-25 15:30:00,7560.75341796875
2018-09-25 16:30:00,7559.22216796875
2018-09-25 17:30:00,7561.947265625
2018-09-25 18:30:00,7564.33984375
2018-09-25 19:30:00,7563.7900390625
2018-09-26 13:30:00,7582.88427734375
2018-09-26 14:30:00,7610.029296875
2018-09-26 15:30:00,7604.443359375
2018-09-26 16:30:00,7606.70068359375
2018-09-26 17:30:00,7630.25244140625
2018-09-26 18:30:00,7618.15869140625
2018-09-26 19:30:00,7559.1435546875
2018-09-27 13:30:00,7639.1650390625
2018-09-27 14:30:00,7641.00439453125
2018-09-27 15:30:00,7655.314453125
2018-09-27 16:30:00,7652.3427734375
2018-09-27 17:30:00,7643.38720703125
2018-09-27 18:30:00,7632.2490234375
2018-09-27 19:30:00,7630.31396484375
2018-09-28 13:30:00,7614.96728515625
2018-09-28 14:30:00,7638.330078125
2018-09-28 15:30:00,7628.7392578125
2018-09-28 16:30:00,7627.43017578125
2018-09-28 17:30:00,7621.92822265625
2018-09-28 18:30:00,7627.193359375
2018-09-28 19:30:00,7628.853515625
2018-10-01 13:30:00,7697.0986328125
2018-10-01 14:30:00,7690.1025390625
2018-10-01 15:30:00,7670.97509765625
2018-10-01 16:30:00,7667.82080078125
2018-10-01 17:30:00,7653.61083984375
2018-10-01 18:30:00,7638.31591796875
2018-10-01 19:30:00,7645.2099609375
2018-10-02 13:30:00,7652.810546875
2018-10-02 14:30:00,7667.7138671875
2018-10-02 15:30:00,7672.4130859375
2018-10-02 16:30:00,7660.90478515625
2018-10-02 17:30:00,7659.4892578125
2018-10-02 18:30:00,7621.73828125
2018-10-02 19:30:00,7628.39013671875
2018-10-03 13:30:00,7669.07763671875
2018-10-03 14:30:00,7659.998046875
2018-10-03 15:30:00,7665.96484375
2018-10-03 16:30:00,7664.8154296875
2018-10-03 17:30:00,7658.75
2018-10-03 18:30:00,7631.76806640625
2018-10-03 19:30:00,7635.47021484375
2018-10-04 13:30:00,7524.806640625
2018-10-04 14:30:00,7519.43798828125
2018-10-04 15:30:00,7475.5869140625
2018-10-04 16:30:00,7466.20849609375
2018-10-04 17:30:00,7453.296875
2018-10-04 18:30:00,7472.35595703125
2018-10-04 19:30:00,7487.99072265625
2018-10-05 13:30:00,7478.01806640625
2018-10-05 14:30:00,7400.02783203125
2018-10-05 15:30:00,7378.43701171875
2018-10-05 16:30:00,7332.01806640625
2018-10-05 17:30:00,7400.6796875
2018-10-05 18:30:00,7405.59716796875
2018-10-05 19:30:00,7394.19091796875
2018-10-08 13:30:00,7408.03076171875
2018-10-08 14:30:00,7341.11474609375
2018-10-08 15:30:00,7317.21337890625
2018-10-08 16:30:00,7280.076171875
2018-10-08 17:30:00,7329.5185546875
2018-10-08 18:30:00,7349.830078125
2018-10-08 19:30:00,7352.95703125
2018-10-09 13:30:00,7409.80029296875
2018-10-09 14:30:00,7409.7724609375
2018-10-09 15:30:00,7384.85595703125
2018-10-09 16:30:00,7377.4296875
2018-10-09 17:30:00,7372.18115234375
2018-10-09 18:30:00,7370.1650390625
2018-10-09 19:30:00,7371.7529296875
2018-10-10 13:30:00,7246.63427734375
2018-10-10 14:30:00,7210.625
2018-10-10 15:30:00,7216.76318359375
2018-10-10 16:30:00,7227.61376953125
2018-10-10 17:30:00,7187.91943359375
2018-10-10 18:30:00,7145.20703125
2018-10-10 19:30:00,7048.93701171875
2018-10-11 13:30:00,7051.57421875
2018-10-11 14:30:00,7010.830078125
2018-10-11 15:30:00,7076.3525390625
2018-10-11 16:30:00,7067.37548828125
2018-10-11 17:30:00,7010.9375
2018-10-11 18:30:00,7025.09326171875
2018-10-11 19:30:00,6964.92578125
2018-10-12 13:30:00,7110.41552734375
2018-10-12 14:30:00,7118.7626953125
2018-10-12 15:30:00,7065.478515625
2018-10-12 16:30:00,7080.65771484375
2018-10-12 17:30:00,7088.10595703125
2018-10-12 18:30:00,7136.78369140625
2018-10-12 19:30:00,7157.80419921875
2018-10-15 13:30:00,7076.26513671875
2018-10-15 14:30:00,7137.5537109375
2018-10-15 15:30:00,7103.13916015625
2018-10-15 16:30:00,7104.267578125
2018-10-15 17:30:00,7094.5654296875
2018-10-15 18:30:00,7101.28173828125
2018-10-15 19:30:00,7069.72900390625
2018-10-16 13:30:00,7142.294921875
2018-10-16 14:30:00,7206.7578125
2018-10-16 15:30:00,7211.47216796875
2018-10-16 16:30:00,7233.962890625
2018-10-16 17:30:00,7251.95458984375
2018-10-16 18:30:00,7256.07958984375
2018-10-16 19:30:00,7284.45654296875
2018-10-17 13:30:00,7245.24072265625
2018-10-17 14:30:00,7251.72412109375
2018-10-17 15:30:00,7270.224609375
2018-10-17 16:30:00,7283.390625
2018-10-17 17:30:00,7241.36328125
2018-10-17 18:30:00,7284.04541015625
2018-10-17 19:30:00,7279.41455078125
2018-10-18 13:30:00,7208.47412109375
2018-10-18 14:30:00,7169.17431640625
2018-10-18 15:30:00,7150.24560546875
2018-10-18 16:30:00,7097.73876953125
2018-10-18 17:30:00,7123.28759765625
2018-10-18 18:30:00,7127.5576171875
2018-10-18 19:30:00,7114.83056640625
2018-10-19 13:30:00,7205.98193359375
2018-10-19 14:30:00,7175.6376953125
2018-10-19 15:30:00,7108.591796875
2018-10-19 16:30:00,7138.466796875
2018-10-19 17:30:00,7109.45849609375
2018-10-19 18:30:00,7128.38720703125
2018-10-19 19:30:00,7108.73046875
2018-10-22 13:30:00,7095.376953125
2018-10-22 14:30:00,7171.24365234375
2018-10-22 15:30:00,7134.4306640625
2018-10-22 16:30:00,7148.083984375
2018-10-22 17:30:00,7136.904296875
2018-10-22 18:30:00,7168.07373046875
2018-10-22 19:30:00,7141.92138671875
2018-10-23 13:30:00,6969.47021484375
2018-10-23 14:30:00,7014.10400390625
2018-10-23 15:30:00,7038.61279296875
2018-10-23 16:30:00,7063.34521484375
2018-10-23 17:30:00,7103.1787109375
2018-10-23 18:30:00,7132.962890625
2018-10-23 19:30:00,7118.88037109375
2018-10-24 13:30:00,7055.30029296875
2018-10-24 14:30:00,6986.54541015625
2018-10-24 15:30:00,7018.7001953125
2018-10-24 16:30:00,6960.4599609375
2018-10-24 17:30:00,6956.232421875
2018-10-24 18:30:00,6864.12353515625
2018-10-24 19:30:00,6785.95263671875
2018-10-25 13:30:00,6958.123046875
2018-10-25 14:30:00,6986.671875
2018-10-25 15:30:00,6964.74658203125
2018-10-25 16:30:00,6978.80859375
2018-10-25 17:30:00,7028.75244140625
2018-10-25 18:30:00,7050.94384765625
2018-10-25 19:30:00,7022.1708984375
2018-10-26 13:30:00,6799.4970703125
2018-10-26 14:30:00,6783.01806640625
2018-10-26 15:30:00,6884.58251953125
2018-10-26 16:30:00,6916.27197265625
2018-10-26 17:30:00,6885.03564453125
2018-10-26 18:30:00,6841.7900390625
2018-10-26 19:30:00,6846.87451171875
2018-10-29 13:30:00,6949.060546875
2018-10-29 14:30:00,6882.99755859375
2018-10-29 15:30:00,6786.81982421875
2018-10-29 16:30:00,6811.37451171875
2018-10-29 17:30:00,6762.07177734375
2018-10-29 18:30:00,6664.85693359375
2018-10-29 19:30:00,6714.888671875
2018-10-30 13:30:00,6753.96337890625
2018-10-30 14:30:00,6763.673828125
2018-10-30 15:30:00,6766.4228515625
2018-10-30 16:30:00,6696.3408203125
2018-10-30 17:30:00,6711.2890625
2018-10-30 18:30:00,6787.412109375
2018-10-30 19:30:00,6813.125
2018-10-31 13:30:00,7000.06005859375
2018-10-31 14:30:00,6989.78369140625
2018-10-31 15:30:00,6963.32177734375
2018-10-31 16:30:00,7001.951171875
2018-10-31 17:30:00,7020.091796875
2018-10-31 18:30:00,7011.501953125
2018-10-31 19:30:00,6965.58984375
2018-11-01 13:30:00,6977.619140625
2018-11-01 14:30:00,7027.24072265625
2018-11-01 15:30:00,7020.75341796875
2018-11-01 16:30:00,7062.36181640625
2018-11-01 17:30:00,7057.75
2018-11-01 18:30:00,7058.5302734375
2018-11-01 19:30:00,7069.275390625
2018-11-02 13:30:00,6984.62255859375
2018-11-02 14:30:00,6957.00341796875
2018-11-02 15:30:00,6969.52783203125
2018-11-02 16:30:00,6948.60498046875
2018-11-02 17:30:00,6973.13818359375
2018-11-02 18:30:00,6963.798828125
2018-11-02 19:30:00,6953.74853515625
