Datetime,NFLX
2017-11-06 14:30:00,201.2949981689453
2017-11-06 15:30:00,201.60000610351562
2017-11-06 16:30:00,200.96499633789062
2017-11-06 17:30:00,201.5399932861328
2017-11-06 18:30:00,199.32000732421875
2017-11-06 19:30:00,199.72999572753906
2017-11-06 20:30:00,200.11000061035156
2017-11-08 14:30:00,195.52999877929688
2017-11-08 15:30:00,196.0
2017-11-08 16:30:00,195.8300018310547
2017-11-08 17:30:00,195.8800048828125
2017-11-08 18:30:00,195.35000610351562
2017-11-08 19:30:00,195.8300018310547
2017-11-08 20:30:00,196.4199981689453
2017-11-09 14:30:00,193.52999877929688
2017-11-09 15:30:00,192.8459930419922
2017-11-09 16:30:00,191.88999938964844
2017-11-09 17:30:00,191.50999450683594
2017-11-09 18:30:00,192.28900146484375
2017-11-09 19:30:00,193.1699981689453
2017-11-09 20:30:00,193.88999938964844
2017-11-10 14:30:00,190.27000427246094
2017-11-10 15:30:00,190.4375
2017-11-10 16:30:00,189.77999877929688
2017-11-10 17:30:00,190.19000244140625
2017-11-10 18:30:00,191.375
2017-11-10 19:30:00,191.8751983642578
2017-11-10 20:30:00,192.0399932861328
2017-11-13 14:30:00,193.67990112304688
2017-11-13 15:30:00,194.69020080566406
2017-11-13 16:30:00,194.96389770507812
2017-11-13 17:30:00,194.9595947265625
2017-11-13 18:30:00,195.74000549316406
2017-11-13 19:30:00,195.61000061035156
2017-11-13 20:30:00,195.07000732421875
2017-11-14 14:30:00,193.64999389648438
2017-11-14 15:30:00,194.75970458984375
2017-11-14 16:30:00,195.33200073242188
2017-11-14 17:30:00,193.8699951171875
2017-11-14 18:30:00,194.83999633789062
2017-11-14 19:30:00,195.36000061035156
2017-11-14 20:30:00,195.74000549316406
2017-11-15 14:30:00,195.02000427246094
2017-11-15 15:30:00,194.92999267578125
2017-11-15 16:30:00,194.32000732421875
2017-11-15 17:30:00,193.43600463867188
2017-11-15 18:30:00,193.0998992919922
2017-11-15 19:30:00,192.1199951171875
2017-11-15 20:30:00,192.10000610351562
2017-11-16 14:30:00,196.0
2017-11-16 15:30:00,197.02000427246094
2017-11-16 16:30:00,197.2050018310547
2017-11-16 17:30:00,196.41000366210938
2017-11-16 18:30:00,195.86000061035156
2017-11-16 19:30:00,195.72999572753906
2017-11-16 20:30:00,195.5800018310547
2017-11-17 14:30:00,194.0
2017-11-17 15:30:00,194.3206024169922
2017-11-17 16:30:00,194.02000427246094
2017-11-17 17:30:00,193.3699951171875
2017-11-17 18:30:00,193.33999633789062
2017-11-17 19:30:00,193.1199951171875
2017-11-17 20:30:00,193.1699981689453
2017-11-20 14:30:00,193.1199951171875
2017-11-20 15:30:00,192.7550048828125
2017-11-20 16:30:00,193.25999450683594
2017-11-20 17:30:00,193.77000427246094
2017-11-20 18:30:00,193.83999633789062
2017-11-20 19:30:00,193.49000549316406
2017-11-20 20:30:00,194.0800018310547
2017-11-21 14:30:00,196.6970977783203
2017-11-21 15:30:00,196.44000244140625
2017-11-21 16:30:00,196.0749969482422
2017-11-21 17:30:00,196.11279296875
2017-11-21 18:30:00,196.13999938964844
2017-11-21 19:30:00,195.92999267578125
2017-11-21 20:30:00,196.2100067138672
2017-11-22 14:30:00,194.11000061035156
2017-11-22 15:30:00,194.67999267578125
2017-11-22 16:30:00,194.69529724121094
2017-11-22 17:30:00,195.07400512695312
2017-11-22 18:30:00,196.22999572753906
2017-11-22 19:30:00,195.7899932861328
2017-11-22 20:30:00,196.38999938964844
2017-11-24 14:30:00,196.02999877929688
2017-11-24 15:30:00,195.97120666503906
2017-11-24 16:30:00,195.92999267578125
2017-11-24 18:00:00,195.60000610351562
2017-11-27 14:30:00,195.11000061035156
2017-11-27 15:30:00,194.0500030517578
2017-11-27 16:30:00,195.08999633789062
2017-11-27 17:30:00,195.19000244140625
2017-11-27 18:30:00,194.94000244140625
2017-11-27 19:30:00,195.0500030517578
2017-11-27 20:30:00,195.02000427246094
2017-11-28 14:30:00,194.75
2017-11-28 15:30:00,198.39999389648438
2017-11-28 16:30:00,199.46800231933594
2017-11-28 17:30:00,199.27000427246094
2017-11-28 18:30:00,198.60000610351562
2017-11-28 19:30:00,199.24000549316406
2017-11-28 20:30:00,199.1699981689453
2017-11-29 14:30:00,190.3300018310547
2017-11-29 15:30:00,188.36000061035156
2017-11-29 16:30:00,187.61000061035156
2017-11-29 17:30:00,190.5
2017-11-29 18:30:00,187.10000610351562
2017-11-29 19:30:00,188.26499938964844
2017-11-29 20:30:00,188.1699981689453
2017-11-30 14:30:00,189.39999389648438
2017-11-30 15:30:00,189.72950744628906
2017-11-30 16:30:00,189.94000244140625
2017-11-30 17:30:00,188.7519989013672
2017-11-30 18:30:00,188.94000244140625
2017-11-30 19:30:00,187.66000366210938
2017-11-30 20:30:00,187.5399932861328
2017-12-01 14:30:00,188.3800048828125
2017-12-01 15:30:00,185.89999389648438
2017-12-01 16:30:00,186.3800048828125
2017-12-01 17:30:00,186.4998016357422
2017-12-01 18:30:00,186.9550018310547
2017-12-01 19:30:00,186.6999969482422
2017-12-01 20:30:00,186.7899932861328
2017-12-04 14:30:00,183.2100067138672
2017-12-04 15:30:00,181.2552947998047
2017-12-04 16:30:00,183.25
2017-12-04 17:30:00,184.94000244140625
2017-12-04 18:30:00,184.67999267578125
2017-12-04 19:30:00,184.1300048828125
2017-12-04 20:30:00,184.0
2017-12-05 14:30:00,187.0
2017-12-05 15:30:00,187.63499450683594
2017-12-05 16:30:00,186.6999969482422
2017-12-05 17:30:00,186.69830322265625
2017-12-05 18:30:00,185.57000732421875
2017-12-05 19:30:00,184.89939880371094
2017-12-05 20:30:00,184.2100067138672
2017-12-06 14:30:00,184.84219360351562
2017-12-06 15:30:00,183.0
2017-12-06 16:30:00,183.22999572753906
2017-12-06 17:30:00,183.55050659179688
2017-12-06 18:30:00,185.39999389648438
2017-12-06 19:30:00,186.08900451660156
2017-12-06 20:30:00,185.3000030517578
2017-12-07 14:30:00,185.19000244140625
2017-12-07 15:30:00,185.5500030517578
2017-12-07 16:30:00,186.50999450683594
2017-12-07 17:30:00,186.4600067138672
2017-12-07 18:30:00,185.30999755859375
2017-12-07 19:30:00,184.9199981689453
2017-12-07 20:30:00,185.2100067138672
2017-12-08 14:30:00,187.6439971923828
2017-12-08 15:30:00,187.97000122070312
2017-12-08 16:30:00,189.07139587402344
2017-12-08 17:30:00,188.8800048828125
2017-12-08 18:30:00,187.4499969482422
2017-12-08 19:30:00,188.24000549316406
2017-12-08 20:30:00,188.5500030517578
2017-12-11 14:30:00,187.6284942626953
2017-12-11 15:30:00,186.4499969482422
2017-12-11 16:30:00,187.8975067138672
2017-12-11 17:30:00,187.5
2017-12-11 18:30:00,186.6699981689453
2017-12-11 19:30:00,186.2550048828125
2017-12-11 20:30:00,186.22000122070312
2017-12-12 14:30:00,186.99000549316406
2017-12-12 15:30:00,186.9600067138672
2017-12-12 16:30:00,186.0500030517578
2017-12-12 17:30:00,186.17999267578125
2017-12-12 18:30:00,186.52999877929688
2017-12-12 19:30:00,185.99000549316406
2017-12-12 20:30:00,185.75999450683594
2017-12-13 14:30:00,186.625
2017-12-13 15:30:00,188.125
2017-12-13 16:30:00,187.3000030517578
2017-12-13 17:30:00,187.38999938964844
2017-12-13 18:30:00,187.9499969482422
2017-12-13 19:30:00,188.05999755859375
2017-12-13 20:30:00,187.77999877929688
2017-12-14 14:30:00,191.85000610351562
2017-12-14 15:30:00,191.7899932861328
2017-12-14 16:30:00,191.8000030517578
2017-12-14 17:30:00,190.3300018310547
2017-12-14 18:30:00,189.0
2017-12-14 19:30:00,189.45799255371094
2017-12-14 20:30:00,189.6199951171875
2017-12-15 14:30:00,188.52499389648438
2017-12-15 15:30:00,189.94000244140625
2017-12-15 16:30:00,190.3000030517578
2017-12-15 17:30:00,190.35000610351562
2017-12-15 18:30:00,190.25
2017-12-15 19:30:00,190.1199951171875
2017-12-15 20:30:00,190.02000427246094
2017-12-18 14:30:00,191.02520751953125
2017-12-18 15:30:00,189.53399658203125
2017-12-18 16:30:00,189.14999389648438
2017-12-18 17:30:00,189.3800048828125
2017-12-18 18:30:00,190.01499938964844
2017-12-18 19:30:00,190.05999755859375
2017-12-18 20:30:00,190.41000366210938
2017-12-19 14:30:00,188.11000061035156
2017-12-19 15:30:00,187.3000030517578
2017-12-19 16:30:00,186.1999969482422
2017-12-19 17:30:00,186.11000061035156
2017-12-19 18:30:00,187.42999267578125
2017-12-19 19:30:00,187.1999969482422
2017-12-19 20:30:00,187.02000427246094
2017-12-20 14:30:00,186.78799438476562
2017-12-20 15:30:00,186.72000122070312
2017-12-20 16:30:00,187.86000061035156
2017-12-20 17:30:00,188.5500030517578
2017-12-20 18:30:00,188.05999755859375
2017-12-20 19:30:00,188.3699951171875
2017-12-20 20:30:00,188.91000366210938
2017-12-21 14:30:00,188.61000061035156
2017-12-21 15:30:00,189.1699981689453
2017-12-21 16:30:00,189.13999938964844
2017-12-21 17:30:00,189.19000244140625
2017-12-21 18:30:00,188.69000244140625
2017-12-21 19:30:00,188.8699951171875
2017-12-21 20:30:00,188.66000366210938
2017-12-22 14:30:00,189.47850036621094
2017-12-22 15:30:00,190.11000061035156
2017-12-22 16:30:00,189.72999572753906
2017-12-22 17:30:00,190.19000244140625
2017-12-22 18:30:00,190.50999450683594
2017-12-22 19:30:00,190.27000427246094
2017-12-22 20:30:00,189.92010498046875
2017-12-26 14:30:00,187.61000061035156
2017-12-26 15:30:00,186.92999267578125
2017-12-26 16:30:00,186.77000427246094
2017-12-26 17:30:00,187.11990356445312
2017-12-26 18:30:00,187.47000122070312
2017-12-26 19:30:00,186.80999755859375
2017-12-26 20:30:00,187.75999450683594
2017-12-27 14:30:00,186.8300018310547
2017-12-27 15:30:00,186.3699951171875
2017-12-27 16:30:00,186.11000061035156
2017-12-27 17:30:00,185.50999450683594
2017-12-27 18:30:00,185.5800018310547
2017-12-27 19:30:00,186.02000427246094
2017-12-27 20:30:00,186.22999572753906
2017-12-28 14:30:00,190.42999267578125
2017-12-28 15:30:00,192.22000122070312
2017-12-28 16:30:00,191.60000610351562
2017-12-28 17:30:00,192.05999755859375
2017-12-28 18:30:00,192.7655029296875
2017-12-28 19:30:00,193.4499969482422
2017-12-28 20:30:00,192.73660278320312
2017-12-29 14:30:00,192.87759399414062
2017-12-29 15:30:00,191.6199951171875
2017-12-29 16:30:00,192.47000122070312
2017-12-29 17:30:00,192.49000549316406
2017-12-29 18:30:00,192.4907989501953
2017-12-29 19:30:00,192.64999389648438
2017-12-29 20:30:00,192.05999755859375
2018-01-02 14:30:00,200.43499755859375
2018-01-02 15:30:00,200.22999572753906
2018-01-02 16:30:00,200.25
2018-01-02 17:30:00,201.44000244140625
2018-01-02 18:30:00,200.83999633789062
2018-01-02 19:30:00,201.11000061035156
2018-01-02 20:30:00,201.10000610351562
2018-01-03 14:30:00,202.52999877929688
2018-01-03 15:30:00,205.05999755859375
2018-01-03 16:30:00,205.10479736328125
2018-01-03 17:30:00,205.55999755859375
2018-01-03 18:30:00,205.11000061035156
2018-01-03 19:30:00,204.89019775390625
2018-01-03 20:30:00,205.0399932861328
2018-01-04 14:30:00,205.9499969482422
2018-01-04 15:30:00,205.0583953857422
2018-01-04 16:30:00,205.2698974609375
2018-01-04 17:30:00,204.27999877929688
2018-01-04 18:30:00,205.5500030517578
2018-01-04 19:30:00,206.32000732421875
2018-01-04 20:30:00,205.66000366210938
2018-01-05 14:30:00,206.97500610351562
2018-01-05 15:30:00,206.94000244140625
2018-01-05 16:30:00,208.3300018310547
2018-01-05 17:30:00,209.38999938964844
2018-01-05 18:30:00,209.49000549316406
2018-01-05 19:30:00,209.1199951171875
2018-01-05 20:30:00,209.80999755859375
2018-01-08 14:30:00,210.8000030517578
2018-01-08 15:30:00,211.83999633789062
2018-01-08 16:30:00,211.0
2018-01-08 17:30:00,211.42999267578125
2018-01-08 18:30:00,211.5399932861328
2018-01-08 19:30:00,211.91000366210938
2018-01-08 20:30:00,212.09500122070312
2018-01-09 14:30:00,210.0
2018-01-09 15:30:00,209.97999572753906
2018-01-09 16:30:00,211.53500366210938
2018-01-09 17:30:00,210.99000549316406
2018-01-09 18:30:00,210.2126007080078
2018-01-09 19:30:00,209.52999877929688
2018-01-09 20:30:00,209.2899932861328
2018-01-10 14:30:00,209.9040069580078
2018-01-10 15:30:00,211.00999450683594
2018-01-10 16:30:00,211.7899932861328
2018-01-10 17:30:00,212.6699981689453
2018-01-10 18:30:00,212.67999267578125
2018-01-10 19:30:00,212.5800018310547
2018-01-10 20:30:00,212.52000427246094
2018-01-11 14:30:00,216.75399780273438
2018-01-11 15:30:00,217.46060180664062
2018-01-11 16:30:00,217.08999633789062
2018-01-11 17:30:00,216.8800048828125
2018-01-11 18:30:00,216.9600067138672
2018-01-11 19:30:00,217.36000061035156
2018-01-11 20:30:00,217.24000549316406
2018-01-12 14:30:00,219.48699951171875
2018-01-12 15:30:00,220.27000427246094
2018-01-12 16:30:00,219.8800048828125
2018-01-12 17:30:00,220.51600646972656
2018-01-12 18:30:00,221.75
2018-01-12 19:30:00,221.41009521484375
2018-01-12 20:30:00,221.22999572753906
2018-01-16 14:30:00,223.7949981689453
2018-01-16 15:30:00,224.3699951171875
2018-01-16 16:30:00,224.6529998779297
2018-01-16 17:30:00,222.97999572753906
2018-01-16 18:30:00,218.85499572753906
2018-01-16 19:30:00,222.0
2018-01-16 20:30:00,221.52000427246094
2018-01-17 14:30:00,216.8549041748047
2018-01-17 15:30:00,218.17999267578125
2018-01-17 16:30:00,217.34030151367188
2018-01-17 17:30:00,220.3800048828125
2018-01-17 18:30:00,218.7100067138672
2018-01-17 19:30:00,217.80999755859375
2018-01-17 20:30:00,217.49000549316406
2018-01-18 14:30:00,217.80050659179688
2018-01-18 15:30:00,218.85000610351562
2018-01-18 16:30:00,219.89999389648438
2018-01-18 17:30:00,218.9499969482422
2018-01-18 18:30:00,218.72000122070312
2018-01-18 19:30:00,218.88999938964844
2018-01-18 20:30:00,220.3300018310547
2018-01-19 14:30:00,220.27000427246094
2018-01-19 15:30:00,219.6999969482422
2018-01-19 16:30:00,219.89999389648438
2018-01-19 17:30:00,219.9499969482422
2018-01-19 18:30:00,220.66900634765625
2018-01-19 19:30:00,220.5800018310547
2018-01-19 20:30:00,220.4600067138672
2018-01-22 14:30:00,225.8699951171875
2018-01-22 15:30:00,226.61000061035156
2018-01-22 16:30:00,225.9844970703125
2018-01-22 17:30:00,226.50999450683594
2018-01-22 18:30:00,225.18499755859375
2018-01-22 19:30:00,226.4600067138672
2018-01-22 20:30:00,227.5500030517578
2018-01-23 14:30:00,251.7895050048828
2018-01-23 15:30:00,251.89999389648438
2018-01-23 16:30:00,249.8300018310547
2018-01-23 17:30:00,248.9499969482422
2018-01-23 18:30:00,250.17999267578125
2018-01-23 19:30:00,251.6873016357422
2018-01-23 20:30:00,250.2899932861328
2018-01-24 14:30:00,258.6099853515625
2018-01-24 15:30:00,254.39500427246094
2018-01-24 16:30:00,254.32000732421875
2018-01-24 17:30:00,255.4949951171875
2018-01-24 18:30:00,259.71990966796875
2018-01-24 19:30:00,260.8999938964844
2018-01-24 20:30:00,261.3232116699219
2018-01-25 14:30:00,260.7359924316406
2018-01-25 15:30:00,269.8299865722656
2018-01-25 16:30:00,269.75
2018-01-25 17:30:00,270.20001220703125
2018-01-25 18:30:00,270.510009765625
2018-01-25 19:30:00,268.1700134277344
2018-01-25 20:30:00,269.69000244140625
2018-01-26 14:30:00,272.2200012207031
2018-01-26 15:30:00,271.5849914550781
2018-01-26 16:30:00,271.8900146484375
2018-01-26 17:30:00,272.489990234375
2018-01-26 18:30:00,272.6000061035156
2018-01-26 19:30:00,273.4750061035156
2018-01-26 20:30:00,274.54998779296875
2018-01-29 14:30:00,281.5928039550781
2018-01-29 15:30:00,282.34539794921875
2018-01-29 16:30:00,281.7099914550781
2018-01-29 17:30:00,286.489990234375
2018-01-29 18:30:00,283.2724914550781
2018-01-29 19:30:00,285.32000732421875
2018-01-29 20:30:00,284.56500244140625
2018-01-30 14:30:00,280.0
2018-01-30 15:30:00,280.8689880371094
2018-01-30 16:30:00,280.7200012207031
2018-01-30 17:30:00,278.849609375
2018-01-30 18:30:00,280.6549987792969
2018-01-30 19:30:00,279.36920166015625
2018-01-30 20:30:00,278.75
2018-01-31 14:30:00,276.7699890136719
2018-01-31 15:30:00,275.2749938964844
2018-01-31 16:30:00,276.1400146484375
2018-01-31 17:30:00,274.70001220703125
2018-01-31 18:30:00,272.78961181640625
2018-01-31 19:30:00,270.6600036621094
2018-01-31 20:30:00,270.4800109863281
2018-02-01 14:30:00,267.3999938964844
2018-02-01 15:30:00,269.4800109863281
2018-02-01 16:30:00,268.82501220703125
2018-02-01 17:30:00,269.33099365234375
2018-02-01 18:30:00,266.79998779296875
2018-02-01 19:30:00,265.939697265625
2018-02-01 20:30:00,265.07000732421875
2018-02-02 14:30:00,267.8529968261719
2018-02-02 15:30:00,267.4800109863281
2018-02-02 16:30:00,270.32000732421875
2018-02-02 17:30:00,268.2850036621094
2018-02-02 18:30:00,267.6400146484375
2018-02-02 19:30:00,268.29998779296875
2018-02-02 20:30:00,267.489990234375
2018-02-05 14:30:00,266.239990234375
2018-02-05 15:30:00,264.6199951171875
2018-02-05 16:30:00,264.2685852050781
2018-02-05 17:30:00,262.54998779296875
2018-02-05 18:30:00,262.0
2018-02-05 19:30:00,260.0299987792969
2018-02-05 20:30:00,254.52999877929688
2018-02-06 14:30:00,258.8299865722656
2018-02-06 15:30:00,255.88999938964844
2018-02-06 16:30:00,261.3699951171875
2018-02-06 17:30:00,261.8900146484375
2018-02-06 18:30:00,259.15899658203125
2018-02-06 19:30:00,264.8999938964844
2018-02-06 20:30:00,265.75
2018-02-07 14:30:00,267.6000061035156
2018-02-07 15:30:00,271.3800048828125
2018-02-07 16:30:00,268.9800109863281
2018-02-07 17:30:00,267.4700012207031
2018-02-07 18:30:00,267.4750061035156
2018-02-07 19:30:00,266.1499938964844
2018-02-07 20:30:00,264.6199951171875
2018-02-08 14:30:00,261.92999267578125
2018-02-08 15:30:00,258.20001220703125
2018-02-08 16:30:00,257.6099853515625
2018-02-08 17:30:00,257.0758972167969
2018-02-08 18:30:00,256.25
2018-02-08 19:30:00,252.6699981689453
2018-02-08 20:30:00,250.0500030517578
2018-02-09 14:30:00,247.86610412597656
2018-02-09 15:30:00,242.0
2018-02-09 16:30:00,238.60000610351562
2018-02-09 17:30:00,240.3699951171875
2018-02-09 18:30:00,245.63999938964844
2018-02-09 19:30:00,247.1699981689453
2018-02-09 20:30:00,249.27999877929688
2018-02-12 14:30:00,251.9199981689453
2018-02-12 15:30:00,255.11500549316406
2018-02-12 16:30:00,256.0
2018-02-12 17:30:00,254.41000366210938
2018-02-12 18:30:00,256.2300109863281
2018-02-12 19:30:00,258.2300109863281
2018-02-12 20:30:00,257.989990234375
2018-02-13 14:30:00,259.8299865722656
2018-02-13 15:30:00,258.6199951171875
2018-02-13 16:30:00,257.54998779296875
2018-02-13 17:30:00,259.8052062988281
2018-02-13 18:30:00,259.7950134277344
2018-02-13 19:30:00,259.25
2018-02-13 20:30:00,258.30999755859375
2018-02-14 14:30:00,267.82000732421875
2018-02-14 15:30:00,268.69500732421875
2018-02-14 16:30:00,268.3599853515625
2018-02-14 17:30:00,266.5965881347656
2018-02-14 18:30:00,268.06500244140625
2018-02-14 19:30:00,268.875
2018-02-14 20:30:00,267.0
2018-02-15 14:30:00,272.6600036621094
2018-02-15 15:30:00,273.4501037597656
2018-02-15 16:30:00,274.8949890136719
2018-02-15 17:30:00,276.5899963378906
2018-02-15 18:30:00,277.29058837890625
2018-02-15 19:30:00,278.1499938964844
2018-02-15 20:30:00,280.30999755859375
2018-02-16 14:30:00,277.67999267578125
2018-02-16 15:30:00,277.7799987792969
2018-02-16 16:30:00,277.7038879394531
2018-02-16 17:30:00,277.2427978515625
2018-02-16 18:30:00,277.5799865722656
2018-02-16 19:30:00,279.2799987792969
2018-02-16 20:30:00,278.5199890136719
2018-02-20 14:30:00,283.1600036621094
2018-02-20 15:30:00,285.6199951171875
2018-02-20 16:30:00,284.2099914550781
2018-02-20 17:30:00,283.3500061035156
2018-02-20 18:30:00,280.7835998535156
2018-02-20 19:30:00,277.6000061035156
2018-02-20 20:30:00,278.4999084472656
2018-02-21 14:30:00,283.79998779296875
2018-02-21 15:30:00,284.1600036621094
2018-02-21 16:30:00,283.6000061035156
2018-02-21 17:30:00,285.0899963378906
2018-02-21 18:30:00,285.3800048828125
2018-02-21 19:30:00,283.3055114746094
2018-02-21 20:30:00,281.0799865722656
2018-02-22 14:30:00,282.1549987792969
2018-02-22 15:30:00,281.1700134277344
2018-02-22 16:30:00,279.7799987792969
2018-02-22 17:30:00,276.3500061035156
2018-02-22 18:30:00,277.6300048828125
2018-02-22 19:30:00,277.07000732421875
2018-02-22 20:30:00,278.1099853515625
2018-02-23 14:30:00,278.8500061035156
2018-02-23 15:30:00,279.3999938964844
2018-02-23 16:30:00,281.0299987792969
2018-02-23 17:30:00,282.7900085449219
2018-02-23 18:30:00,283.7699890136719
2018-02-23 19:30:00,285.0899963378906
2018-02-23 20:30:00,285.8500061035156
2018-02-26 14:30:00,293.3599853515625
2018-02-26 15:30:00,294.9285888671875
2018-02-26 16:30:00,292.739990234375
2018-02-26 17:30:00,292.70001220703125
2018-02-26 18:30:00,293.2532958984375
2018-02-26 19:30:00,294.010009765625
2018-02-26 20:30:00,294.1600036621094
2018-02-27 14:30:00,297.0190124511719
2018-02-27 15:30:00,293.94000244140625
2018-02-27 16:30:00,292.2099914550781
2018-02-27 17:30:00,294.5899963378906
2018-02-27 18:30:00,293.2850036621094
2018-02-27 19:30:00,291.8800048828125
2018-02-27 20:30:00,290.5899963378906
2018-02-28 14:30:00,294.3786926269531
2018-02-28 15:30:00,292.75
2018-02-28 16:30:00,291.73748779296875
2018-02-28 17:30:00,294.5
2018-02-28 18:30:00,295.1081848144531
2018-02-28 19:30:00,292.2799987792969
2018-02-28 20:30:00,291.3999938964844
2018-03-01 14:30:00,292.57000732421875
2018-03-01 15:30:00,291.17999267578125
2018-03-01 16:30:00,293.20001220703125
2018-03-01 17:30:00,292.19000244140625
2018-03-01 18:30:00,286.26800537109375
2018-03-01 19:30:00,291.7099914550781
2018-03-01 20:30:00,290.30999755859375
2018-03-02 14:30:00,285.0199890136719
2018-03-02 15:30:00,289.25
2018-03-02 16:30:00,292.92181396484375
2018-03-02 17:30:00,291.43011474609375
2018-03-02 18:30:00,295.1499938964844
2018-03-02 19:30:00,297.4700012207031
2018-03-02 20:30:00,301.07000732421875
2018-03-05 14:30:00,302.4209899902344
2018-03-05 15:30:00,309.25
2018-03-05 16:30:00,310.0
2018-03-05 17:30:00,312.3500061035156
2018-03-05 18:30:00,313.0
2018-03-05 19:30:00,315.010009765625
2018-03-05 20:30:00,315.0
2018-03-06 14:30:00,324.80999755859375
2018-03-06 15:30:00,319.4798889160156
2018-03-06 16:30:00,322.6099853515625
2018-03-06 17:30:00,323.3016052246094
2018-03-06 18:30:00,323.6700134277344
2018-03-06 19:30:00,325.0799865722656
2018-03-06 20:30:00,325.2200012207031
2018-03-07 14:30:00,321.0
2018-03-07 15:30:00,319.71759033203125
2018-03-07 16:30:00,317.5400085449219
2018-03-07 17:30:00,317.9049987792969
2018-03-07 18:30:00,318.73419189453125
2018-03-07 19:30:00,321.9399108886719
2018-03-07 20:30:00,321.1499938964844
2018-03-08 14:30:00,316.2345886230469
2018-03-08 15:30:00,316.3999938964844
2018-03-08 16:30:00,318.2900085449219
2018-03-08 17:30:00,317.17999267578125
2018-03-08 18:30:00,317.5199890136719
2018-03-08 19:30:00,317.364990234375
2018-03-08 20:30:00,316.989990234375
2018-03-09 14:30:00,324.4599914550781
2018-03-09 15:30:00,326.0400085449219
2018-03-09 16:30:00,325.8999938964844
2018-03-09 17:30:00,328.3583984375
2018-03-09 18:30:00,328.8999938964844
2018-03-09 19:30:00,329.42999267578125
2018-03-09 20:30:00,331.42999267578125
2018-03-12 13:30:00,324.8500061035156
2018-03-12 14:30:00,321.4508972167969
2018-03-12 15:30:00,322.8800048828125
2018-03-12 16:30:00,321.07000732421875
2018-03-12 17:30:00,319.19000244140625
2018-03-12 18:30:00,320.9800109863281
2018-03-12 19:30:00,321.2900085449219
2018-03-13 13:30:00,322.4599914550781
2018-03-13 14:30:00,316.5989990234375
2018-03-13 15:30:00,315.3699951171875
2018-03-13 16:30:00,317.8699951171875
2018-03-13 17:30:00,315.44000244140625
2018-03-13 18:30:00,315.6700134277344
2018-03-13 19:30:00,315.70001220703125
2018-03-14 13:30:00,321.989990234375
2018-03-14 14:30:00,319.1499938964844
2018-03-14 15:30:00,320.7099914550781
2018-03-14 16:30:00,321.4783020019531
2018-03-14 17:30:00,323.68548583984375
2018-03-14 18:30:00,320.5899963378906
2018-03-14 19:30:00,321.54901123046875
2018-03-15 13:30:00,320.85211181640625
2018-03-15 14:30:00,321.6000061035156
2018-03-15 15:30:00,320.70001220703125
2018-03-15 16:30:00,320.0400085449219
2018-03-15 17:30:00,319.2900085449219
2018-03-15 18:30:00,320.67279052734375
2018-03-15 19:30:00,321.1300048828125
2018-03-16 13:30:00,321.29901123046875
2018-03-16 14:30:00,319.3609924316406
2018-03-16 15:30:00,320.1300048828125
2018-03-16 16:30:00,320.77899169921875
2018-03-16 17:30:00,320.3800048828125
2018-03-16 18:30:00,319.55999755859375
2018-03-16 19:30:00,318.45001220703125
2018-03-19 13:30:00,316.9700012207031
2018-03-19 14:30:00,314.447509765625
2018-03-19 15:30:00,312.4700012207031
2018-03-19 16:30:00,310.1199951171875
2018-03-19 17:30:00,310.3800048828125
2018-03-19 18:30:00,311.54998779296875
2018-03-19 19:30:00,313.4800109863281
2018-03-20 13:30:00,318.75
2018-03-20 14:30:00,318.29229736328125
2018-03-20 15:30:00,317.260009765625
2018-03-20 16:30:00,315.82000732421875
2018-03-20 17:30:00,317.635009765625
2018-03-20 18:30:00,317.5509948730469
2018-03-20 19:30:00,317.4800109863281
2018-03-21 13:30:00,318.4200134277344
2018-03-21 14:30:00,316.8800048828125
2018-03-21 15:30:00,317.7829895019531
2018-03-21 16:30:00,317.1300048828125
2018-03-21 17:30:00,317.6499938964844
2018-03-21 18:30:00,316.8399963378906
2018-03-21 19:30:00,316.42999267578125
2018-03-22 13:30:00,310.8999938964844
2018-03-22 14:30:00,308.05999755859375
2018-03-22 15:30:00,309.1400146484375
2018-03-22 16:30:00,310.1099853515625
2018-03-22 17:30:00,309.2200012207031
2018-03-22 18:30:00,307.9902038574219
2018-03-22 19:30:00,306.5799865722656
2018-03-23 13:30:00,307.5546875
2018-03-23 14:30:00,307.4700012207031
2018-03-23 15:30:00,306.2900085449219
2018-03-23 16:30:00,306.30999755859375
2018-03-23 17:30:00,305.1700134277344
2018-03-23 18:30:00,302.4700012207031
2018-03-23 19:30:00,300.92999267578125
2018-03-26 13:30:00,310.3572082519531
2018-03-26 14:30:00,304.79998779296875
2018-03-26 15:30:00,310.44140625
2018-03-26 16:30:00,311.4700012207031
2018-03-26 17:30:00,316.0451965332031
2018-03-26 18:30:00,317.67999267578125
2018-03-26 19:30:00,320.45001220703125
2018-03-27 13:30:00,317.3901062011719
2018-03-27 14:30:00,316.260009765625
2018-03-27 15:30:00,313.3599853515625
2018-03-27 16:30:00,313.0
2018-03-27 17:30:00,307.1239013671875
2018-03-27 18:30:00,301.9100036621094
2018-03-27 19:30:00,300.7099914550781
2018-03-28 13:30:00,289.5474853515625
2018-03-28 14:30:00,282.04998779296875
2018-03-28 15:30:00,287.3999938964844
2018-03-28 16:30:00,288.8999938964844
2018-03-28 17:30:00,288.21990966796875
2018-03-28 18:30:00,287.9649963378906
2018-03-28 19:30:00,285.42999267578125
2018-03-29 13:30:00,277.8500061035156
2018-03-29 14:30:00,285.7699890136719
2018-03-29 15:30:00,286.0
2018-03-29 16:30:00,285.3699951171875
2018-03-29 17:30:00,290.92999267578125
2018-03-29 18:30:00,292.67999267578125
2018-03-29 19:30:00,295.04998779296875
2018-04-02 13:30:00,284.00030517578125
2018-04-02 14:30:00,283.0799865722656
2018-04-02 15:30:00,282.6099853515625
2018-04-02 16:30:00,279.70001220703125
2018-04-02 17:30:00,277.5400085449219
2018-04-02 18:30:00,277.32000732421875
2018-04-02 19:30:00,280.2799987792969
2018-04-03 13:30:00,283.264892578125
2018-04-03 14:30:00,284.875
2018-04-03 15:30:00,280.1700134277344
2018-04-03 16:30:00,283.0589904785156
2018-04-03 17:30:00,280.8900146484375
2018-04-03 18:30:00,285.0
2018-04-03 19:30:00,283.739990234375
2018-04-04 13:30:00,278.82000732421875
2018-04-04 14:30:00,280.5799865722656
2018-04-04 15:30:00,286.3999938964844
2018-04-04 16:30:00,281.8599853515625
2018-04-04 17:30:00,285.98760986328125
2018-04-04 18:30:00,287.17999267578125
2018-04-04 19:30:00,288.9100036621094
2018-04-05 13:30:00,291.94970703125
2018-04-05 14:30:00,296.4200134277344
2018-04-05 15:30:00,295.0299987792969
2018-04-05 16:30:00,294.35101318359375
2018-04-05 17:30:00,294.2112121582031
2018-04-05 18:30:00,295.92999267578125
2018-04-05 19:30:00,293.9599914550781
2018-04-06 13:30:00,295.4548034667969
2018-04-06 14:30:00,292.8599853515625
2018-04-06 15:30:00,292.0
2018-04-06 16:30:00,295.3373107910156
2018-04-06 17:30:00,289.70001220703125
2018-04-06 18:30:00,287.7200012207031
2018-04-06 19:30:00,288.7799987792969
2018-04-09 13:30:00,297.989990234375
2018-04-09 14:30:00,296.44110107421875
2018-04-09 15:30:00,298.3500061035156
2018-04-09 16:30:00,297.2449951171875
2018-04-09 17:30:00,295.7132873535156
2018-04-09 18:30:00,292.2799072265625
2018-04-09 19:30:00,289.94000244140625
2018-04-10 13:30:00,294.510009765625
2018-04-10 14:30:00,295.0
2018-04-10 15:30:00,292.69000244140625
2018-04-10 16:30:00,293.8002014160156
2018-04-10 17:30:00,295.0
2018-04-10 18:30:00,297.82000732421875
2018-04-10 19:30:00,298.05999755859375
2018-04-11 13:30:00,309.44000244140625
2018-04-11 14:30:00,307.8247985839844
2018-04-11 15:30:00,309.1700134277344
2018-04-11 16:30:00,308.177001953125
2018-04-11 17:30:00,306.6437072753906
2018-04-11 18:30:00,303.18499755859375
2018-04-11 19:30:00,303.67999267578125
2018-04-12 13:30:00,308.6400146484375
2018-04-12 14:30:00,309.8999938964844
2018-04-12 15:30:00,309.92999267578125
2018-04-12 16:30:00,307.3599853515625
2018-04-12 17:30:00,308.5
2018-04-12 18:30:00,310.8999938964844
2018-04-12 19:30:00,309.19000244140625
2018-04-13 13:30:00,313.29998779296875
2018-04-13 14:30:00,312.9375
2018-04-13 15:30:00,313.54998779296875
2018-04-13 16:30:00,313.32000732421875
2018-04-13 17:30:00,312.44158935546875
2018-04-13 18:30:00,309.5299987792969
2018-04-13 19:30:00,311.6499938964844
2018-04-16 13:30:00,310.5799865722656
2018-04-16 14:30:00,306.4599914550781
2018-04-16 15:30:00,309.6000061035156
2018-04-16 16:30:00,307.32000732421875
2018-04-16 17:30:00,305.1600036621094
2018-04-16 18:30:00,307.05999755859375
2018-04-16 19:30:00,307.7200012207031
2018-04-17 13:30:00,327.75
2018-04-17 14:30:00,332.2699890136719
2018-04-17 15:30:00,337.2637023925781
2018-04-17 16:30:00,338.1499938964844
2018-04-17 17:30:00,337.164794921875
2018-04-17 18:30:00,334.82501220703125
2018-04-17 19:30:00,336.05999755859375
2018-04-18 13:30:00,335.0
2018-04-18 14:30:00,334.6300048828125
2018-04-18 15:30:00,333.0199890136719
2018-04-18 16:30:00,332.72979736328125
2018-04-18 17:30:00,334.8900146484375
2018-04-18 18:30:00,334.95001220703125
2018-04-18 19:30:00,334.5199890136719
2018-04-19 13:30:00,329.95001220703125
2018-04-19 14:30:00,330.5
2018-04-19 15:30:00,331.2900085449219
2018-04-19 16:30:00,331.0
2018-04-19 17:30:00,332.6332092285156
2018-04-19 18:30:00,333.260009765625
2018-04-19 19:30:00,332.57000732421875
2018-04-20 13:30:00,335.510009765625
2018-04-20 14:30:00,332.6600036621094
2018-04-20 15:30:00,331.364990234375
2018-04-20 16:30:00,330.2049865722656
2018-04-20 17:30:00,329.30999755859375
2018-04-20 18:30:00,326.67999267578125
2018-04-20 19:30:00,327.739990234375
2018-04-23 13:30:00,328.72039794921875
2018-04-23 14:30:00,330.1499938964844
2018-04-23 15:30:00,326.36248779296875
2018-04-23 16:30:00,322.3500061035156
2018-04-23 17:30:00,318.284912109375
2018-04-23 18:30:00,319.8800048828125
2018-04-23 19:30:00,318.6600036621094
2018-04-24 13:30:00,312.2550048828125
2018-04-24 14:30:00,309.1700134277344
2018-04-24 15:30:00,304.7799987792969
2018-04-24 16:30:00,305.42999267578125
2018-04-24 17:30:00,303.8922119140625
2018-04-24 18:30:00,305.8500061035156
2018-04-24 19:30:00,307.0199890136719
2018-04-25 13:30:00,297.3999938964844
2018-04-25 14:30:00,307.20001220703125
2018-04-25 15:30:00,304.239990234375
2018-04-25 16:30:00,303.5
2018-04-25 17:30:00,302.8500061035156
2018-04-25 18:30:00,306.1199951171875
2018-04-25 19:30:00,305.8399963378906
2018-04-26 13:30:00,314.4100036621094
2018-04-26 14:30:00,314.54998779296875
2018-04-26 15:30:00,314.8749084472656
2018-04-26 16:30:00,316.1600036621094
2018-04-26 17:30:00,313.45001220703125
2018-04-26 18:30:00,313.6000061035156
2018-04-26 19:30:00,314.0799865722656
2018-04-27 13:30:00,309.760009765625
2018-04-27 14:30:00,311.3399963378906
2018-04-27 15:30:00,310.7799987792969
2018-04-27 16:30:00,313.239990234375
2018-04-27 17:30:00,312.0299987792969
2018-04-27 18:30:00,310.8699951171875
2018-04-27 19:30:00,311.67010498046875
2018-04-30 13:30:00,316.8699951171875
2018-04-30 14:30:00,315.72100830078125
2018-04-30 15:30:00,313.1499938964844
2018-04-30 16:30:00,313.4800109863281
2018-04-30 17:30:00,312.9244079589844
2018-04-30 18:30:00,312.8399963378906
2018-04-30 19:30:00,312.4599914550781
2018-05-01 13:30:00,311.6014099121094
2018-05-01 14:30:00,309.8905029296875
2018-05-01 15:30:00,308.3599853515625
2018-05-01 16:30:00,307.63958740234375
2018-05-01 17:30:00,309.9100036621094
2018-05-01 18:30:00,310.30999755859375
2018-05-01 19:30:00,313.29998779296875
2018-05-02 13:30:00,315.6199951171875
2018-05-02 14:30:00,314.19989013671875
2018-05-02 15:30:00,313.8900146484375
2018-05-02 16:30:00,314.6400146484375
2018-05-02 17:30:00,315.8299865722656
2018-05-02 18:30:00,314.2900085449219
2018-05-02 19:30:00,313.3900146484375
2018-05-03 13:30:00,309.7900085449219
2018-05-03 14:30:00,306.7799987792969
2018-05-03 15:30:00,307.1059875488281
2018-05-03 16:30:00,310.3500061035156
2018-05-03 17:30:00,310.7200012207031
2018-05-03 18:30:00,311.6600036621094
2018-05-03 19:30:00,311.5799865722656
2018-05-04 13:30:00,314.0299987792969
2018-05-04 14:30:00,315.0425109863281
2018-05-04 15:30:00,317.55999755859375
2018-05-04 16:30:00,318.0899963378906
2018-05-04 17:30:00,320.239990234375
2018-05-04 18:30:00,320.15130615234375
2018-05-04 19:30:00,320.05999755859375
2018-05-07 13:30:00,325.2699890136719
2018-05-07 14:30:00,328.1231994628906
2018-05-07 15:30:00,328.7860107421875
2018-05-07 16:30:00,327.32708740234375
2018-05-07 17:30:00,328.0299987792969
2018-05-07 18:30:00,325.6199951171875
2018-05-07 19:30:00,326.1499938964844
2018-05-08 13:30:00,325.3565979003906
2018-05-08 14:30:00,326.4883117675781
2018-05-08 15:30:00,325.35479736328125
2018-05-08 16:30:00,324.7998962402344
2018-05-08 17:30:00,324.8399963378906
2018-05-08 18:30:00,325.5799865722656
2018-05-08 19:30:00,326.8800048828125
2018-05-09 13:30:00,329.8800048828125
2018-05-09 14:30:00,328.5
2018-05-09 15:30:00,329.8652038574219
2018-05-09 16:30:00,330.4599914550781
2018-05-09 17:30:00,330.5050048828125
2018-05-09 18:30:00,329.92999267578125
2018-05-09 19:30:00,330.2300109863281
2018-05-10 13:30:00,330.260009765625
2018-05-10 14:30:00,331.1499938964844
2018-05-10 15:30:00,329.0400085449219
2018-05-10 16:30:00,329.6099853515625
2018-05-10 17:30:00,329.01031494140625
2018-05-10 18:30:00,328.760009765625
2018-05-10 19:30:00,329.6099853515625
2018-05-11 13:30:00,327.1700134277344
2018-05-11 14:30:00,326.54998779296875
2018-05-11 15:30:00,326.3999938964844
2018-05-11 16:30:00,326.25
2018-05-11 17:30:00,325.1400146484375
2018-05-11 18:30:00,326.1499938964844
2018-05-11 19:30:00,326.4700012207031
2018-05-14 13:30:00,329.9377136230469
2018-05-14 14:30:00,329.53009033203125
2018-05-14 15:30:00,328.36279296875
2018-05-14 16:30:00,328.0846862792969
2018-05-14 17:30:00,328.3999938964844
2018-05-14 18:30:00,329.0199890136719
2018-05-14 19:30:00,328.54998779296875
2018-05-15 13:30:00,324.760009765625
2018-05-15 14:30:00,323.3500061035156
2018-05-15 15:30:00,324.810791015625
2018-05-15 16:30:00,326.5199890136719
2018-05-15 17:30:00,325.4849853515625
2018-05-15 18:30:00,324.6400146484375
2018-05-15 19:30:00,326.1199951171875
2018-05-16 13:30:00,327.8800048828125
2018-05-16 14:30:00,327.3699951171875
2018-05-16 15:30:00,329.1400146484375
2018-05-16 16:30:00,328.7850036621094
2018-05-16 17:30:00,328.80010986328125
2018-05-16 18:30:00,327.9599914550781
2018-05-16 19:30:00,328.2300109863281
2018-05-17 13:30:00,329.29278564453125
2018-05-17 14:30:00,329.29998779296875
2018-05-17 15:30:00,329.20001220703125
2018-05-17 16:30:00,326.6806945800781
2018-05-17 17:30:00,325.7900085449219
2018-05-17 18:30:00,325.0242919921875
2018-05-17 19:30:00,325.2099914550781
2018-05-18 13:30:00,324.239990234375
2018-05-18 14:30:00,324.69000244140625
2018-05-18 15:30:00,324.6499938964844
2018-05-18 16:30:00,324.73431396484375
2018-05-18 17:30:00,324.6600036621094
2018-05-18 18:30:00,324.69000244140625
2018-05-18 19:30:00,324.1700134277344
2018-05-21 13:30:00,329.5707092285156
2018-05-21 14:30:00,327.3900146484375
2018-05-21 15:30:00,329.04998779296875
2018-05-21 16:30:00,329.6899108886719
2018-05-21 17:30:00,329.3900146484375
2018-05-21 18:30:00,330.239990234375
2018-05-21 19:30:00,331.82000732421875
2018-05-22 13:30:00,332.5400085449219
2018-05-22 14:30:00,332.8999938964844
2018-05-22 15:30:00,332.981201171875
2018-05-22 16:30:00,332.7947998046875
2018-05-22 17:30:00,333.489990234375
2018-05-22 18:30:00,332.3399963378906
2018-05-22 19:30:00,331.6400146484375
2018-05-23 13:30:00,332.80999755859375
2018-05-23 14:30:00,334.08599853515625
2018-05-23 15:30:00,335.69000244140625
2018-05-23 16:30:00,338.07000732421875
2018-05-23 17:30:00,341.3479919433594
2018-05-23 18:30:00,344.0
2018-05-23 19:30:00,344.70001220703125
2018-05-24 13:30:00,347.0
2018-05-24 14:30:00,349.7099914550781
2018-05-24 15:30:00,350.6684875488281
2018-05-24 16:30:00,350.9796142578125
2018-05-24 17:30:00,353.2099914550781
2018-05-24 18:30:00,351.5481872558594
2018-05-24 19:30:00,349.29998779296875
2018-05-25 13:30:00,353.6000061035156
2018-05-25 14:30:00,352.55999755859375
2018-05-25 15:30:00,351.8299865722656
2018-05-25 16:30:00,352.760009765625
2018-05-25 17:30:00,351.5299987792969
2018-05-25 18:30:00,350.57000732421875
2018-05-25 19:30:00,351.30999755859375
2018-05-29 13:30:00,354.7698059082031
2018-05-29 14:30:00,355.44000244140625
2018-05-29 15:30:00,353.7900085449219
2018-05-29 16:30:00,354.2799987792969
2018-05-29 17:30:00,350.8999938964844
2018-05-29 18:30:00,347.989990234375
2018-05-29 19:30:00,349.70001220703125
2018-05-30 13:30:00,351.9599914550781
2018-05-30 14:30:00,351.95001220703125
2018-05-30 15:30:00,351.3800048828125
2018-05-30 16:30:00,351.8230895996094
2018-05-30 17:30:00,352.9486999511719
2018-05-30 18:30:00,353.44000244140625
2018-05-30 19:30:00,353.5299987792969
2018-05-31 13:30:00,351.3399963378906
2018-05-31 14:30:00,352.3999938964844
2018-05-31 15:30:00,352.6499938964844
2018-05-31 16:30:00,352.9800109863281
2018-05-31 17:30:00,351.8659973144531
2018-05-31 18:30:00,351.57000732421875
2018-05-31 19:30:00,351.6199951171875
2018-06-01 13:30:00,354.1099853515625
2018-06-01 14:30:00,356.0899963378906
2018-06-01 15:30:00,357.62750244140625
2018-06-01 16:30:00,358.45001220703125
2018-06-01 17:30:00,358.5899963378906
2018-06-01 18:30:00,358.9700012207031
2018-06-01 19:30:00,359.80999755859375
2018-06-04 13:30:00,356.5199890136719
2018-06-04 14:30:00,359.0889892578125
2018-06-04 15:30:00,360.69000244140625
2018-06-04 16:30:00,362.1600036621094
2018-06-04 17:30:00,361.25
2018-06-04 18:30:00,360.9800109863281
2018-06-04 19:30:00,361.95001220703125
2018-06-05 13:30:00,369.5
2018-06-05 14:30:00,368.489990234375
2018-06-05 15:30:00,365.3890075683594
2018-06-05 16:30:00,364.8900146484375
2018-06-05 17:30:00,367.0799865722656
2018-06-05 18:30:00,365.3999938964844
2018-06-05 19:30:00,365.7900085449219
2018-06-06 13:30:00,365.32958984375
2018-06-06 14:30:00,366.33331298828125
2018-06-06 15:30:00,364.8599853515625
2018-06-06 16:30:00,364.6499938964844
2018-06-06 17:30:00,365.0299987792969
2018-06-06 18:30:00,364.260009765625
2018-06-06 19:30:00,367.5
2018-06-07 13:30:00,361.1600036621094
2018-06-07 14:30:00,361.3598937988281
2018-06-07 15:30:00,362.15899658203125
2018-06-07 16:30:00,358.4049987792969
2018-06-07 17:30:00,359.4419860839844
2018-06-07 18:30:00,360.5899963378906
2018-06-07 19:30:00,361.4200134277344
2018-06-08 13:30:00,360.6400146484375
2018-06-08 14:30:00,362.09600830078125
2018-06-08 15:30:00,361.4800109863281
2018-06-08 16:30:00,361.1099853515625
2018-06-08 17:30:00,360.4800109863281
2018-06-08 18:30:00,360.0
2018-06-08 19:30:00,360.6099853515625
2018-06-11 13:30:00,363.69000244140625
2018-06-11 14:30:00,363.1300048828125
2018-06-11 15:30:00,363.2900085449219
2018-06-11 16:30:00,362.3789978027344
2018-06-11 17:30:00,361.92999267578125
2018-06-11 18:30:00,361.2699890136719
2018-06-11 19:30:00,361.44000244140625
2018-06-12 13:30:00,364.3699951171875
2018-06-12 14:30:00,365.45269775390625
2018-06-12 15:30:00,364.19000244140625
2018-06-12 16:30:00,364.4049987792969
2018-06-12 17:30:00,363.08319091796875
2018-06-12 18:30:00,363.1199951171875
2018-06-12 19:30:00,363.8299865722656
2018-06-13 13:30:00,372.3399963378906
2018-06-13 14:30:00,373.7300109863281
2018-06-13 15:30:00,383.30999755859375
2018-06-13 16:30:00,379.25
2018-06-13 17:30:00,377.60260009765625
2018-06-13 18:30:00,381.6000061035156
2018-06-13 19:30:00,379.75
2018-06-14 13:30:00,390.9378967285156
2018-06-14 14:30:00,387.5199890136719
2018-06-14 15:30:00,390.9200134277344
2018-06-14 16:30:00,392.5472106933594
2018-06-14 17:30:00,393.7099914550781
2018-06-14 18:30:00,393.260009765625
2018-06-14 19:30:00,392.7699890136719
2018-06-15 13:30:00,397.5057067871094
2018-06-15 14:30:00,393.864990234375
2018-06-15 15:30:00,393.85919189453125
2018-06-15 16:30:00,394.69000244140625
2018-06-15 17:30:00,394.5000915527344
2018-06-15 18:30:00,392.4800109863281
2018-06-15 19:30:00,391.80999755859375
2018-06-18 13:30:00,389.0299987792969
2018-06-18 14:30:00,392.41241455078125
2018-06-18 15:30:00,390.6000061035156
2018-06-18 16:30:00,391.125
2018-06-18 17:30:00,391.25
2018-06-18 18:30:00,391.3299865722656
2018-06-18 19:30:00,390.3299865722656
2018-06-19 13:30:00,391.45001220703125
2018-06-19 14:30:00,397.273193359375
2018-06-19 15:30:00,397.739990234375
2018-06-19 16:30:00,398.92999267578125
2018-06-19 17:30:00,401.8399963378906
2018-06-19 18:30:00,402.7699890136719
2018-06-19 19:30:00,404.989990234375
2018-06-20 13:30:00,412.5000915527344
2018-06-20 14:30:00,415.2300109863281
2018-06-20 15:30:00,416.79998779296875
2018-06-20 16:30:00,417.5
2018-06-20 17:30:00,418.0199890136719
2018-06-20 18:30:00,417.0199890136719
2018-06-20 19:30:00,416.82000732421875
2018-06-21 13:30:00,411.8747863769531
2018-06-21 14:30:00,415.6400146484375
2018-06-21 15:30:00,416.6409912109375
2018-06-21 16:30:00,417.2200012207031
2018-06-21 17:30:00,415.6300048828125
2018-06-21 18:30:00,415.5
2018-06-21 19:30:00,415.4700012207031
2018-06-22 13:30:00,412.5299987792969
2018-06-22 14:30:00,413.489990234375
2018-06-22 15:30:00,413.3399963378906
2018-06-22 16:30:00,413.58929443359375
2018-06-22 17:30:00,412.3500061035156
2018-06-22 18:30:00,410.70001220703125
2018-06-22 19:30:00,411.0799865722656
2018-06-25 13:30:00,390.1499938964844
2018-06-25 14:30:00,383.0299987792969
2018-06-25 15:30:00,384.3299865722656
2018-06-25 16:30:00,385.3550109863281
2018-06-25 17:30:00,385.20001220703125
2018-06-25 18:30:00,382.5967102050781
2018-06-25 19:30:00,384.4599914550781
2018-06-26 13:30:00,396.1600036621094
2018-06-26 14:30:00,395.9800109863281
2018-06-26 15:30:00,401.8385925292969
2018-06-26 16:30:00,404.0
2018-06-26 17:30:00,400.7296142578125
2018-06-26 18:30:00,399.2099914550781
2018-06-26 19:30:00,399.3599853515625
2018-06-27 13:30:00,408.3699951171875
2018-06-27 14:30:00,402.25421142578125
2018-06-27 15:30:00,403.4100036621094
2018-06-27 16:30:00,396.5199890136719
2018-06-27 17:30:00,396.32000732421875
2018-06-27 18:30:00,395.54791259765625
2018-06-27 19:30:00,390.3900146484375
2018-06-28 13:30:00,390.4200134277344
2018-06-28 14:30:00,393.5
2018-06-28 15:30:00,390.4100036621094
2018-06-28 16:30:00,391.3399963378906
2018-06-28 17:30:00,393.7900085449219
2018-06-28 18:30:00,394.70001220703125
2018-06-28 19:30:00,395.5198974609375
2018-06-29 13:30:00,394.3699951171875
2018-06-29 14:30:00,394.42999267578125
2018-06-29 15:30:00,391.9599914550781
2018-06-29 16:30:00,392.2550048828125
2018-06-29 17:30:00,394.19000244140625
2018-06-29 18:30:00,392.8299865722656
2018-06-29 19:30:00,391.32000732421875
2018-07-02 13:30:00,392.239990234375
2018-07-02 14:30:00,390.8500061035156
2018-07-02 15:30:00,391.17999267578125
2018-07-02 16:30:00,389.32501220703125
2018-07-02 17:30:00,395.1377868652344
2018-07-02 18:30:00,395.1300048828125
2018-07-02 19:30:00,398.2300109863281
2018-07-03 13:30:00,396.6400146484375
2018-07-03 14:30:00,395.6106872558594
2018-07-03 15:30:00,392.4125061035156
2018-07-03 17:00:00,390.8999938964844
2018-07-05 13:30:00,392.3550109863281
2018-07-05 14:30:00,394.95989990234375
2018-07-05 15:30:00,396.9599914550781
2018-07-05 16:30:00,397.7300109863281
2018-07-05 17:30:00,396.3612976074219
2018-07-05 18:30:00,397.5899963378906
2018-07-05 19:30:00,398.45001220703125
2018-07-06 13:30:00,404.7699890136719
2018-07-06 14:30:00,404.44061279296875
2018-07-06 15:30:00,406.1199951171875
2018-07-06 16:30:00,405.4599914550781
2018-07-06 17:30:00,406.8269958496094
2018-07-06 18:30:00,407.0542907714844
2018-07-06 19:30:00,408.3599853515625
2018-07-09 13:30:00,412.8500061035156
2018-07-09 14:30:00,415.4100036621094
2018-07-09 15:30:00,412.1300048828125
2018-07-09 16:30:00,414.1033935546875
2018-07-09 17:30:00,415.309814453125
2018-07-09 18:30:00,416.3599853515625
2018-07-09 19:30:00,419.0299072265625
2018-07-10 13:30:00,415.6499938964844
2018-07-10 14:30:00,417.73028564453125
2018-07-10 15:30:00,418.1809997558594
2018-07-10 16:30:00,416.8999938964844
2018-07-10 17:30:00,416.7976989746094
2018-07-10 18:30:00,415.33319091796875
2018-07-10 19:30:00,415.6199951171875
2018-07-11 13:30:00,418.3500061035156
2018-07-11 14:30:00,414.80999755859375
2018-07-11 15:30:00,417.0
2018-07-11 16:30:00,418.45001220703125
2018-07-11 17:30:00,417.7539978027344
2018-07-11 18:30:00,417.5
2018-07-11 19:30:00,418.55999755859375
2018-07-12 13:30:00,411.3539123535156
2018-07-12 14:30:00,410.0899963378906
2018-07-12 15:30:00,412.27899169921875
2018-07-12 16:30:00,411.4407958984375
2018-07-12 17:30:00,412.9200134277344
2018-07-12 18:30:00,412.36529541015625
2018-07-12 19:30:00,413.489990234375
2018-07-13 13:30:00,401.6199951171875
2018-07-13 14:30:00,401.17999267578125
2018-07-13 15:30:00,400.6000061035156
2018-07-13 16:30:00,399.0
2018-07-13 17:30:00,398.79998779296875
2018-07-13 18:30:00,397.94000244140625
2018-07-13 19:30:00,395.8699951171875
2018-07-16 13:30:00,395.0799865722656
2018-07-16 14:30:00,395.4201965332031
2018-07-16 15:30:00,397.8999938964844
2018-07-16 16:30:00,398.489990234375
2018-07-16 17:30:00,399.3799133300781
2018-07-16 18:30:00,399.0799865722656
2018-07-16 19:30:00,400.2799987792969
2018-07-17 13:30:00,361.989990234375
2018-07-17 14:30:00,368.6600036621094
2018-07-17 15:30:00,382.30499267578125
2018-07-17 16:30:00,381.5799865722656
2018-07-17 17:30:00,377.4200134277344
2018-07-17 18:30:00,380.010009765625
2018-07-17 19:30:00,379.489990234375
2018-07-18 13:30:00,373.8299865722656
2018-07-18 14:30:00,378.82000732421875
2018-07-18 15:30:00,378.6982116699219
2018-07-18 16:30:00,377.45001220703125
2018-07-18 17:30:00,376.7699890136719
2018-07-18 18:30:00,375.3500061035156
2018-07-18 19:30:00,375.1199951171875
2018-07-19 13:30:00,371.44000244140625
2018-07-19 14:30:00,370.3900146484375
2018-07-19 15:30:00,369.2672119140625
2018-07-19 16:30:00,366.49700927734375
2018-07-19 17:30:00,365.20001220703125
2018-07-19 18:30:00,364.32000732421875
2018-07-19 19:30:00,364.20001220703125
2018-07-20 13:30:00,368.6697998046875
2018-07-20 14:30:00,366.20721435546875
2018-07-20 15:30:00,363.1499938964844
2018-07-20 16:30:00,361.8168029785156
2018-07-20 17:30:00,364.48980712890625
2018-07-20 18:30:00,361.59478759765625
2018-07-20 19:30:00,361.04998779296875
2018-07-23 13:30:00,360.4700012207031
2018-07-23 14:30:00,360.010009765625
2018-07-23 15:30:00,359.08599853515625
2018-07-23 16:30:00,359.3399963378906
2018-07-23 17:30:00,361.2135925292969
2018-07-23 18:30:00,362.9952087402344
2018-07-23 19:30:00,362.6400146484375
2018-07-24 13:30:00,362.5400085449219
2018-07-24 14:30:00,357.9200134277344
2018-07-24 15:30:00,356.79998779296875
2018-07-24 16:30:00,355.7650146484375
2018-07-24 17:30:00,356.3163146972656
2018-07-24 18:30:00,357.8900146484375
2018-07-24 19:30:00,357.2900085449219
2018-07-25 13:30:00,356.5400085449219
2018-07-25 14:30:00,357.9800109863281
2018-07-25 15:30:00,359.760009765625
2018-07-25 16:30:00,360.70001220703125
2018-07-25 17:30:00,361.5050048828125
2018-07-25 18:30:00,360.5199890136719
2018-07-25 19:30:00,362.8500061035156
2018-07-26 13:30:00,361.3500061035156
2018-07-26 14:30:00,365.05999755859375
2018-07-26 15:30:00,362.5799865722656
2018-07-26 16:30:00,362.32000732421875
2018-07-26 17:30:00,363.6600036621094
2018-07-26 18:30:00,363.6300048828125
2018-07-26 19:30:00,363.20001220703125
2018-07-27 13:30:00,362.5409851074219
2018-07-27 14:30:00,360.0390930175781
2018-07-27 15:30:00,357.5
2018-07-27 16:30:00,354.7601013183594
2018-07-27 17:30:00,355.34161376953125
2018-07-27 18:30:00,355.0299987792969
2018-07-27 19:30:00,355.20001220703125
2018-07-30 13:30:00,341.1700134277344
2018-07-30 14:30:00,338.6899108886719
2018-07-30 15:30:00,338.5199890136719
2018-07-30 16:30:00,337.8299865722656
2018-07-30 17:30:00,337.3999938964844
2018-07-30 18:30:00,335.1099853515625
2018-07-30 19:30:00,334.9800109863281
2018-07-31 13:30:00,330.739990234375
2018-07-31 14:30:00,337.5036926269531
2018-07-31 15:30:00,341.17999267578125
2018-07-31 16:30:00,339.2820129394531
2018-07-31 17:30:00,340.7300109863281
2018-07-31 18:30:00,339.2279968261719
2018-07-31 19:30:00,337.3399963378906
2018-08-01 13:30:00,343.0
2018-08-01 14:30:00,340.11529541015625
2018-08-01 15:30:00,338.3699951171875
2018-08-01 16:30:00,338.3999938964844
2018-08-01 17:30:00,339.5299987792969
2018-08-01 18:30:00,339.3699951171875
2018-08-01 19:30:00,338.4100036621094
2018-08-02 13:30:00,339.0
2018-08-02 14:30:00,338.6958923339844
2018-08-02 15:30:00,342.14990234375
2018-08-02 16:30:00,343.7699890136719
2018-08-02 17:30:00,342.6000061035156
2018-08-02 18:30:00,344.07000732421875
2018-08-02 19:30:00,344.5
2018-08-03 13:30:00,344.822509765625
2018-08-03 14:30:00,341.760009765625
2018-08-03 15:30:00,340.68499755859375
2018-08-03 16:30:00,339.2449951171875
2018-08-03 17:30:00,342.17999267578125
2018-08-03 18:30:00,342.7099914550781
2018-08-03 19:30:00,343.0899963378906
2018-08-06 13:30:00,344.1650085449219
2018-08-06 14:30:00,345.55999755859375
2018-08-06 15:30:00,347.8299865722656
2018-08-06 16:30:00,349.3900146484375
2018-08-06 17:30:00,351.1600036621094
2018-08-06 18:30:00,349.9999084472656
2018-08-06 19:30:00,350.8900146484375
2018-08-07 13:30:00,354.1099853515625
2018-08-07 14:30:00,349.46051025390625
2018-08-07 15:30:00,351.3399963378906
2018-08-07 16:30:00,351.4554138183594
2018-08-07 17:30:00,352.7799987792969
2018-08-07 18:30:00,352.010009765625
2018-08-07 19:30:00,351.8299865722656
2018-08-08 13:30:00,349.8800048828125
2018-08-08 14:30:00,349.5400085449219
2018-08-08 15:30:00,346.94000244140625
2018-08-08 16:30:00,347.7699890136719
2018-08-08 17:30:00,348.9599914550781
2018-08-08 18:30:00,348.2847900390625
2018-08-08 19:30:00,347.6300048828125
2018-08-09 13:30:00,351.5150146484375
2018-08-09 14:30:00,351.1400146484375
2018-08-09 15:30:00,349.2460021972656
2018-08-09 16:30:00,349.7799987792969
2018-08-09 17:30:00,349.3299865722656
2018-08-09 18:30:00,349.5400085449219
2018-08-09 19:30:00,349.3699951171875
2018-08-10 13:30:00,347.17999267578125
2018-08-10 14:30:00,348.097900390625
2018-08-10 15:30:00,348.4018859863281
2018-08-10 16:30:00,347.1400146484375
2018-08-10 17:30:00,344.80999755859375
2018-08-10 18:30:00,345.9849853515625
2018-08-10 19:30:00,345.8800048828125
2018-08-13 13:30:00,345.760009765625
2018-08-13 14:30:00,342.7799987792969
2018-08-13 15:30:00,343.30999755859375
2018-08-13 16:30:00,343.54998779296875
2018-08-13 17:30:00,344.1000061035156
2018-08-13 18:30:00,341.9100036621094
2018-08-13 19:30:00,341.20001220703125
2018-08-14 13:30:00,337.82989501953125
2018-08-14 14:30:00,338.74798583984375
2018-08-14 15:30:00,339.69000244140625
2018-08-14 16:30:00,338.3399963378906
2018-08-14 17:30:00,337.9200134277344
2018-08-14 18:30:00,337.9287109375
2018-08-14 19:30:00,337.5
2018-08-15 13:30:00,321.531005859375
2018-08-15 14:30:00,324.0400085449219
2018-08-15 15:30:00,324.7001037597656
2018-08-15 16:30:00,325.3299865722656
2018-08-15 17:30:00,324.1300048828125
2018-08-15 18:30:00,326.29998779296875
2018-08-15 19:30:00,326.4599914550781
2018-08-16 13:30:00,328.8128967285156
2018-08-16 14:30:00,327.989990234375
2018-08-16 15:30:00,327.29998779296875
2018-08-16 16:30:00,327.0400085449219
2018-08-16 17:30:00,324.5299987792969
2018-08-16 18:30:00,323.95050048828125
2018-08-16 19:30:00,322.3800048828125
2018-08-17 13:30:00,315.4599914550781
2018-08-17 14:30:00,315.4700012207031
2018-08-17 15:30:00,317.30999755859375
2018-08-17 16:30:00,315.0
2018-08-17 17:30:00,316.70001220703125
2018-08-17 18:30:00,316.95001220703125
2018-08-17 19:30:00,316.6499938964844
2018-08-20 13:30:00,319.8999938964844
2018-08-20 14:30:00,325.29998779296875
2018-08-20 15:30:00,327.4302978515625
2018-08-20 16:30:00,328.6600036621094
2018-08-20 17:30:00,330.82110595703125
2018-08-20 18:30:00,327.6289978027344
2018-08-20 19:30:00,327.95001220703125
2018-08-21 13:30:00,338.55718994140625
2018-08-21 14:30:00,338.5174865722656
2018-08-21 15:30:00,341.0199890136719
2018-08-21 16:30:00,340.1802062988281
2018-08-21 17:30:00,340.4100036621094
2018-08-21 18:30:00,337.3299865722656
2018-08-21 19:30:00,338.0899963378906
2018-08-22 13:30:00,342.6700134277344
2018-08-22 14:30:00,343.5299987792969
2018-08-22 15:30:00,343.44500732421875
2018-08-22 16:30:00,344.11029052734375
2018-08-22 17:30:00,344.26239013671875
2018-08-22 18:30:00,344.6199951171875
2018-08-22 19:30:00,344.4800109863281
2018-08-23 13:30:00,346.8599853515625
2018-08-23 14:30:00,340.8599853515625
2018-08-23 15:30:00,341.8999938964844
2018-08-23 16:30:00,340.45001220703125
2018-08-23 17:30:00,339.6000061035156
2018-08-23 18:30:00,339.94610595703125
2018-08-23 19:30:00,339.1700134277344
2018-08-24 13:30:00,349.3656005859375
2018-08-24 14:30:00,351.1672058105469
2018-08-24 15:30:00,354.20001220703125
2018-08-24 16:30:00,355.4454040527344
2018-08-24 17:30:00,358.3900146484375
2018-08-24 18:30:00,357.94000244140625
2018-08-24 19:30:00,358.9100036621094
2018-08-27 13:30:00,371.19000244140625
2018-08-27 14:30:00,370.8536071777344
2018-08-27 15:30:00,368.010009765625
2018-08-27 16:30:00,368.1199951171875
2018-08-27 17:30:00,361.3399963378906
2018-08-27 18:30:00,363.4599914550781
2018-08-27 19:30:00,364.6000061035156
2018-08-28 13:30:00,362.9700012207031
2018-08-28 14:30:00,363.3900146484375
2018-08-28 15:30:00,363.30999755859375
2018-08-28 16:30:00,362.760009765625
2018-08-28 17:30:00,366.6138000488281
2018-08-28 18:30:00,368.44000244140625
2018-08-28 19:30:00,368.39581298828125
2018-08-29 13:30:00,365.739990234375
2018-08-29 14:30:00,366.17999267578125
2018-08-29 15:30:00,367.5
2018-08-29 16:30:00,367.8299865722656
2018-08-29 17:30:00,367.2200012207031
2018-08-29 18:30:00,368.1842956542969
2018-08-29 19:30:00,368.1400146484375
2018-08-30 13:30:00,369.5
2018-08-30 14:30:00,372.2200012207031
2018-08-30 15:30:00,373.25518798828125
2018-08-30 16:30:00,376.54681396484375
2018-08-30 17:30:00,371.1099853515625
2018-08-30 18:30:00,370.79998779296875
2018-08-30 19:30:00,371.0899963378906
2018-08-31 13:30:00,374.13690185546875
2018-08-31 14:30:00,373.989501953125
2018-08-31 15:30:00,372.30999755859375
2018-08-31 16:30:00,371.9595031738281
2018-08-31 17:30:00,370.1358947753906
2018-08-31 18:30:00,367.2300109863281
2018-08-31 19:30:00,367.79998779296875
2018-09-04 13:30:00,365.5400085449219
2018-09-04 14:30:00,366.3599853515625
2018-09-04 15:30:00,362.8689880371094
2018-09-04 16:30:00,363.635009765625
2018-09-04 17:30:00,364.3500061035156
2018-09-04 18:30:00,364.4892883300781
2018-09-04 19:30:00,363.5199890136719
2018-09-05 13:30:00,349.4797058105469
2018-09-05 14:30:00,345.6400146484375
2018-09-05 15:30:00,348.510009765625
2018-09-05 16:30:00,349.3450012207031
2018-09-05 17:30:00,346.4010009765625
2018-09-05 18:30:00,342.8374938964844
2018-09-05 19:30:00,341.010009765625
2018-09-06 13:30:00,349.5199890136719
2018-09-06 14:30:00,345.82501220703125
2018-09-06 15:30:00,344.760009765625
2018-09-06 16:30:00,345.3999938964844
2018-09-06 17:30:00,347.3203125
2018-09-06 18:30:00,347.86810302734375
2018-09-06 19:30:00,346.4649963378906
2018-09-07 13:30:00,351.1311950683594
2018-09-07 14:30:00,353.8399963378906
2018-09-07 15:30:00,349.7799987792969
2018-09-07 16:30:00,351.1683044433594
2018-09-07 17:30:00,350.6000061035156
2018-09-07 18:30:00,349.7099914550781
2018-09-07 19:30:00,348.7200012207031
2018-09-10 13:30:00,347.07000732421875
2018-09-10 14:30:00,347.58319091796875
2018-09-10 15:30:00,345.260009765625
2018-09-10 16:30:00,346.06500244140625
2018-09-10 17:30:00,347.0299987792969
2018-09-10 18:30:00,348.25
2018-09-10 19:30:00,348.4100036621094
2018-09-11 13:30:00,352.0400085449219
2018-09-11 14:30:00,352.6499938964844
2018-09-11 15:30:00,354.010009765625
2018-09-11 16:30:00,353.6199951171875
2018-09-11 17:30:00,354.7410888671875
2018-09-11 18:30:00,354.0899963378906
2018-09-11 19:30:00,356.0
2018-09-12 13:30:00,359.010009765625
2018-09-12 14:30:00,363.6600036621094
2018-09-12 15:30:00,364.69000244140625
2018-09-12 16:30:00,365.25
2018-09-12 17:30:00,364.79998779296875
2018-09-12 18:30:00,366.8900146484375
2018-09-12 19:30:00,370.0
2018-09-13 13:30:00,368.1499938964844
2018-09-13 14:30:00,371.80999755859375
2018-09-13 15:30:00,371.4100036621094
2018-09-13 16:30:00,370.56329345703125
2018-09-13 17:30:00,369.79998779296875
2018-09-13 18:30:00,367.6700134277344
2018-09-13 19:30:00,368.1700134277344
2018-09-14 13:30:00,369.760009765625
2018-09-14 14:30:00,369.0455017089844
2018-09-14 15:30:00,365.3500061035156
2018-09-14 16:30:00,364.6199951171875
2018-09-14 17:30:00,364.8900146484375
2018-09-14 18:30:00,364.6700134277344
2018-09-14 19:30:00,364.5
2018-09-17 13:30:00,358.67999267578125
2018-09-17 14:30:00,355.79998779296875
2018-09-17 15:30:00,356.6600036621094
2018-09-17 16:30:00,355.5899963378906
2018-09-17 17:30:00,354.3500061035156
2018-09-17 18:30:00,351.8699951171875
2018-09-17 19:30:00,350.3800048828125
2018-09-18 13:30:00,359.83660888671875
2018-09-18 14:30:00,361.239990234375
2018-09-18 15:30:00,363.17401123046875
2018-09-18 16:30:00,360.5199890136719
2018-09-18 17:30:00,362.6199951171875
2018-09-18 18:30:00,362.67999267578125
2018-09-18 19:30:00,367.82000732421875
2018-09-19 13:30:00,362.7699890136719
2018-09-19 14:30:00,364.7200012207031
2018-09-19 15:30:00,364.2099914550781
2018-09-19 16:30:00,363.7843933105469
2018-09-19 17:30:00,367.4700012207031
2018-09-19 18:30:00,367.0282897949219
2018-09-19 19:30:00,366.8800048828125
2018-09-20 13:30:00,366.05999755859375
2018-09-20 14:30:00,363.81500244140625
2018-09-20 15:30:00,365.3583068847656
2018-09-20 16:30:00,364.8861083984375
2018-09-20 17:30:00,365.5
2018-09-20 18:30:00,365.82000732421875
2018-09-20 19:30:00,365.4100036621094
2018-09-21 13:30:00,367.94000244140625
2018-09-21 14:30:00,368.4700012207031
2018-09-21 15:30:00,367.0950012207031
2018-09-21 16:30:00,363.79071044921875
2018-09-21 17:30:00,364.3299865722656
2018-09-21 18:30:00,362.4200134277344
2018-09-21 19:30:00,361.05999755859375
2018-09-24 13:30:00,368.6380920410156
2018-09-24 14:30:00,371.8399963378906
2018-09-24 15:30:00,371.19000244140625
2018-09-24 16:30:00,371.7300109863281
2018-09-24 17:30:00,369.8800048828125
2018-09-24 18:30:00,368.75
2018-09-24 19:30:00,369.5899963378906
2018-09-25 13:30:00,366.0675964355469
2018-09-25 14:30:00,367.6643981933594
2018-09-25 15:30:00,367.87298583984375
2018-09-25 16:30:00,367.760009765625
2018-09-25 17:30:00,368.8500061035156
2018-09-25 18:30:00,369.7569885253906
2018-09-25 19:30:00,369.43499755859375
2018-09-26 13:30:00,375.7900085449219
2018-09-26 14:30:00,377.8500061035156
2018-09-26 15:30:00,379.0497131347656
2018-09-26 16:30:00,378.8999938964844
2018-09-26 17:30:00,381.1701965332031
2018-09-26 18:30:00,381.1499938964844
2018-09-26 19:30:00,378.0
2018-09-27 13:30:00,380.3699951171875
2018-09-27 14:30:00,378.78961181640625
2018-09-27 15:30:00,380.43499755859375
2018-09-27 16:30:00,381.9627990722656
2018-09-27 17:30:00,380.8599853515625
2018-09-27 18:30:00,380.3326110839844
2018-09-27 19:30:00,380.6600036621094
2018-09-28 13:30:00,378.0
2018-09-28 14:30:00,379.29998779296875
2018-09-28 15:30:00,378.8868103027344
2018-09-28 16:30:00,377.1700134277344
2018-09-28 17:30:00,375.4303894042969
2018-09-28 18:30:00,375.6000061035156
2018-09-28 19:30:00,374.3074035644531
2018-10-01 13:30:00,384.5
2018-10-01 14:30:00,385.4599914550781
2018-10-01 15:30:00,384.4700012207031
2018-10-01 16:30:00,383.3699951171875
2018-10-01 17:30:00,380.08819580078125
2018-10-01 18:30:00,380.0799865722656
2018-10-01 19:30:00,381.2149963378906
2018-10-02 13:30:00,384.4800109863281
2018-10-02 14:30:00,382.6099853515625
2018-10-02 15:30:00,380.20001220703125
2018-10-02 16:30:00,377.6199951171875
2018-10-02 17:30:00,378.2799987792969
2018-10-02 18:30:00,375.7900085449219
2018-10-02 19:30:00,377.19000244140625
2018-10-03 13:30:00,377.20001220703125
2018-10-03 14:30:00,377.04998779296875
2018-10-03 15:30:00,379.54998779296875
2018-10-03 16:30:00,379.7099914550781
2018-10-03 17:30:00,379.0400085449219
2018-10-03 18:30:00,377.6499938964844
2018-10-03 19:30:00,376.989990234375
2018-10-04 13:30:00,365.914794921875
2018-10-04 14:30:00,367.29010009765625
2018-10-04 15:30:00,362.0400085449219
2018-10-04 16:30:00,362.0013122558594
2018-10-04 17:30:00,361.44000244140625
2018-10-04 18:30:00,362.31500244140625
2018-10-04 19:30:00,363.5799865722656
2018-10-05 13:30:00,356.1101989746094
2018-10-05 14:30:00,346.57000732421875
2018-10-05 15:30:00,348.7799987792969
2018-10-05 16:30:00,345.2298889160156
2018-10-05 17:30:00,352.75
2018-10-05 18:30:00,351.5
2018-10-05 19:30:00,351.3399963378906
2018-10-08 13:30:00,349.7991943359375
2018-10-08 14:30:00,346.4700012207031
2018-10-08 15:30:00,343.0799865722656
2018-10-08 16:30:00,338.80999755859375
2018-10-08 17:30:00,346.9338073730469
2018-10-08 18:30:00,348.239990234375
2018-10-08 19:30:00,349.2200012207031
2018-10-09 13:30:00,357.1000061035156
2018-10-09 14:30:00,355.43670654296875
2018-10-09 15:30:00,353.7236022949219
2018-10-09 16:30:00,353.7950134277344
2018-10-09 17:30:00,356.30999755859375
2018-10-09 18:30:00,356.0
2018-10-09 19:30:00,355.80999755859375
2018-10-10 13:30:00,343.6199951171875
2018-10-10 14:30:00,332.81500244140625
2018-10-10 15:30:00,334.8999938964844
2018-10-10 16:30:00,337.0
2018-10-10 17:30:00,335.1700134277344
2018-10-10 18:30:00,332.8900146484375
2018-10-10 19:30:00,325.9700012207031
2018-10-11 13:30:00,330.75
2018-10-11 14:30:00,323.2575988769531
2018-10-11 15:30:00,326.20001220703125
2018-10-11 16:30:00,326.29669189453125
2018-10-11 17:30:00,323.010009765625
2018-10-11 18:30:00,322.912109375
2018-10-11 19:30:00,321.1000061035156
2018-10-12 13:30:00,336.4612121582031
2018-10-12 14:30:00,338.2099914550781
2018-10-12 15:30:00,333.4707946777344
2018-10-12 16:30:00,336.739990234375
2018-10-12 17:30:00,336.29998779296875
2018-10-12 18:30:00,338.3900146484375
2018-10-12 19:30:00,339.6099853515625
2018-10-15 13:30:00,328.5716857910156
2018-10-15 14:30:00,335.42999267578125
2018-10-15 15:30:00,333.6134948730469
2018-10-15 16:30:00,334.8384094238281
2018-10-15 17:30:00,335.1600036621094
2018-10-15 18:30:00,335.44000244140625
2018-10-15 19:30:00,333.05999755859375
2018-10-16 13:30:00,332.6099853515625
2018-10-16 14:30:00,336.96258544921875
2018-10-16 15:30:00,339.7156982421875
2018-10-16 16:30:00,339.8900146484375
2018-10-16 17:30:00,341.85150146484375
2018-10-16 18:30:00,343.6571960449219
2018-10-16 19:30:00,346.9200134277344
2018-10-17 13:30:00,366.0299987792969
2018-10-17 14:30:00,367.0799865722656
2018-10-17 15:30:00,359.9800109863281
2018-10-17 16:30:00,358.25
2018-10-17 17:30:00,357.2698974609375
2018-10-17 18:30:00,362.6499938964844
2018-10-17 19:30:00,364.7099914550781
2018-10-18 13:30:00,352.1400146484375
2018-10-18 14:30:00,349.7699890136719
2018-10-18 15:30:00,351.9190979003906
2018-10-18 16:30:00,349.2099914550781
2018-10-18 17:30:00,348.7300109863281
2018-10-18 18:30:00,348.0
2018-10-18 19:30:00,346.798095703125
2018-10-19 13:30:00,352.8299865722656
2018-10-19 14:30:00,349.6000061035156
2018-10-19 15:30:00,342.29998779296875
2018-10-19 16:30:00,341.92999267578125
2018-10-19 17:30:00,337.55999755859375
2018-10-19 18:30:00,334.94000244140625
2018-10-19 19:30:00,332.3999938964844
2018-10-22 13:30:00,323.4800109863281
2018-10-22 14:30:00,329.4798889160156
2018-10-22 15:30:00,330.1972961425781
2018-10-22 16:30:00,331.9119873046875
2018-10-22 17:30:00,327.04998779296875
2018-10-22 18:30:00,331.1600036621094
2018-10-22 19:30:00,329.5
2018-10-23 13:30:00,321.0
2018-10-23 14:30:00,324.3699951171875
2018-10-23 15:30:00,329.0799865722656
2018-10-23 16:30:00,328.95001220703125
2018-10-23 17:30:00,333.510009765625
2018-10-23 18:30:00,336.1000061035156
2018-10-23 19:30:00,333.1700134277344
2018-10-24 13:30:00,325.4100036621094
2018-10-24 14:30:00,318.7300109863281
2018-10-24 15:30:00,318.7687072753906
2018-10-24 16:30:00,313.17999267578125
2018-10-24 17:30:00,311.6400146484375
2018-10-24 18:30:00,304.1000061035156
2018-10-24 19:30:00,301.7950134277344
2018-10-25 13:30:00,310.2699890136719
2018-10-25 14:30:00,312.5555114746094
2018-10-25 15:30:00,310.3839111328125
2018-10-25 16:30:00,308.2099914550781
2018-10-25 17:30:00,315.7773132324219
2018-10-25 18:30:00,316.30999755859375
2018-10-25 19:30:00,312.8399963378906
2018-10-26 13:30:00,299.05010986328125
2018-10-26 14:30:00,300.260009765625
2018-10-26 15:30:00,304.67169189453125
2018-10-26 16:30:00,307.44000244140625
2018-10-26 17:30:00,302.68121337890625
2018-10-26 18:30:00,298.2200012207031
2018-10-26 19:30:00,299.8399963378906
2018-10-29 13:30:00,301.635986328125
2018-10-29 14:30:00,291.7900085449219
2018-10-29 15:30:00,282.82000732421875
2018-10-29 16:30:00,287.2799987792969
2018-10-29 17:30:00,286.2200012207031
2018-10-29 18:30:00,279.0450134277344
2018-10-29 19:30:00,285.2401123046875
2018-10-30 13:30:00,287.2799987792969
2018-10-30 14:30:00,285.9175109863281
2018-10-30 15:30:00,284.4800109863281
2018-10-30 16:30:00,277.7344970703125
2018-10-30 17:30:00,275.9100036621094
2018-10-30 18:30:00,283.0799865722656
2018-10-30 19:30:00,285.6700134277344
2018-10-31 13:30:00,309.2799987792969
2018-10-31 14:30:00,305.760009765625
2018-10-31 15:30:00,302.33209228515625
2018-10-31 16:30:00,304.96539306640625
2018-10-31 17:30:00,306.6300048828125
2018-10-31 18:30:00,305.0
2018-10-31 19:30:00,301.7900085449219
2018-11-01 13:30:00,300.8514099121094
2018-11-01 14:30:00,304.3500061035156
2018-11-01 15:30:00,309.535400390625
2018-11-01 16:30:00,316.3800048828125
2018-11-01 17:30:00,317.04998779296875
2018-11-01 18:30:00,317.0
2018-11-01 19:30:00,317.3301086425781
2018-11-02 13:30:00,314.5299987792969
2018-11-02 14:30:00,315.3586120605469
2018-11-02 15:30:00,317.14111328125
2018-11-02 16:30:00,314.3323059082031
2018-11-02 17:30:00,312.3252868652344
2018-11-02 18:30:00,309.7900085449219
2018-11-02 19:30:00,309.07000732421875
