Datetime,PAYX
2017-11-06 14:30:00,63.72999954223633
2017-11-06 15:30:00,63.88999938964844
2017-11-06 16:30:00,63.810001373291016
2017-11-06 17:30:00,63.834800720214844
2017-11-06 18:30:00,63.83000183105469
2017-11-06 19:30:00,64.0
2017-11-06 20:30:00,64.01000213623047
2017-11-07 14:30:00,64.04000091552734
2017-11-07 15:30:00,64.30000305175781
2017-11-07 16:30:00,64.19000244140625
2017-11-07 17:30:00,64.25499725341797
2017-11-07 18:30:00,64.19000244140625
2017-11-07 19:30:00,64.26619720458984
2017-11-07 20:30:00,64.27999877929688
2017-11-08 14:30:00,64.55999755859375
2017-11-08 15:30:00,64.37000274658203
2017-11-08 16:30:00,64.4000015258789
2017-11-08 17:30:00,64.5
2017-11-08 18:30:00,64.58000183105469
2017-11-08 19:30:00,64.41000366210938
2017-11-08 20:30:00,64.55999755859375
2017-11-09 14:30:00,64.52999877929688
2017-11-09 15:30:00,64.61000061035156
2017-11-09 16:30:00,64.51000213623047
2017-11-09 17:30:00,64.43000030517578
2017-11-09 18:30:00,64.62999725341797
2017-11-09 19:30:00,64.77249908447266
2017-11-09 20:30:00,64.77999877929688
2017-11-10 14:30:00,64.5
2017-11-10 15:30:00,64.58999633789062
2017-11-10 16:30:00,64.61499786376953
2017-11-10 17:30:00,64.5199966430664
2017-11-10 18:30:00,64.60990142822266
2017-11-10 19:30:00,64.61000061035156
2017-11-10 20:30:00,64.56999969482422
2017-11-13 14:30:00,64.44999694824219
2017-11-13 15:30:00,64.73999786376953
2017-11-13 16:30:00,65.05000305175781
2017-11-13 17:30:00,65.11000061035156
2017-11-13 18:30:00,65.08999633789062
2017-11-13 19:30:00,65.21499633789062
2017-11-13 20:30:00,65.11000061035156
2017-11-14 14:30:00,64.70999908447266
2017-11-14 15:30:00,64.93000030517578
2017-11-14 16:30:00,65.08000183105469
2017-11-14 17:30:00,65.2699966430664
2017-11-14 18:30:00,65.4800033569336
2017-11-14 19:30:00,65.29000091552734
2017-11-14 20:30:00,65.37000274658203
2017-11-15 14:30:00,64.87999725341797
2017-11-15 15:30:00,65.01000213623047
2017-11-15 16:30:00,64.97000122070312
2017-11-15 17:30:00,65.04000091552734
2017-11-15 18:30:00,65.05000305175781
2017-11-15 19:30:00,64.87999725341797
2017-11-15 20:30:00,64.56999969482422
2017-11-16 14:30:00,65.08999633789062
2017-11-16 15:30:00,65.12000274658203
2017-11-16 16:30:00,65.29000091552734
2017-11-16 17:30:00,65.81999969482422
2017-11-16 18:30:00,65.94000244140625
2017-11-16 19:30:00,65.76000213623047
2017-11-16 20:30:00,65.63999938964844
2017-11-17 14:30:00,65.02999877929688
2017-11-17 15:30:00,64.72019958496094
2017-11-17 16:30:00,64.83000183105469
2017-11-17 17:30:00,64.9000015258789
2017-11-17 18:30:00,64.89820098876953
2017-11-17 19:30:00,65.0
2017-11-17 20:30:00,64.91999816894531
2017-11-20 14:30:00,64.93229675292969
2017-11-20 15:30:00,64.94999694824219
2017-11-20 16:30:00,65.01000213623047
2017-11-20 17:30:00,65.19999694824219
2017-11-20 18:30:00,65.19499969482422
2017-11-20 19:30:00,65.2300033569336
2017-11-20 20:30:00,65.16999816894531
2017-11-21 14:30:00,65.27999877929688
2017-11-21 15:30:00,65.31060028076172
2017-11-21 16:30:00,65.30999755859375
2017-11-21 17:30:00,65.29340362548828
2017-11-21 18:30:00,65.26000213623047
2017-11-21 19:30:00,65.25
2017-11-21 20:30:00,65.0999984741211
2017-11-22 14:30:00,64.94000244140625
2017-11-22 15:30:00,64.7699966430664
2017-11-22 16:30:00,64.76930236816406
2017-11-22 17:30:00,64.7300033569336
2017-11-22 18:30:00,64.72000122070312
2017-11-22 19:30:00,64.76499938964844
2017-11-22 20:30:00,64.68000030517578
2017-11-24 14:30:00,64.45680236816406
2017-11-24 15:30:00,64.62999725341797
2017-11-24 16:30:00,64.72000122070312
2017-11-24 18:00:00,64.69000244140625
2017-11-27 14:30:00,64.3499984741211
2017-11-27 15:30:00,64.55999755859375
2017-11-27 16:30:00,64.73999786376953
2017-11-27 17:30:00,64.70999908447266
2017-11-27 18:30:00,64.58999633789062
2017-11-27 19:30:00,64.66000366210938
2017-11-27 20:30:00,64.66999816894531
2017-11-28 14:30:00,65.18000030517578
2017-11-28 15:30:00,65.2699966430664
2017-11-28 16:30:00,65.68000030517578
2017-11-28 17:30:00,65.68000030517578
2017-11-28 18:30:00,65.52999877929688
2017-11-28 19:30:00,65.73999786376953
2017-11-28 20:30:00,65.80000305175781
2017-11-29 14:30:00,66.57990264892578
2017-11-29 15:30:00,66.82499694824219
2017-11-29 16:30:00,66.61000061035156
2017-11-29 17:30:00,66.73999786376953
2017-11-29 18:30:00,66.55999755859375
2017-11-29 19:30:00,66.6500015258789
2017-11-29 20:30:00,66.56999969482422
2017-11-30 14:30:00,66.92990112304688
2017-11-30 15:30:00,67.30999755859375
2017-11-30 16:30:00,67.66000366210938
2017-11-30 17:30:00,67.55000305175781
2017-11-30 18:30:00,67.56999969482422
2017-11-30 19:30:00,67.41500091552734
2017-11-30 20:30:00,67.30999755859375
2017-12-01 14:30:00,67.0
2017-12-01 15:30:00,66.05999755859375
2017-12-01 16:30:00,66.48999786376953
2017-12-01 17:30:00,66.81999969482422
2017-12-01 18:30:00,66.9000015258789
2017-12-01 19:30:00,66.75
2017-12-01 20:30:00,66.86000061035156
2017-12-04 14:30:00,68.2300033569336
2017-12-04 15:30:00,67.93000030517578
2017-12-04 16:30:00,67.70999908447266
2017-12-04 17:30:00,67.83000183105469
2017-12-04 18:30:00,67.7699966430664
2017-12-04 19:30:00,67.7300033569336
2017-12-04 20:30:00,67.5999984741211
2017-12-05 14:30:00,68.06999969482422
2017-12-05 15:30:00,68.26499938964844
2017-12-05 16:30:00,68.37999725341797
2017-12-05 17:30:00,67.98500061035156
2017-12-05 18:30:00,67.9749984741211
2017-12-05 19:30:00,67.94999694824219
2017-12-05 20:30:00,67.94000244140625
2017-12-06 14:30:00,68.1500015258789
2017-12-06 15:30:00,68.00900268554688
2017-12-06 16:30:00,67.97000122070312
2017-12-06 17:30:00,68.05000305175781
2017-12-06 18:30:00,68.04000091552734
2017-12-06 19:30:00,68.54000091552734
2017-12-06 20:30:00,68.41000366210938
2017-12-07 14:30:00,68.37000274658203
2017-12-07 15:30:00,68.55000305175781
2017-12-07 16:30:00,68.31999969482422
2017-12-07 17:30:00,68.52999877929688
2017-12-07 18:30:00,68.58000183105469
2017-12-07 19:30:00,68.70999908447266
2017-12-07 20:30:00,68.54000091552734
2017-12-08 14:30:00,68.73999786376953
2017-12-08 15:30:00,68.73999786376953
2017-12-08 16:30:00,69.0199966430664
2017-12-08 17:30:00,69.01000213623047
2017-12-08 18:30:00,68.8499984741211
2017-12-08 19:30:00,68.91999816894531
2017-12-08 20:30:00,69.01000213623047
2017-12-11 14:30:00,68.93000030517578
2017-12-11 15:30:00,69.0999984741211
2017-12-11 16:30:00,69.09500122070312
2017-12-11 17:30:00,68.91999816894531
2017-12-11 18:30:00,68.94999694824219
2017-12-11 19:30:00,68.93000030517578
2017-12-11 20:30:00,69.01010131835938
2017-12-12 14:30:00,68.72000122070312
2017-12-12 15:30:00,68.87000274658203
2017-12-12 16:30:00,68.88999938964844
2017-12-12 17:30:00,68.93000030517578
2017-12-12 18:30:00,68.9749984741211
2017-12-12 19:30:00,68.87000274658203
2017-12-12 20:30:00,68.7300033569336
2017-12-13 14:30:00,68.7300033569336
2017-12-13 15:30:00,68.73999786376953
2017-12-13 16:30:00,68.6449966430664
2017-12-13 17:30:00,68.79000091552734
2017-12-13 18:30:00,69.01000213623047
2017-12-13 19:30:00,68.94000244140625
2017-12-13 20:30:00,68.80999755859375
2017-12-14 14:30:00,68.6875991821289
2017-12-14 15:30:00,68.55500030517578
2017-12-14 16:30:00,68.49009704589844
2017-12-14 17:30:00,68.50250244140625
2017-12-14 18:30:00,68.4000015258789
2017-12-14 19:30:00,68.51000213623047
2017-12-14 20:30:00,68.33999633789062
2017-12-15 14:30:00,69.1050033569336
2017-12-15 15:30:00,69.58000183105469
2017-12-15 16:30:00,69.77999877929688
2017-12-15 17:30:00,69.80999755859375
2017-12-15 18:30:00,70.02999877929688
2017-12-15 19:30:00,70.06999969482422
2017-12-15 20:30:00,69.7699966430664
2017-12-18 14:30:00,69.74500274658203
2017-12-18 15:30:00,69.9000015258789
2017-12-18 16:30:00,70.0999984741211
2017-12-18 17:30:00,70.08000183105469
2017-12-18 18:30:00,70.06999969482422
2017-12-18 19:30:00,70.0999984741211
2017-12-18 20:30:00,70.23999786376953
2017-12-19 14:30:00,69.70999908447266
2017-12-19 15:30:00,69.77999877929688
2017-12-19 16:30:00,69.66000366210938
2017-12-19 17:30:00,69.66500091552734
2017-12-19 18:30:00,69.68000030517578
2017-12-19 19:30:00,69.44000244140625
2017-12-19 20:30:00,69.26000213623047
2017-12-20 14:30:00,69.25
2017-12-20 15:30:00,69.19000244140625
2017-12-20 16:30:00,69.37999725341797
2017-12-20 17:30:00,69.36000061035156
2017-12-20 18:30:00,69.18000030517578
2017-12-20 19:30:00,69.16999816894531
2017-12-20 20:30:00,69.19999694824219
2017-12-21 14:30:00,67.54499816894531
2017-12-21 15:30:00,67.66000366210938
2017-12-21 16:30:00,67.7699966430664
2017-12-21 17:30:00,67.66000366210938
2017-12-21 18:30:00,67.97000122070312
2017-12-21 19:30:00,67.73999786376953
2017-12-21 20:30:00,68.66999816894531
2017-12-22 14:30:00,68.87999725341797
2017-12-22 15:30:00,68.6500015258789
2017-12-22 16:30:00,68.63999938964844
2017-12-22 17:30:00,68.5199966430664
2017-12-22 18:30:00,68.44000244140625
2017-12-22 19:30:00,68.19999694824219
2017-12-22 20:30:00,68.2699966430664
2017-12-26 14:30:00,68.69000244140625
2017-12-26 15:30:00,68.62999725341797
2017-12-26 16:30:00,68.75499725341797
2017-12-26 17:30:00,68.80000305175781
2017-12-26 18:30:00,68.69999694824219
2017-12-26 19:30:00,68.80000305175781
2017-12-26 20:30:00,68.8499984741211
2017-12-27 14:30:00,68.66999816894531
2017-12-27 15:30:00,68.8499984741211
2017-12-27 16:30:00,68.6500015258789
2017-12-27 17:30:00,68.66000366210938
2017-12-27 18:30:00,68.63999938964844
2017-12-27 19:30:00,68.44999694824219
2017-12-27 20:30:00,68.38999938964844
2017-12-28 14:30:00,68.12000274658203
2017-12-28 15:30:00,68.13999938964844
2017-12-28 16:30:00,68.01000213623047
2017-12-28 17:30:00,68.00700378417969
2017-12-28 18:30:00,68.08000183105469
2017-12-28 19:30:00,68.24500274658203
2017-12-28 20:30:00,68.33000183105469
2017-12-29 14:30:00,68.27330017089844
2017-12-29 15:30:00,68.2699966430664
2017-12-29 16:30:00,68.33000183105469
2017-12-29 17:30:00,68.23400115966797
2017-12-29 18:30:00,68.2699966430664
2017-12-29 19:30:00,68.3499984741211
2017-12-29 20:30:00,68.08499908447266
2018-01-02 14:30:00,68.12000274658203
2018-01-02 15:30:00,67.94000244140625
2018-01-02 16:30:00,67.28070068359375
2018-01-02 17:30:00,67.41999816894531
2018-01-02 18:30:00,67.33999633789062
2018-01-02 19:30:00,67.23999786376953
2018-01-02 20:30:00,67.29000091552734
2018-01-03 14:30:00,67.61479949951172
2018-01-03 15:30:00,68.13999938964844
2018-01-03 16:30:00,68.23999786376953
2018-01-03 17:30:00,68.29000091552734
2018-01-03 18:30:00,68.2654037475586
2018-01-03 19:30:00,68.0999984741211
2018-01-03 20:30:00,68.2699966430664
2018-01-04 14:30:00,68.94999694824219
2018-01-04 15:30:00,68.97000122070312
2018-01-04 16:30:00,68.95999908447266
2018-01-04 17:30:00,69.06900024414062
2018-01-04 18:30:00,68.91010284423828
2018-01-04 19:30:00,68.7699966430664
2018-01-04 20:30:00,68.91999816894531
2018-01-05 14:30:00,68.5199966430664
2018-01-05 15:30:00,68.65730285644531
2018-01-05 16:30:00,68.67780303955078
2018-01-05 17:30:00,68.51689910888672
2018-01-05 18:30:00,68.5291976928711
2018-01-05 19:30:00,68.56999969482422
2018-01-05 20:30:00,68.69999694824219
2018-01-08 14:30:00,68.26000213623047
2018-01-08 15:30:00,68.25749969482422
2018-01-08 16:30:00,68.2699966430664
2018-01-08 17:30:00,68.43000030517578
2018-01-08 18:30:00,68.33999633789062
2018-01-08 19:30:00,68.22000122070312
2018-01-08 20:30:00,68.26000213623047
2018-01-09 14:30:00,68.0199966430664
2018-01-09 15:30:00,68.41999816894531
2018-01-09 16:30:00,68.41999816894531
2018-01-09 17:30:00,68.44499969482422
2018-01-09 18:30:00,68.04199981689453
2018-01-09 19:30:00,67.9000015258789
2018-01-09 20:30:00,67.80999755859375
2018-01-10 14:30:00,67.5199966430664
2018-01-10 15:30:00,67.2509994506836
2018-01-10 16:30:00,67.44000244140625
2018-01-10 17:30:00,67.41999816894531
2018-01-10 18:30:00,67.4800033569336
2018-01-10 19:30:00,67.58000183105469
2018-01-10 20:30:00,67.54000091552734
2018-01-11 14:30:00,66.61000061035156
2018-01-11 15:30:00,66.55000305175781
2018-01-11 16:30:00,66.8499984741211
2018-01-11 17:30:00,66.86000061035156
2018-01-11 18:30:00,66.79000091552734
2018-01-11 19:30:00,66.70999908447266
2018-01-11 20:30:00,66.87000274658203
2018-01-12 14:30:00,67.61000061035156
2018-01-12 15:30:00,67.71499633789062
2018-01-12 16:30:00,67.52999877929688
2018-01-12 17:30:00,67.68000030517578
2018-01-12 18:30:00,67.56999969482422
2018-01-12 19:30:00,67.55000305175781
2018-01-12 20:30:00,67.62999725341797
2018-01-16 14:30:00,68.3499984741211
2018-01-16 15:30:00,68.22000122070312
2018-01-16 16:30:00,68.25
2018-01-16 17:30:00,68.31999969482422
2018-01-16 18:30:00,68.31999969482422
2018-01-16 19:30:00,68.31999969482422
2018-01-16 20:30:00,68.25
2018-01-17 14:30:00,68.98999786376953
2018-01-17 15:30:00,69.19000244140625
2018-01-17 16:30:00,69.4000015258789
2018-01-17 17:30:00,69.54000091552734
2018-01-17 18:30:00,69.37999725341797
2018-01-17 19:30:00,69.70999908447266
2018-01-17 20:30:00,69.62000274658203
2018-01-18 14:30:00,69.26000213623047
2018-01-18 15:30:00,68.91999816894531
2018-01-18 16:30:00,68.73999786376953
2018-01-18 17:30:00,68.68779754638672
2018-01-18 18:30:00,69.05500030517578
2018-01-18 19:30:00,68.91999816894531
2018-01-18 20:30:00,68.91999816894531
2018-01-19 14:30:00,69.20999908447266
2018-01-19 15:30:00,69.33499908447266
2018-01-19 16:30:00,69.63999938964844
2018-01-19 17:30:00,69.51000213623047
2018-01-19 18:30:00,69.66940307617188
2018-01-19 19:30:00,69.54010009765625
2018-01-19 20:30:00,69.48999786376953
2018-01-22 14:30:00,69.63999938964844
2018-01-22 15:30:00,69.31999969482422
2018-01-22 16:30:00,69.4000015258789
2018-01-22 17:30:00,69.41000366210938
2018-01-22 18:30:00,69.2699966430664
2018-01-22 19:30:00,69.5199966430664
2018-01-22 20:30:00,69.69000244140625
2018-01-23 14:30:00,69.6500015258789
2018-01-23 15:30:00,69.37999725341797
2018-01-23 16:30:00,69.13999938964844
2018-01-23 17:30:00,69.66000366210938
2018-01-23 18:30:00,70.5
2018-01-23 19:30:00,69.9800033569336
2018-01-23 20:30:00,69.98999786376953
2018-01-24 14:30:00,69.05999755859375
2018-01-24 15:30:00,68.62999725341797
2018-01-24 16:30:00,68.0999984741211
2018-01-24 17:30:00,68.22000122070312
2018-01-24 18:30:00,68.30999755859375
2018-01-24 19:30:00,68.2300033569336
2018-01-24 20:30:00,68.0199966430664
2018-01-25 14:30:00,67.66000366210938
2018-01-25 15:30:00,68.1500015258789
2018-01-25 16:30:00,68.55000305175781
2018-01-25 17:30:00,68.41000366210938
2018-01-25 18:30:00,68.55999755859375
2018-01-25 19:30:00,68.51000213623047
2018-01-25 20:30:00,68.63999938964844
2018-01-26 14:30:00,69.0199966430664
2018-01-26 15:30:00,69.08519744873047
2018-01-26 16:30:00,69.22000122070312
2018-01-26 17:30:00,69.51000213623047
2018-01-26 18:30:00,69.7300033569336
2018-01-26 19:30:00,69.83000183105469
2018-01-26 20:30:00,70.0
2018-01-29 14:30:00,69.26429748535156
2018-01-29 15:30:00,69.01000213623047
2018-01-29 16:30:00,69.20999908447266
2018-01-29 17:30:00,69.25599670410156
2018-01-29 18:30:00,69.26000213623047
2018-01-29 19:30:00,68.91999816894531
2018-01-29 20:30:00,68.83999633789062
2018-01-30 14:30:00,68.33999633789062
2018-01-30 15:30:00,68.7699966430664
2018-01-30 16:30:00,68.80999755859375
2018-01-30 17:30:00,68.83000183105469
2018-01-30 18:30:00,68.87999725341797
2018-01-30 19:30:00,68.8499984741211
2018-01-30 20:30:00,68.55999755859375
2018-01-31 14:30:00,68.58999633789062
2018-01-31 15:30:00,68.37000274658203
2018-01-31 16:30:00,68.33000183105469
2018-01-31 17:30:00,68.44999694824219
2018-01-31 18:30:00,68.0
2018-01-31 19:30:00,68.16999816894531
2018-01-31 20:30:00,68.27999877929688
2018-02-01 14:30:00,67.41999816894531
2018-02-01 15:30:00,67.04000091552734
2018-02-01 16:30:00,67.30000305175781
2018-02-01 17:30:00,67.42279815673828
2018-02-01 18:30:00,67.0999984741211
2018-02-01 19:30:00,66.93000030517578
2018-02-01 20:30:00,67.04000091552734
2018-02-02 14:30:00,67.2699966430664
2018-02-02 15:30:00,67.05999755859375
2018-02-02 16:30:00,67.41000366210938
2018-02-02 17:30:00,67.13999938964844
2018-02-02 18:30:00,66.83999633789062
2018-02-02 19:30:00,67.05000305175781
2018-02-02 20:30:00,66.5999984741211
2018-02-05 14:30:00,67.04000091552734
2018-02-05 15:30:00,67.16999816894531
2018-02-05 16:30:00,67.0999984741211
2018-02-05 17:30:00,66.72000122070312
2018-02-05 18:30:00,66.47000122070312
2018-02-05 19:30:00,65.76000213623047
2018-02-05 20:30:00,64.52999877929688
2018-02-06 14:30:00,63.349998474121094
2018-02-06 15:30:00,63.349998474121094
2018-02-06 16:30:00,63.650001525878906
2018-02-06 17:30:00,63.439998626708984
2018-02-06 18:30:00,62.7400016784668
2018-02-06 19:30:00,64.12999725341797
2018-02-06 20:30:00,64.23999786376953
2018-02-07 14:30:00,64.87000274658203
2018-02-07 15:30:00,65.61000061035156
2018-02-07 16:30:00,65.94000244140625
2018-02-07 17:30:00,65.43000030517578
2018-02-07 18:30:00,65.27999877929688
2018-02-07 19:30:00,65.45999908447266
2018-02-07 20:30:00,64.7300033569336
2018-02-08 14:30:00,63.44499969482422
2018-02-08 15:30:00,63.36000061035156
2018-02-08 16:30:00,63.0
2018-02-08 17:30:00,62.95000076293945
2018-02-08 18:30:00,63.15999984741211
2018-02-08 19:30:00,62.93000030517578
2018-02-08 20:30:00,61.84000015258789
2018-02-09 14:30:00,63.18000030517578
2018-02-09 15:30:00,63.349998474121094
2018-02-09 16:30:00,62.584999084472656
2018-02-09 17:30:00,62.29999923706055
2018-02-09 18:30:00,63.45000076293945
2018-02-09 19:30:00,63.52000045776367
2018-02-09 20:30:00,64.12000274658203
2018-02-12 14:30:00,64.43000030517578
2018-02-12 15:30:00,64.72000122070312
2018-02-12 16:30:00,64.94000244140625
2018-02-12 17:30:00,64.72000122070312
2018-02-12 18:30:00,64.89199829101562
2018-02-12 19:30:00,64.83000183105469
2018-02-12 20:30:00,64.70999908447266
2018-02-13 14:30:00,64.12000274658203
2018-02-13 15:30:00,64.16999816894531
2018-02-13 16:30:00,64.27999877929688
2018-02-13 17:30:00,64.51000213623047
2018-02-13 18:30:00,64.58999633789062
2018-02-13 19:30:00,64.7300033569336
2018-02-13 20:30:00,64.62999725341797
2018-02-14 14:30:00,64.55999755859375
2018-02-14 15:30:00,64.8499984741211
2018-02-14 16:30:00,64.86799621582031
2018-02-14 17:30:00,65.0999984741211
2018-02-14 18:30:00,65.09819793701172
2018-02-14 19:30:00,65.4000015258789
2018-02-14 20:30:00,65.36000061035156
2018-02-15 14:30:00,65.88999938964844
2018-02-15 15:30:00,65.41000366210938
2018-02-15 16:30:00,65.83999633789062
2018-02-15 17:30:00,66.13999938964844
2018-02-15 18:30:00,66.34950256347656
2018-02-15 19:30:00,66.16000366210938
2018-02-15 20:30:00,66.47000122070312
2018-02-16 14:30:00,67.11000061035156
2018-02-16 15:30:00,66.80000305175781
2018-02-16 16:30:00,67.01000213623047
2018-02-16 17:30:00,66.7699966430664
2018-02-16 18:30:00,66.66000366210938
2018-02-16 19:30:00,66.77999877929688
2018-02-16 20:30:00,66.80000305175781
2018-02-20 14:30:00,65.5
2018-02-20 15:30:00,66.11000061035156
2018-02-20 16:30:00,66.05000305175781
2018-02-20 17:30:00,65.7699966430664
2018-02-20 18:30:00,65.41999816894531
2018-02-20 19:30:00,65.43000030517578
2018-02-20 20:30:00,65.41000366210938
2018-02-21 14:30:00,65.75
2018-02-21 15:30:00,65.87000274658203
2018-02-21 16:30:00,65.7300033569336
2018-02-21 17:30:00,65.70999908447266
2018-02-21 18:30:00,66.11000061035156
2018-02-21 19:30:00,65.70999908447266
2018-02-21 20:30:00,65.08000183105469
2018-02-22 14:30:00,65.31999969482422
2018-02-22 15:30:00,65.55999755859375
2018-02-22 16:30:00,65.7300033569336
2018-02-22 17:30:00,65.3499984741211
2018-02-22 18:30:00,65.45999908447266
2018-02-22 19:30:00,65.13999938964844
2018-02-22 20:30:00,65.04000091552734
2018-02-23 14:30:00,65.44999694824219
2018-02-23 15:30:00,65.87999725341797
2018-02-23 16:30:00,65.7750015258789
2018-02-23 17:30:00,65.8550033569336
2018-02-23 18:30:00,65.83760070800781
2018-02-23 19:30:00,66.25
2018-02-23 20:30:00,66.47000122070312
2018-02-26 14:30:00,66.62000274658203
2018-02-26 15:30:00,66.62999725341797
2018-02-26 16:30:00,66.69000244140625
2018-02-26 17:30:00,66.7699966430664
2018-02-26 18:30:00,66.76000213623047
2018-02-26 19:30:00,66.69999694824219
2018-02-26 20:30:00,66.83000183105469
2018-02-27 14:30:00,67.70999908447266
2018-02-27 15:30:00,66.87999725341797
2018-02-27 16:30:00,66.5
2018-02-27 17:30:00,66.48999786376953
2018-02-27 18:30:00,66.33000183105469
2018-02-27 19:30:00,66.20999908447266
2018-02-27 20:30:00,65.91999816894531
2018-02-28 14:30:00,66.12000274658203
2018-02-28 15:30:00,65.7300033569336
2018-02-28 16:30:00,65.72010040283203
2018-02-28 17:30:00,66.18000030517578
2018-02-28 18:30:00,66.20999908447266
2018-02-28 19:30:00,65.75
2018-02-28 20:30:00,65.12999725341797
2018-03-01 14:30:00,64.9000015258789
2018-03-01 15:30:00,64.5199966430664
2018-03-01 16:30:00,64.33999633789062
2018-03-01 17:30:00,63.939998626708984
2018-03-01 18:30:00,63.38999938964844
2018-03-01 19:30:00,63.779998779296875
2018-03-01 20:30:00,63.540000915527344
2018-03-02 14:30:00,63.31999969482422
2018-03-02 15:30:00,63.58000183105469
2018-03-02 16:30:00,63.79999923706055
2018-03-02 17:30:00,63.36000061035156
2018-03-02 18:30:00,63.439998626708984
2018-03-02 19:30:00,63.51499938964844
2018-03-02 20:30:00,63.779998779296875
2018-03-05 14:30:00,63.76499938964844
2018-03-05 15:30:00,64.69999694824219
2018-03-05 16:30:00,65.0
2018-03-05 17:30:00,65.16000366210938
2018-03-05 18:30:00,64.75
2018-03-05 19:30:00,64.87999725341797
2018-03-05 20:30:00,65.05999755859375
2018-03-06 14:30:00,64.72000122070312
2018-03-06 15:30:00,64.5999984741211
2018-03-06 16:30:00,64.51000213623047
2018-03-06 17:30:00,64.83000183105469
2018-03-06 18:30:00,64.63999938964844
2018-03-06 19:30:00,64.83999633789062
2018-03-06 20:30:00,65.08999633789062
2018-03-07 14:30:00,64.96499633789062
2018-03-07 15:30:00,64.68000030517578
2018-03-07 16:30:00,64.56999969482422
2018-03-07 17:30:00,64.58000183105469
2018-03-07 18:30:00,64.63999938964844
2018-03-07 19:30:00,64.94000244140625
2018-03-07 20:30:00,64.81999969482422
2018-03-08 14:30:00,65.73999786376953
2018-03-08 15:30:00,65.62999725341797
2018-03-08 16:30:00,65.55000305175781
2018-03-08 17:30:00,65.26000213623047
2018-03-08 18:30:00,65.25
2018-03-08 19:30:00,65.41999816894531
2018-03-08 20:30:00,65.38999938964844
2018-03-09 14:30:00,65.80000305175781
2018-03-09 15:30:00,65.87000274658203
2018-03-09 16:30:00,65.97000122070312
2018-03-09 17:30:00,65.94000244140625
2018-03-09 18:30:00,66.1500015258789
2018-03-09 19:30:00,66.45999908447266
2018-03-09 20:30:00,66.54000091552734
2018-03-12 13:30:00,66.73999786376953
2018-03-12 14:30:00,66.5199966430664
2018-03-12 15:30:00,66.81999969482422
2018-03-12 16:30:00,66.7300033569336
2018-03-12 17:30:00,66.44000244140625
2018-03-12 18:30:00,66.52999877929688
2018-03-12 19:30:00,66.5199966430664
2018-03-13 13:30:00,67.16000366210938
2018-03-13 14:30:00,67.16000366210938
2018-03-13 15:30:00,66.94999694824219
2018-03-13 16:30:00,66.7699966430664
2018-03-13 17:30:00,66.4800033569336
2018-03-13 18:30:00,66.41500091552734
2018-03-13 19:30:00,66.72000122070312
2018-03-14 13:30:00,66.04940032958984
2018-03-14 14:30:00,66.08300018310547
2018-03-14 15:30:00,65.75
2018-03-14 16:30:00,65.7500991821289
2018-03-14 17:30:00,66.02999877929688
2018-03-14 18:30:00,65.70999908447266
2018-03-14 19:30:00,65.88999938964844
2018-03-15 13:30:00,66.62999725341797
2018-03-15 14:30:00,66.59049987792969
2018-03-15 15:30:00,66.30999755859375
2018-03-15 16:30:00,66.31999969482422
2018-03-15 17:30:00,66.30000305175781
2018-03-15 18:30:00,66.47000122070312
2018-03-15 19:30:00,66.4000015258789
2018-03-16 13:30:00,66.55999755859375
2018-03-16 14:30:00,66.45999908447266
2018-03-16 15:30:00,66.05400085449219
2018-03-16 16:30:00,66.2114028930664
2018-03-16 17:30:00,66.16999816894531
2018-03-16 18:30:00,66.2300033569336
2018-03-16 19:30:00,66.1500015258789
2018-03-19 13:30:00,65.91000366210938
2018-03-19 14:30:00,65.5999984741211
2018-03-19 15:30:00,65.30970001220703
2018-03-19 16:30:00,65.19000244140625
2018-03-19 17:30:00,65.05000305175781
2018-03-19 18:30:00,65.12999725341797
2018-03-19 19:30:00,65.33999633789062
2018-03-20 13:30:00,65.69840240478516
2018-03-20 14:30:00,65.61000061035156
2018-03-20 15:30:00,65.56999969482422
2018-03-20 16:30:00,65.41999816894531
2018-03-20 17:30:00,65.52999877929688
2018-03-20 18:30:00,65.69999694824219
2018-03-20 19:30:00,65.5
2018-03-21 13:30:00,65.37999725341797
2018-03-21 14:30:00,65.66500091552734
2018-03-21 15:30:00,65.55010223388672
2018-03-21 16:30:00,65.54000091552734
2018-03-21 17:30:00,65.63999938964844
2018-03-21 18:30:00,65.88999938964844
2018-03-21 19:30:00,65.55000305175781
2018-03-22 13:30:00,64.88999938964844
2018-03-22 14:30:00,64.31999969482422
2018-03-22 15:30:00,64.64739990234375
2018-03-22 16:30:00,64.5999984741211
2018-03-22 17:30:00,64.33999633789062
2018-03-22 18:30:00,64.2300033569336
2018-03-22 19:30:00,63.4900016784668
2018-03-23 13:30:00,62.93000030517578
2018-03-23 14:30:00,62.959999084472656
2018-03-23 15:30:00,62.494998931884766
2018-03-23 16:30:00,62.540000915527344
2018-03-23 17:30:00,62.36000061035156
2018-03-23 18:30:00,62.29999923706055
2018-03-23 19:30:00,61.72999954223633
2018-03-26 13:30:00,60.79999923706055
2018-03-26 14:30:00,60.97999954223633
2018-03-26 15:30:00,60.61000061035156
2018-03-26 16:30:00,61.189998626708984
2018-03-26 17:30:00,61.279998779296875
2018-03-26 18:30:00,61.630001068115234
2018-03-26 19:30:00,61.220001220703125
2018-03-27 13:30:00,60.849998474121094
2018-03-27 14:30:00,60.650001525878906
2018-03-27 15:30:00,60.83000183105469
2018-03-27 16:30:00,61.0
2018-03-27 17:30:00,60.77000045776367
2018-03-27 18:30:00,59.9900016784668
2018-03-27 19:30:00,59.86000061035156
2018-03-28 13:30:00,60.150001525878906
2018-03-28 14:30:00,60.22999954223633
2018-03-28 15:30:00,60.709999084472656
2018-03-28 16:30:00,60.560001373291016
2018-03-28 17:30:00,60.41999816894531
2018-03-28 18:30:00,60.58000183105469
2018-03-28 19:30:00,60.595001220703125
2018-03-29 13:30:00,61.20000076293945
2018-03-29 14:30:00,61.369998931884766
2018-03-29 15:30:00,61.630001068115234
2018-03-29 16:30:00,61.7599983215332
2018-03-29 17:30:00,61.849998474121094
2018-03-29 18:30:00,61.810001373291016
2018-03-29 19:30:00,61.56999969482422
2018-04-02 13:30:00,61.0099983215332
2018-04-02 14:30:00,60.68000030517578
2018-04-02 15:30:00,60.45000076293945
2018-04-02 16:30:00,60.19499969482422
2018-04-02 17:30:00,59.88999938964844
2018-04-02 18:30:00,59.9900016784668
2018-04-02 19:30:00,60.31999969482422
2018-04-03 13:30:00,60.380001068115234
2018-04-03 14:30:00,60.63999938964844
2018-04-03 15:30:00,60.44350051879883
2018-04-03 16:30:00,60.45000076293945
2018-04-03 17:30:00,60.27000045776367
2018-04-03 18:30:00,61.11000061035156
2018-04-03 19:30:00,61.040000915527344
2018-04-04 13:30:00,60.93000030517578
2018-04-04 14:30:00,61.040000915527344
2018-04-04 15:30:00,61.22999954223633
2018-04-04 16:30:00,61.13999938964844
2018-04-04 17:30:00,61.59000015258789
2018-04-04 18:30:00,61.83000183105469
2018-04-04 19:30:00,61.79999923706055
2018-04-05 13:30:00,62.12990188598633
2018-04-05 14:30:00,62.22999954223633
2018-04-05 15:30:00,61.95140075683594
2018-04-05 16:30:00,62.0099983215332
2018-04-05 17:30:00,62.08760070800781
2018-04-05 18:30:00,62.31999969482422
2018-04-05 19:30:00,62.15999984741211
2018-04-06 13:30:00,61.779998779296875
2018-04-06 14:30:00,61.290000915527344
2018-04-06 15:30:00,61.279998779296875
2018-04-06 16:30:00,61.43000030517578
2018-04-06 17:30:00,60.56999969482422
2018-04-06 18:30:00,60.5
2018-04-06 19:30:00,60.720001220703125
2018-04-09 13:30:00,61.470001220703125
2018-04-09 14:30:00,61.65999984741211
2018-04-09 15:30:00,61.83000183105469
2018-04-09 16:30:00,61.93000030517578
2018-04-09 17:30:00,61.72999954223633
2018-04-09 18:30:00,61.43000030517578
2018-04-09 19:30:00,60.959999084472656
2018-04-10 13:30:00,62.029998779296875
2018-04-10 14:30:00,62.27000045776367
2018-04-10 15:30:00,61.87670135498047
2018-04-10 16:30:00,62.02000045776367
2018-04-10 17:30:00,61.78010177612305
2018-04-10 18:30:00,62.04999923706055
2018-04-10 19:30:00,61.96500015258789
2018-04-11 13:30:00,61.380001068115234
2018-04-11 14:30:00,61.459999084472656
2018-04-11 15:30:00,61.83000183105469
2018-04-11 16:30:00,61.720001220703125
2018-04-11 17:30:00,61.810001373291016
2018-04-11 18:30:00,61.650001525878906
2018-04-11 19:30:00,61.68000030517578
2018-04-12 13:30:00,61.56999969482422
2018-04-12 14:30:00,61.779998779296875
2018-04-12 15:30:00,61.72999954223633
2018-04-12 16:30:00,61.47829818725586
2018-04-12 17:30:00,61.706298828125
2018-04-12 18:30:00,61.949798583984375
2018-04-12 19:30:00,61.650001525878906
2018-04-13 13:30:00,61.709999084472656
2018-04-13 14:30:00,61.810001373291016
2018-04-13 15:30:00,61.810001373291016
2018-04-13 16:30:00,61.79999923706055
2018-04-13 17:30:00,61.6349983215332
2018-04-13 18:30:00,61.349998474121094
2018-04-13 19:30:00,61.470001220703125
2018-04-16 13:30:00,61.93000030517578
2018-04-16 14:30:00,62.040000915527344
2018-04-16 15:30:00,62.130001068115234
2018-04-16 16:30:00,62.3765983581543
2018-04-16 17:30:00,62.27989959716797
2018-04-16 18:30:00,62.150001525878906
2018-04-16 19:30:00,62.22999954223633
2018-04-17 13:30:00,61.166900634765625
2018-04-17 14:30:00,60.939998626708984
2018-04-17 15:30:00,61.119998931884766
2018-04-17 16:30:00,61.18000030517578
2018-04-17 17:30:00,61.08000183105469
2018-04-17 18:30:00,61.2400016784668
2018-04-17 19:30:00,61.119998931884766
2018-04-18 13:30:00,61.2599983215332
2018-04-18 14:30:00,61.29999923706055
2018-04-18 15:30:00,61.2599983215332
2018-04-18 16:30:00,61.20000076293945
2018-04-18 17:30:00,61.130001068115234
2018-04-18 18:30:00,61.040000915527344
2018-04-18 19:30:00,61.0
2018-04-19 13:30:00,61.15999984741211
2018-04-19 14:30:00,60.91999816894531
2018-04-19 15:30:00,60.70000076293945
2018-04-19 16:30:00,60.849998474121094
2018-04-19 17:30:00,60.880001068115234
2018-04-19 18:30:00,60.900001525878906
2018-04-19 19:30:00,60.93000030517578
2018-04-20 13:30:00,60.849998474121094
2018-04-20 14:30:00,60.31999969482422
2018-04-20 15:30:00,60.470001220703125
2018-04-20 16:30:00,60.58000183105469
2018-04-20 17:30:00,60.599998474121094
2018-04-20 18:30:00,60.36000061035156
2018-04-20 19:30:00,60.349998474121094
2018-04-23 13:30:00,60.310001373291016
2018-04-23 14:30:00,60.279998779296875
2018-04-23 15:30:00,60.1968994140625
2018-04-23 16:30:00,60.060001373291016
2018-04-23 17:30:00,59.72999954223633
2018-04-23 18:30:00,59.7400016784668
2018-04-23 19:30:00,59.849998474121094
2018-04-24 13:30:00,60.5
2018-04-24 14:30:00,60.290000915527344
2018-04-24 15:30:00,59.97999954223633
2018-04-24 16:30:00,60.04999923706055
2018-04-24 17:30:00,59.810001373291016
2018-04-24 18:30:00,59.9900016784668
2018-04-24 19:30:00,59.959999084472656
2018-04-25 13:30:00,59.880001068115234
2018-04-25 14:30:00,59.7599983215332
2018-04-25 15:30:00,59.93000030517578
2018-04-25 16:30:00,60.0
2018-04-25 17:30:00,59.89500045776367
2018-04-25 18:30:00,59.959999084472656
2018-04-25 19:30:00,60.0
2018-04-26 13:30:00,60.75
2018-04-26 14:30:00,60.652099609375
2018-04-26 15:30:00,60.54499816894531
2018-04-26 16:30:00,60.560001373291016
2018-04-26 17:30:00,60.56999969482422
2018-04-26 18:30:00,60.775001525878906
2018-04-26 19:30:00,60.7599983215332
2018-04-27 13:30:00,61.55500030517578
2018-04-27 14:30:00,61.63999938964844
2018-04-27 15:30:00,61.779998779296875
2018-04-27 16:30:00,61.779998779296875
2018-04-27 17:30:00,61.81999969482422
2018-04-27 18:30:00,61.56999969482422
2018-04-27 19:30:00,61.59000015258789
2018-04-30 13:30:00,61.02000045776367
2018-04-30 14:30:00,61.29999923706055
2018-04-30 15:30:00,60.91749954223633
2018-04-30 16:30:00,60.81999969482422
2018-04-30 17:30:00,60.959999084472656
2018-04-30 18:30:00,60.779998779296875
2018-04-30 19:30:00,60.56999969482422
2018-05-01 13:30:00,60.91999816894531
2018-05-01 14:30:00,60.790000915527344
2018-05-01 15:30:00,60.849998474121094
2018-05-01 16:30:00,60.68000030517578
2018-05-01 17:30:00,61.13999938964844
2018-05-01 18:30:00,61.16619873046875
2018-05-01 19:30:00,61.209999084472656
2018-05-02 13:30:00,61.439998626708984
2018-05-02 14:30:00,61.18000030517578
2018-05-02 15:30:00,60.939998626708984
2018-05-02 16:30:00,61.0099983215332
2018-05-02 17:30:00,61.310001373291016
2018-05-02 18:30:00,61.060001373291016
2018-05-02 19:30:00,60.84000015258789
2018-05-03 13:30:00,60.83000183105469
2018-05-03 14:30:00,60.994998931884766
2018-05-03 15:30:00,61.08000183105469
2018-05-03 16:30:00,61.77000045776367
2018-05-03 17:30:00,61.81999969482422
2018-05-03 18:30:00,61.81999969482422
2018-05-03 19:30:00,61.66999816894531
2018-05-04 13:30:00,61.79999923706055
2018-05-04 14:30:00,62.47999954223633
2018-05-04 15:30:00,62.2400016784668
2018-05-04 16:30:00,62.3931999206543
2018-05-04 17:30:00,62.40999984741211
2018-05-04 18:30:00,62.5
2018-05-04 19:30:00,62.40999984741211
2018-05-07 13:30:00,62.279998779296875
2018-05-07 14:30:00,62.119998931884766
2018-05-07 15:30:00,62.4900016784668
2018-05-07 16:30:00,62.5
2018-05-07 17:30:00,62.75
2018-05-07 18:30:00,62.43000030517578
2018-05-07 19:30:00,62.560001373291016
2018-05-08 13:30:00,61.41999816894531
2018-05-08 14:30:00,61.779998779296875
2018-05-08 15:30:00,61.61000061035156
2018-05-08 16:30:00,61.619998931884766
2018-05-08 17:30:00,61.599998474121094
2018-05-08 18:30:00,61.599998474121094
2018-05-08 19:30:00,61.58000183105469
2018-05-09 13:30:00,61.810001373291016
2018-05-09 14:30:00,61.650001525878906
2018-05-09 15:30:00,61.880001068115234
2018-05-09 16:30:00,62.13999938964844
2018-05-09 17:30:00,62.290000915527344
2018-05-09 18:30:00,62.119998931884766
2018-05-09 19:30:00,62.220001220703125
2018-05-10 13:30:00,62.43830108642578
2018-05-10 14:30:00,62.70000076293945
2018-05-10 15:30:00,62.790000915527344
2018-05-10 16:30:00,63.084999084472656
2018-05-10 17:30:00,62.97999954223633
2018-05-10 18:30:00,62.94499969482422
2018-05-10 19:30:00,62.9900016784668
2018-05-11 13:30:00,63.29499816894531
2018-05-11 14:30:00,63.369998931884766
2018-05-11 15:30:00,63.20000076293945
2018-05-11 16:30:00,63.290000915527344
2018-05-11 17:30:00,63.29999923706055
2018-05-11 18:30:00,63.27000045776367
2018-05-11 19:30:00,63.349998474121094
2018-05-14 13:30:00,63.720001220703125
2018-05-14 14:30:00,63.560001373291016
2018-05-14 15:30:00,63.66999816894531
2018-05-14 16:30:00,63.3849983215332
2018-05-14 17:30:00,63.4900016784668
2018-05-14 18:30:00,63.5099983215332
2018-05-14 19:30:00,63.529998779296875
2018-05-15 13:30:00,63.290000915527344
2018-05-15 14:30:00,63.56999969482422
2018-05-15 15:30:00,63.689998626708984
2018-05-15 16:30:00,63.9900016784668
2018-05-15 17:30:00,63.91999816894531
2018-05-15 18:30:00,63.9900016784668
2018-05-15 19:30:00,64.2699966430664
2018-05-16 13:30:00,64.43000030517578
2018-05-16 14:30:00,64.69000244140625
2018-05-16 15:30:00,65.08000183105469
2018-05-16 16:30:00,65.12999725341797
2018-05-16 17:30:00,65.2699966430664
2018-05-16 18:30:00,65.22000122070312
2018-05-16 19:30:00,64.95999908447266
2018-05-17 13:30:00,64.63999938964844
2018-05-17 14:30:00,64.80000305175781
2018-05-17 15:30:00,64.77999877929688
2018-05-17 16:30:00,64.69999694824219
2018-05-17 17:30:00,64.41000366210938
2018-05-17 18:30:00,64.29499816894531
2018-05-17 19:30:00,64.41999816894531
2018-05-18 13:30:00,64.3499984741211
2018-05-18 14:30:00,64.91999816894531
2018-05-18 15:30:00,65.01000213623047
2018-05-18 16:30:00,65.0199966430664
2018-05-18 17:30:00,64.87000274658203
2018-05-18 18:30:00,64.83000183105469
2018-05-18 19:30:00,64.81999969482422
2018-05-21 13:30:00,65.0999984741211
2018-05-21 14:30:00,64.87000274658203
2018-05-21 15:30:00,65.11000061035156
2018-05-21 16:30:00,65.1500015258789
2018-05-21 17:30:00,65.13780212402344
2018-05-21 18:30:00,65.0999984741211
2018-05-21 19:30:00,65.11000061035156
2018-05-22 13:30:00,65.12999725341797
2018-05-22 14:30:00,65.16000366210938
2018-05-22 15:30:00,65.25
2018-05-22 16:30:00,65.37000274658203
2018-05-22 17:30:00,65.45999908447266
2018-05-22 18:30:00,65.61940002441406
2018-05-22 19:30:00,65.41999816894531
2018-05-23 13:30:00,64.94000244140625
2018-05-23 14:30:00,64.73999786376953
2018-05-23 15:30:00,64.66000366210938
2018-05-23 16:30:00,64.86000061035156
2018-05-23 17:30:00,65.16999816894531
2018-05-23 18:30:00,65.48999786376953
2018-05-23 19:30:00,65.56999969482422
2018-05-24 13:30:00,65.0999984741211
2018-05-24 14:30:00,65.29000091552734
2018-05-24 15:30:00,65.5199966430664
2018-05-24 16:30:00,65.62000274658203
2018-05-24 17:30:00,65.70999908447266
2018-05-24 18:30:00,65.68000030517578
2018-05-24 19:30:00,65.88999938964844
2018-05-25 13:30:00,66.20999908447266
2018-05-25 14:30:00,66.22000122070312
2018-05-25 15:30:00,65.95999908447266
2018-05-25 16:30:00,66.05000305175781
2018-05-25 17:30:00,65.95780181884766
2018-05-25 18:30:00,66.05999755859375
2018-05-25 19:30:00,65.9000015258789
2018-05-29 13:30:00,65.7300033569336
2018-05-29 14:30:00,65.93499755859375
2018-05-29 15:30:00,65.19999694824219
2018-05-29 16:30:00,65.37000274658203
2018-05-29 17:30:00,65.2699966430664
2018-05-29 18:30:00,65.2699966430664
2018-05-29 19:30:00,65.61000061035156
2018-05-30 13:30:00,65.98500061035156
2018-05-30 14:30:00,66.06999969482422
2018-05-30 15:30:00,66.0999984741211
2018-05-30 16:30:00,66.13999938964844
2018-05-30 17:30:00,66.0999984741211
2018-05-30 18:30:00,66.2750015258789
2018-05-30 19:30:00,65.95999908447266
2018-05-31 13:30:00,65.48500061035156
2018-05-31 14:30:00,65.80999755859375
2018-05-31 15:30:00,65.70999908447266
2018-05-31 16:30:00,65.62999725341797
2018-05-31 17:30:00,65.53500366210938
2018-05-31 18:30:00,65.58000183105469
2018-05-31 19:30:00,65.58000183105469
2018-06-01 13:30:00,66.41000366210938
2018-06-01 14:30:00,66.35970306396484
2018-06-01 15:30:00,66.2699966430664
2018-06-01 16:30:00,66.4531021118164
2018-06-01 17:30:00,66.38999938964844
2018-06-01 18:30:00,66.31999969482422
2018-06-01 19:30:00,66.48999786376953
2018-06-04 13:30:00,66.58999633789062
2018-06-04 14:30:00,66.5999984741211
2018-06-04 15:30:00,66.87999725341797
2018-06-04 16:30:00,67.0199966430664
2018-06-04 17:30:00,66.9800033569336
2018-06-04 18:30:00,66.93499755859375
2018-06-04 19:30:00,66.83000183105469
2018-06-05 13:30:00,66.94999694824219
2018-06-05 14:30:00,66.81999969482422
2018-06-05 15:30:00,67.06999969482422
2018-06-05 16:30:00,66.94499969482422
2018-06-05 17:30:00,67.12200164794922
2018-06-05 18:30:00,67.03500366210938
2018-06-05 19:30:00,67.0999984741211
2018-06-06 13:30:00,67.22000122070312
2018-06-06 14:30:00,67.62000274658203
2018-06-06 15:30:00,67.69000244140625
2018-06-06 16:30:00,67.73999786376953
2018-06-06 17:30:00,67.83000183105469
2018-06-06 18:30:00,67.97000122070312
2018-06-06 19:30:00,68.08999633789062
2018-06-07 13:30:00,67.69000244140625
2018-06-07 14:30:00,67.62000274658203
2018-06-07 15:30:00,67.5199966430664
2018-06-07 16:30:00,67.23999786376953
2018-06-07 17:30:00,67.31999969482422
2018-06-07 18:30:00,67.44999694824219
2018-06-07 19:30:00,67.62000274658203
2018-06-08 13:30:00,67.38999938964844
2018-06-08 14:30:00,67.23999786376953
2018-06-08 15:30:00,68.02999877929688
2018-06-08 16:30:00,68.06510162353516
2018-06-08 17:30:00,68.22000122070312
2018-06-08 18:30:00,68.04000091552734
2018-06-08 19:30:00,68.19000244140625
2018-06-11 13:30:00,68.11000061035156
2018-06-11 14:30:00,68.12999725341797
2018-06-11 15:30:00,68.16999816894531
2018-06-11 16:30:00,68.15499877929688
2018-06-11 17:30:00,68.06009674072266
2018-06-11 18:30:00,68.23999786376953
2018-06-11 19:30:00,68.1500015258789
2018-06-12 13:30:00,68.38999938964844
2018-06-12 14:30:00,69.0
2018-06-12 15:30:00,69.16000366210938
2018-06-12 16:30:00,69.33999633789062
2018-06-12 17:30:00,69.27999877929688
2018-06-12 18:30:00,69.33000183105469
2018-06-12 19:30:00,69.45999908447266
2018-06-13 13:30:00,69.36000061035156
2018-06-13 14:30:00,69.7750015258789
2018-06-13 15:30:00,69.41999816894531
2018-06-13 16:30:00,69.33999633789062
2018-06-13 17:30:00,68.94999694824219
2018-06-13 18:30:00,69.23999786376953
2018-06-13 19:30:00,69.51000213623047
2018-06-14 13:30:00,69.55999755859375
2018-06-14 14:30:00,69.4000015258789
2018-06-14 15:30:00,69.44000244140625
2018-06-14 16:30:00,69.41999816894531
2018-06-14 17:30:00,69.37000274658203
2018-06-14 18:30:00,69.33999633789062
2018-06-14 19:30:00,69.3499984741211
2018-06-15 13:30:00,68.93000030517578
2018-06-15 14:30:00,69.25
2018-06-15 15:30:00,69.62000274658203
2018-06-15 16:30:00,69.61000061035156
2018-06-15 17:30:00,69.5199966430664
2018-06-15 18:30:00,69.38500213623047
2018-06-15 19:30:00,69.77999877929688
2018-06-18 13:30:00,69.25499725341797
2018-06-18 14:30:00,69.36000061035156
2018-06-18 15:30:00,69.29000091552734
2018-06-18 16:30:00,69.33999633789062
2018-06-18 17:30:00,69.26000213623047
2018-06-18 18:30:00,69.43000030517578
2018-06-18 19:30:00,69.45999908447266
2018-06-19 13:30:00,69.05999755859375
2018-06-19 14:30:00,69.20999908447266
2018-06-19 15:30:00,69.30999755859375
2018-06-19 16:30:00,69.25
2018-06-19 17:30:00,69.36000061035156
2018-06-19 18:30:00,69.2699966430664
2018-06-19 19:30:00,69.44999694824219
2018-06-20 13:30:00,69.36000061035156
2018-06-20 14:30:00,69.87999725341797
2018-06-20 15:30:00,69.87000274658203
2018-06-20 16:30:00,69.91999816894531
2018-06-20 17:30:00,69.91999816894531
2018-06-20 18:30:00,69.97000122070312
2018-06-20 19:30:00,69.91999816894531
2018-06-21 13:30:00,69.82499694824219
2018-06-21 14:30:00,69.94000244140625
2018-06-21 15:30:00,70.05999755859375
2018-06-21 16:30:00,69.80999755859375
2018-06-21 17:30:00,69.77999877929688
2018-06-21 18:30:00,69.6500015258789
2018-06-21 19:30:00,69.72000122070312
2018-06-22 13:30:00,69.75
2018-06-22 14:30:00,69.80000305175781
2018-06-22 15:30:00,69.71499633789062
2018-06-22 16:30:00,69.93000030517578
2018-06-22 17:30:00,69.86000061035156
2018-06-22 18:30:00,70.29530334472656
2018-06-22 19:30:00,70.20999908447266
2018-06-25 13:30:00,69.62000274658203
2018-06-25 14:30:00,69.37000274658203
2018-06-25 15:30:00,69.25
2018-06-25 16:30:00,69.30000305175781
2018-06-25 17:30:00,69.58999633789062
2018-06-25 18:30:00,69.4800033569336
2018-06-25 19:30:00,69.66999816894531
2018-06-26 13:30:00,69.61000061035156
2018-06-26 14:30:00,69.21510314941406
2018-06-26 15:30:00,69.3499984741211
2018-06-26 16:30:00,69.26000213623047
2018-06-26 17:30:00,69.18000030517578
2018-06-26 18:30:00,69.05500030517578
2018-06-26 19:30:00,68.9800033569336
2018-06-27 13:30:00,67.91000366210938
2018-06-27 14:30:00,67.13999938964844
2018-06-27 15:30:00,67.61000061035156
2018-06-27 16:30:00,67.22000122070312
2018-06-27 17:30:00,67.20999908447266
2018-06-27 18:30:00,67.06999969482422
2018-06-27 19:30:00,66.86000061035156
2018-06-28 13:30:00,68.16000366210938
2018-06-28 14:30:00,68.20999908447266
2018-06-28 15:30:00,68.11000061035156
2018-06-28 16:30:00,67.78500366210938
2018-06-28 17:30:00,68.05000305175781
2018-06-28 18:30:00,67.77999877929688
2018-06-28 19:30:00,67.95999908447266
2018-06-29 13:30:00,68.5999984741211
2018-06-29 14:30:00,68.58000183105469
2018-06-29 15:30:00,68.9916000366211
2018-06-29 16:30:00,68.98999786376953
2018-06-29 17:30:00,68.79000091552734
2018-06-29 18:30:00,68.59500122070312
2018-06-29 19:30:00,68.3499984741211
2018-07-02 13:30:00,68.0250015258789
2018-07-02 14:30:00,67.86080169677734
2018-07-02 15:30:00,67.68000030517578
2018-07-02 16:30:00,67.3499984741211
2018-07-02 17:30:00,67.9000015258789
2018-07-02 18:30:00,67.7699966430664
2018-07-02 19:30:00,68.04000091552734
2018-07-03 13:30:00,68.41999816894531
2018-07-03 14:30:00,67.9800033569336
2018-07-03 15:30:00,67.72000122070312
2018-07-03 17:00:00,67.77999877929688
2018-07-05 13:30:00,68.1500015258789
2018-07-05 14:30:00,68.69000244140625
2018-07-05 15:30:00,68.7750015258789
2018-07-05 16:30:00,68.77999877929688
2018-07-05 17:30:00,68.91999816894531
2018-07-05 18:30:00,68.95999908447266
2018-07-05 19:30:00,69.06999969482422
2018-07-06 13:30:00,69.30999755859375
2018-07-06 14:30:00,69.50499725341797
2018-07-06 15:30:00,69.56999969482422
2018-07-06 16:30:00,69.6500015258789
2018-07-06 17:30:00,69.52999877929688
2018-07-06 18:30:00,69.58999633789062
2018-07-06 19:30:00,69.79000091552734
2018-07-09 13:30:00,69.70999908447266
2018-07-09 14:30:00,69.73999786376953
2018-07-09 15:30:00,69.88999938964844
2018-07-09 16:30:00,69.80999755859375
2018-07-09 17:30:00,69.94999694824219
2018-07-09 18:30:00,69.9800033569336
2018-07-09 19:30:00,69.95999908447266
2018-07-10 13:30:00,69.95999908447266
2018-07-10 14:30:00,69.63359832763672
2018-07-10 15:30:00,69.75
2018-07-10 16:30:00,69.625
2018-07-10 17:30:00,69.61000061035156
2018-07-10 18:30:00,69.69740295410156
2018-07-10 19:30:00,69.69000244140625
2018-07-11 13:30:00,69.72000122070312
2018-07-11 14:30:00,69.31999969482422
2018-07-11 15:30:00,69.16500091552734
2018-07-11 16:30:00,69.28820037841797
2018-07-11 17:30:00,69.30000305175781
2018-07-11 18:30:00,69.48999786376953
2018-07-11 19:30:00,69.54000091552734
2018-07-12 13:30:00,70.05999755859375
2018-07-12 14:30:00,70.06739807128906
2018-07-12 15:30:00,70.22000122070312
2018-07-12 16:30:00,70.27770233154297
2018-07-12 17:30:00,70.23999786376953
2018-07-12 18:30:00,70.19000244140625
2018-07-12 19:30:00,70.37000274658203
2018-07-13 13:30:00,70.30999755859375
2018-07-13 14:30:00,70.4800033569336
2018-07-13 15:30:00,70.44000244140625
2018-07-13 16:30:00,70.44999694824219
2018-07-13 17:30:00,70.51000213623047
2018-07-13 18:30:00,70.47000122070312
2018-07-13 19:30:00,70.54000091552734
2018-07-16 13:30:00,70.7699966430664
2018-07-16 14:30:00,70.65499877929688
2018-07-16 15:30:00,70.44499969482422
2018-07-16 16:30:00,70.2300033569336
2018-07-16 17:30:00,69.95999908447266
2018-07-16 18:30:00,69.94499969482422
2018-07-16 19:30:00,69.9800033569336
2018-07-17 13:30:00,70.29139709472656
2018-07-17 14:30:00,70.33999633789062
2018-07-17 15:30:00,70.33499908447266
2018-07-17 16:30:00,70.43299865722656
2018-07-17 17:30:00,70.28700256347656
2018-07-17 18:30:00,70.41999816894531
2018-07-17 19:30:00,70.45999908447266
2018-07-18 13:30:00,69.87000274658203
2018-07-18 14:30:00,69.78500366210938
2018-07-18 15:30:00,69.86000061035156
2018-07-18 16:30:00,69.63999938964844
2018-07-18 17:30:00,69.76499938964844
2018-07-18 18:30:00,69.81999969482422
2018-07-18 19:30:00,69.91000366210938
2018-07-19 13:30:00,70.18399810791016
2018-07-19 14:30:00,70.41999816894531
2018-07-19 15:30:00,70.51000213623047
2018-07-19 16:30:00,70.58999633789062
2018-07-19 17:30:00,70.55000305175781
2018-07-19 18:30:00,70.48999786376953
2018-07-19 19:30:00,70.4800033569336
2018-07-20 13:30:00,70.51000213623047
2018-07-20 14:30:00,70.87999725341797
2018-07-20 15:30:00,70.76000213623047
2018-07-20 16:30:00,70.66999816894531
2018-07-20 17:30:00,70.69499969482422
2018-07-20 18:30:00,70.58000183105469
2018-07-20 19:30:00,70.54000091552734
2018-07-23 13:30:00,70.7699966430664
2018-07-23 14:30:00,70.73999786376953
2018-07-23 15:30:00,70.87999725341797
2018-07-23 16:30:00,70.875
2018-07-23 17:30:00,70.82530212402344
2018-07-23 18:30:00,70.90499877929688
2018-07-23 19:30:00,70.8499984741211
2018-07-24 13:30:00,71.08999633789062
2018-07-24 14:30:00,71.18949890136719
2018-07-24 15:30:00,71.0999984741211
2018-07-24 16:30:00,71.0199966430664
2018-07-24 17:30:00,70.80999755859375
2018-07-24 18:30:00,71.00900268554688
2018-07-24 19:30:00,71.22000122070312
2018-07-25 13:30:00,71.4800033569336
2018-07-25 14:30:00,71.62999725341797
2018-07-25 15:30:00,71.66000366210938
2018-07-25 16:30:00,71.75
2018-07-25 17:30:00,71.52999877929688
2018-07-25 18:30:00,71.73999786376953
2018-07-25 19:30:00,72.0
2018-07-26 13:30:00,72.16999816894531
2018-07-26 14:30:00,71.81999969482422
2018-07-26 15:30:00,71.62999725341797
2018-07-26 16:30:00,71.5199966430664
2018-07-26 17:30:00,71.66999816894531
2018-07-26 18:30:00,71.66000366210938
2018-07-26 19:30:00,71.69000244140625
2018-07-27 13:30:00,71.19999694824219
2018-07-27 14:30:00,71.08000183105469
2018-07-27 15:30:00,71.08999633789062
2018-07-27 16:30:00,70.56999969482422
2018-07-27 17:30:00,70.52999877929688
2018-07-27 18:30:00,70.70999908447266
2018-07-27 19:30:00,70.93000030517578
2018-07-30 13:30:00,69.90609741210938
2018-07-30 14:30:00,69.61000061035156
2018-07-30 15:30:00,69.30999755859375
2018-07-30 16:30:00,69.30500030517578
2018-07-30 17:30:00,69.31999969482422
2018-07-30 18:30:00,69.31500244140625
2018-07-30 19:30:00,69.18000030517578
2018-07-31 13:30:00,68.60050201416016
2018-07-31 14:30:00,68.65339660644531
2018-07-31 15:30:00,69.06999969482422
2018-07-31 16:30:00,68.93000030517578
2018-07-31 17:30:00,68.94000244140625
2018-07-31 18:30:00,68.87999725341797
2018-07-31 19:30:00,69.02999877929688
2018-08-01 13:30:00,68.5
2018-08-01 14:30:00,68.38999938964844
2018-08-01 15:30:00,68.33000183105469
2018-08-01 16:30:00,68.44499969482422
2018-08-01 17:30:00,68.61000061035156
2018-08-01 18:30:00,68.54000091552734
2018-08-01 19:30:00,68.66999816894531
2018-08-02 13:30:00,68.66000366210938
2018-08-02 14:30:00,68.87740325927734
2018-08-02 15:30:00,69.20999908447266
2018-08-02 16:30:00,69.41000366210938
2018-08-02 17:30:00,69.30999755859375
2018-08-02 18:30:00,69.36000061035156
2018-08-02 19:30:00,69.30000305175781
2018-08-03 13:30:00,69.52580261230469
2018-08-03 14:30:00,69.38999938964844
2018-08-03 15:30:00,69.33499908447266
2018-08-03 16:30:00,69.52999877929688
2018-08-03 17:30:00,69.5199966430664
2018-08-03 18:30:00,69.6449966430664
2018-08-03 19:30:00,69.73999786376953
2018-08-06 13:30:00,70.11000061035156
2018-08-06 14:30:00,69.9000015258789
2018-08-06 15:30:00,70.0999984741211
2018-08-06 16:30:00,70.19000244140625
2018-08-06 17:30:00,70.13999938964844
2018-08-06 18:30:00,70.25499725341797
2018-08-06 19:30:00,70.4000015258789
2018-08-07 13:30:00,70.6500015258789
2018-08-07 14:30:00,70.8499984741211
2018-08-07 15:30:00,71.0999984741211
2018-08-07 16:30:00,71.0999984741211
2018-08-07 17:30:00,71.04000091552734
2018-08-07 18:30:00,70.94999694824219
2018-08-07 19:30:00,71.19000244140625
2018-08-08 13:30:00,71.08000183105469
2018-08-08 14:30:00,71.02999877929688
2018-08-08 15:30:00,71.11579895019531
2018-08-08 16:30:00,70.95999908447266
2018-08-08 17:30:00,71.08000183105469
2018-08-08 18:30:00,71.05999755859375
2018-08-08 19:30:00,71.0999984741211
2018-08-09 13:30:00,71.56999969482422
2018-08-09 14:30:00,71.4800033569336
2018-08-09 15:30:00,71.24500274658203
2018-08-09 16:30:00,71.43000030517578
2018-08-09 17:30:00,71.41000366210938
2018-08-09 18:30:00,71.33999633789062
2018-08-09 19:30:00,71.2699966430664
2018-08-10 13:30:00,71.30999755859375
2018-08-10 14:30:00,71.22000122070312
2018-08-10 15:30:00,71.1500015258789
2018-08-10 16:30:00,71.06999969482422
2018-08-10 17:30:00,70.88999938964844
2018-08-10 18:30:00,71.0999984741211
2018-08-10 19:30:00,71.0250015258789
2018-08-13 13:30:00,71.48999786376953
2018-08-13 14:30:00,71.33999633789062
2018-08-13 15:30:00,71.0999984741211
2018-08-13 16:30:00,71.1500015258789
2018-08-13 17:30:00,71.38500213623047
2018-08-13 18:30:00,71.2300033569336
2018-08-13 19:30:00,71.16000366210938
2018-08-14 13:30:00,70.4000015258789
2018-08-14 14:30:00,70.97000122070312
2018-08-14 15:30:00,71.12779998779297
2018-08-14 16:30:00,71.01100158691406
2018-08-14 17:30:00,71.06999969482422
2018-08-14 18:30:00,71.02999877929688
2018-08-14 19:30:00,70.91999816894531
2018-08-15 13:30:00,70.47000122070312
2018-08-15 14:30:00,70.5
2018-08-15 15:30:00,70.76000213623047
2018-08-15 16:30:00,70.88999938964844
2018-08-15 17:30:00,70.83470153808594
2018-08-15 18:30:00,71.08000183105469
2018-08-15 19:30:00,71.1500015258789
2018-08-16 13:30:00,71.52999877929688
2018-08-16 14:30:00,71.81500244140625
2018-08-16 15:30:00,71.86000061035156
2018-08-16 16:30:00,71.9000015258789
2018-08-16 17:30:00,71.8499984741211
2018-08-16 18:30:00,71.88999938964844
2018-08-16 19:30:00,71.8949966430664
2018-08-17 13:30:00,71.93000030517578
2018-08-17 14:30:00,72.05000305175781
2018-08-17 15:30:00,72.05999755859375
2018-08-17 16:30:00,72.13999938964844
2018-08-17 17:30:00,72.2699966430664
2018-08-17 18:30:00,72.19000244140625
2018-08-17 19:30:00,72.29000091552734
2018-08-20 13:30:00,72.05999755859375
2018-08-20 14:30:00,71.77490234375
2018-08-20 15:30:00,72.12000274658203
2018-08-20 16:30:00,72.2699966430664
2018-08-20 17:30:00,72.2509994506836
2018-08-20 18:30:00,72.26499938964844
2018-08-20 19:30:00,72.33000183105469
2018-08-21 13:30:00,72.74250030517578
2018-08-21 14:30:00,72.54000091552734
2018-08-21 15:30:00,72.80000305175781
2018-08-21 16:30:00,72.77999877929688
2018-08-21 17:30:00,72.5999984741211
2018-08-21 18:30:00,72.53500366210938
2018-08-21 19:30:00,72.5199966430664
2018-08-22 13:30:00,72.02999877929688
2018-08-22 14:30:00,72.48999786376953
2018-08-22 15:30:00,72.55000305175781
2018-08-22 16:30:00,72.55000305175781
2018-08-22 17:30:00,72.58999633789062
2018-08-22 18:30:00,72.5999984741211
2018-08-22 19:30:00,72.58000183105469
2018-08-23 13:30:00,72.6500015258789
2018-08-23 14:30:00,72.62999725341797
2018-08-23 15:30:00,72.87999725341797
2018-08-23 16:30:00,72.86000061035156
2018-08-23 17:30:00,72.87999725341797
2018-08-23 18:30:00,72.83000183105469
2018-08-23 19:30:00,72.73999786376953
2018-08-24 13:30:00,72.57099914550781
2018-08-24 14:30:00,72.91999816894531
2018-08-24 15:30:00,72.95999908447266
2018-08-24 16:30:00,72.88999938964844
2018-08-24 17:30:00,72.75250244140625
2018-08-24 18:30:00,72.9000015258789
2018-08-24 19:30:00,72.98999786376953
2018-08-27 13:30:00,72.86000061035156
2018-08-27 14:30:00,72.93000030517578
2018-08-27 15:30:00,72.86499786376953
2018-08-27 16:30:00,72.66600036621094
2018-08-27 17:30:00,72.5999984741211
2018-08-27 18:30:00,72.58000183105469
2018-08-27 19:30:00,72.62999725341797
2018-08-28 13:30:00,72.22000122070312
2018-08-28 14:30:00,72.27999877929688
2018-08-28 15:30:00,72.13999938964844
2018-08-28 16:30:00,72.30999755859375
2018-08-28 17:30:00,72.33999633789062
2018-08-28 18:30:00,72.39900207519531
2018-08-28 19:30:00,72.38999938964844
2018-08-29 13:30:00,72.48999786376953
2018-08-29 14:30:00,72.81500244140625
2018-08-29 15:30:00,72.81999969482422
2018-08-29 16:30:00,72.9000015258789
2018-08-29 17:30:00,72.88999938964844
2018-08-29 18:30:00,72.91999816894531
2018-08-29 19:30:00,72.9000015258789
2018-08-30 13:30:00,73.0199966430664
2018-08-30 14:30:00,72.77999877929688
2018-08-30 15:30:00,72.87000274658203
2018-08-30 16:30:00,72.97000122070312
2018-08-30 17:30:00,72.80500030517578
2018-08-30 18:30:00,72.75
2018-08-30 19:30:00,72.87000274658203
2018-08-31 13:30:00,72.9800033569336
2018-08-31 14:30:00,72.94000244140625
2018-08-31 15:30:00,72.83999633789062
2018-08-31 16:30:00,72.91000366210938
2018-08-31 17:30:00,72.93000030517578
2018-08-31 18:30:00,73.01499938964844
2018-08-31 19:30:00,73.23999786376953
2018-09-04 13:30:00,72.81999969482422
2018-09-04 14:30:00,72.86000061035156
2018-09-04 15:30:00,72.66999816894531
2018-09-04 16:30:00,72.86000061035156
2018-09-04 17:30:00,72.98999786376953
2018-09-04 18:30:00,73.13999938964844
2018-09-04 19:30:00,73.08000183105469
2018-09-05 13:30:00,72.93000030517578
2018-09-05 14:30:00,72.94999694824219
2018-09-05 15:30:00,73.4000015258789
2018-09-05 16:30:00,73.58999633789062
2018-09-05 17:30:00,73.80000305175781
2018-09-05 18:30:00,73.80000305175781
2018-09-05 19:30:00,73.83000183105469
2018-09-06 13:30:00,73.83000183105469
2018-09-06 14:30:00,74.19000244140625
2018-09-06 15:30:00,74.30000305175781
2018-09-06 16:30:00,74.37999725341797
2018-09-06 17:30:00,74.41000366210938
2018-09-06 18:30:00,74.69000244140625
2018-09-06 19:30:00,74.61000061035156
2018-09-07 13:30:00,74.27999877929688
2018-09-07 14:30:00,74.18000030517578
2018-09-07 15:30:00,74.0999984741211
2018-09-07 16:30:00,74.12000274658203
2018-09-07 17:30:00,74.22000122070312
2018-09-07 18:30:00,74.03500366210938
2018-09-07 19:30:00,74.05000305175781
2018-09-10 13:30:00,74.11000061035156
2018-09-10 14:30:00,74.08000183105469
2018-09-10 15:30:00,74.05999755859375
2018-09-10 16:30:00,74.26499938964844
2018-09-10 17:30:00,74.16999816894531
2018-09-10 18:30:00,74.22000122070312
2018-09-10 19:30:00,74.2300033569336
2018-09-11 13:30:00,74.13500213623047
2018-09-11 14:30:00,74.19999694824219
2018-09-11 15:30:00,74.47000122070312
2018-09-11 16:30:00,74.33999633789062
2018-09-11 17:30:00,74.37000274658203
2018-09-11 18:30:00,74.51000213623047
2018-09-11 19:30:00,74.55999755859375
2018-09-12 13:30:00,74.20999908447266
2018-09-12 14:30:00,74.33999633789062
2018-09-12 15:30:00,74.22000122070312
2018-09-12 16:30:00,74.18000030517578
2018-09-12 17:30:00,74.04000091552734
2018-09-12 18:30:00,74.0
2018-09-12 19:30:00,74.12000274658203
2018-09-13 13:30:00,74.55999755859375
2018-09-13 14:30:00,74.55999755859375
2018-09-13 15:30:00,74.56999969482422
2018-09-13 16:30:00,74.55999755859375
2018-09-13 17:30:00,74.55000305175781
2018-09-13 18:30:00,74.61000061035156
2018-09-13 19:30:00,74.62999725341797
2018-09-14 13:30:00,74.41000366210938
2018-09-14 14:30:00,74.47000122070312
2018-09-14 15:30:00,74.375
2018-09-14 16:30:00,74.38999938964844
2018-09-14 17:30:00,74.36260223388672
2018-09-14 18:30:00,74.36000061035156
2018-09-14 19:30:00,74.37999725341797
2018-09-17 13:30:00,74.38999938964844
2018-09-17 14:30:00,74.0999984741211
2018-09-17 15:30:00,74.18000030517578
2018-09-17 16:30:00,74.20999908447266
2018-09-17 17:30:00,74.33000183105469
2018-09-17 18:30:00,74.27999877929688
2018-09-17 19:30:00,74.2300033569336
2018-09-18 13:30:00,74.43000030517578
2018-09-18 14:30:00,74.41999816894531
2018-09-18 15:30:00,74.58999633789062
2018-09-18 16:30:00,74.63999938964844
2018-09-18 17:30:00,74.76499938964844
2018-09-18 18:30:00,74.67500305175781
2018-09-18 19:30:00,74.63999938964844
2018-09-19 13:30:00,73.83999633789062
2018-09-19 14:30:00,73.95500183105469
2018-09-19 15:30:00,73.94999694824219
2018-09-19 16:30:00,73.86000061035156
2018-09-19 17:30:00,73.98380279541016
2018-09-19 18:30:00,73.95999908447266
2018-09-19 19:30:00,73.98999786376953
2018-09-20 13:30:00,74.33000183105469
2018-09-20 14:30:00,74.44999694824219
2018-09-20 15:30:00,74.47000122070312
2018-09-20 16:30:00,74.56999969482422
2018-09-20 17:30:00,74.69999694824219
2018-09-20 18:30:00,74.73500061035156
2018-09-20 19:30:00,74.75
2018-09-21 13:30:00,75.33000183105469
2018-09-21 14:30:00,75.07099914550781
2018-09-21 15:30:00,75.13999938964844
2018-09-21 16:30:00,75.2300033569336
2018-09-21 17:30:00,75.20999908447266
2018-09-21 18:30:00,75.08000183105469
2018-09-21 19:30:00,75.25
2018-09-24 13:30:00,74.83000183105469
2018-09-24 14:30:00,74.87000274658203
2018-09-24 15:30:00,74.62999725341797
2018-09-24 16:30:00,74.46499633789062
2018-09-24 17:30:00,74.62999725341797
2018-09-24 18:30:00,74.73999786376953
2018-09-24 19:30:00,74.55000305175781
2018-09-25 13:30:00,75.0
2018-09-25 14:30:00,75.37999725341797
2018-09-25 15:30:00,75.26000213623047
2018-09-25 16:30:00,73.11000061035156
2018-09-25 17:30:00,73.68000030517578
2018-09-25 18:30:00,73.48999786376953
2018-09-25 19:30:00,73.7300033569336
2018-09-26 13:30:00,73.9000015258789
2018-09-26 14:30:00,74.0999984741211
2018-09-26 15:30:00,74.08000183105469
2018-09-26 16:30:00,74.08000183105469
2018-09-26 17:30:00,74.12999725341797
2018-09-26 18:30:00,74.01000213623047
2018-09-26 19:30:00,73.58999633789062
2018-09-27 13:30:00,73.73999786376953
2018-09-27 14:30:00,73.86000061035156
2018-09-27 15:30:00,73.83000183105469
2018-09-27 16:30:00,73.69499969482422
2018-09-27 17:30:00,73.61000061035156
2018-09-27 18:30:00,73.44010162353516
2018-09-27 19:30:00,73.44999694824219
2018-09-28 13:30:00,73.58000183105469
2018-09-28 14:30:00,73.63999938964844
2018-09-28 15:30:00,73.51000213623047
2018-09-28 16:30:00,73.51679992675781
2018-09-28 17:30:00,73.47000122070312
2018-09-28 18:30:00,73.6050033569336
2018-09-28 19:30:00,73.6500015258789
2018-10-01 13:30:00,74.02999877929688
2018-10-01 14:30:00,73.91000366210938
2018-10-01 15:30:00,73.79000091552734
2018-10-01 16:30:00,73.88999938964844
2018-10-01 17:30:00,73.97000122070312
2018-10-01 18:30:00,73.63999938964844
2018-10-01 19:30:00,73.76000213623047
2018-10-02 13:30:00,74.48999786376953
2018-10-02 14:30:00,74.55000305175781
2018-10-02 15:30:00,74.63999938964844
2018-10-02 16:30:00,75.67500305175781
2018-10-02 17:30:00,75.625
2018-10-02 18:30:00,75.18000030517578
2018-10-02 19:30:00,74.80999755859375
2018-10-03 13:30:00,74.05999755859375
2018-10-03 14:30:00,73.70999908447266
2018-10-03 15:30:00,73.44999694824219
2018-10-03 16:30:00,73.1449966430664
2018-10-03 17:30:00,73.3499984741211
2018-10-03 18:30:00,73.4000015258789
2018-10-03 19:30:00,73.13999938964844
2018-10-04 13:30:00,71.81999969482422
2018-10-04 14:30:00,71.98999786376953
2018-10-04 15:30:00,72.04000091552734
2018-10-04 16:30:00,72.05000305175781
2018-10-04 17:30:00,71.95999908447266
2018-10-04 18:30:00,72.22000122070312
2018-10-04 19:30:00,72.38999938964844
2018-10-05 13:30:00,73.0436019897461
2018-10-05 14:30:00,72.80999755859375
2018-10-05 15:30:00,72.86000061035156
2018-10-05 16:30:00,72.56999969482422
2018-10-05 17:30:00,72.97000122070312
2018-10-05 18:30:00,73.20999908447266
2018-10-05 19:30:00,72.94000244140625
2018-10-08 13:30:00,72.9000015258789
2018-10-08 14:30:00,72.20999908447266
2018-10-08 15:30:00,72.15499877929688
2018-10-08 16:30:00,71.94999694824219
2018-10-08 17:30:00,72.22000122070312
2018-10-08 18:30:00,72.4000015258789
2018-10-08 19:30:00,72.3499984741211
2018-10-09 13:30:00,73.43000030517578
2018-10-09 14:30:00,73.05999755859375
2018-10-09 15:30:00,72.7300033569336
2018-10-09 16:30:00,72.44999694824219
2018-10-09 17:30:00,72.38999938964844
2018-10-09 18:30:00,72.55000305175781
2018-10-09 19:30:00,72.5
2018-10-10 13:30:00,71.62999725341797
2018-10-10 14:30:00,71.44000244140625
2018-10-10 15:30:00,70.87999725341797
2018-10-10 16:30:00,70.81999969482422
2018-10-10 17:30:00,70.63999938964844
2018-10-10 18:30:00,70.30999755859375
2018-10-10 19:30:00,69.4800033569336
2018-10-11 13:30:00,69.12999725341797
2018-10-11 14:30:00,68.4800033569336
2018-10-11 15:30:00,68.86000061035156
2018-10-11 16:30:00,68.68000030517578
2018-10-11 17:30:00,68.13999938964844
2018-10-11 18:30:00,68.13999938964844
2018-10-11 19:30:00,67.51000213623047
2018-10-12 13:30:00,67.93000030517578
2018-10-12 14:30:00,68.06500244140625
2018-10-12 15:30:00,67.56500244140625
2018-10-12 16:30:00,67.66999816894531
2018-10-12 17:30:00,67.80000305175781
2018-10-12 18:30:00,68.13999938964844
2018-10-12 19:30:00,68.25
2018-10-15 13:30:00,68.3499984741211
2018-10-15 14:30:00,68.54000091552734
2018-10-15 15:30:00,68.27999877929688
2018-10-15 16:30:00,68.31999969482422
2018-10-15 17:30:00,68.26000213623047
2018-10-15 18:30:00,68.30999755859375
2018-10-15 19:30:00,68.0
2018-10-16 13:30:00,68.4000015258789
2018-10-16 14:30:00,68.9800033569336
2018-10-16 15:30:00,68.95999908447266
2018-10-16 16:30:00,69.0
2018-10-16 17:30:00,69.06999969482422
2018-10-16 18:30:00,68.94499969482422
2018-10-16 19:30:00,68.9000015258789
2018-10-17 13:30:00,68.47000122070312
2018-10-17 14:30:00,68.42500305175781
2018-10-17 15:30:00,68.75499725341797
2018-10-17 16:30:00,69.31500244140625
2018-10-17 17:30:00,68.88999938964844
2018-10-17 18:30:00,69.18000030517578
2018-10-17 19:30:00,68.91999816894531
2018-10-18 13:30:00,69.16459655761719
2018-10-18 14:30:00,69.02999877929688
2018-10-18 15:30:00,68.58999633789062
2018-10-18 16:30:00,68.19999694824219
2018-10-18 17:30:00,68.1500015258789
2018-10-18 18:30:00,68.25
2018-10-18 19:30:00,68.05999755859375
2018-10-19 13:30:00,68.80000305175781
2018-10-19 14:30:00,68.69999694824219
2018-10-19 15:30:00,68.37000274658203
2018-10-19 16:30:00,68.5199966430664
2018-10-19 17:30:00,68.16000366210938
2018-10-19 18:30:00,68.18000030517578
2018-10-19 19:30:00,67.93000030517578
2018-10-22 13:30:00,67.75
2018-10-22 14:30:00,68.32129669189453
2018-10-22 15:30:00,68.1500015258789
2018-10-22 16:30:00,68.05999755859375
2018-10-22 17:30:00,67.80999755859375
2018-10-22 18:30:00,67.74500274658203
2018-10-22 19:30:00,67.55000305175781
2018-10-23 13:30:00,65.98999786376953
2018-10-23 14:30:00,65.72000122070312
2018-10-23 15:30:00,66.0
2018-10-23 16:30:00,66.25499725341797
2018-10-23 17:30:00,66.52999877929688
2018-10-23 18:30:00,66.55000305175781
2018-10-23 19:30:00,66.12999725341797
2018-10-24 13:30:00,66.06999969482422
2018-10-24 14:30:00,65.54000091552734
2018-10-24 15:30:00,66.08000183105469
2018-10-24 16:30:00,65.5199966430664
2018-10-24 17:30:00,65.4000015258789
2018-10-24 18:30:00,64.53500366210938
2018-10-24 19:30:00,64.1500015258789
2018-10-25 13:30:00,64.83000183105469
2018-10-25 14:30:00,65.08000183105469
2018-10-25 15:30:00,64.9000015258789
2018-10-25 16:30:00,64.94709777832031
2018-10-25 17:30:00,64.81999969482422
2018-10-25 18:30:00,64.91000366210938
2018-10-25 19:30:00,64.91999816894531
2018-10-26 13:30:00,63.54999923706055
2018-10-26 14:30:00,63.95000076293945
2018-10-26 15:30:00,64.19000244140625
2018-10-26 16:30:00,64.41999816894531
2018-10-26 17:30:00,64.16999816894531
2018-10-26 18:30:00,63.939998626708984
2018-10-26 19:30:00,64.0
2018-10-29 13:30:00,65.13999938964844
2018-10-29 14:30:00,64.76499938964844
2018-10-29 15:30:00,64.37000274658203
2018-10-29 16:30:00,64.62999725341797
2018-10-29 17:30:00,64.23999786376953
2018-10-29 18:30:00,63.529998779296875
2018-10-29 19:30:00,63.939998626708984
2018-10-30 13:30:00,64.2750015258789
2018-10-30 14:30:00,64.18000030517578
2018-10-30 15:30:00,64.08999633789062
2018-10-30 16:30:00,63.86000061035156
2018-10-30 17:30:00,63.81999969482422
2018-10-30 18:30:00,64.43000030517578
2018-10-30 19:30:00,64.66000366210938
2018-10-31 13:30:00,65.9800033569336
2018-10-31 14:30:00,65.90380096435547
2018-10-31 15:30:00,65.51000213623047
2018-10-31 16:30:00,65.91500091552734
2018-10-31 17:30:00,65.91000366210938
2018-10-31 18:30:00,65.69999694824219
2018-10-31 19:30:00,65.48999786376953
2018-11-01 13:30:00,65.45999908447266
2018-11-01 14:30:00,65.37750244140625
2018-11-01 15:30:00,65.25
2018-11-01 16:30:00,65.05000305175781
2018-11-01 17:30:00,64.9000015258789
2018-11-01 18:30:00,64.94000244140625
2018-11-01 19:30:00,64.9800033569336
2018-11-02 13:30:00,64.9800033569336
2018-11-02 14:30:00,64.68000030517578
2018-11-02 15:30:00,65.30999755859375
2018-11-02 16:30:00,64.76499938964844
2018-11-02 17:30:00,65.51000213623047
2018-11-02 18:30:00,65.3499984741211
2018-11-02 19:30:00,65.52899932861328
