Datetime,QCOM
2017-11-06 14:30:00,63.72999954223633
2017-11-06 15:30:00,62.70000076293945
2017-11-06 16:30:00,62.40999984741211
2017-11-06 17:30:00,63.099998474121094
2017-11-06 18:30:00,63.070098876953125
2017-11-06 19:30:00,62.69499969482422
2017-11-06 20:30:00,62.540000915527344
2017-11-07 14:30:00,63.099998474121094
2017-11-07 15:30:00,63.290000915527344
2017-11-07 16:30:00,63.61000061035156
2017-11-07 17:30:00,63.619998931884766
2017-11-07 18:30:00,63.435001373291016
2017-11-07 19:30:00,63.849998474121094
2017-11-07 20:30:00,64.08999633789062
2017-11-08 14:30:00,64.91999816894531
2017-11-08 15:30:00,65.30999755859375
2017-11-08 16:30:00,65.38999938964844
2017-11-08 17:30:00,65.25
2017-11-08 18:30:00,64.99500274658203
2017-11-08 19:30:00,65.52999877929688
2017-11-08 20:30:00,65.5
2017-11-09 14:30:00,64.83000183105469
2017-11-09 15:30:00,65.19999694824219
2017-11-09 16:30:00,64.51679992675781
2017-11-09 17:30:00,64.48999786376953
2017-11-09 18:30:00,64.5
2017-11-09 19:30:00,64.27999877929688
2017-11-09 20:30:00,64.61000061035156
2017-11-10 14:30:00,64.12999725341797
2017-11-10 15:30:00,64.44999694824219
2017-11-10 16:30:00,64.48999786376953
2017-11-10 17:30:00,64.55000305175781
2017-11-10 18:30:00,64.48999786376953
2017-11-10 19:30:00,64.47000122070312
2017-11-10 20:30:00,64.54000091552734
2017-11-13 14:30:00,65.25
2017-11-13 15:30:00,65.75
2017-11-13 16:30:00,65.77999877929688
2017-11-13 17:30:00,66.02469635009766
2017-11-13 18:30:00,66.30999755859375
2017-11-13 19:30:00,66.54000091552734
2017-11-13 20:30:00,66.55000305175781
2017-11-14 14:30:00,66.30000305175781
2017-11-14 15:30:00,66.1050033569336
2017-11-14 16:30:00,66.08999633789062
2017-11-14 17:30:00,65.81999969482422
2017-11-14 18:30:00,66.0
2017-11-14 19:30:00,65.8550033569336
2017-11-14 20:30:00,66.01000213623047
2017-11-15 14:30:00,66.05000305175781
2017-11-15 15:30:00,66.2300033569336
2017-11-15 16:30:00,65.88480377197266
2017-11-15 17:30:00,65.93000030517578
2017-11-15 18:30:00,65.83999633789062
2017-11-15 19:30:00,65.72000122070312
2017-11-15 20:30:00,65.66999816894531
2017-11-16 14:30:00,65.55999755859375
2017-11-16 15:30:00,65.93699645996094
2017-11-16 16:30:00,66.0199966430664
2017-11-16 17:30:00,66.19000244140625
2017-11-16 18:30:00,66.26499938964844
2017-11-16 19:30:00,66.2300033569336
2017-11-16 20:30:00,66.0999984741211
2017-11-17 14:30:00,66.13999938964844
2017-11-17 15:30:00,66.37000274658203
2017-11-17 16:30:00,66.45999908447266
2017-11-17 17:30:00,66.48999786376953
2017-11-17 18:30:00,66.70500183105469
2017-11-17 19:30:00,66.69999694824219
2017-11-17 20:30:00,66.71109771728516
2017-11-20 14:30:00,66.72019958496094
2017-11-20 15:30:00,66.79000091552734
2017-11-20 16:30:00,66.3550033569336
2017-11-20 17:30:00,66.41999816894531
2017-11-20 18:30:00,66.52999877929688
2017-11-20 19:30:00,66.41000366210938
2017-11-20 20:30:00,66.4800033569336
2017-11-21 14:30:00,66.58000183105469
2017-11-21 15:30:00,66.52999877929688
2017-11-21 16:30:00,66.37000274658203
2017-11-21 17:30:00,66.31990051269531
2017-11-21 18:30:00,66.45999908447266
2017-11-21 19:30:00,66.58000183105469
2017-11-21 20:30:00,66.68000030517578
2017-11-22 14:30:00,66.37999725341797
2017-11-22 15:30:00,66.6500015258789
2017-11-22 16:30:00,66.69999694824219
2017-11-22 17:30:00,66.69999694824219
2017-11-22 18:30:00,66.68499755859375
2017-11-22 19:30:00,67.66000366210938
2017-11-22 20:30:00,68.12999725341797
2017-11-24 14:30:00,68.6500015258789
2017-11-24 15:30:00,68.69000244140625
2017-11-24 16:30:00,68.86000061035156
2017-11-24 18:00:00,68.90170288085938
2017-11-27 14:30:00,68.54000091552734
2017-11-27 15:30:00,68.70999908447266
2017-11-27 16:30:00,68.69000244140625
2017-11-27 17:30:00,68.58999633789062
2017-11-27 18:30:00,68.69000244140625
2017-11-27 19:30:00,68.3499984741211
2017-11-27 20:30:00,68.13999938964844
2017-11-28 14:30:00,67.55999755859375
2017-11-28 15:30:00,67.79499816894531
2017-11-28 16:30:00,67.79000091552734
2017-11-28 17:30:00,67.94000244140625
2017-11-28 18:30:00,67.95999908447266
2017-11-28 19:30:00,68.04000091552734
2017-11-28 20:30:00,68.38999938964844
2017-11-29 14:30:00,67.28500366210938
2017-11-29 15:30:00,67.01000213623047
2017-11-29 16:30:00,66.41000366210938
2017-11-29 17:30:00,66.93499755859375
2017-11-29 18:30:00,66.51499938964844
2017-11-29 19:30:00,66.51000213623047
2017-11-29 20:30:00,66.5199966430664
2017-11-30 14:30:00,66.6500015258789
2017-11-30 15:30:00,66.83999633789062
2017-11-30 16:30:00,67.05000305175781
2017-11-30 17:30:00,66.84130096435547
2017-11-30 18:30:00,66.66000366210938
2017-11-30 19:30:00,66.66500091552734
2017-11-30 20:30:00,66.4000015258789
2017-12-01 14:30:00,65.79000091552734
2017-12-01 15:30:00,65.16000366210938
2017-12-01 16:30:00,65.27999877929688
2017-12-01 17:30:00,65.125
2017-12-01 18:30:00,65.5199966430664
2017-12-01 19:30:00,65.54900360107422
2017-12-01 20:30:00,65.4800033569336
2017-12-04 14:30:00,64.53500366210938
2017-12-04 15:30:00,64.5
2017-12-04 16:30:00,64.36000061035156
2017-12-04 17:30:00,64.4000015258789
2017-12-04 18:30:00,64.55000305175781
2017-12-04 19:30:00,64.51000213623047
2017-12-04 20:30:00,64.5999984741211
2017-12-05 14:30:00,64.69999694824219
2017-12-05 15:30:00,64.68000030517578
2017-12-05 16:30:00,64.66999816894531
2017-12-05 17:30:00,64.88999938964844
2017-12-05 18:30:00,64.70999908447266
2017-12-05 19:30:00,64.94999694824219
2017-12-05 20:30:00,64.72000122070312
2017-12-06 14:30:00,64.9000015258789
2017-12-06 15:30:00,64.87999725341797
2017-12-06 16:30:00,65.02410125732422
2017-12-06 17:30:00,65.20999908447266
2017-12-06 18:30:00,65.44000244140625
2017-12-06 19:30:00,65.12999725341797
2017-12-06 20:30:00,65.0
2017-12-07 14:30:00,65.33999633789062
2017-12-07 15:30:00,65.47000122070312
2017-12-07 16:30:00,65.19000244140625
2017-12-07 17:30:00,65.17469787597656
2017-12-07 18:30:00,64.88999938964844
2017-12-07 19:30:00,65.2699966430664
2017-12-07 20:30:00,65.22000122070312
2017-12-08 14:30:00,65.0969009399414
2017-12-08 15:30:00,64.62999725341797
2017-12-08 16:30:00,64.70999908447266
2017-12-08 17:30:00,64.66000366210938
2017-12-08 18:30:00,64.51000213623047
2017-12-08 19:30:00,64.4800033569336
2017-12-08 20:30:00,64.23999786376953
2017-12-11 14:30:00,64.5999984741211
2017-12-11 15:30:00,64.83000183105469
2017-12-11 16:30:00,64.80999755859375
2017-12-11 17:30:00,64.83999633789062
2017-12-11 18:30:00,64.88500213623047
2017-12-11 19:30:00,64.88999938964844
2017-12-11 20:30:00,65.16999816894531
2017-12-12 14:30:00,64.625
2017-12-12 15:30:00,64.91999816894531
2017-12-12 16:30:00,64.91999816894531
2017-12-12 17:30:00,65.0250015258789
2017-12-12 18:30:00,64.98999786376953
2017-12-12 19:30:00,64.93000030517578
2017-12-12 20:30:00,64.94000244140625
2017-12-13 14:30:00,65.2699966430664
2017-12-13 15:30:00,65.06990051269531
2017-12-13 16:30:00,65.05999755859375
2017-12-13 17:30:00,65.0
2017-12-13 18:30:00,65.30000305175781
2017-12-13 19:30:00,65.06999969482422
2017-12-13 20:30:00,64.97000122070312
2017-12-14 14:30:00,64.96499633789062
2017-12-14 15:30:00,64.96499633789062
2017-12-14 16:30:00,64.9800033569336
2017-12-14 17:30:00,64.94000244140625
2017-12-14 18:30:00,64.93000030517578
2017-12-14 19:30:00,64.79000091552734
2017-12-14 20:30:00,64.7699966430664
2017-12-15 14:30:00,65.16000366210938
2017-12-15 15:30:00,65.17759704589844
2017-12-15 16:30:00,65.2699966430664
2017-12-15 17:30:00,65.33999633789062
2017-12-15 18:30:00,65.26000213623047
2017-12-15 19:30:00,65.06999969482422
2017-12-15 20:30:00,64.80999755859375
2017-12-18 14:30:00,65.13999938964844
2017-12-18 15:30:00,65.11000061035156
2017-12-18 16:30:00,65.19000244140625
2017-12-18 17:30:00,65.11430358886719
2017-12-18 18:30:00,65.13999938964844
2017-12-18 19:30:00,65.17500305175781
2017-12-18 20:30:00,65.37000274658203
2017-12-19 14:30:00,64.93499755859375
2017-12-19 15:30:00,64.94000244140625
2017-12-19 16:30:00,64.61000061035156
2017-12-19 17:30:00,64.58999633789062
2017-12-19 18:30:00,64.72000122070312
2017-12-19 19:30:00,64.68009948730469
2017-12-19 20:30:00,64.5199966430664
2017-12-20 14:30:00,64.55999755859375
2017-12-20 15:30:00,64.9800033569336
2017-12-20 16:30:00,64.99500274658203
2017-12-20 17:30:00,65.0
2017-12-20 18:30:00,64.79000091552734
2017-12-20 19:30:00,64.58000183105469
2017-12-20 20:30:00,64.61000061035156
2017-12-21 14:30:00,64.66999816894531
2017-12-21 15:30:00,64.70999908447266
2017-12-21 16:30:00,64.64430236816406
2017-12-21 17:30:00,64.80999755859375
2017-12-21 18:30:00,64.66999816894531
2017-12-21 19:30:00,64.54000091552734
2017-12-21 20:30:00,64.4000015258789
2017-12-22 14:30:00,64.63400268554688
2017-12-22 15:30:00,64.56999969482422
2017-12-22 16:30:00,64.5999984741211
2017-12-22 17:30:00,64.60659790039062
2017-12-22 18:30:00,64.81500244140625
2017-12-22 19:30:00,64.79000091552734
2017-12-22 20:30:00,64.73999786376953
2017-12-26 14:30:00,64.62000274658203
2017-12-26 15:30:00,64.4749984741211
2017-12-26 16:30:00,64.43499755859375
2017-12-26 17:30:00,64.33000183105469
2017-12-26 18:30:00,64.375
2017-12-26 19:30:00,64.30000305175781
2017-12-26 20:30:00,64.29000091552734
2017-12-27 14:30:00,64.38999938964844
2017-12-27 15:30:00,64.36000061035156
2017-12-27 16:30:00,64.3499984741211
2017-12-27 17:30:00,64.37000274658203
2017-12-27 18:30:00,64.57499694824219
2017-12-27 19:30:00,64.44000244140625
2017-12-27 20:30:00,64.52999877929688
2017-12-28 14:30:00,64.5199966430664
2017-12-28 15:30:00,64.5
2017-12-28 16:30:00,64.51000213623047
2017-12-28 17:30:00,64.49639892578125
2017-12-28 18:30:00,64.44000244140625
2017-12-28 19:30:00,64.4000015258789
2017-12-28 20:30:00,64.37999725341797
2017-12-29 14:30:00,64.37000274658203
2017-12-29 15:30:00,64.45500183105469
2017-12-29 16:30:00,64.3843994140625
2017-12-29 17:30:00,64.375
2017-12-29 18:30:00,64.36000061035156
2017-12-29 19:30:00,64.375
2017-12-29 20:30:00,64.06999969482422
2018-01-02 14:30:00,64.48999786376953
2018-01-02 15:30:00,64.81009674072266
2018-01-02 16:30:00,64.87000274658203
2018-01-02 17:30:00,64.8499984741211
2018-01-02 18:30:00,65.1709976196289
2018-01-02 19:30:00,65.16000366210938
2018-01-02 20:30:00,65.1989974975586
2018-01-03 14:30:00,65.24410247802734
2018-01-03 15:30:00,65.33999633789062
2018-01-03 16:30:00,65.45999908447266
2018-01-03 17:30:00,65.77999877929688
2018-01-03 18:30:00,65.62310028076172
2018-01-03 19:30:00,65.88999938964844
2018-01-03 20:30:00,65.93000030517578
2018-01-04 14:30:00,66.0999984741211
2018-01-04 15:30:00,66.29979705810547
2018-01-04 16:30:00,66.4000015258789
2018-01-04 17:30:00,66.36000061035156
2018-01-04 18:30:00,66.20500183105469
2018-01-04 19:30:00,66.16010284423828
2018-01-04 20:30:00,66.06999969482422
2018-01-05 14:30:00,65.69000244140625
2018-01-05 15:30:00,66.22000122070312
2018-01-05 16:30:00,66.26000213623047
2018-01-05 17:30:00,66.08000183105469
2018-01-05 18:30:00,66.20500183105469
2018-01-05 19:30:00,66.23999786376953
2018-01-05 20:30:00,66.37999725341797
2018-01-08 14:30:00,66.33999633789062
2018-01-08 15:30:00,66.43340301513672
2018-01-08 16:30:00,66.37999725341797
2018-01-08 17:30:00,66.37999725341797
2018-01-08 18:30:00,66.30000305175781
2018-01-08 19:30:00,66.30000305175781
2018-01-08 20:30:00,66.23999786376953
2018-01-09 14:30:00,65.37999725341797
2018-01-09 15:30:00,65.5199966430664
2018-01-09 16:30:00,65.41000366210938
2018-01-09 17:30:00,65.45999908447266
2018-01-09 18:30:00,65.51100158691406
2018-01-09 19:30:00,65.3550033569336
2018-01-09 20:30:00,65.30000305175781
2018-01-10 14:30:00,65.4800033569336
2018-01-10 15:30:00,65.47850036621094
2018-01-10 16:30:00,65.5199966430664
2018-01-10 17:30:00,65.6500015258789
2018-01-10 18:30:00,65.2300033569336
2018-01-10 19:30:00,65.20999908447266
2018-01-10 20:30:00,65.2699966430664
2018-01-11 14:30:00,65.33000183105469
2018-01-11 15:30:00,65.20999908447266
2018-01-11 16:30:00,65.3499984741211
2018-01-11 17:30:00,65.41999816894531
2018-01-11 18:30:00,65.30000305175781
2018-01-11 19:30:00,65.39759826660156
2018-01-11 20:30:00,65.44000244140625
2018-01-12 14:30:00,65.80000305175781
2018-01-12 15:30:00,65.48999786376953
2018-01-12 16:30:00,65.45999908447266
2018-01-12 17:30:00,65.4000015258789
2018-01-12 18:30:00,65.41000366210938
2018-01-12 19:30:00,65.30999755859375
2018-01-12 20:30:00,65.33999633789062
2018-01-16 14:30:00,67.5
2018-01-16 15:30:00,67.5999984741211
2018-01-16 16:30:00,67.72000122070312
2018-01-16 17:30:00,68.20500183105469
2018-01-16 18:30:00,68.36499786376953
2018-01-16 19:30:00,68.44000244140625
2018-01-16 20:30:00,68.29000091552734
2018-01-17 14:30:00,68.39119720458984
2018-01-17 15:30:00,68.4800033569336
2018-01-17 16:30:00,68.55999755859375
2018-01-17 17:30:00,67.73999786376953
2018-01-17 18:30:00,68.0
2018-01-17 19:30:00,68.05999755859375
2018-01-17 20:30:00,68.01000213623047
2018-01-18 14:30:00,67.68000030517578
2018-01-18 15:30:00,67.54000091552734
2018-01-18 16:30:00,67.97000122070312
2018-01-18 17:30:00,67.83599853515625
2018-01-18 18:30:00,68.04000091552734
2018-01-18 19:30:00,68.01000213623047
2018-01-18 20:30:00,68.04000091552734
2018-01-19 14:30:00,68.05180358886719
2018-01-19 15:30:00,68.18000030517578
2018-01-19 16:30:00,67.98999786376953
2018-01-19 17:30:00,67.95500183105469
2018-01-19 18:30:00,67.98619842529297
2018-01-19 19:30:00,68.08999633789062
2018-01-19 20:30:00,68.01000213623047
2018-01-22 14:30:00,68.36000061035156
2018-01-22 15:30:00,68.47000122070312
2018-01-22 16:30:00,68.4530029296875
2018-01-22 17:30:00,68.48500061035156
2018-01-22 18:30:00,68.63999938964844
2018-01-22 19:30:00,68.45500183105469
2018-01-22 20:30:00,68.66999816894531
2018-01-23 14:30:00,68.72000122070312
2018-01-23 15:30:00,68.73999786376953
2018-01-23 16:30:00,68.66000366210938
2018-01-23 17:30:00,68.47000122070312
2018-01-23 18:30:00,68.48999786376953
2018-01-23 19:30:00,68.48500061035156
2018-01-23 20:30:00,68.33000183105469
2018-01-24 14:30:00,68.08999633789062
2018-01-24 15:30:00,67.76000213623047
2018-01-24 16:30:00,67.51000213623047
2018-01-24 17:30:00,67.51000213623047
2018-01-24 18:30:00,67.68000030517578
2018-01-24 19:30:00,67.93000030517578
2018-01-24 20:30:00,68.0
2018-01-25 14:30:00,68.01000213623047
2018-01-25 15:30:00,67.9801025390625
2018-01-25 16:30:00,67.93000030517578
2018-01-25 17:30:00,68.0999984741211
2018-01-25 18:30:00,67.97000122070312
2018-01-25 19:30:00,67.52999877929688
2018-01-25 20:30:00,67.41999816894531
2018-01-26 14:30:00,67.88500213623047
2018-01-26 15:30:00,67.72000122070312
2018-01-26 16:30:00,67.84500122070312
2018-01-26 17:30:00,68.0
2018-01-26 18:30:00,68.0999984741211
2018-01-26 19:30:00,68.30000305175781
2018-01-26 20:30:00,68.44000244140625
2018-01-29 14:30:00,67.99330139160156
2018-01-29 15:30:00,67.7698974609375
2018-01-29 16:30:00,67.66000366210938
2018-01-29 17:30:00,67.79509735107422
2018-01-29 18:30:00,67.6500015258789
2018-01-29 19:30:00,67.41999816894531
2018-01-29 20:30:00,67.32009887695312
2018-01-30 14:30:00,67.08000183105469
2018-01-30 15:30:00,67.06999969482422
2018-01-30 16:30:00,67.01000213623047
2018-01-30 17:30:00,66.87000274658203
2018-01-30 18:30:00,66.86000061035156
2018-01-30 19:30:00,67.19000244140625
2018-01-30 20:30:00,66.97000122070312
2018-01-31 14:30:00,67.93499755859375
2018-01-31 15:30:00,68.25
2018-01-31 16:30:00,68.24669647216797
2018-01-31 17:30:00,67.94999694824219
2018-01-31 18:30:00,68.01000213623047
2018-01-31 19:30:00,68.19499969482422
2018-01-31 20:30:00,68.23999786376953
2018-02-01 14:30:00,67.30899810791016
2018-02-01 15:30:00,66.5250015258789
2018-02-01 16:30:00,66.83999633789062
2018-02-01 17:30:00,67.60189819335938
2018-02-01 18:30:00,67.04499816894531
2018-02-01 19:30:00,66.81320190429688
2018-02-01 20:30:00,66.80000305175781
2018-02-02 14:30:00,66.52999877929688
2018-02-02 15:30:00,66.25499725341797
2018-02-02 16:30:00,66.16000366210938
2018-02-02 17:30:00,66.23999786376953
2018-02-02 18:30:00,66.77999877929688
2018-02-02 19:30:00,66.5
2018-02-02 20:30:00,66.06999969482422
2018-02-05 14:30:00,64.94999694824219
2018-02-05 15:30:00,64.2333984375
2018-02-05 16:30:00,63.09479904174805
2018-02-05 17:30:00,63.599998474121094
2018-02-05 18:30:00,63.224998474121094
2018-02-05 19:30:00,62.650001525878906
2018-02-05 20:30:00,61.72999954223633
2018-02-06 14:30:00,63.04999923706055
2018-02-06 15:30:00,63.06999969482422
2018-02-06 16:30:00,63.84000015258789
2018-02-06 17:30:00,64.0
2018-02-06 18:30:00,63.20000076293945
2018-02-06 19:30:00,64.16999816894531
2018-02-06 20:30:00,64.41999816894531
2018-02-07 14:30:00,65.32499694824219
2018-02-07 15:30:00,65.68000030517578
2018-02-07 16:30:00,65.87999725341797
2018-02-07 17:30:00,65.51000213623047
2018-02-07 18:30:00,65.72000122070312
2018-02-07 19:30:00,65.5199966430664
2018-02-07 20:30:00,65.0199966430664
2018-02-08 14:30:00,64.54000091552734
2018-02-08 15:30:00,63.599998474121094
2018-02-08 16:30:00,62.75
2018-02-08 17:30:00,62.91999816894531
2018-02-08 18:30:00,63.13999938964844
2018-02-08 19:30:00,63.2400016784668
2018-02-08 20:30:00,62.41999816894531
2018-02-09 14:30:00,62.09000015258789
2018-02-09 15:30:00,61.970001220703125
2018-02-09 16:30:00,61.7599983215332
2018-02-09 17:30:00,61.75
2018-02-09 18:30:00,62.9900016784668
2018-02-09 19:30:00,63.84000015258789
2018-02-09 20:30:00,63.91999816894531
2018-02-12 14:30:00,64.69000244140625
2018-02-12 15:30:00,64.9397964477539
2018-02-12 16:30:00,65.37999725341797
2018-02-12 17:30:00,65.19999694824219
2018-02-12 18:30:00,65.4000015258789
2018-02-12 19:30:00,65.5
2018-02-12 20:30:00,65.66999816894531
2018-02-13 14:30:00,65.12000274658203
2018-02-13 15:30:00,65.13999938964844
2018-02-13 16:30:00,65.16000366210938
2018-02-13 17:30:00,65.32499694824219
2018-02-13 18:30:00,65.44000244140625
2018-02-13 19:30:00,65.54000091552734
2018-02-13 20:30:00,65.70999908447266
2018-02-14 14:30:00,65.70500183105469
2018-02-14 15:30:00,66.11000061035156
2018-02-14 16:30:00,66.43009948730469
2018-02-14 17:30:00,66.66000366210938
2018-02-14 18:30:00,66.52999877929688
2018-02-14 19:30:00,66.4000015258789
2018-02-14 20:30:00,66.58000183105469
2018-02-15 14:30:00,65.6500015258789
2018-02-15 15:30:00,64.80999755859375
2018-02-15 16:30:00,64.13500213623047
2018-02-15 17:30:00,64.27999877929688
2018-02-15 18:30:00,64.93000030517578
2018-02-15 19:30:00,64.9800033569336
2018-02-15 20:30:00,65.27999877929688
2018-02-16 14:30:00,65.29000091552734
2018-02-16 15:30:00,65.45500183105469
2018-02-16 16:30:00,65.68499755859375
2018-02-16 17:30:00,65.12000274658203
2018-02-16 18:30:00,65.23500061035156
2018-02-16 19:30:00,64.98999786376953
2018-02-16 20:30:00,64.8550033569336
2018-02-20 14:30:00,62.630001068115234
2018-02-20 15:30:00,62.8650016784668
2018-02-20 16:30:00,63.45000076293945
2018-02-20 17:30:00,63.099998474121094
2018-02-20 18:30:00,63.66999816894531
2018-02-20 19:30:00,63.72999954223633
2018-02-20 20:30:00,64.06999969482422
2018-02-21 14:30:00,62.65999984741211
2018-02-21 15:30:00,63.22999954223633
2018-02-21 16:30:00,63.330101013183594
2018-02-21 17:30:00,63.560001373291016
2018-02-21 18:30:00,63.75
2018-02-21 19:30:00,63.40999984741211
2018-02-21 20:30:00,63.400001525878906
2018-02-22 14:30:00,63.36000061035156
2018-02-22 15:30:00,63.38999938964844
2018-02-22 16:30:00,63.31999969482422
2018-02-22 17:30:00,62.869998931884766
2018-02-22 18:30:00,62.86000061035156
2018-02-22 19:30:00,62.439998626708984
2018-02-22 20:30:00,62.220001220703125
2018-02-23 14:30:00,62.150001525878906
2018-02-23 15:30:00,62.52000045776367
2018-02-23 16:30:00,62.5099983215332
2018-02-23 17:30:00,62.699798583984375
2018-02-23 18:30:00,62.72999954223633
2018-02-23 19:30:00,63.209999084472656
2018-02-23 20:30:00,63.310001373291016
2018-02-26 14:30:00,64.88999938964844
2018-02-26 15:30:00,65.53500366210938
2018-02-26 16:30:00,65.4800033569336
2018-02-26 17:30:00,65.90499877929688
2018-02-26 18:30:00,66.94000244140625
2018-02-26 19:30:00,67.0
2018-02-26 20:30:00,66.9800033569336
2018-02-27 14:30:00,67.4000015258789
2018-02-27 15:30:00,66.66000366210938
2018-02-27 16:30:00,66.19000244140625
2018-02-27 17:30:00,66.55000305175781
2018-02-27 18:30:00,66.26000213623047
2018-02-27 19:30:00,66.30999755859375
2018-02-27 20:30:00,66.3499984741211
2018-02-28 14:30:00,66.29000091552734
2018-02-28 15:30:00,65.68000030517578
2018-02-28 16:30:00,65.63999938964844
2018-02-28 17:30:00,65.70179748535156
2018-02-28 18:30:00,66.00499725341797
2018-02-28 19:30:00,65.63999938964844
2018-02-28 20:30:00,65.01000213623047
2018-03-01 14:30:00,65.83999633789062
2018-03-01 15:30:00,65.62000274658203
2018-03-01 16:30:00,65.58000183105469
2018-03-01 17:30:00,65.22000122070312
2018-03-01 18:30:00,64.62000274658203
2018-03-01 19:30:00,65.26000213623047
2018-03-01 20:30:00,64.98100280761719
2018-03-02 14:30:00,64.37999725341797
2018-03-02 15:30:00,64.68000030517578
2018-03-02 16:30:00,64.5969009399414
2018-03-02 17:30:00,64.33000183105469
2018-03-02 18:30:00,64.28759765625
2018-03-02 19:30:00,64.38999938964844
2018-03-02 20:30:00,64.73999786376953
2018-03-05 14:30:00,64.0199966430664
2018-03-05 15:30:00,64.17500305175781
2018-03-05 16:30:00,63.81999969482422
2018-03-05 17:30:00,63.959999084472656
2018-03-05 18:30:00,63.560001373291016
2018-03-05 19:30:00,64.2300033569336
2018-03-05 20:30:00,64.05999755859375
2018-03-06 14:30:00,62.584999084472656
2018-03-06 15:30:00,62.03990173339844
2018-03-06 16:30:00,61.849998474121094
2018-03-06 17:30:00,61.619998931884766
2018-03-06 18:30:00,61.16550064086914
2018-03-06 19:30:00,62.060001373291016
2018-03-06 20:30:00,62.150001525878906
2018-03-07 14:30:00,61.970001220703125
2018-03-07 15:30:00,61.959999084472656
2018-03-07 16:30:00,61.61000061035156
2018-03-07 17:30:00,62.029998779296875
2018-03-07 18:30:00,62.27000045776367
2018-03-07 19:30:00,62.43000030517578
2018-03-07 20:30:00,62.5
2018-03-08 14:30:00,62.29999923706055
2018-03-08 15:30:00,62.06999969482422
2018-03-08 16:30:00,61.86000061035156
2018-03-08 17:30:00,61.904998779296875
2018-03-08 18:30:00,61.95000076293945
2018-03-08 19:30:00,61.790000915527344
2018-03-08 20:30:00,61.81999969482422
2018-03-09 14:30:00,62.72999954223633
2018-03-09 15:30:00,62.4900016784668
2018-03-09 16:30:00,62.79999923706055
2018-03-09 17:30:00,62.810001373291016
2018-03-09 18:30:00,62.849998474121094
2018-03-09 19:30:00,63.029998779296875
2018-03-09 20:30:00,63.02000045776367
2018-03-12 13:30:00,62.65999984741211
2018-03-12 14:30:00,62.68000030517578
2018-03-12 15:30:00,63.130001068115234
2018-03-12 16:30:00,63.18000030517578
2018-03-12 17:30:00,62.85499954223633
2018-03-12 18:30:00,63.01499938964844
2018-03-12 19:30:00,62.83000183105469
2018-03-13 13:30:00,60.470001220703125
2018-03-13 14:30:00,59.959999084472656
2018-03-13 15:30:00,60.02009963989258
2018-03-13 16:30:00,60.08000183105469
2018-03-13 17:30:00,59.836299896240234
2018-03-13 18:30:00,59.5
2018-03-13 19:30:00,59.70000076293945
2018-03-14 13:30:00,58.7599983215332
2018-03-14 14:30:00,58.189998626708984
2018-03-14 15:30:00,58.54999923706055
2018-03-14 16:30:00,58.540000915527344
2018-03-14 17:30:00,59.459999084472656
2018-03-14 18:30:00,60.09000015258789
2018-03-14 19:30:00,60.119998931884766
2018-03-15 13:30:00,59.970001220703125
2018-03-15 14:30:00,60.08000183105469
2018-03-15 15:30:00,59.95000076293945
2018-03-15 16:30:00,59.84000015258789
2018-03-15 17:30:00,59.689998626708984
2018-03-15 18:30:00,59.82500076293945
2018-03-15 19:30:00,59.900001525878906
2018-03-16 13:30:00,60.9900016784668
2018-03-16 14:30:00,61.09000015258789
2018-03-16 15:30:00,60.78350067138672
2018-03-16 16:30:00,60.82609939575195
2018-03-16 17:30:00,60.625
2018-03-16 18:30:00,60.52050018310547
2018-03-16 19:30:00,60.560001373291016
2018-03-19 13:30:00,59.369998931884766
2018-03-19 14:30:00,58.77000045776367
2018-03-19 15:30:00,58.45000076293945
2018-03-19 16:30:00,58.220001220703125
2018-03-19 17:30:00,58.15999984741211
2018-03-19 18:30:00,58.130001068115234
2018-03-19 19:30:00,58.380001068115234
2018-03-20 13:30:00,58.650001525878906
2018-03-20 14:30:00,58.04999923706055
2018-03-20 15:30:00,58.16999816894531
2018-03-20 16:30:00,58.09000015258789
2018-03-20 17:30:00,58.220001220703125
2018-03-20 18:30:00,58.27000045776367
2018-03-20 19:30:00,58.279998779296875
2018-03-21 13:30:00,57.970001220703125
2018-03-21 14:30:00,57.86000061035156
2018-03-21 15:30:00,57.75
2018-03-21 16:30:00,57.694400787353516
2018-03-21 17:30:00,57.52000045776367
2018-03-21 18:30:00,57.150001525878906
2018-03-21 19:30:00,56.81999969482422
2018-03-22 13:30:00,56.2400016784668
2018-03-22 14:30:00,55.994300842285156
2018-03-22 15:30:00,56.5
2018-03-22 16:30:00,56.63999938964844
2018-03-22 17:30:00,56.375
2018-03-22 18:30:00,55.970001220703125
2018-03-22 19:30:00,55.58000183105469
2018-03-23 13:30:00,55.1702995300293
2018-03-23 14:30:00,55.310001373291016
2018-03-23 15:30:00,54.90999984741211
2018-03-23 16:30:00,55.040000915527344
2018-03-23 17:30:00,54.939998626708984
2018-03-23 18:30:00,54.45000076293945
2018-03-23 19:30:00,53.66999816894531
2018-03-26 13:30:00,54.79999923706055
2018-03-26 14:30:00,54.68000030517578
2018-03-26 15:30:00,54.90999984741211
2018-03-26 16:30:00,55.02000045776367
2018-03-26 17:30:00,55.540000915527344
2018-03-26 18:30:00,55.755001068115234
2018-03-26 19:30:00,56.119998931884766
2018-03-27 13:30:00,56.38999938964844
2018-03-27 14:30:00,56.41999816894531
2018-03-27 15:30:00,56.20000076293945
2018-03-27 16:30:00,56.189998626708984
2018-03-27 17:30:00,55.88999938964844
2018-03-27 18:30:00,54.935001373291016
2018-03-27 19:30:00,54.86000061035156
2018-03-28 13:30:00,55.31999969482422
2018-03-28 14:30:00,55.18000030517578
2018-03-28 15:30:00,55.5
2018-03-28 16:30:00,55.34000015258789
2018-03-28 17:30:00,54.619998931884766
2018-03-28 18:30:00,54.779998779296875
2018-03-28 19:30:00,54.709999084472656
2018-03-29 13:30:00,54.669898986816406
2018-03-29 14:30:00,55.36000061035156
2018-03-29 15:30:00,55.16999816894531
2018-03-29 16:30:00,55.18000030517578
2018-03-29 17:30:00,55.560001373291016
2018-03-29 18:30:00,55.595001220703125
2018-03-29 19:30:00,55.40999984741211
2018-04-02 13:30:00,54.400001525878906
2018-04-02 14:30:00,54.040000915527344
2018-04-02 15:30:00,53.459999084472656
2018-04-02 16:30:00,53.439998626708984
2018-04-02 17:30:00,53.36000061035156
2018-04-02 18:30:00,53.59000015258789
2018-04-02 19:30:00,53.810001373291016
2018-04-03 13:30:00,53.970001220703125
2018-04-03 14:30:00,54.619998931884766
2018-04-03 15:30:00,54.099998474121094
2018-04-03 16:30:00,54.560001373291016
2018-04-03 17:30:00,54.119998931884766
2018-04-03 18:30:00,54.900001525878906
2018-04-03 19:30:00,54.779998779296875
2018-04-04 13:30:00,54.0099983215332
2018-04-04 14:30:00,54.11000061035156
2018-04-04 15:30:00,54.279998779296875
2018-04-04 16:30:00,53.599998474121094
2018-04-04 17:30:00,54.119998931884766
2018-04-04 18:30:00,54.77000045776367
2018-04-04 19:30:00,54.98500061035156
2018-04-05 13:30:00,54.650001525878906
2018-04-05 14:30:00,55.040000915527344
2018-04-05 15:30:00,54.75
2018-04-05 16:30:00,54.790000915527344
2018-04-05 17:30:00,54.88130187988281
2018-04-05 18:30:00,54.970001220703125
2018-04-05 19:30:00,55.029998779296875
2018-04-06 13:30:00,54.560001373291016
2018-04-06 14:30:00,54.43000030517578
2018-04-06 15:30:00,54.38999938964844
2018-04-06 16:30:00,54.400001525878906
2018-04-06 17:30:00,53.56999969482422
2018-04-06 18:30:00,53.220001220703125
2018-04-06 19:30:00,53.119998931884766
2018-04-09 13:30:00,54.004798889160156
2018-04-09 14:30:00,54.189998626708984
2018-04-09 15:30:00,54.689998626708984
2018-04-09 16:30:00,54.790000915527344
2018-04-09 17:30:00,54.31999969482422
2018-04-09 18:30:00,53.86000061035156
2018-04-09 19:30:00,53.41999816894531
2018-04-10 13:30:00,54.886600494384766
2018-04-10 14:30:00,54.7400016784668
2018-04-10 15:30:00,54.41999816894531
2018-04-10 16:30:00,54.810001373291016
2018-04-10 17:30:00,54.810001373291016
2018-04-10 18:30:00,54.790000915527344
2018-04-10 19:30:00,54.7599983215332
2018-04-11 13:30:00,54.7400016784668
2018-04-11 14:30:00,54.744998931884766
2018-04-11 15:30:00,54.755001068115234
2018-04-11 16:30:00,54.810001373291016
2018-04-11 17:30:00,54.84000015258789
2018-04-11 18:30:00,54.974998474121094
2018-04-11 19:30:00,55.02000045776367
2018-04-12 13:30:00,55.564998626708984
2018-04-12 14:30:00,55.45000076293945
2018-04-12 15:30:00,55.470001220703125
2018-04-12 16:30:00,55.189998626708984
2018-04-12 17:30:00,55.189998626708984
2018-04-12 18:30:00,55.15999984741211
2018-04-12 19:30:00,55.20000076293945
2018-04-13 13:30:00,55.55500030517578
2018-04-13 14:30:00,55.689998626708984
2018-04-13 15:30:00,55.7599983215332
2018-04-13 16:30:00,56.150001525878906
2018-04-13 17:30:00,55.939998626708984
2018-04-13 18:30:00,55.49679946899414
2018-04-13 19:30:00,55.72999954223633
2018-04-16 13:30:00,55.2599983215332
2018-04-16 14:30:00,55.08000183105469
2018-04-16 15:30:00,55.13999938964844
2018-04-16 16:30:00,55.14500045776367
2018-04-16 17:30:00,54.959999084472656
2018-04-16 18:30:00,54.664398193359375
2018-04-16 19:30:00,54.779998779296875
2018-04-17 13:30:00,55.29999923706055
2018-04-17 14:30:00,55.40999984741211
2018-04-17 15:30:00,55.53499984741211
2018-04-17 16:30:00,55.5
2018-04-17 17:30:00,55.599998474121094
2018-04-17 18:30:00,55.4900016784668
2018-04-17 19:30:00,55.33000183105469
2018-04-18 13:30:00,55.08000183105469
2018-04-18 14:30:00,55.400001525878906
2018-04-18 15:30:00,55.33689880371094
2018-04-18 16:30:00,55.45000076293945
2018-04-18 17:30:00,55.36349868774414
2018-04-18 18:30:00,55.40999984741211
2018-04-18 19:30:00,55.22999954223633
2018-04-19 13:30:00,52.81999969482422
2018-04-19 14:30:00,53.36750030517578
2018-04-19 15:30:00,52.779998779296875
2018-04-19 16:30:00,52.71500015258789
2018-04-19 17:30:00,52.61000061035156
2018-04-19 18:30:00,52.68000030517578
2018-04-19 19:30:00,52.58000183105469
2018-04-20 13:30:00,52.36000061035156
2018-04-20 14:30:00,51.599998474121094
2018-04-20 15:30:00,51.69499969482422
2018-04-20 16:30:00,51.70000076293945
2018-04-20 17:30:00,51.619998931884766
2018-04-20 18:30:00,51.415000915527344
2018-04-20 19:30:00,51.43000030517578
2018-04-23 13:30:00,50.939998626708984
2018-04-23 14:30:00,51.099998474121094
2018-04-23 15:30:00,50.689998626708984
2018-04-23 16:30:00,50.540000915527344
2018-04-23 17:30:00,50.529998779296875
2018-04-23 18:30:00,50.459999084472656
2018-04-23 19:30:00,50.529998779296875
2018-04-24 13:30:00,50.43000030517578
2018-04-24 14:30:00,50.1150016784668
2018-04-24 15:30:00,50.11000061035156
2018-04-24 16:30:00,49.790000915527344
2018-04-24 17:30:00,49.459999084472656
2018-04-24 18:30:00,49.775001525878906
2018-04-24 19:30:00,49.91999816894531
2018-04-25 13:30:00,49.47999954223633
2018-04-25 14:30:00,49.81999969482422
2018-04-25 15:30:00,49.66999816894531
2018-04-25 16:30:00,49.4900016784668
2018-04-25 17:30:00,49.599998474121094
2018-04-25 18:30:00,49.87799835205078
2018-04-25 19:30:00,49.75
2018-04-26 13:30:00,50.13999938964844
2018-04-26 14:30:00,49.65999984741211
2018-04-26 15:30:00,49.939998626708984
2018-04-26 16:30:00,50.189998626708984
2018-04-26 17:30:00,50.079898834228516
2018-04-26 18:30:00,50.25
2018-04-26 19:30:00,50.47999954223633
2018-04-27 13:30:00,50.599998474121094
2018-04-27 14:30:00,50.9900016784668
2018-04-27 15:30:00,51.04999923706055
2018-04-27 16:30:00,51.119998931884766
2018-04-27 17:30:00,51.2400016784668
2018-04-27 18:30:00,51.084999084472656
2018-04-27 19:30:00,51.11000061035156
2018-04-30 13:30:00,51.5099983215332
2018-04-30 14:30:00,51.63999938964844
2018-04-30 15:30:00,51.244998931884766
2018-04-30 16:30:00,51.119998931884766
2018-04-30 17:30:00,51.14500045776367
2018-04-30 18:30:00,51.09000015258789
2018-04-30 19:30:00,51.029998779296875
2018-05-01 13:30:00,50.53609848022461
2018-05-01 14:30:00,50.459999084472656
2018-05-01 15:30:00,50.45000076293945
2018-05-01 16:30:00,50.13999938964844
2018-05-01 17:30:00,50.380001068115234
2018-05-01 18:30:00,50.43830108642578
2018-05-01 19:30:00,50.810001373291016
2018-05-02 13:30:00,50.83000183105469
2018-05-02 14:30:00,50.67499923706055
2018-05-02 15:30:00,50.599998474121094
2018-05-02 16:30:00,50.439998626708984
2018-05-02 17:30:00,50.380001068115234
2018-05-02 18:30:00,50.130001068115234
2018-05-02 19:30:00,50.27000045776367
2018-05-03 13:30:00,49.86750030517578
2018-05-03 14:30:00,49.47999954223633
2018-05-03 15:30:00,49.6150016784668
2018-05-03 16:30:00,50.19499969482422
2018-05-03 17:30:00,50.130001068115234
2018-05-03 18:30:00,50.459999084472656
2018-05-03 19:30:00,50.310001373291016
2018-05-04 13:30:00,50.650001525878906
2018-05-04 14:30:00,51.43000030517578
2018-05-04 15:30:00,52.09000015258789
2018-05-04 16:30:00,52.16999816894531
2018-05-04 17:30:00,52.400001525878906
2018-05-04 18:30:00,52.459999084472656
2018-05-04 19:30:00,52.4900016784668
2018-05-07 13:30:00,52.85499954223633
2018-05-07 14:30:00,52.94499969482422
2018-05-07 15:30:00,53.0099983215332
2018-05-07 16:30:00,52.905601501464844
2018-05-07 17:30:00,53.09000015258789
2018-05-07 18:30:00,52.91999816894531
2018-05-07 19:30:00,53.0099983215332
2018-05-08 13:30:00,52.380001068115234
2018-05-08 14:30:00,52.255001068115234
2018-05-08 15:30:00,52.21500015258789
2018-05-08 16:30:00,52.40549850463867
2018-05-08 17:30:00,52.64500045776367
2018-05-08 18:30:00,52.63999938964844
2018-05-08 19:30:00,52.86000061035156
2018-05-09 13:30:00,52.36000061035156
2018-05-09 14:30:00,52.48099899291992
2018-05-09 15:30:00,52.84000015258789
2018-05-09 16:30:00,53.154998779296875
2018-05-09 17:30:00,53.18000030517578
2018-05-09 18:30:00,53.08000183105469
2018-05-09 19:30:00,53.18000030517578
2018-05-10 13:30:00,54.5
2018-05-10 14:30:00,54.619998931884766
2018-05-10 15:30:00,54.814701080322266
2018-05-10 16:30:00,54.78770065307617
2018-05-10 17:30:00,54.869998931884766
2018-05-10 18:30:00,54.810001373291016
2018-05-10 19:30:00,54.97999954223633
2018-05-11 13:30:00,55.20000076293945
2018-05-11 14:30:00,55.334999084472656
2018-05-11 15:30:00,55.34000015258789
2018-05-11 16:30:00,55.52000045776367
2018-05-11 17:30:00,55.290000915527344
2018-05-11 18:30:00,55.224998474121094
2018-05-11 19:30:00,55.22999954223633
2018-05-14 13:30:00,57.0
2018-05-14 14:30:00,56.75
2018-05-14 15:30:00,57.0
2018-05-14 16:30:00,56.790000915527344
2018-05-14 17:30:00,56.849998474121094
2018-05-14 18:30:00,56.91999816894531
2018-05-14 19:30:00,56.7400016784668
2018-05-15 13:30:00,55.84000015258789
2018-05-15 14:30:00,55.654998779296875
2018-05-15 15:30:00,55.309898376464844
2018-05-15 16:30:00,55.310001373291016
2018-05-15 17:30:00,55.459999084472656
2018-05-15 18:30:00,55.31999969482422
2018-05-15 19:30:00,55.63999938964844
2018-05-16 13:30:00,56.45000076293945
2018-05-16 14:30:00,56.31999969482422
2018-05-16 15:30:00,56.54999923706055
2018-05-16 16:30:00,56.5099983215332
2018-05-16 17:30:00,56.599998474121094
2018-05-16 18:30:00,56.720001220703125
2018-05-16 19:30:00,56.70000076293945
2018-05-17 13:30:00,57.06999969482422
2018-05-17 14:30:00,57.06999969482422
2018-05-17 15:30:00,57.119998931884766
2018-05-17 16:30:00,56.935001373291016
2018-05-17 17:30:00,56.83000183105469
2018-05-17 18:30:00,56.9900016784668
2018-05-17 19:30:00,56.95000076293945
2018-05-18 13:30:00,56.810001373291016
2018-05-18 14:30:00,57.91999816894531
2018-05-18 15:30:00,57.7599983215332
2018-05-18 16:30:00,57.81999969482422
2018-05-18 17:30:00,57.779998779296875
2018-05-18 18:30:00,57.57889938354492
2018-05-18 19:30:00,57.5099983215332
2018-05-21 13:30:00,57.380001068115234
2018-05-21 14:30:00,56.84000015258789
2018-05-21 15:30:00,57.0
2018-05-21 16:30:00,57.224998474121094
2018-05-21 17:30:00,57.09000015258789
2018-05-21 18:30:00,57.349998474121094
2018-05-21 19:30:00,57.720001220703125
2018-05-22 13:30:00,57.52000045776367
2018-05-22 14:30:00,57.61000061035156
2018-05-22 15:30:00,57.404998779296875
2018-05-22 16:30:00,57.52000045776367
2018-05-22 17:30:00,57.70000076293945
2018-05-22 18:30:00,57.59000015258789
2018-05-22 19:30:00,57.400001525878906
2018-05-23 13:30:00,58.0
2018-05-23 14:30:00,58.099998474121094
2018-05-23 15:30:00,57.959999084472656
2018-05-23 16:30:00,57.880001068115234
2018-05-23 17:30:00,58.36000061035156
2018-05-23 18:30:00,58.67499923706055
2018-05-23 19:30:00,58.83000183105469
2018-05-24 13:30:00,58.2599983215332
2018-05-24 14:30:00,58.63999938964844
2018-05-24 15:30:00,59.0
2018-05-24 16:30:00,59.08000183105469
2018-05-24 17:30:00,58.93000030517578
2018-05-24 18:30:00,58.959999084472656
2018-05-24 19:30:00,59.099998474121094
2018-05-25 13:30:00,59.595001220703125
2018-05-25 14:30:00,59.40999984741211
2018-05-25 15:30:00,59.43000030517578
2018-05-25 16:30:00,59.529998779296875
2018-05-25 17:30:00,59.70000076293945
2018-05-25 18:30:00,59.90999984741211
2018-05-25 19:30:00,59.95000076293945
2018-05-29 13:30:00,58.58000183105469
2018-05-29 14:30:00,58.43000030517578
2018-05-29 15:30:00,57.939998626708984
2018-05-29 16:30:00,58.209999084472656
2018-05-29 17:30:00,58.33000183105469
2018-05-29 18:30:00,58.02000045776367
2018-05-29 19:30:00,58.22999954223633
2018-05-30 13:30:00,58.13999938964844
2018-05-30 14:30:00,58.34000015258789
2018-05-30 15:30:00,58.380001068115234
2018-05-30 16:30:00,58.47999954223633
2018-05-30 17:30:00,58.48500061035156
2018-05-30 18:30:00,58.56999969482422
2018-05-30 19:30:00,58.38999938964844
2018-05-31 13:30:00,58.150001525878906
2018-05-31 14:30:00,58.2599983215332
2018-05-31 15:30:00,58.2400016784668
2018-05-31 16:30:00,58.244998931884766
2018-05-31 17:30:00,58.13999938964844
2018-05-31 18:30:00,58.32500076293945
2018-05-31 19:30:00,58.119998931884766
2018-06-01 13:30:00,58.40999984741211
2018-06-01 14:30:00,58.150001525878906
2018-06-01 15:30:00,58.310001373291016
2018-06-01 16:30:00,58.39390182495117
2018-06-01 17:30:00,58.47999954223633
2018-06-01 18:30:00,58.31999969482422
2018-06-01 19:30:00,58.59000015258789
2018-06-04 13:30:00,58.150001525878906
2018-06-04 14:30:00,58.150001525878906
2018-06-04 15:30:00,58.369998931884766
2018-06-04 16:30:00,58.400001525878906
2018-06-04 17:30:00,58.53010177612305
2018-06-04 18:30:00,58.63999938964844
2018-06-04 19:30:00,58.70000076293945
2018-06-05 13:30:00,59.130001068115234
2018-06-05 14:30:00,59.189998626708984
2018-06-05 15:30:00,59.1338996887207
2018-06-05 16:30:00,59.064998626708984
2018-06-05 17:30:00,59.09749984741211
2018-06-05 18:30:00,58.9900016784668
2018-06-05 19:30:00,59.0
2018-06-06 13:30:00,59.279998779296875
2018-06-06 14:30:00,59.47999954223633
2018-06-06 15:30:00,59.32500076293945
2018-06-06 16:30:00,59.459999084472656
2018-06-06 17:30:00,59.41999816894531
2018-06-06 18:30:00,59.54999923706055
2018-06-06 19:30:00,59.849998474121094
2018-06-07 13:30:00,61.28499984741211
2018-06-07 14:30:00,61.04999923706055
2018-06-07 15:30:00,60.70000076293945
2018-06-07 16:30:00,60.342498779296875
2018-06-07 17:30:00,60.5
2018-06-07 18:30:00,60.709999084472656
2018-06-07 19:30:00,60.619998931884766
2018-06-08 13:30:00,60.22999954223633
2018-06-08 14:30:00,60.13999938964844
2018-06-08 15:30:00,60.55500030517578
2018-06-08 16:30:00,60.459999084472656
2018-06-08 17:30:00,60.439998626708984
2018-06-08 18:30:00,60.2400016784668
2018-06-08 19:30:00,60.25
2018-06-11 13:30:00,60.04999923706055
2018-06-11 14:30:00,60.040000915527344
2018-06-11 15:30:00,60.290000915527344
2018-06-11 16:30:00,60.31999969482422
2018-06-11 17:30:00,60.28499984741211
2018-06-11 18:30:00,60.279998779296875
2018-06-11 19:30:00,59.93000030517578
2018-06-12 13:30:00,59.68000030517578
2018-06-12 14:30:00,60.029998779296875
2018-06-12 15:30:00,60.09000015258789
2018-06-12 16:30:00,59.869998931884766
2018-06-12 17:30:00,59.720001220703125
2018-06-12 18:30:00,59.686100006103516
2018-06-12 19:30:00,59.79999923706055
2018-06-13 13:30:00,60.0
2018-06-13 14:30:00,60.104000091552734
2018-06-13 15:30:00,59.92660140991211
2018-06-13 16:30:00,60.01499938964844
2018-06-13 17:30:00,59.43000030517578
2018-06-13 18:30:00,59.5
2018-06-13 19:30:00,59.2400016784668
2018-06-14 13:30:00,59.599998474121094
2018-06-14 14:30:00,59.369998931884766
2018-06-14 15:30:00,59.29999923706055
2018-06-14 16:30:00,59.5099983215332
2018-06-14 17:30:00,59.209999084472656
2018-06-14 18:30:00,59.33000183105469
2018-06-14 19:30:00,59.459999084472656
2018-06-15 13:30:00,59.40999984741211
2018-06-15 14:30:00,59.27000045776367
2018-06-15 15:30:00,59.5099983215332
2018-06-15 16:30:00,59.83000183105469
2018-06-15 17:30:00,59.810001373291016
2018-06-15 18:30:00,59.779998779296875
2018-06-15 19:30:00,59.849998474121094
2018-06-18 13:30:00,59.04999923706055
2018-06-18 14:30:00,59.19499969482422
2018-06-18 15:30:00,59.06999969482422
2018-06-18 16:30:00,59.13999938964844
2018-06-18 17:30:00,59.150001525878906
2018-06-18 18:30:00,59.209999084472656
2018-06-18 19:30:00,59.20000076293945
2018-06-19 13:30:00,58.27000045776367
2018-06-19 14:30:00,58.52000045776367
2018-06-19 15:30:00,58.290000915527344
2018-06-19 16:30:00,58.275001525878906
2018-06-19 17:30:00,58.349998474121094
2018-06-19 18:30:00,58.6349983215332
2018-06-19 19:30:00,58.720001220703125
2018-06-20 13:30:00,58.529998779296875
2018-06-20 14:30:00,58.58000183105469
2018-06-20 15:30:00,58.70000076293945
2018-06-20 16:30:00,58.78499984741211
2018-06-20 17:30:00,58.95000076293945
2018-06-20 18:30:00,58.851898193359375
2018-06-20 19:30:00,58.78099822998047
2018-06-21 13:30:00,58.650001525878906
2018-06-21 14:30:00,58.67499923706055
2018-06-21 15:30:00,58.560001373291016
2018-06-21 16:30:00,58.7599983215332
2018-06-21 17:30:00,58.70000076293945
2018-06-21 18:30:00,58.849998474121094
2018-06-21 19:30:00,58.7599983215332
2018-06-22 13:30:00,58.63999938964844
2018-06-22 14:30:00,59.08000183105469
2018-06-22 15:30:00,58.755001068115234
2018-06-22 16:30:00,58.7599983215332
2018-06-22 17:30:00,58.68000030517578
2018-06-22 18:30:00,58.720001220703125
2018-06-22 19:30:00,58.4900016784668
2018-06-25 13:30:00,57.529998779296875
2018-06-25 14:30:00,57.263099670410156
2018-06-25 15:30:00,56.83000183105469
2018-06-25 16:30:00,56.94499969482422
2018-06-25 17:30:00,57.02000045776367
2018-06-25 18:30:00,56.779998779296875
2018-06-25 19:30:00,57.04999923706055
2018-06-26 13:30:00,56.900001525878906
2018-06-26 14:30:00,56.84749984741211
2018-06-26 15:30:00,56.849998474121094
2018-06-26 16:30:00,56.689998626708984
2018-06-26 17:30:00,56.880001068115234
2018-06-26 18:30:00,56.57500076293945
2018-06-26 19:30:00,56.42499923706055
2018-06-27 13:30:00,57.005001068115234
2018-06-27 14:30:00,56.58000183105469
2018-06-27 15:30:00,56.7599983215332
2018-06-27 16:30:00,56.125
2018-06-27 17:30:00,55.72999954223633
2018-06-27 18:30:00,55.61000061035156
2018-06-27 19:30:00,55.16999816894531
2018-06-28 13:30:00,55.75
2018-06-28 14:30:00,56.279998779296875
2018-06-28 15:30:00,56.02000045776367
2018-06-28 16:30:00,56.04499816894531
2018-06-28 17:30:00,56.04999923706055
2018-06-28 18:30:00,55.97999954223633
2018-06-28 19:30:00,55.900001525878906
2018-06-29 13:30:00,56.529998779296875
2018-06-29 14:30:00,56.599998474121094
2018-06-29 15:30:00,56.4900016784668
2018-06-29 16:30:00,56.426700592041016
2018-06-29 17:30:00,56.45000076293945
2018-06-29 18:30:00,56.459999084472656
2018-06-29 19:30:00,56.130001068115234
2018-07-02 13:30:00,55.2599983215332
2018-07-02 14:30:00,55.44499969482422
2018-07-02 15:30:00,55.52000045776367
2018-07-02 16:30:00,55.29999923706055
2018-07-02 17:30:00,56.069801330566406
2018-07-02 18:30:00,56.006099700927734
2018-07-02 19:30:00,56.18000030517578
2018-07-03 13:30:00,56.29999923706055
2018-07-03 14:30:00,56.494998931884766
2018-07-03 15:30:00,56.064998626708984
2018-07-03 17:00:00,55.27989959716797
2018-07-05 13:30:00,56.540000915527344
2018-07-05 14:30:00,56.68000030517578
2018-07-05 15:30:00,57.125
2018-07-05 16:30:00,57.15489959716797
2018-07-05 17:30:00,57.07500076293945
2018-07-05 18:30:00,57.15999984741211
2018-07-05 19:30:00,57.369998931884766
2018-07-06 13:30:00,57.2400016784668
2018-07-06 14:30:00,57.69499969482422
2018-07-06 15:30:00,57.86000061035156
2018-07-06 16:30:00,58.05500030517578
2018-07-06 17:30:00,57.7599983215332
2018-07-06 18:30:00,57.95000076293945
2018-07-06 19:30:00,57.849998474121094
2018-07-09 13:30:00,57.52000045776367
2018-07-09 14:30:00,57.56999969482422
2018-07-09 15:30:00,57.77000045776367
2018-07-09 16:30:00,57.900001525878906
2018-07-09 17:30:00,57.86389923095703
2018-07-09 18:30:00,57.90999984741211
2018-07-09 19:30:00,58.040000915527344
2018-07-10 13:30:00,58.17499923706055
2018-07-10 14:30:00,58.19499969482422
2018-07-10 15:30:00,58.44499969482422
2018-07-10 16:30:00,58.345001220703125
2018-07-10 17:30:00,58.369998931884766
2018-07-10 18:30:00,58.38999938964844
2018-07-10 19:30:00,58.369998931884766
2018-07-11 13:30:00,57.369998931884766
2018-07-11 14:30:00,56.834999084472656
2018-07-11 15:30:00,56.959999084472656
2018-07-11 16:30:00,57.40999984741211
2018-07-11 17:30:00,57.43000030517578
2018-07-11 18:30:00,57.375
2018-07-11 19:30:00,57.310001373291016
2018-07-12 13:30:00,58.369998931884766
2018-07-12 14:30:00,58.07500076293945
2018-07-12 15:30:00,58.150001525878906
2018-07-12 16:30:00,58.150001525878906
2018-07-12 17:30:00,58.029998779296875
2018-07-12 18:30:00,58.189998626708984
2018-07-12 19:30:00,58.31999969482422
2018-07-13 13:30:00,58.380001068115234
2018-07-13 14:30:00,58.3650016784668
2018-07-13 15:30:00,58.474998474121094
2018-07-13 16:30:00,58.489601135253906
2018-07-13 17:30:00,58.439998626708984
2018-07-13 18:30:00,58.459999084472656
2018-07-13 19:30:00,58.38999938964844
2018-07-16 13:30:00,58.349998474121094
2018-07-16 14:30:00,58.35499954223633
2018-07-16 15:30:00,58.790000915527344
2018-07-16 16:30:00,58.619998931884766
2018-07-16 17:30:00,58.53499984741211
2018-07-16 18:30:00,58.459999084472656
2018-07-16 19:30:00,58.349998474121094
2018-07-17 13:30:00,58.0099983215332
2018-07-17 14:30:00,58.189998626708984
2018-07-17 15:30:00,58.43000030517578
2018-07-17 16:30:00,58.33000183105469
2018-07-17 17:30:00,58.380001068115234
2018-07-17 18:30:00,58.630001068115234
2018-07-17 19:30:00,58.90999984741211
2018-07-18 13:30:00,58.595001220703125
2018-07-18 14:30:00,58.459999084472656
2018-07-18 15:30:00,58.71500015258789
2018-07-18 16:30:00,58.720001220703125
2018-07-18 17:30:00,58.720001220703125
2018-07-18 18:30:00,58.599998474121094
2018-07-18 19:30:00,58.7599983215332
2018-07-19 13:30:00,59.43840026855469
2018-07-19 14:30:00,59.31999969482422
2018-07-19 15:30:00,59.29010009765625
2018-07-19 16:30:00,59.45500183105469
2018-07-19 17:30:00,59.415000915527344
2018-07-19 18:30:00,59.33000183105469
2018-07-19 19:30:00,59.310001373291016
2018-07-20 13:30:00,59.06999969482422
2018-07-20 14:30:00,59.150001525878906
2018-07-20 15:30:00,58.8650016784668
2018-07-20 16:30:00,58.83000183105469
2018-07-20 17:30:00,58.799800872802734
2018-07-20 18:30:00,58.689998626708984
2018-07-20 19:30:00,58.619998931884766
2018-07-23 13:30:00,58.26499938964844
2018-07-23 14:30:00,58.72999954223633
2018-07-23 15:30:00,59.16400146484375
2018-07-23 16:30:00,58.959999084472656
2018-07-23 17:30:00,58.977699279785156
2018-07-23 18:30:00,59.084999084472656
2018-07-23 19:30:00,59.06999969482422
2018-07-24 13:30:00,59.214298248291016
2018-07-24 14:30:00,59.125
2018-07-24 15:30:00,59.189998626708984
2018-07-24 16:30:00,59.130001068115234
2018-07-24 17:30:00,59.022701263427734
2018-07-24 18:30:00,58.875
2018-07-24 19:30:00,58.849998474121094
2018-07-25 13:30:00,58.38159942626953
2018-07-25 14:30:00,57.959999084472656
2018-07-25 15:30:00,58.43000030517578
2018-07-25 16:30:00,58.36000061035156
2018-07-25 17:30:00,58.58000183105469
2018-07-25 18:30:00,58.54499816894531
2018-07-25 19:30:00,59.41999816894531
2018-07-26 13:30:00,61.5099983215332
2018-07-26 14:30:00,62.400001525878906
2018-07-26 15:30:00,62.20000076293945
2018-07-26 16:30:00,62.439998626708984
2018-07-26 17:30:00,63.119998931884766
2018-07-26 18:30:00,63.46500015258789
2018-07-26 19:30:00,63.58000183105469
2018-07-27 13:30:00,62.98099899291992
2018-07-27 14:30:00,62.93000030517578
2018-07-27 15:30:00,62.92499923706055
2018-07-27 16:30:00,62.67499923706055
2018-07-27 17:30:00,62.320098876953125
2018-07-27 18:30:00,62.63999938964844
2018-07-27 19:30:00,62.689998626708984
2018-07-30 13:30:00,62.540000915527344
2018-07-30 14:30:00,62.5
2018-07-30 15:30:00,62.510101318359375
2018-07-30 16:30:00,62.540000915527344
2018-07-30 17:30:00,62.650001525878906
2018-07-30 18:30:00,62.32500076293945
2018-07-30 19:30:00,62.040000915527344
2018-07-31 13:30:00,63.970001220703125
2018-07-31 14:30:00,64.38999938964844
2018-07-31 15:30:00,64.18000030517578
2018-07-31 16:30:00,64.32499694824219
2018-07-31 17:30:00,64.22470092773438
2018-07-31 18:30:00,64.04000091552734
2018-07-31 19:30:00,64.08999633789062
2018-08-01 13:30:00,64.59510040283203
2018-08-01 14:30:00,64.41000366210938
2018-08-01 15:30:00,64.22000122070312
2018-08-01 16:30:00,64.11000061035156
2018-08-01 17:30:00,64.30000305175781
2018-08-01 18:30:00,64.37999725341797
2018-08-01 19:30:00,64.36000061035156
2018-08-02 13:30:00,64.86000061035156
2018-08-02 14:30:00,64.73500061035156
2018-08-02 15:30:00,64.91999816894531
2018-08-02 16:30:00,64.88099670410156
2018-08-02 17:30:00,64.61000061035156
2018-08-02 18:30:00,64.69499969482422
2018-08-02 19:30:00,64.76499938964844
2018-08-03 13:30:00,65.08000183105469
2018-08-03 14:30:00,65.16439819335938
2018-08-03 15:30:00,65.26499938964844
2018-08-03 16:30:00,65.44999694824219
2018-08-03 17:30:00,65.5009994506836
2018-08-03 18:30:00,65.38500213623047
2018-08-03 19:30:00,65.4000015258789
2018-08-06 13:30:00,65.44999694824219
2018-08-06 14:30:00,65.61000061035156
2018-08-06 15:30:00,65.61000061035156
2018-08-06 16:30:00,65.7750015258789
2018-08-06 17:30:00,65.71499633789062
2018-08-06 18:30:00,65.86499786376953
2018-08-06 19:30:00,65.7300033569336
2018-08-07 13:30:00,65.5
2018-08-07 14:30:00,65.61000061035156
2018-08-07 15:30:00,65.6449966430664
2018-08-07 16:30:00,65.5999984741211
2018-08-07 17:30:00,65.5
2018-08-07 18:30:00,65.58000183105469
2018-08-07 19:30:00,65.43000030517578
2018-08-08 13:30:00,65.38999938964844
2018-08-08 14:30:00,65.38500213623047
2018-08-08 15:30:00,65.38999938964844
2018-08-08 16:30:00,65.4000015258789
2018-08-08 17:30:00,65.33999633789062
2018-08-08 18:30:00,65.2699966430664
2018-08-08 19:30:00,65.13999938964844
2018-08-09 13:30:00,65.05000305175781
2018-08-09 14:30:00,64.98500061035156
2018-08-09 15:30:00,65.01000213623047
2018-08-09 16:30:00,65.13999938964844
2018-08-09 17:30:00,65.1500015258789
2018-08-09 18:30:00,65.16000366210938
2018-08-09 19:30:00,65.08000183105469
2018-08-10 13:30:00,64.7300033569336
2018-08-10 14:30:00,64.83000183105469
2018-08-10 15:30:00,64.88690185546875
2018-08-10 16:30:00,64.81999969482422
2018-08-10 17:30:00,64.54000091552734
2018-08-10 18:30:00,64.81999969482422
2018-08-10 19:30:00,64.81999969482422
2018-08-13 13:30:00,65.16999816894531
2018-08-13 14:30:00,64.95999908447266
2018-08-13 15:30:00,64.80000305175781
2018-08-13 16:30:00,64.91999816894531
2018-08-13 17:30:00,65.06999969482422
2018-08-13 18:30:00,65.0
2018-08-13 19:30:00,64.83999633789062
2018-08-14 13:30:00,64.94999694824219
2018-08-14 14:30:00,64.98999786376953
2018-08-14 15:30:00,65.12999725341797
2018-08-14 16:30:00,65.16500091552734
2018-08-14 17:30:00,65.43000030517578
2018-08-14 18:30:00,65.4000015258789
2018-08-14 19:30:00,65.44000244140625
2018-08-15 13:30:00,64.93000030517578
2018-08-15 14:30:00,64.66999816894531
2018-08-15 15:30:00,65.15499877929688
2018-08-15 16:30:00,65.6500015258789
2018-08-15 17:30:00,65.37999725341797
2018-08-15 18:30:00,65.58000183105469
2018-08-15 19:30:00,65.69000244140625
2018-08-16 13:30:00,65.77999877929688
2018-08-16 14:30:00,65.9446029663086
2018-08-16 15:30:00,65.86000061035156
2018-08-16 16:30:00,65.87999725341797
2018-08-16 17:30:00,65.7300033569336
2018-08-16 18:30:00,65.79000091552734
2018-08-16 19:30:00,65.77999877929688
2018-08-17 13:30:00,65.44000244140625
2018-08-17 14:30:00,65.5
2018-08-17 15:30:00,65.94999694824219
2018-08-17 16:30:00,65.70999908447266
2018-08-17 17:30:00,65.94999694824219
2018-08-17 18:30:00,66.05000305175781
2018-08-17 19:30:00,66.08000183105469
2018-08-20 13:30:00,66.0
2018-08-20 14:30:00,65.91000366210938
2018-08-20 15:30:00,65.96499633789062
2018-08-20 16:30:00,66.05000305175781
2018-08-20 17:30:00,66.09500122070312
2018-08-20 18:30:00,66.2750015258789
2018-08-20 19:30:00,66.12000274658203
2018-08-21 13:30:00,66.27999877929688
2018-08-21 14:30:00,66.4000015258789
2018-08-21 15:30:00,66.61000061035156
2018-08-21 16:30:00,66.66500091552734
2018-08-21 17:30:00,66.69999694824219
2018-08-21 18:30:00,66.54000091552734
2018-08-21 19:30:00,66.55999755859375
2018-08-22 13:30:00,66.94499969482422
2018-08-22 14:30:00,66.99849700927734
2018-08-22 15:30:00,66.83000183105469
2018-08-22 16:30:00,66.9000015258789
2018-08-22 17:30:00,66.77999877929688
2018-08-22 18:30:00,66.7699966430664
2018-08-22 19:30:00,66.86000061035156
2018-08-23 13:30:00,67.23999786376953
2018-08-23 14:30:00,66.9749984741211
2018-08-23 15:30:00,66.94999694824219
2018-08-23 16:30:00,66.87999725341797
2018-08-23 17:30:00,66.98999786376953
2018-08-23 18:30:00,66.93000030517578
2018-08-23 19:30:00,66.86000061035156
2018-08-24 13:30:00,67.09500122070312
2018-08-24 14:30:00,67.16999816894531
2018-08-24 15:30:00,67.2249984741211
2018-08-24 16:30:00,67.1449966430664
2018-08-24 17:30:00,67.2699966430664
2018-08-24 18:30:00,67.16000366210938
2018-08-24 19:30:00,67.1500015258789
2018-08-27 13:30:00,67.43000030517578
2018-08-27 14:30:00,67.33999633789062
2018-08-27 15:30:00,67.3550033569336
2018-08-27 16:30:00,67.40299987792969
2018-08-27 17:30:00,67.38999938964844
2018-08-27 18:30:00,67.30000305175781
2018-08-27 19:30:00,67.33999633789062
2018-08-28 13:30:00,69.45989990234375
2018-08-28 14:30:00,69.44000244140625
2018-08-28 15:30:00,69.55000305175781
2018-08-28 16:30:00,69.91490173339844
2018-08-28 17:30:00,70.05999755859375
2018-08-28 18:30:00,69.41000366210938
2018-08-28 19:30:00,69.76000213623047
2018-08-29 13:30:00,69.80500030517578
2018-08-29 14:30:00,70.04000091552734
2018-08-29 15:30:00,69.93450164794922
2018-08-29 16:30:00,69.7531967163086
2018-08-29 17:30:00,69.7300033569336
2018-08-29 18:30:00,69.44519805908203
2018-08-29 19:30:00,69.19000244140625
2018-08-30 13:30:00,68.44999694824219
2018-08-30 14:30:00,68.75
2018-08-30 15:30:00,68.8499984741211
2018-08-30 16:30:00,68.77999877929688
2018-08-30 17:30:00,68.30999755859375
2018-08-30 18:30:00,68.19999694824219
2018-08-30 19:30:00,68.1500015258789
2018-08-31 13:30:00,68.59500122070312
2018-08-31 14:30:00,68.48999786376953
2018-08-31 15:30:00,68.41000366210938
2018-08-31 16:30:00,68.41999816894531
2018-08-31 17:30:00,68.33999633789062
2018-08-31 18:30:00,68.45120239257812
2018-08-31 19:30:00,68.69000244140625
2018-09-04 13:30:00,69.69999694824219
2018-09-04 14:30:00,69.80999755859375
2018-09-04 15:30:00,69.58999633789062
2018-09-04 16:30:00,69.73999786376953
2018-09-04 17:30:00,69.54499816894531
2018-09-04 18:30:00,69.91000366210938
2018-09-04 19:30:00,69.9800033569336
2018-09-05 13:30:00,69.8499984741211
2018-09-05 14:30:00,69.4000015258789
2018-09-05 15:30:00,69.53500366210938
2018-09-05 16:30:00,69.8949966430664
2018-09-05 17:30:00,70.13999938964844
2018-09-05 18:30:00,70.93499755859375
2018-09-05 19:30:00,70.91000366210938
2018-09-06 13:30:00,70.87000274658203
2018-09-06 14:30:00,70.62000274658203
2018-09-06 15:30:00,70.58000183105469
2018-09-06 16:30:00,70.5
2018-09-06 17:30:00,70.40499877929688
2018-09-06 18:30:00,70.51010131835938
2018-09-06 19:30:00,70.3499984741211
2018-09-07 13:30:00,70.16999816894531
2018-09-07 14:30:00,70.1500015258789
2018-09-07 15:30:00,69.91999816894531
2018-09-07 16:30:00,69.81999969482422
2018-09-07 17:30:00,69.94999694824219
2018-09-07 18:30:00,69.91999816894531
2018-09-07 19:30:00,70.3499984741211
2018-09-10 13:30:00,71.51000213623047
2018-09-10 14:30:00,72.25
2018-09-10 15:30:00,72.0354995727539
2018-09-10 16:30:00,72.5
2018-09-10 17:30:00,72.66999816894531
2018-09-10 18:30:00,72.36499786376953
2018-09-10 19:30:00,72.33999633789062
2018-09-11 13:30:00,72.3949966430664
2018-09-11 14:30:00,72.0999984741211
2018-09-11 15:30:00,72.26499938964844
2018-09-11 16:30:00,72.25
2018-09-11 17:30:00,72.3301010131836
2018-09-11 18:30:00,72.39140319824219
2018-09-11 19:30:00,72.5
2018-09-12 13:30:00,70.61000061035156
2018-09-12 14:30:00,70.72000122070312
2018-09-12 15:30:00,71.05000305175781
2018-09-12 16:30:00,71.26000213623047
2018-09-12 17:30:00,71.37000274658203
2018-09-12 18:30:00,72.13999938964844
2018-09-12 19:30:00,71.76000213623047
2018-09-13 13:30:00,74.13639831542969
2018-09-13 14:30:00,74.80000305175781
2018-09-13 15:30:00,74.5199966430664
2018-09-13 16:30:00,74.98470306396484
2018-09-13 17:30:00,74.87999725341797
2018-09-13 18:30:00,74.4000015258789
2018-09-13 19:30:00,74.5999984741211
2018-09-14 13:30:00,75.19999694824219
2018-09-14 14:30:00,74.69000244140625
2018-09-14 15:30:00,74.69000244140625
2018-09-14 16:30:00,74.96659851074219
2018-09-14 17:30:00,75.06999969482422
2018-09-14 18:30:00,74.9000015258789
2018-09-14 19:30:00,75.08999633789062
2018-09-17 13:30:00,75.19999694824219
2018-09-17 14:30:00,74.5250015258789
2018-09-17 15:30:00,74.16000366210938
2018-09-17 16:30:00,74.05999755859375
2018-09-17 17:30:00,73.97000122070312
2018-09-17 18:30:00,73.625
2018-09-17 19:30:00,73.25
2018-09-18 13:30:00,74.6500015258789
2018-09-18 14:30:00,75.2699966430664
2018-09-18 15:30:00,75.08999633789062
2018-09-18 16:30:00,75.22000122070312
2018-09-18 17:30:00,75.24500274658203
2018-09-18 18:30:00,74.95999908447266
2018-09-18 19:30:00,74.72000122070312
2018-09-19 13:30:00,74.2300033569336
2018-09-19 14:30:00,74.27999877929688
2018-09-19 15:30:00,74.1500015258789
2018-09-19 16:30:00,73.79499816894531
2018-09-19 17:30:00,74.01139831542969
2018-09-19 18:30:00,74.26000213623047
2018-09-19 19:30:00,74.05999755859375
2018-09-20 13:30:00,74.99500274658203
2018-09-20 14:30:00,75.0
2018-09-20 15:30:00,74.87999725341797
2018-09-20 16:30:00,74.88999938964844
2018-09-20 17:30:00,74.68990325927734
2018-09-20 18:30:00,74.76000213623047
2018-09-20 19:30:00,74.61000061035156
2018-09-21 13:30:00,73.94000244140625
2018-09-21 14:30:00,73.91000366210938
2018-09-21 15:30:00,73.75
2018-09-21 16:30:00,73.58999633789062
2018-09-21 17:30:00,73.83499908447266
2018-09-21 18:30:00,73.83000183105469
2018-09-21 19:30:00,73.69999694824219
2018-09-24 13:30:00,73.30000305175781
2018-09-24 14:30:00,73.29499816894531
2018-09-24 15:30:00,73.33000183105469
2018-09-24 16:30:00,73.27400207519531
2018-09-24 17:30:00,73.51000213623047
2018-09-24 18:30:00,73.7300033569336
2018-09-24 19:30:00,73.58000183105469
2018-09-25 13:30:00,73.23999786376953
2018-09-25 14:30:00,73.5199966430664
2018-09-25 15:30:00,73.20999908447266
2018-09-25 16:30:00,73.18499755859375
2018-09-25 17:30:00,73.0999984741211
2018-09-25 18:30:00,73.0
2018-09-25 19:30:00,72.7300033569336
2018-09-26 13:30:00,72.79499816894531
2018-09-26 14:30:00,72.72000122070312
2018-09-26 15:30:00,72.48999786376953
2018-09-26 16:30:00,72.1449966430664
2018-09-26 17:30:00,72.2240982055664
2018-09-26 18:30:00,72.1050033569336
2018-09-26 19:30:00,71.7699966430664
2018-09-27 13:30:00,71.69999694824219
2018-09-27 14:30:00,72.08999633789062
2018-09-27 15:30:00,71.83999633789062
2018-09-27 16:30:00,71.83100128173828
2018-09-27 17:30:00,72.05000305175781
2018-09-27 18:30:00,71.91999816894531
2018-09-27 19:30:00,71.70999908447266
2018-09-28 13:30:00,71.81999969482422
2018-09-28 14:30:00,72.13999938964844
2018-09-28 15:30:00,72.23999786376953
2018-09-28 16:30:00,72.31999969482422
2018-09-28 17:30:00,72.83999633789062
2018-09-28 18:30:00,72.0999984741211
2018-09-28 19:30:00,72.03250122070312
2018-10-01 13:30:00,72.69999694824219
2018-10-01 14:30:00,73.18000030517578
2018-10-01 15:30:00,73.13999938964844
2018-10-01 16:30:00,73.12000274658203
2018-10-01 17:30:00,72.88500213623047
2018-10-01 18:30:00,72.76499938964844
2018-10-01 19:30:00,72.5999984741211
2018-10-02 13:30:00,73.26000213623047
2018-10-02 14:30:00,73.69499969482422
2018-10-02 15:30:00,73.81999969482422
2018-10-02 16:30:00,73.6780014038086
2018-10-02 17:30:00,73.7251968383789
2018-10-02 18:30:00,73.2531967163086
2018-10-02 19:30:00,73.36000061035156
2018-10-03 13:30:00,73.5
2018-10-03 14:30:00,73.29499816894531
2018-10-03 15:30:00,73.43589782714844
2018-10-03 16:30:00,73.2300033569336
2018-10-03 17:30:00,73.0999984741211
2018-10-03 18:30:00,72.80000305175781
2018-10-03 19:30:00,72.63999938964844
2018-10-04 13:30:00,72.52999877929688
2018-10-04 14:30:00,72.43000030517578
2018-10-04 15:30:00,72.05999755859375
2018-10-04 16:30:00,71.98999786376953
2018-10-04 17:30:00,72.13999938964844
2018-10-04 18:30:00,72.41999816894531
2018-10-04 19:30:00,72.37000274658203
2018-10-05 13:30:00,72.1500015258789
2018-10-05 14:30:00,71.08999633789062
2018-10-05 15:30:00,70.97000122070312
2018-10-05 16:30:00,70.69000244140625
2018-10-05 17:30:00,71.1500015258789
2018-10-05 18:30:00,71.37999725341797
2018-10-05 19:30:00,71.19999694824219
2018-10-08 13:30:00,71.51499938964844
2018-10-08 14:30:00,71.08000183105469
2018-10-08 15:30:00,70.94000244140625
2018-10-08 16:30:00,70.75
2018-10-08 17:30:00,70.80999755859375
2018-10-08 18:30:00,71.05999755859375
2018-10-08 19:30:00,70.93000030517578
2018-10-09 13:30:00,70.7699966430664
2018-10-09 14:30:00,70.75
2018-10-09 15:30:00,70.45999908447266
2018-10-09 16:30:00,70.5
2018-10-09 17:30:00,70.3499984741211
2018-10-09 18:30:00,70.2699966430664
2018-10-09 19:30:00,70.12999725341797
2018-10-10 13:30:00,68.4800033569336
2018-10-10 14:30:00,68.30000305175781
2018-10-10 15:30:00,68.45500183105469
2018-10-10 16:30:00,68.44999694824219
2018-10-10 17:30:00,67.94999694824219
2018-10-10 18:30:00,67.72000122070312
2018-10-10 19:30:00,66.7300033569336
2018-10-11 13:30:00,66.44000244140625
2018-10-11 14:30:00,65.84500122070312
2018-10-11 15:30:00,65.9000015258789
2018-10-11 16:30:00,65.5999984741211
2018-10-11 17:30:00,64.80000305175781
2018-10-11 18:30:00,65.1500015258789
2018-10-11 19:30:00,64.30000305175781
2018-10-12 13:30:00,64.02999877929688
2018-10-12 14:30:00,64.25
2018-10-12 15:30:00,63.650001525878906
2018-10-12 16:30:00,63.869998931884766
2018-10-12 17:30:00,64.06999969482422
2018-10-12 18:30:00,64.29000091552734
2018-10-12 19:30:00,64.27999877929688
2018-10-15 13:30:00,64.5
2018-10-15 14:30:00,64.83000183105469
2018-10-15 15:30:00,64.77999877929688
2018-10-15 16:30:00,64.86000061035156
2018-10-15 17:30:00,64.61000061035156
2018-10-15 18:30:00,64.69000244140625
2018-10-15 19:30:00,64.16999816894531
2018-10-16 13:30:00,65.12000274658203
2018-10-16 14:30:00,65.73999786376953
2018-10-16 15:30:00,65.79499816894531
2018-10-16 16:30:00,66.1500015258789
2018-10-16 17:30:00,66.22000122070312
2018-10-16 18:30:00,66.17500305175781
2018-10-16 19:30:00,66.13999938964844
2018-10-17 13:30:00,65.55999755859375
2018-10-17 14:30:00,65.7699966430664
2018-10-17 15:30:00,66.22000122070312
2018-10-17 16:30:00,66.18000030517578
2018-10-17 17:30:00,65.76000213623047
2018-10-17 18:30:00,66.11329650878906
2018-10-17 19:30:00,66.11000061035156
2018-10-18 13:30:00,65.96510314941406
2018-10-18 14:30:00,65.6500015258789
2018-10-18 15:30:00,65.36000061035156
2018-10-18 16:30:00,65.08999633789062
2018-10-18 17:30:00,65.1500015258789
2018-10-18 18:30:00,65.38999938964844
2018-10-18 19:30:00,65.16000366210938
2018-10-19 13:30:00,65.9800033569336
2018-10-19 14:30:00,65.80000305175781
2018-10-19 15:30:00,65.19000244140625
2018-10-19 16:30:00,65.45999908447266
2018-10-19 17:30:00,65.46499633789062
2018-10-19 18:30:00,65.83000183105469
2018-10-19 19:30:00,65.3499984741211
2018-10-22 13:30:00,65.37000274658203
2018-10-22 14:30:00,66.12999725341797
2018-10-22 15:30:00,65.70999908447266
2018-10-22 16:30:00,65.93000030517578
2018-10-22 17:30:00,66.04000091552734
2018-10-22 18:30:00,66.47000122070312
2018-10-22 19:30:00,66.0999984741211
2018-10-23 13:30:00,64.87999725341797
2018-10-23 14:30:00,65.6500015258789
2018-10-23 15:30:00,65.94000244140625
2018-10-23 16:30:00,66.4000015258789
2018-10-23 17:30:00,66.70999908447266
2018-10-23 18:30:00,66.47010040283203
2018-10-23 19:30:00,66.38999938964844
2018-10-24 13:30:00,65.66999816894531
2018-10-24 14:30:00,65.16000366210938
2018-10-24 15:30:00,65.52999877929688
2018-10-24 16:30:00,64.73999786376953
2018-10-24 17:30:00,64.83999633789062
2018-10-24 18:30:00,63.52000045776367
2018-10-24 19:30:00,62.619998931884766
2018-10-25 13:30:00,63.220001220703125
2018-10-25 14:30:00,63.34749984741211
2018-10-25 15:30:00,62.66999816894531
2018-10-25 16:30:00,63.30500030517578
2018-10-25 17:30:00,63.459999084472656
2018-10-25 18:30:00,63.61000061035156
2018-10-25 19:30:00,63.20000076293945
2018-10-26 13:30:00,61.970001220703125
2018-10-26 14:30:00,62.630001068115234
2018-10-26 15:30:00,62.91999816894531
2018-10-26 16:30:00,63.08000183105469
2018-10-26 17:30:00,62.61000061035156
2018-10-26 18:30:00,62.54999923706055
2018-10-26 19:30:00,62.400001525878906
2018-10-29 13:30:00,63.26499938964844
2018-10-29 14:30:00,63.040000915527344
2018-10-29 15:30:00,62.7400016784668
2018-10-29 16:30:00,62.84000015258789
2018-10-29 17:30:00,62.25
2018-10-29 18:30:00,61.71500015258789
2018-10-29 19:30:00,62.220001220703125
2018-10-30 13:30:00,63.060001373291016
2018-10-30 14:30:00,62.974998474121094
2018-10-30 15:30:00,63.060001373291016
2018-10-30 16:30:00,62.43000030517578
2018-10-30 17:30:00,62.40999984741211
2018-10-30 18:30:00,62.959999084472656
2018-10-30 19:30:00,63.20000076293945
2018-10-31 13:30:00,63.08000183105469
2018-10-31 14:30:00,63.060001373291016
2018-10-31 15:30:00,62.93000030517578
2018-10-31 16:30:00,63.244998931884766
2018-10-31 17:30:00,63.310001373291016
2018-10-31 18:30:00,63.369998931884766
2018-10-31 19:30:00,62.849998474121094
2018-11-01 13:30:00,63.189998626708984
2018-11-01 14:30:00,64.13999938964844
2018-11-01 15:30:00,63.630001068115234
2018-11-01 16:30:00,64.19999694824219
2018-11-01 17:30:00,64.19000244140625
2018-11-01 18:30:00,64.1500015258789
2018-11-01 19:30:00,63.709999084472656
2018-11-02 13:30:00,63.36000061035156
2018-11-02 14:30:00,63.13999938964844
2018-11-02 15:30:00,63.04999923706055
2018-11-02 16:30:00,62.83000183105469
2018-11-02 17:30:00,63.25
2018-11-02 18:30:00,63.349998474121094
2018-11-02 19:30:00,63.29999923706055
