Datetime,REGN
2017-11-06 14:30:00,410.8500061035156
2017-11-06 15:30:00,411.1300048828125
2017-11-06 16:30:00,408.4649963378906
2017-11-06 17:30:00,409.7300109863281
2017-11-06 18:30:00,409.63360595703125
2017-11-06 19:30:00,408.5249938964844
2017-11-06 20:30:00,406.6099853515625
2017-11-07 14:30:00,407.125
2017-11-07 15:30:00,409.3900146484375
2017-11-07 16:30:00,407.7699890136719
2017-11-07 17:30:00,405.4750061035156
2017-11-07 18:30:00,402.9049987792969
2017-11-07 19:30:00,404.1600036621094
2017-11-07 20:30:00,403.489990234375
2017-11-08 14:30:00,422.0899963378906
2017-11-08 15:30:00,414.55999755859375
2017-11-08 16:30:00,412.54998779296875
2017-11-08 17:30:00,410.5
2017-11-08 18:30:00,406.1759948730469
2017-11-08 19:30:00,413.1300048828125
2017-11-08 20:30:00,415.04998779296875
2017-11-09 14:30:00,408.6650085449219
2017-11-09 15:30:00,400.44000244140625
2017-11-09 16:30:00,399.05999755859375
2017-11-09 17:30:00,400.2250061035156
2017-11-09 18:30:00,400.92999267578125
2017-11-09 19:30:00,405.0299987792969
2017-11-09 20:30:00,405.9700012207031
2017-11-10 14:30:00,399.3399963378906
2017-11-10 15:30:00,400.510009765625
2017-11-10 16:30:00,402.70001220703125
2017-11-10 17:30:00,403.0299987792969
2017-11-10 18:30:00,401.3299865722656
2017-11-10 19:30:00,403.5350036621094
2017-11-10 20:30:00,404.0899963378906
2017-11-13 14:30:00,398.5899963378906
2017-11-13 15:30:00,396.0199890136719
2017-11-13 16:30:00,391.92999267578125
2017-11-13 17:30:00,394.25
2017-11-13 18:30:00,394.19000244140625
2017-11-13 19:30:00,393.67999267578125
2017-11-13 20:30:00,393.55999755859375
2017-11-14 14:30:00,388.5799865722656
2017-11-14 15:30:00,388.1000061035156
2017-11-14 16:30:00,387.31500244140625
2017-11-14 17:30:00,385.10418701171875
2017-11-14 18:30:00,384.7650146484375
2017-11-14 19:30:00,386.1199951171875
2017-11-14 20:30:00,384.82000732421875
2017-11-15 14:30:00,385.36700439453125
2017-11-15 15:30:00,387.95001220703125
2017-11-15 16:30:00,386.8500061035156
2017-11-15 17:30:00,386.95001220703125
2017-11-15 18:30:00,386.95001220703125
2017-11-15 19:30:00,387.2200012207031
2017-11-15 20:30:00,386.4100036621094
2017-11-16 14:30:00,382.8299865722656
2017-11-16 15:30:00,389.260009765625
2017-11-16 16:30:00,388.3900146484375
2017-11-16 17:30:00,390.6499938964844
2017-11-16 18:30:00,392.8699951171875
2017-11-16 19:30:00,395.0400085449219
2017-11-16 20:30:00,394.69000244140625
2017-11-17 14:30:00,393.4100036621094
2017-11-17 15:30:00,393.3800048828125
2017-11-17 16:30:00,392.760009765625
2017-11-17 17:30:00,393.1499938964844
2017-11-17 18:30:00,392.1000061035156
2017-11-17 19:30:00,392.42999267578125
2017-11-17 20:30:00,391.6099853515625
2017-11-20 14:30:00,386.3999938964844
2017-11-20 15:30:00,386.3949890136719
2017-11-20 16:30:00,387.5
2017-11-20 17:30:00,386.1099853515625
2017-11-20 18:30:00,384.3299865722656
2017-11-20 19:30:00,385.75
2017-11-20 20:30:00,385.1050109863281
2017-11-21 14:30:00,384.4700012207031
2017-11-21 15:30:00,386.1300048828125
2017-11-21 16:30:00,384.9949951171875
2017-11-21 17:30:00,385.20050048828125
2017-11-21 18:30:00,384.7099914550781
2017-11-21 19:30:00,383.8299865722656
2017-11-21 20:30:00,384.55999755859375
2017-11-22 14:30:00,385.5799865722656
2017-11-22 15:30:00,386.0150146484375
2017-11-22 16:30:00,386.7300109863281
2017-11-22 17:30:00,386.1449890136719
2017-11-22 18:30:00,386.5450134277344
2017-11-22 19:30:00,388.0899963378906
2017-11-22 20:30:00,387.67999267578125
2017-11-24 14:30:00,387.54998779296875
2017-11-24 15:30:00,386.0
2017-11-24 16:30:00,387.05999755859375
2017-11-24 17:30:00,384.79998779296875
2017-11-27 14:30:00,379.3500061035156
2017-11-27 15:30:00,375.4100036621094
2017-11-27 16:30:00,374.80999755859375
2017-11-27 17:30:00,376.1400146484375
2017-11-27 18:30:00,374.5249938964844
2017-11-27 19:30:00,375.0799865722656
2017-11-27 20:30:00,374.3500061035156
2017-11-28 14:30:00,365.2300109863281
2017-11-28 15:30:00,364.0050048828125
2017-11-28 16:30:00,362.4200134277344
2017-11-28 17:30:00,365.7099914550781
2017-11-28 18:30:00,365.42999267578125
2017-11-28 19:30:00,365.6499938964844
2017-11-28 20:30:00,365.9200134277344
2017-11-29 14:30:00,367.0899963378906
2017-11-29 15:30:00,362.7749938964844
2017-11-29 16:30:00,360.1000061035156
2017-11-29 17:30:00,360.0849914550781
2017-11-29 18:30:00,354.30999755859375
2017-11-29 19:30:00,354.05499267578125
2017-11-29 20:30:00,358.6099853515625
2017-11-30 14:30:00,359.3999938964844
2017-11-30 15:30:00,359.4750061035156
2017-11-30 16:30:00,359.1199951171875
2017-11-30 17:30:00,360.44000244140625
2017-11-30 18:30:00,361.0
2017-11-30 19:30:00,360.8299865722656
2017-11-30 20:30:00,362.05999755859375
2017-12-01 14:30:00,370.0
2017-12-01 15:30:00,367.0439147949219
2017-12-01 16:30:00,373.54998779296875
2017-12-01 17:30:00,375.63238525390625
2017-12-01 18:30:00,375.9700012207031
2017-12-01 19:30:00,375.1650085449219
2017-12-01 20:30:00,373.69000244140625
2017-12-04 14:30:00,375.75
2017-12-04 15:30:00,377.8900146484375
2017-12-04 16:30:00,378.5799865722656
2017-12-04 17:30:00,381.7351989746094
2017-12-04 18:30:00,378.44000244140625
2017-12-04 19:30:00,378.1000061035156
2017-12-04 20:30:00,378.4100036621094
2017-12-05 14:30:00,378.6600036621094
2017-12-05 15:30:00,376.7200012207031
2017-12-05 16:30:00,378.2850036621094
2017-12-05 17:30:00,377.82501220703125
2017-12-05 18:30:00,377.260009765625
2017-12-05 19:30:00,372.69000244140625
2017-12-05 20:30:00,372.3399963378906
2017-12-06 14:30:00,369.03009033203125
2017-12-06 15:30:00,368.1700134277344
2017-12-06 16:30:00,368.1400146484375
2017-12-06 17:30:00,370.1400146484375
2017-12-06 18:30:00,373.70001220703125
2017-12-06 19:30:00,375.7900085449219
2017-12-06 20:30:00,375.2799987792969
2017-12-07 14:30:00,375.95001220703125
2017-12-07 15:30:00,377.44000244140625
2017-12-07 16:30:00,377.44000244140625
2017-12-07 17:30:00,373.739990234375
2017-12-07 18:30:00,373.70001220703125
2017-12-07 19:30:00,374.1300048828125
2017-12-07 20:30:00,373.6099853515625
2017-12-08 14:30:00,381.9599914550781
2017-12-08 15:30:00,380.4150085449219
2017-12-08 16:30:00,381.8999938964844
2017-12-08 17:30:00,380.2200012207031
2017-12-08 18:30:00,381.7099914550781
2017-12-08 19:30:00,380.30999755859375
2017-12-08 20:30:00,380.760009765625
2017-12-11 14:30:00,379.2300109863281
2017-12-11 15:30:00,380.5450134277344
2017-12-11 16:30:00,382.1000061035156
2017-12-11 17:30:00,382.29998779296875
2017-12-11 18:30:00,381.55999755859375
2017-12-11 19:30:00,380.239990234375
2017-12-11 20:30:00,381.2900085449219
2017-12-12 14:30:00,376.1099853515625
2017-12-12 15:30:00,377.0174865722656
2017-12-12 16:30:00,378.3699951171875
2017-12-12 17:30:00,376.80999755859375
2017-12-12 18:30:00,378.80499267578125
2017-12-12 19:30:00,381.4649963378906
2017-12-12 20:30:00,381.8299865722656
2017-12-13 14:30:00,382.0299987792969
2017-12-13 15:30:00,384.44000244140625
2017-12-13 16:30:00,383.7112121582031
2017-12-13 17:30:00,385.3999938964844
2017-12-13 18:30:00,387.75
2017-12-13 19:30:00,389.0
2017-12-13 20:30:00,386.67498779296875
2017-12-14 14:30:00,382.8927001953125
2017-12-14 15:30:00,383.69000244140625
2017-12-14 16:30:00,383.7099914550781
2017-12-14 17:30:00,382.3900146484375
2017-12-14 18:30:00,381.8299865722656
2017-12-14 19:30:00,381.5799865722656
2017-12-14 20:30:00,383.0799865722656
2017-12-15 14:30:00,386.3399963378906
2017-12-15 15:30:00,383.8633117675781
2017-12-15 16:30:00,384.2099914550781
2017-12-15 17:30:00,385.4800109863281
2017-12-15 18:30:00,385.9150085449219
2017-12-15 19:30:00,386.95001220703125
2017-12-15 20:30:00,388.9100036621094
2017-12-18 14:30:00,386.45001220703125
2017-12-18 15:30:00,385.510009765625
2017-12-18 16:30:00,384.0050048828125
2017-12-18 17:30:00,385.25
2017-12-18 18:30:00,384.0
2017-12-18 19:30:00,383.3800048828125
2017-12-18 20:30:00,383.4800109863281
2017-12-19 14:30:00,383.5400085449219
2017-12-19 15:30:00,389.19000244140625
2017-12-19 16:30:00,388.0400085449219
2017-12-19 17:30:00,385.239990234375
2017-12-19 18:30:00,387.6199951171875
2017-12-19 19:30:00,387.1499938964844
2017-12-19 20:30:00,385.5799865722656
2017-12-20 14:30:00,383.4700012207031
2017-12-20 15:30:00,384.4049987792969
2017-12-20 16:30:00,385.54998779296875
2017-12-20 17:30:00,384.53619384765625
2017-12-20 18:30:00,383.1600036621094
2017-12-20 19:30:00,383.1099853515625
2017-12-20 20:30:00,382.9700012207031
2017-12-21 14:30:00,386.5199890136719
2017-12-21 15:30:00,387.25
2017-12-21 16:30:00,387.4700012207031
2017-12-21 17:30:00,387.4599914550781
2017-12-21 18:30:00,386.4100036621094
2017-12-21 19:30:00,385.7674865722656
2017-12-21 20:30:00,384.1300048828125
2017-12-22 14:30:00,382.04998779296875
2017-12-22 15:30:00,381.3999938964844
2017-12-22 16:30:00,378.6700134277344
2017-12-22 17:30:00,379.7850036621094
2017-12-22 18:30:00,380.1400146484375
2017-12-22 19:30:00,381.0
2017-12-22 20:30:00,381.0
2017-12-26 14:30:00,383.3399963378906
2017-12-26 15:30:00,384.5
2017-12-26 16:30:00,386.1600036621094
2017-12-26 17:30:00,386.5199890136719
2017-12-26 18:30:00,384.90008544921875
2017-12-26 19:30:00,387.2049865722656
2017-12-26 20:30:00,387.42999267578125
2017-12-27 14:30:00,385.9100036621094
2017-12-27 15:30:00,384.75
2017-12-27 16:30:00,384.4800109863281
2017-12-27 17:30:00,384.7200012207031
2017-12-27 18:30:00,383.7900085449219
2017-12-27 19:30:00,383.4599914550781
2017-12-27 20:30:00,384.1000061035156
2017-12-28 14:30:00,380.2799987792969
2017-12-28 15:30:00,380.510009765625
2017-12-28 16:30:00,381.57000732421875
2017-12-28 17:30:00,382.20001220703125
2017-12-28 18:30:00,381.9800109863281
2017-12-28 19:30:00,381.2749938964844
2017-12-28 20:30:00,382.9049987792969
2017-12-29 14:30:00,381.0
2017-12-29 15:30:00,378.56549072265625
2017-12-29 16:30:00,377.7099914550781
2017-12-29 17:30:00,377.82000732421875
2017-12-29 18:30:00,375.3399963378906
2017-12-29 19:30:00,378.1400146484375
2017-12-29 20:30:00,375.8999938964844
2018-01-02 14:30:00,381.7049865722656
2018-01-02 15:30:00,383.4700012207031
2018-01-02 16:30:00,381.8999938964844
2018-01-02 17:30:00,382.6300048828125
2018-01-02 18:30:00,382.8349914550781
2018-01-02 19:30:00,382.5299987792969
2018-01-02 20:30:00,382.29998779296875
2018-01-03 14:30:00,386.7900085449219
2018-01-03 15:30:00,393.82000732421875
2018-01-03 16:30:00,396.7002868652344
2018-01-03 17:30:00,394.54998779296875
2018-01-03 18:30:00,395.2850036621094
2018-01-03 19:30:00,394.70001220703125
2018-01-03 20:30:00,393.739990234375
2018-01-04 14:30:00,387.0
2018-01-04 15:30:00,387.1203918457031
2018-01-04 16:30:00,385.6099853515625
2018-01-04 17:30:00,385.80499267578125
2018-01-04 18:30:00,385.95001220703125
2018-01-04 19:30:00,384.54998779296875
2018-01-04 20:30:00,382.9599914550781
2018-01-05 14:30:00,385.92498779296875
2018-01-05 15:30:00,385.5299987792969
2018-01-05 16:30:00,385.80999755859375
2018-01-05 17:30:00,383.44000244140625
2018-01-05 18:30:00,382.1099853515625
2018-01-05 19:30:00,384.3550109863281
2018-01-05 20:30:00,384.8599853515625
2018-01-08 14:30:00,375.5
2018-01-08 15:30:00,372.79998779296875
2018-01-08 16:30:00,372.5
2018-01-08 17:30:00,371.75
2018-01-08 18:30:00,372.69500732421875
2018-01-08 19:30:00,372.6000061035156
2018-01-08 20:30:00,372.260009765625
2018-01-09 14:30:00,375.4700012207031
2018-01-09 15:30:00,377.32000732421875
2018-01-09 16:30:00,372.0
2018-01-09 17:30:00,370.0
2018-01-09 18:30:00,368.95001220703125
2018-01-09 19:30:00,369.45001220703125
2018-01-09 20:30:00,368.260009765625
2018-01-10 14:30:00,367.4100036621094
2018-01-10 15:30:00,366.80999755859375
2018-01-10 16:30:00,367.32000732421875
2018-01-10 17:30:00,366.9849853515625
2018-01-10 18:30:00,366.0199890136719
2018-01-10 19:30:00,366.9049987792969
2018-01-10 20:30:00,366.45001220703125
2018-01-11 14:30:00,365.5159912109375
2018-01-11 15:30:00,363.33880615234375
2018-01-11 16:30:00,365.3760070800781
2018-01-11 17:30:00,368.67999267578125
2018-01-11 18:30:00,368.45001220703125
2018-01-11 19:30:00,367.9800109863281
2018-01-11 20:30:00,368.25
2018-01-12 14:30:00,367.3900146484375
2018-01-12 15:30:00,367.9649963378906
2018-01-12 16:30:00,367.8299865722656
2018-01-12 17:30:00,367.3800048828125
2018-01-12 18:30:00,368.1000061035156
2018-01-12 19:30:00,367.989990234375
2018-01-12 20:30:00,366.8500061035156
2018-01-16 14:30:00,374.44000244140625
2018-01-16 15:30:00,372.92999267578125
2018-01-16 16:30:00,370.9750061035156
2018-01-16 17:30:00,370.79998779296875
2018-01-16 18:30:00,371.32501220703125
2018-01-16 19:30:00,371.4200134277344
2018-01-16 20:30:00,370.0799865722656
2018-01-17 14:30:00,374.4150085449219
2018-01-17 15:30:00,375.9587097167969
2018-01-17 16:30:00,375.6199951171875
2018-01-17 17:30:00,378.239990234375
2018-01-17 18:30:00,376.79998779296875
2018-01-17 19:30:00,374.489990234375
2018-01-17 20:30:00,374.010009765625
2018-01-18 14:30:00,369.9049987792969
2018-01-18 15:30:00,369.9599914550781
2018-01-18 16:30:00,369.7250061035156
2018-01-18 17:30:00,370.1700134277344
2018-01-18 18:30:00,370.114990234375
2018-01-18 19:30:00,370.9800109863281
2018-01-18 20:30:00,371.2799987792969
2018-01-19 14:30:00,374.5899963378906
2018-01-19 15:30:00,374.5299987792969
2018-01-19 16:30:00,372.4599914550781
2018-01-19 17:30:00,372.78021240234375
2018-01-19 18:30:00,371.8699951171875
2018-01-19 19:30:00,372.45001220703125
2018-01-19 20:30:00,371.3500061035156
2018-01-22 14:30:00,373.1700134277344
2018-01-22 15:30:00,372.75
2018-01-22 16:30:00,373.5199890136719
2018-01-22 17:30:00,374.7222900390625
2018-01-22 18:30:00,374.05999755859375
2018-01-22 19:30:00,375.4200134277344
2018-01-22 20:30:00,375.6300048828125
2018-01-23 14:30:00,381.3800048828125
2018-01-23 15:30:00,382.1199951171875
2018-01-23 16:30:00,383.67999267578125
2018-01-23 17:30:00,382.70001220703125
2018-01-23 18:30:00,383.7900085449219
2018-01-23 19:30:00,381.868408203125
2018-01-23 20:30:00,381.760009765625
2018-01-24 14:30:00,387.7099914550781
2018-01-24 15:30:00,383.30999755859375
2018-01-24 16:30:00,381.6700134277344
2018-01-24 17:30:00,383.57000732421875
2018-01-24 18:30:00,385.4800109863281
2018-01-24 19:30:00,384.0199890136719
2018-01-24 20:30:00,383.2200012207031
2018-01-25 14:30:00,387.94000244140625
2018-01-25 15:30:00,394.3800048828125
2018-01-25 16:30:00,393.8299865722656
2018-01-25 17:30:00,393.82000732421875
2018-01-25 18:30:00,392.8800048828125
2018-01-25 19:30:00,392.7799987792969
2018-01-25 20:30:00,391.79998779296875
2018-01-26 14:30:00,378.7950134277344
2018-01-26 15:30:00,379.18499755859375
2018-01-26 16:30:00,377.0
2018-01-26 17:30:00,375.5400085449219
2018-01-26 18:30:00,375.4599914550781
2018-01-26 19:30:00,372.260009765625
2018-01-26 20:30:00,374.2900085449219
2018-01-29 14:30:00,379.4653015136719
2018-01-29 15:30:00,380.6099853515625
2018-01-29 16:30:00,380.6499938964844
2018-01-29 17:30:00,383.45001220703125
2018-01-29 18:30:00,383.1199951171875
2018-01-29 19:30:00,383.3399963378906
2018-01-29 20:30:00,382.8800048828125
2018-01-30 14:30:00,380.8999938964844
2018-01-30 15:30:00,382.55999755859375
2018-01-30 16:30:00,381.94000244140625
2018-01-30 17:30:00,381.2799987792969
2018-01-30 18:30:00,381.5400085449219
2018-01-30 19:30:00,380.3399963378906
2018-01-30 20:30:00,379.9200134277344
2018-01-31 14:30:00,377.2449951171875
2018-01-31 15:30:00,374.239990234375
2018-01-31 16:30:00,373.79998779296875
2018-01-31 17:30:00,374.3500061035156
2018-01-31 18:30:00,371.7699890136719
2018-01-31 19:30:00,367.6099853515625
2018-01-31 20:30:00,366.4200134277344
2018-02-01 14:30:00,358.2049865722656
2018-02-01 15:30:00,350.8599853515625
2018-02-01 16:30:00,352.8599853515625
2018-02-01 17:30:00,351.3299865722656
2018-02-01 18:30:00,346.7699890136719
2018-02-01 19:30:00,346.82000732421875
2018-02-01 20:30:00,345.4800109863281
2018-02-02 14:30:00,344.9100036621094
2018-02-02 15:30:00,342.0199890136719
2018-02-02 16:30:00,346.67999267578125
2018-02-02 17:30:00,346.1499938964844
2018-02-02 18:30:00,347.04998779296875
2018-02-02 19:30:00,346.7200012207031
2018-02-02 20:30:00,347.8500061035156
2018-02-05 14:30:00,346.760009765625
2018-02-05 15:30:00,345.2300109863281
2018-02-05 16:30:00,342.4599914550781
2018-02-05 17:30:00,338.68499755859375
2018-02-05 18:30:00,339.760009765625
2018-02-05 19:30:00,338.92498779296875
2018-02-05 20:30:00,332.0
2018-02-06 14:30:00,325.239990234375
2018-02-06 15:30:00,323.5150146484375
2018-02-06 16:30:00,326.55999755859375
2018-02-06 17:30:00,329.7099914550781
2018-02-06 18:30:00,329.07000732421875
2018-02-06 19:30:00,336.5400085449219
2018-02-06 20:30:00,338.8999938964844
2018-02-07 14:30:00,334.9700012207031
2018-02-07 15:30:00,337.69000244140625
2018-02-07 16:30:00,338.17999267578125
2018-02-07 17:30:00,333.8399963378906
2018-02-07 18:30:00,337.06500244140625
2018-02-07 19:30:00,337.6300048828125
2018-02-07 20:30:00,334.7099914550781
2018-02-08 14:30:00,339.4599914550781
2018-02-08 15:30:00,329.5
2018-02-08 16:30:00,325.5152893066406
2018-02-08 17:30:00,326.7099914550781
2018-02-08 18:30:00,331.3699951171875
2018-02-08 19:30:00,326.2850036621094
2018-02-08 20:30:00,322.5299987792969
2018-02-09 14:30:00,322.0199890136719
2018-02-09 15:30:00,322.67999267578125
2018-02-09 16:30:00,317.1199951171875
2018-02-09 17:30:00,319.9200134277344
2018-02-09 18:30:00,332.8949890136719
2018-02-09 19:30:00,332.8699951171875
2018-02-09 20:30:00,336.3800048828125
2018-02-12 14:30:00,337.8599853515625
2018-02-12 15:30:00,339.25
2018-02-12 16:30:00,339.17999267578125
2018-02-12 17:30:00,343.7200012207031
2018-02-12 18:30:00,344.9599914550781
2018-02-12 19:30:00,344.1499938964844
2018-02-12 20:30:00,342.5799865722656
2018-02-13 14:30:00,335.80999755859375
2018-02-13 15:30:00,327.6199951171875
2018-02-13 16:30:00,325.989990234375
2018-02-13 17:30:00,323.1000061035156
2018-02-13 18:30:00,324.75
2018-02-13 19:30:00,324.54998779296875
2018-02-13 20:30:00,324.6499938964844
2018-02-14 14:30:00,315.010009765625
2018-02-14 15:30:00,316.8999938964844
2018-02-14 16:30:00,322.5950012207031
2018-02-14 17:30:00,326.16229248046875
2018-02-14 18:30:00,325.2049865722656
2018-02-14 19:30:00,327.739990234375
2018-02-14 20:30:00,330.57000732421875
2018-02-15 14:30:00,331.8800048828125
2018-02-15 15:30:00,331.1199951171875
2018-02-15 16:30:00,331.07000732421875
2018-02-15 17:30:00,330.5199890136719
2018-02-15 18:30:00,329.74139404296875
2018-02-15 19:30:00,330.95001220703125
2018-02-15 20:30:00,333.2200012207031
2018-02-16 14:30:00,333.9700012207031
2018-02-16 15:30:00,332.9800109863281
2018-02-16 16:30:00,332.8900146484375
2018-02-16 17:30:00,330.8399963378906
2018-02-16 18:30:00,330.82000732421875
2018-02-16 19:30:00,333.5899963378906
2018-02-16 20:30:00,332.2699890136719
2018-02-20 14:30:00,326.989990234375
2018-02-20 15:30:00,328.81500244140625
2018-02-20 16:30:00,328.44500732421875
2018-02-20 17:30:00,325.2300109863281
2018-02-20 18:30:00,325.7200012207031
2018-02-20 19:30:00,323.2699890136719
2018-02-20 20:30:00,322.8500061035156
2018-02-21 14:30:00,319.4200134277344
2018-02-21 15:30:00,319.19000244140625
2018-02-21 16:30:00,318.3500061035156
2018-02-21 17:30:00,319.8900146484375
2018-02-21 18:30:00,323.0
2018-02-21 19:30:00,319.2004089355469
2018-02-21 20:30:00,317.489990234375
2018-02-22 14:30:00,316.739990234375
2018-02-22 15:30:00,319.1700134277344
2018-02-22 16:30:00,319.1700134277344
2018-02-22 17:30:00,317.57501220703125
2018-02-22 18:30:00,318.30999755859375
2018-02-22 19:30:00,316.1499938964844
2018-02-22 20:30:00,315.82000732421875
2018-02-23 14:30:00,315.8599853515625
2018-02-23 15:30:00,317.9800109863281
2018-02-23 16:30:00,318.0799865722656
2018-02-23 17:30:00,319.489990234375
2018-02-23 18:30:00,320.989990234375
2018-02-23 19:30:00,322.8999938964844
2018-02-23 20:30:00,323.885009765625
2018-02-26 14:30:00,323.2200012207031
2018-02-26 15:30:00,324.69000244140625
2018-02-26 16:30:00,323.4100036621094
2018-02-26 17:30:00,323.7550048828125
2018-02-26 18:30:00,321.69000244140625
2018-02-26 19:30:00,324.8399963378906
2018-02-26 20:30:00,324.95001220703125
2018-02-27 14:30:00,323.4150085449219
2018-02-27 15:30:00,318.94000244140625
2018-02-27 16:30:00,322.0
2018-02-27 17:30:00,321.4049987792969
2018-02-27 18:30:00,321.1499938964844
2018-02-27 19:30:00,320.4800109863281
2018-02-27 20:30:00,320.9700012207031
2018-02-28 14:30:00,324.20001220703125
2018-02-28 15:30:00,320.80999755859375
2018-02-28 16:30:00,322.3299865722656
2018-02-28 17:30:00,323.4700012207031
2018-02-28 18:30:00,322.885009765625
2018-02-28 19:30:00,321.5
2018-02-28 20:30:00,320.44000244140625
2018-03-01 14:30:00,324.4599914550781
2018-03-01 15:30:00,324.2200012207031
2018-03-01 16:30:00,324.0299987792969
2018-03-01 17:30:00,323.4599914550781
2018-03-01 18:30:00,321.7799987792969
2018-03-01 19:30:00,322.5199890136719
2018-03-01 20:30:00,321.8500061035156
2018-03-02 14:30:00,327.57501220703125
2018-03-02 15:30:00,331.5400085449219
2018-03-02 16:30:00,331.5199890136719
2018-03-02 17:30:00,328.8599853515625
2018-03-02 18:30:00,329.5400085449219
2018-03-02 19:30:00,330.3800048828125
2018-03-02 20:30:00,330.4200134277344
2018-03-05 14:30:00,331.5
2018-03-05 15:30:00,332.6000061035156
2018-03-05 16:30:00,331.739990234375
2018-03-05 17:30:00,331.8699951171875
2018-03-05 18:30:00,331.625
2018-03-05 19:30:00,332.44000244140625
2018-03-05 20:30:00,333.9800109863281
2018-03-06 14:30:00,334.0
2018-03-06 15:30:00,328.4700012207031
2018-03-06 16:30:00,330.32501220703125
2018-03-06 17:30:00,330.7300109863281
2018-03-06 18:30:00,331.260009765625
2018-03-06 19:30:00,332.739990234375
2018-03-06 20:30:00,333.3599853515625
2018-03-07 14:30:00,332.20001220703125
2018-03-07 15:30:00,329.3699951171875
2018-03-07 16:30:00,329.79998779296875
2018-03-07 17:30:00,329.6700134277344
2018-03-07 18:30:00,330.5899963378906
2018-03-07 19:30:00,331.8399963378906
2018-03-07 20:30:00,334.41900634765625
2018-03-08 14:30:00,334.5299987792969
2018-03-08 15:30:00,337.42999267578125
2018-03-08 16:30:00,337.75
2018-03-08 17:30:00,338.5899963378906
2018-03-08 18:30:00,336.5299987792969
2018-03-08 19:30:00,340.260009765625
2018-03-08 20:30:00,340.82000732421875
2018-03-09 14:30:00,340.70001220703125
2018-03-09 15:30:00,342.55999755859375
2018-03-09 16:30:00,341.92999267578125
2018-03-09 17:30:00,344.70001220703125
2018-03-09 18:30:00,343.3999938964844
2018-03-09 19:30:00,341.04998779296875
2018-03-09 20:30:00,341.7099914550781
2018-03-12 13:30:00,339.6300048828125
2018-03-12 14:30:00,340.5199890136719
2018-03-12 15:30:00,344.2699890136719
2018-03-12 16:30:00,344.5249938964844
2018-03-12 17:30:00,342.95001220703125
2018-03-12 18:30:00,345.5
2018-03-12 19:30:00,344.55999755859375
2018-03-13 13:30:00,345.5
2018-03-13 14:30:00,341.04998779296875
2018-03-13 15:30:00,342.4100036621094
2018-03-13 16:30:00,340.2799987792969
2018-03-13 17:30:00,338.5299987792969
2018-03-13 18:30:00,336.1499938964844
2018-03-13 19:30:00,337.9100036621094
2018-03-14 13:30:00,339.56500244140625
2018-03-14 14:30:00,339.739990234375
2018-03-14 15:30:00,339.989990234375
2018-03-14 16:30:00,340.7650146484375
2018-03-14 17:30:00,340.42999267578125
2018-03-14 18:30:00,340.8699951171875
2018-03-14 19:30:00,341.42999267578125
2018-03-15 13:30:00,340.510009765625
2018-03-15 14:30:00,340.3299865722656
2018-03-15 15:30:00,338.38629150390625
2018-03-15 16:30:00,337.3500061035156
2018-03-15 17:30:00,335.57000732421875
2018-03-15 18:30:00,334.6000061035156
2018-03-15 19:30:00,335.0299987792969
2018-03-16 13:30:00,341.25
2018-03-16 14:30:00,340.82000732421875
2018-03-16 15:30:00,341.9800109863281
2018-03-16 16:30:00,344.4700012207031
2018-03-16 17:30:00,343.7099914550781
2018-03-16 18:30:00,343.8299865722656
2018-03-16 19:30:00,343.2200012207031
2018-03-19 13:30:00,350.6000061035156
2018-03-19 14:30:00,344.4200134277344
2018-03-19 15:30:00,338.7699890136719
2018-03-19 16:30:00,337.6300048828125
2018-03-19 17:30:00,336.7900085449219
2018-03-19 18:30:00,337.6600036621094
2018-03-19 19:30:00,339.1300048828125
2018-03-20 13:30:00,334.18499755859375
2018-03-20 14:30:00,332.8500061035156
2018-03-20 15:30:00,333.4150085449219
2018-03-20 16:30:00,332.54998779296875
2018-03-20 17:30:00,332.0199890136719
2018-03-20 18:30:00,332.67999267578125
2018-03-20 19:30:00,333.8599853515625
2018-03-21 13:30:00,335.260009765625
2018-03-21 14:30:00,334.7799987792969
2018-03-21 15:30:00,335.2900085449219
2018-03-21 16:30:00,335.0
2018-03-21 17:30:00,335.6199951171875
2018-03-21 18:30:00,336.1499938964844
2018-03-21 19:30:00,334.94000244140625
2018-03-22 13:30:00,333.07000732421875
2018-03-22 14:30:00,331.4649963378906
2018-03-22 15:30:00,332.5199890136719
2018-03-22 16:30:00,335.6099853515625
2018-03-22 17:30:00,332.3399963378906
2018-03-22 18:30:00,330.2900085449219
2018-03-22 19:30:00,327.6199951171875
2018-03-23 13:30:00,327.80999755859375
2018-03-23 14:30:00,328.6400146484375
2018-03-23 15:30:00,330.8900146484375
2018-03-23 16:30:00,331.6700134277344
2018-03-23 17:30:00,328.989990234375
2018-03-23 18:30:00,324.2099914550781
2018-03-23 19:30:00,321.2900085449219
2018-03-26 13:30:00,318.07000732421875
2018-03-26 14:30:00,322.0849914550781
2018-03-26 15:30:00,325.8900146484375
2018-03-26 16:30:00,325.31500244140625
2018-03-26 17:30:00,327.70001220703125
2018-03-26 18:30:00,329.739990234375
2018-03-26 19:30:00,330.79998779296875
2018-03-27 13:30:00,332.6617126464844
2018-03-27 14:30:00,331.510009765625
2018-03-27 15:30:00,333.44000244140625
2018-03-27 16:30:00,333.80999755859375
2018-03-27 17:30:00,330.510009765625
2018-03-27 18:30:00,329.4849853515625
2018-03-27 19:30:00,329.2099914550781
2018-03-28 13:30:00,332.5299987792969
2018-03-28 14:30:00,332.69000244140625
2018-03-28 15:30:00,335.8900146484375
2018-03-28 16:30:00,334.4169921875
2018-03-28 17:30:00,336.489990234375
2018-03-28 18:30:00,339.42999267578125
2018-03-28 19:30:00,338.4200134277344
2018-03-29 13:30:00,342.2149963378906
2018-03-29 14:30:00,345.5899963378906
2018-03-29 15:30:00,344.8800048828125
2018-03-29 16:30:00,344.1600036621094
2018-03-29 17:30:00,344.4100036621094
2018-03-29 18:30:00,344.82000732421875
2018-03-29 19:30:00,344.3399963378906
2018-04-02 13:30:00,337.1050109863281
2018-04-02 14:30:00,334.3450012207031
2018-04-02 15:30:00,330.0
2018-04-02 16:30:00,326.69500732421875
2018-04-02 17:30:00,326.93499755859375
2018-04-02 18:30:00,327.8299865722656
2018-04-02 19:30:00,330.6600036621094
2018-04-03 13:30:00,321.8800048828125
2018-04-03 14:30:00,329.45001220703125
2018-04-03 15:30:00,326.6199951171875
2018-04-03 16:30:00,327.489990234375
2018-04-03 17:30:00,324.8399963378906
2018-04-03 18:30:00,331.42999267578125
2018-04-03 19:30:00,332.3399963378906
2018-04-04 13:30:00,328.7349853515625
2018-04-04 14:30:00,329.69000244140625
2018-04-04 15:30:00,332.6300048828125
2018-04-04 16:30:00,330.95001220703125
2018-04-04 17:30:00,335.4949951171875
2018-04-04 18:30:00,337.6499938964844
2018-04-04 19:30:00,337.3299865722656
2018-04-05 13:30:00,330.010009765625
2018-04-05 14:30:00,329.0
2018-04-05 15:30:00,327.385009765625
2018-04-05 16:30:00,327.6300048828125
2018-04-05 17:30:00,326.0299987792969
2018-04-05 18:30:00,326.3900146484375
2018-04-05 19:30:00,328.6000061035156
2018-04-06 13:30:00,321.32501220703125
2018-04-06 14:30:00,322.3500061035156
2018-04-06 15:30:00,320.7799987792969
2018-04-06 16:30:00,323.0400085449219
2018-04-06 17:30:00,318.4800109863281
2018-04-06 18:30:00,318.4649963378906
2018-04-06 19:30:00,319.67999267578125
2018-04-09 13:30:00,318.0299987792969
2018-04-09 14:30:00,321.7799987792969
2018-04-09 15:30:00,322.3450012207031
2018-04-09 16:30:00,323.010009765625
2018-04-09 17:30:00,323.3699951171875
2018-04-09 18:30:00,322.2300109863281
2018-04-09 19:30:00,319.70001220703125
2018-04-10 13:30:00,326.29998779296875
2018-04-10 14:30:00,325.9599914550781
2018-04-10 15:30:00,323.5899963378906
2018-04-10 16:30:00,326.67999267578125
2018-04-10 17:30:00,326.9800109863281
2018-04-10 18:30:00,328.4800109863281
2018-04-10 19:30:00,328.0400085449219
2018-04-11 13:30:00,326.9599914550781
2018-04-11 14:30:00,327.5
2018-04-11 15:30:00,326.3599853515625
2018-04-11 16:30:00,325.54998779296875
2018-04-11 17:30:00,325.0400085449219
2018-04-11 18:30:00,322.82000732421875
2018-04-11 19:30:00,322.7900085449219
2018-04-12 13:30:00,326.7900085449219
2018-04-12 14:30:00,325.79998779296875
2018-04-12 15:30:00,324.6758117675781
2018-04-12 16:30:00,323.75048828125
2018-04-12 17:30:00,325.3299865722656
2018-04-12 18:30:00,326.114990234375
2018-04-12 19:30:00,325.0899963378906
2018-04-13 13:30:00,322.95599365234375
2018-04-13 14:30:00,320.4700012207031
2018-04-13 15:30:00,321.6600036621094
2018-04-13 16:30:00,323.34600830078125
2018-04-13 17:30:00,322.4200134277344
2018-04-13 18:30:00,320.2699890136719
2018-04-13 19:30:00,321.6499938964844
2018-04-16 13:30:00,318.7900085449219
2018-04-16 14:30:00,320.3999938964844
2018-04-16 15:30:00,319.2514953613281
2018-04-16 16:30:00,319.75
2018-04-16 17:30:00,319.69500732421875
2018-04-16 18:30:00,319.1600036621094
2018-04-16 19:30:00,318.2099914550781
2018-04-17 13:30:00,320.2699890136719
2018-04-17 15:30:00,323.260009765625
2018-04-17 16:30:00,323.7799987792969
2018-04-17 17:30:00,323.25
2018-04-17 18:30:00,322.739990234375
2018-04-17 19:30:00,322.6400146484375
2018-04-18 13:30:00,323.0
2018-04-18 14:30:00,322.8399963378906
2018-04-18 15:30:00,322.44000244140625
2018-04-18 16:30:00,321.8599853515625
2018-04-18 17:30:00,322.55999755859375
2018-04-18 18:30:00,321.7699890136719
2018-04-18 19:30:00,321.3299865722656
2018-04-19 13:30:00,320.67999267578125
2018-04-19 14:30:00,319.1000061035156
2018-04-19 15:30:00,316.5899963378906
2018-04-19 16:30:00,315.7099914550781
2018-04-19 17:30:00,316.0
2018-04-19 18:30:00,316.17999267578125
2018-04-19 19:30:00,315.82000732421875
2018-04-20 13:30:00,314.9277038574219
2018-04-20 14:30:00,313.8475036621094
2018-04-20 15:30:00,313.54998779296875
2018-04-20 16:30:00,312.760009765625
2018-04-20 17:30:00,312.2799987792969
2018-04-20 18:30:00,313.5799865722656
2018-04-20 19:30:00,314.2099914550781
2018-04-23 13:30:00,314.9150085449219
2018-04-23 14:30:00,318.239990234375
2018-04-23 15:30:00,316.1300048828125
2018-04-23 16:30:00,315.20001220703125
2018-04-23 17:30:00,315.3299865722656
2018-04-23 18:30:00,315.6499938964844
2018-04-23 19:30:00,315.8999938964844
2018-04-24 13:30:00,314.3500061035156
2018-04-24 14:30:00,314.1300048828125
2018-04-24 15:30:00,315.2099914550781
2018-04-24 16:30:00,314.8399963378906
2018-04-24 17:30:00,311.17999267578125
2018-04-24 18:30:00,312.13250732421875
2018-04-24 19:30:00,311.9700012207031
2018-04-25 13:30:00,317.17498779296875
2018-04-25 14:30:00,320.6000061035156
2018-04-25 15:30:00,317.1099853515625
2018-04-25 16:30:00,316.510009765625
2018-04-25 17:30:00,314.6300048828125
2018-04-25 18:30:00,317.19500732421875
2018-04-25 19:30:00,316.20001220703125
2018-04-26 13:30:00,326.5450134277344
2018-04-26 14:30:00,322.7200012207031
2018-04-26 15:30:00,324.55999755859375
2018-04-26 16:30:00,324.1099853515625
2018-04-26 17:30:00,326.1050109863281
2018-04-26 18:30:00,324.2699890136719
2018-04-26 19:30:00,323.9200134277344
2018-04-27 13:30:00,304.2200012207031
2018-04-27 14:30:00,303.8299865722656
2018-04-27 15:30:00,304.19000244140625
2018-04-27 16:30:00,304.5799865722656
2018-04-27 17:30:00,309.3399963378906
2018-04-27 18:30:00,313.1650085449219
2018-04-27 19:30:00,313.0799865722656
2018-04-30 13:30:00,305.4800109863281
2018-04-30 14:30:00,301.04998779296875
2018-04-30 15:30:00,300.2699890136719
2018-04-30 16:30:00,304.68719482421875
2018-04-30 17:30:00,305.19000244140625
2018-04-30 18:30:00,304.5799865722656
2018-04-30 19:30:00,303.739990234375
2018-05-01 13:30:00,296.760009765625
2018-05-01 14:30:00,296.3599853515625
2018-05-01 15:30:00,296.32000732421875
2018-05-01 16:30:00,295.8299865722656
2018-05-01 17:30:00,296.7799987792969
2018-05-01 18:30:00,295.4700012207031
2018-05-01 19:30:00,301.2049865722656
2018-05-02 13:30:00,299.0299987792969
2018-05-02 14:30:00,300.32501220703125
2018-05-02 15:30:00,298.7250061035156
2018-05-02 16:30:00,299.69000244140625
2018-05-02 17:30:00,300.67999267578125
2018-05-02 18:30:00,297.5799865722656
2018-05-02 19:30:00,296.17999267578125
2018-05-03 13:30:00,296.75
2018-05-03 14:30:00,290.69000244140625
2018-05-03 15:30:00,289.19000244140625
2018-05-03 16:30:00,293.1400146484375
2018-05-03 17:30:00,291.82000732421875
2018-05-03 18:30:00,291.8900146484375
2018-05-03 19:30:00,292.4200134277344
2018-05-04 13:30:00,289.2149963378906
2018-05-04 14:30:00,290.125
2018-05-04 15:30:00,290.20001220703125
2018-05-04 16:30:00,289.79998779296875
2018-05-04 17:30:00,290.8599853515625
2018-05-04 18:30:00,291.7799987792969
2018-05-04 19:30:00,291.29998779296875
2018-05-07 13:30:00,291.0799865722656
2018-05-07 14:30:00,288.39801025390625
2018-05-07 15:30:00,288.25
2018-05-07 16:30:00,288.010009765625
2018-05-07 17:30:00,287.94000244140625
2018-05-07 18:30:00,287.0199890136719
2018-05-07 19:30:00,288.6000061035156
2018-05-08 13:30:00,289.3399963378906
2018-05-08 14:30:00,289.70001220703125
2018-05-08 15:30:00,288.0199890136719
2018-05-08 16:30:00,287.3280029296875
2018-05-08 17:30:00,285.6300048828125
2018-05-08 18:30:00,285.9800109863281
2018-05-08 19:30:00,285.8699951171875
2018-05-09 13:30:00,284.364990234375
2018-05-09 14:30:00,282.8299865722656
2018-05-09 15:30:00,283.9800109863281
2018-05-09 16:30:00,287.2601013183594
2018-05-09 17:30:00,288.07000732421875
2018-05-09 18:30:00,286.4200134277344
2018-05-09 19:30:00,284.6099853515625
2018-05-10 13:30:00,284.6300048828125
2018-05-10 14:30:00,285.1099853515625
2018-05-10 15:30:00,285.8500061035156
2018-05-10 16:30:00,286.95001220703125
2018-05-10 17:30:00,287.5552978515625
2018-05-10 18:30:00,288.42999267578125
2018-05-10 19:30:00,288.7699890136719
2018-05-11 13:30:00,303.9700012207031
2018-05-11 14:30:00,301.67999267578125
2018-05-11 15:30:00,300.95001220703125
2018-05-11 16:30:00,301.3500061035156
2018-05-11 17:30:00,309.3349914550781
2018-05-11 18:30:00,313.7701110839844
2018-05-11 19:30:00,306.8900146484375
2018-05-14 13:30:00,307.4100036621094
2018-05-14 14:30:00,307.29998779296875
2018-05-14 15:30:00,308.5199890136719
2018-05-14 16:30:00,307.52801513671875
2018-05-14 17:30:00,307.7074890136719
2018-05-14 18:30:00,309.0299987792969
2018-05-14 19:30:00,309.55999755859375
2018-05-15 13:30:00,301.69000244140625
2018-05-15 14:30:00,303.2200012207031
2018-05-15 15:30:00,302.0799865722656
2018-05-15 16:30:00,300.385009765625
2018-05-15 17:30:00,300.54998779296875
2018-05-15 18:30:00,299.75
2018-05-15 19:30:00,300.3599853515625
2018-05-16 13:30:00,299.75
2018-05-16 14:30:00,300.760009765625
2018-05-16 15:30:00,302.20001220703125
2018-05-16 16:30:00,303.1099853515625
2018-05-16 17:30:00,304.32000732421875
2018-05-16 18:30:00,304.75
2018-05-16 19:30:00,303.17999267578125
2018-05-17 13:30:00,303.1400146484375
2018-05-17 14:30:00,302.4200134277344
2018-05-17 15:30:00,304.875
2018-05-17 16:30:00,305.5
2018-05-17 17:30:00,305.4800109863281
2018-05-17 18:30:00,306.6000061035156
2018-05-17 19:30:00,308.19000244140625
2018-05-18 13:30:00,305.05999755859375
2018-05-18 14:30:00,303.94000244140625
2018-05-18 15:30:00,303.04998779296875
2018-05-18 16:30:00,301.177490234375
2018-05-18 17:30:00,300.6000061035156
2018-05-18 18:30:00,300.29998779296875
2018-05-18 19:30:00,301.9389953613281
2018-05-21 13:30:00,300.4599914550781
2018-05-21 14:30:00,296.29998779296875
2018-05-21 15:30:00,297.42498779296875
2018-05-21 16:30:00,297.69000244140625
2018-05-21 17:30:00,296.9949951171875
2018-05-21 18:30:00,295.7300109863281
2018-05-21 19:30:00,296.6300048828125
2018-05-22 13:30:00,296.6700134277344
2018-05-22 14:30:00,298.0299987792969
2018-05-22 15:30:00,295.8599853515625
2018-05-22 16:30:00,296.5199890136719
2018-05-22 17:30:00,297.18499755859375
2018-05-22 18:30:00,295.2200012207031
2018-05-22 19:30:00,294.5899963378906
2018-05-23 13:30:00,295.0350036621094
2018-05-23 14:30:00,294.8800048828125
2018-05-23 15:30:00,293.7608947753906
2018-05-23 16:30:00,292.739990234375
2018-05-23 17:30:00,294.8800048828125
2018-05-23 18:30:00,295.3999938964844
2018-05-23 19:30:00,295.3349914550781
2018-05-24 13:30:00,294.30499267578125
2018-05-24 14:30:00,293.95001220703125
2018-05-24 15:30:00,294.06500244140625
2018-05-24 16:30:00,295.3500061035156
2018-05-24 17:30:00,295.5
2018-05-24 18:30:00,295.8299865722656
2018-05-24 19:30:00,294.55999755859375
2018-05-25 13:30:00,294.5199890136719
2018-05-25 14:30:00,294.3699951171875
2018-05-25 15:30:00,293.32000732421875
2018-05-25 16:30:00,293.19000244140625
2018-05-25 17:30:00,293.7799987792969
2018-05-25 18:30:00,293.5899963378906
2018-05-25 19:30:00,293.75
2018-05-29 13:30:00,296.6099853515625
2018-05-29 14:30:00,295.2799987792969
2018-05-29 15:30:00,293.94000244140625
2018-05-29 16:30:00,294.4200134277344
2018-05-29 17:30:00,294.3861999511719
2018-05-29 18:30:00,294.54998779296875
2018-05-29 19:30:00,296.5199890136719
2018-05-30 13:30:00,297.6499938964844
2018-05-30 14:30:00,298.20001220703125
2018-05-30 15:30:00,299.6099853515625
2018-05-30 16:30:00,300.0899963378906
2018-05-30 17:30:00,300.55499267578125
2018-05-30 18:30:00,300.8699951171875
2018-05-30 19:30:00,301.07000732421875
2018-05-31 13:30:00,301.19500732421875
2018-05-31 14:30:00,300.3894958496094
2018-05-31 15:30:00,299.5050048828125
2018-05-31 16:30:00,299.4599914550781
2018-05-31 17:30:00,298.69500732421875
2018-05-31 18:30:00,299.385009765625
2018-05-31 19:30:00,300.3399963378906
2018-06-01 13:30:00,304.5299987792969
2018-06-01 14:30:00,306.8900146484375
2018-06-01 15:30:00,308.25531005859375
2018-06-01 16:30:00,309.1000061035156
2018-06-01 17:30:00,308.0299987792969
2018-06-01 18:30:00,306.4599914550781
2018-06-01 19:30:00,306.9100036621094
2018-06-04 13:30:00,307.8699951171875
2018-06-04 14:30:00,311.8999938964844
2018-06-04 15:30:00,311.6000061035156
2018-06-04 16:30:00,314.2799987792969
2018-06-04 17:30:00,313.989990234375
2018-06-04 18:30:00,312.3599853515625
2018-06-04 19:30:00,312.1199951171875
2018-06-05 13:30:00,310.04998779296875
2018-06-05 14:30:00,311.20001220703125
2018-06-05 15:30:00,312.0899963378906
2018-06-05 16:30:00,314.2200012207031
2018-06-05 17:30:00,313.6600036621094
2018-06-05 18:30:00,310.9700012207031
2018-06-05 19:30:00,311.7900085449219
2018-06-06 13:30:00,313.72198486328125
2018-06-06 14:30:00,313.8599853515625
2018-06-06 15:30:00,312.5400085449219
2018-06-06 16:30:00,312.3680114746094
2018-06-06 17:30:00,315.2799987792969
2018-06-06 18:30:00,314.7449951171875
2018-06-06 19:30:00,315.1099853515625
2018-06-07 13:30:00,311.4599914550781
2018-06-07 14:30:00,310.1000061035156
2018-06-07 15:30:00,308.82000732421875
2018-06-07 16:30:00,309.0400085449219
2018-06-07 17:30:00,307.3699951171875
2018-06-07 18:30:00,308.8800048828125
2018-06-07 19:30:00,308.75
2018-06-08 13:30:00,306.69000244140625
2018-06-08 14:30:00,305.0426940917969
2018-06-08 15:30:00,306.4949951171875
2018-06-08 16:30:00,305.614990234375
2018-06-08 17:30:00,308.239990234375
2018-06-08 18:30:00,307.6000061035156
2018-06-08 19:30:00,308.0199890136719
2018-06-11 13:30:00,306.5899963378906
2018-06-11 14:30:00,311.05999755859375
2018-06-11 15:30:00,312.7099914550781
2018-06-11 16:30:00,312.5849914550781
2018-06-11 17:30:00,312.6199951171875
2018-06-11 18:30:00,313.3299865722656
2018-06-11 19:30:00,311.989990234375
2018-06-12 13:30:00,309.4201965332031
2018-06-12 14:30:00,309.94500732421875
2018-06-12 15:30:00,311.2300109863281
2018-06-12 16:30:00,310.1400146484375
2018-06-12 17:30:00,310.05999755859375
2018-06-12 18:30:00,309.8500061035156
2018-06-12 19:30:00,309.7200012207031
2018-06-13 13:30:00,311.6099853515625
2018-06-13 14:30:00,311.7513122558594
2018-06-13 15:30:00,312.54998779296875
2018-06-13 16:30:00,311.2900085449219
2018-06-13 17:30:00,308.7025146484375
2018-06-13 18:30:00,308.5199890136719
2018-06-13 19:30:00,308.3299865722656
2018-06-14 13:30:00,313.6265869140625
2018-06-14 14:30:00,313.6449890136719
2018-06-14 15:30:00,315.5299987792969
2018-06-14 16:30:00,317.2300109863281
2018-06-14 17:30:00,315.4081115722656
2018-06-14 18:30:00,315.4599914550781
2018-06-14 19:30:00,315.69000244140625
2018-06-15 13:30:00,314.2406921386719
2018-06-15 14:30:00,311.1300048828125
2018-06-15 15:30:00,313.1000061035156
2018-06-15 16:30:00,312.8399963378906
2018-06-15 17:30:00,314.8500061035156
2018-06-15 18:30:00,315.0400085449219
2018-06-15 19:30:00,315.3299865722656
2018-06-18 13:30:00,313.4200134277344
2018-06-18 14:30:00,313.1000061035156
2018-06-18 15:30:00,311.94000244140625
2018-06-18 16:30:00,312.9049987792969
2018-06-18 17:30:00,313.9599914550781
2018-06-18 18:30:00,314.6700134277344
2018-06-18 19:30:00,315.5199890136719
2018-06-19 13:30:00,325.57000732421875
2018-06-19 14:30:00,322.0799865722656
2018-06-19 15:30:00,321.3699951171875
2018-06-19 16:30:00,323.18499755859375
2018-06-19 17:30:00,324.9200134277344
2018-06-19 18:30:00,325.7950134277344
2018-06-19 19:30:00,326.8999938964844
2018-06-20 13:30:00,330.6600036621094
2018-06-20 14:30:00,328.94500732421875
2018-06-20 15:30:00,330.28680419921875
2018-06-20 16:30:00,331.2799987792969
2018-06-20 17:30:00,336.25
2018-06-20 18:30:00,336.7799987792969
2018-06-20 19:30:00,336.94000244140625
2018-06-21 13:30:00,328.0899963378906
2018-06-21 14:30:00,329.1099853515625
2018-06-21 15:30:00,325.5
2018-06-21 16:30:00,328.0799865722656
2018-06-21 17:30:00,326.2099914550781
2018-06-21 18:30:00,327.3403015136719
2018-06-21 19:30:00,329.1000061035156
2018-06-22 13:30:00,327.5
2018-06-22 14:30:00,334.2950134277344
2018-06-22 15:30:00,332.82000732421875
2018-06-22 16:30:00,332.2471923828125
2018-06-22 17:30:00,332.94000244140625
2018-06-22 18:30:00,332.9200134277344
2018-06-22 19:30:00,331.8900146484375
2018-06-25 13:30:00,329.5199890136719
2018-06-25 14:30:00,326.7200012207031
2018-06-25 15:30:00,326.32000732421875
2018-06-25 16:30:00,324.2900085449219
2018-06-25 17:30:00,323.3500061035156
2018-06-25 18:30:00,325.3900146484375
2018-06-25 19:30:00,326.95001220703125
2018-06-26 13:30:00,323.1499938964844
2018-06-26 14:30:00,324.17999267578125
2018-06-26 15:30:00,325.70001220703125
2018-06-26 16:30:00,325.9800109863281
2018-06-26 17:30:00,326.4200134277344
2018-06-26 18:30:00,325.9800109863281
2018-06-26 19:30:00,326.5799865722656
2018-06-27 13:30:00,337.8999938964844
2018-06-27 14:30:00,337.3450012207031
2018-06-27 15:30:00,337.8299865722656
2018-06-27 16:30:00,336.1600036621094
2018-06-27 17:30:00,337.6099853515625
2018-06-27 18:30:00,336.8399963378906
2018-06-27 19:30:00,336.95001220703125
2018-06-28 13:30:00,335.739990234375
2018-06-28 14:30:00,339.54998779296875
2018-06-28 15:30:00,337.5950012207031
2018-06-28 16:30:00,338.69000244140625
2018-06-28 17:30:00,340.5799865722656
2018-06-28 18:30:00,341.8699951171875
2018-06-28 19:30:00,341.8599853515625
2018-06-29 13:30:00,346.6099853515625
2018-06-29 14:30:00,347.95001220703125
2018-06-29 15:30:00,348.364990234375
2018-06-29 16:30:00,348.5675048828125
2018-06-29 17:30:00,346.510009765625
2018-06-29 18:30:00,346.3699951171875
2018-06-29 19:30:00,344.989990234375
2018-07-02 13:30:00,344.6300048828125
2018-07-02 14:30:00,344.2300109863281
2018-07-02 15:30:00,346.0
2018-07-02 16:30:00,345.0849914550781
2018-07-02 17:30:00,349.0950012207031
2018-07-02 18:30:00,350.2699890136719
2018-07-02 19:30:00,351.29998779296875
2018-07-03 13:30:00,352.0314025878906
2018-07-03 14:30:00,355.0299987792969
2018-07-03 15:30:00,353.8900146484375
2018-07-03 17:00:00,353.8599853515625
2018-07-05 13:30:00,356.7049865722656
2018-07-05 14:30:00,358.2850036621094
2018-07-05 15:30:00,360.989990234375
2018-07-05 16:30:00,361.7749938964844
2018-07-05 17:30:00,360.07220458984375
2018-07-05 18:30:00,361.5408020019531
2018-07-05 19:30:00,360.8399963378906
2018-07-06 13:30:00,362.3500061035156
2018-07-06 14:30:00,363.54998779296875
2018-07-06 15:30:00,367.3900146484375
2018-07-06 16:30:00,367.19500732421875
2018-07-06 17:30:00,367.739990234375
2018-07-06 18:30:00,369.70001220703125
2018-07-06 19:30:00,369.6099853515625
2018-07-09 13:30:00,374.1199951171875
2018-07-09 14:30:00,373.1925048828125
2018-07-09 15:30:00,368.35540771484375
2018-07-09 16:30:00,368.5400085449219
2018-07-09 17:30:00,369.66778564453125
2018-07-09 18:30:00,369.92718505859375
2018-07-09 19:30:00,371.3399963378906
2018-07-10 13:30:00,368.80999755859375
2018-07-10 14:30:00,368.6017150878906
2018-07-10 15:30:00,368.05499267578125
2018-07-10 16:30:00,365.5
2018-07-10 17:30:00,365.7099914550781
2018-07-10 18:30:00,366.3299865722656
2018-07-10 19:30:00,366.260009765625
2018-07-11 13:30:00,364.7900085449219
2018-07-11 14:30:00,363.8699951171875
2018-07-11 15:30:00,363.3900146484375
2018-07-11 16:30:00,365.7413024902344
2018-07-11 17:30:00,363.7650146484375
2018-07-11 18:30:00,365.3299865722656
2018-07-11 19:30:00,365.2900085449219
2018-07-12 13:30:00,362.0
2018-07-12 14:30:00,363.9599914550781
2018-07-12 15:30:00,364.3450012207031
2018-07-12 16:30:00,364.3699951171875
2018-07-12 17:30:00,363.79998779296875
2018-07-12 18:30:00,365.9599914550781
2018-07-12 19:30:00,366.54998779296875
2018-07-13 13:30:00,368.19000244140625
2018-07-13 14:30:00,369.3599853515625
2018-07-13 15:30:00,367.4800109863281
2018-07-13 16:30:00,369.3500061035156
2018-07-13 17:30:00,368.6000061035156
2018-07-13 18:30:00,367.68499755859375
2018-07-13 19:30:00,367.5799865722656
2018-07-16 13:30:00,360.0799865722656
2018-07-16 14:30:00,361.30999755859375
2018-07-16 15:30:00,362.489990234375
2018-07-16 16:30:00,362.7799987792969
2018-07-16 17:30:00,363.4100036621094
2018-07-16 18:30:00,364.05999755859375
2018-07-16 19:30:00,364.79998779296875
2018-07-17 13:30:00,366.0199890136719
2018-07-17 14:30:00,363.43499755859375
2018-07-17 15:30:00,364.94000244140625
2018-07-17 16:30:00,364.79998779296875
2018-07-17 17:30:00,365.0050048828125
2018-07-17 18:30:00,364.9700012207031
2018-07-17 19:30:00,365.4700012207031
2018-07-18 13:30:00,366.7809143066406
2018-07-18 14:30:00,364.95001220703125
2018-07-18 15:30:00,364.625
2018-07-18 16:30:00,364.9779968261719
2018-07-18 17:30:00,364.4100036621094
2018-07-18 18:30:00,365.0199890136719
2018-07-18 19:30:00,365.95001220703125
2018-07-19 13:30:00,364.95001220703125
2018-07-19 14:30:00,366.5799865722656
2018-07-19 15:30:00,364.94000244140625
2018-07-19 16:30:00,366.1499938964844
2018-07-19 17:30:00,367.79998779296875
2018-07-19 18:30:00,367.1400146484375
2018-07-19 19:30:00,367.7900085449219
2018-07-20 13:30:00,366.510009765625
2018-07-20 14:30:00,364.9100036621094
2018-07-20 15:30:00,366.8999938964844
2018-07-20 16:30:00,366.9200134277344
2018-07-20 17:30:00,367.32000732421875
2018-07-20 18:30:00,367.2699890136719
2018-07-20 19:30:00,367.1000061035156
2018-07-23 13:30:00,364.1600036621094
2018-07-23 14:30:00,366.010009765625
2018-07-23 15:30:00,366.0400085449219
2018-07-23 16:30:00,366.2099914550781
2018-07-23 17:30:00,365.7250061035156
2018-07-23 18:30:00,366.0
2018-07-23 19:30:00,366.20001220703125
2018-07-24 13:30:00,372.239990234375
2018-07-24 14:30:00,371.239990234375
2018-07-24 15:30:00,368.2099914550781
2018-07-24 16:30:00,369.3299865722656
2018-07-24 17:30:00,369.5899963378906
2018-07-24 18:30:00,371.6445007324219
2018-07-24 19:30:00,372.7099914550781
2018-07-25 13:30:00,375.010009765625
2018-07-25 14:30:00,370.62451171875
2018-07-25 15:30:00,371.2650146484375
2018-07-25 16:30:00,371.7832946777344
2018-07-25 17:30:00,373.2749938964844
2018-07-25 18:30:00,372.2900085449219
2018-07-25 19:30:00,374.5299987792969
2018-07-26 13:30:00,372.3086853027344
2018-07-26 14:30:00,374.8525085449219
2018-07-26 15:30:00,376.0199890136719
2018-07-26 16:30:00,373.70001220703125
2018-07-26 17:30:00,373.739990234375
2018-07-26 18:30:00,373.260009765625
2018-07-26 19:30:00,373.5799865722656
2018-07-27 13:30:00,368.32501220703125
2018-07-27 14:30:00,367.2850036621094
2018-07-27 15:30:00,366.0199890136719
2018-07-27 16:30:00,364.29998779296875
2018-07-27 17:30:00,365.0199890136719
2018-07-27 18:30:00,367.2900085449219
2018-07-27 19:30:00,367.45001220703125
2018-07-30 13:30:00,369.5328063964844
2018-07-30 14:30:00,370.4100036621094
2018-07-30 15:30:00,371.9100036621094
2018-07-30 16:30:00,374.1700134277344
2018-07-30 17:30:00,371.3999938964844
2018-07-30 18:30:00,372.8599853515625
2018-07-30 19:30:00,371.6000061035156
2018-07-31 13:30:00,371.5899963378906
2018-07-31 14:30:00,372.6099853515625
2018-07-31 15:30:00,370.6600036621094
2018-07-31 16:30:00,368.54998779296875
2018-07-31 17:30:00,367.1300048828125
2018-07-31 18:30:00,369.3349914550781
2018-07-31 19:30:00,367.92999267578125
2018-08-01 13:30:00,372.3800048828125
2018-08-01 14:30:00,370.8699951171875
2018-08-01 15:30:00,370.3900146484375
2018-08-01 16:30:00,370.0
2018-08-01 17:30:00,372.00799560546875
2018-08-01 18:30:00,370.6600036621094
2018-08-01 19:30:00,370.75
2018-08-02 13:30:00,394.3999938964844
2018-08-02 14:30:00,392.4599914550781
2018-08-02 15:30:00,395.5
2018-08-02 16:30:00,394.29998779296875
2018-08-02 17:30:00,396.7300109863281
2018-08-02 18:30:00,399.4200134277344
2018-08-02 19:30:00,397.1000061035156
2018-08-03 13:30:00,395.80999755859375
2018-08-03 14:30:00,397.7300109863281
2018-08-03 15:30:00,396.95001220703125
2018-08-03 16:30:00,393.5400085449219
2018-08-03 17:30:00,394.3800048828125
2018-08-03 18:30:00,395.3800048828125
2018-08-03 19:30:00,394.67999267578125
2018-08-06 13:30:00,390.42999267578125
2018-08-06 14:30:00,392.4100036621094
2018-08-06 15:30:00,392.57501220703125
2018-08-06 16:30:00,391.0497131347656
2018-08-06 17:30:00,391.04998779296875
2018-08-06 18:30:00,390.5
2018-08-06 19:30:00,389.989990234375
2018-08-07 13:30:00,391.0299987792969
2018-08-07 14:30:00,389.4800109863281
2018-08-07 15:30:00,391.99200439453125
2018-08-07 16:30:00,390.9049987792969
2018-08-07 17:30:00,391.05999755859375
2018-08-07 18:30:00,392.6400146484375
2018-08-07 19:30:00,391.3900146484375
2018-08-08 13:30:00,371.20001220703125
2018-08-08 14:30:00,371.2650146484375
2018-08-08 15:30:00,374.6549072265625
2018-08-08 16:30:00,372.9700012207031
2018-08-08 17:30:00,372.4599914550781
2018-08-08 18:30:00,373.75
2018-08-08 19:30:00,374.32000732421875
2018-08-09 13:30:00,371.92498779296875
2018-08-09 14:30:00,372.82501220703125
2018-08-09 15:30:00,372.57000732421875
2018-08-09 16:30:00,373.6199951171875
2018-08-09 17:30:00,372.4219970703125
2018-08-09 18:30:00,372.8299865722656
2018-08-09 19:30:00,372.25
2018-08-10 13:30:00,368.8500061035156
2018-08-10 14:30:00,367.2699890136719
2018-08-10 15:30:00,369.79998779296875
2018-08-10 16:30:00,369.1400146484375
2018-08-10 17:30:00,367.5400085449219
2018-08-10 18:30:00,368.5849914550781
2018-08-10 19:30:00,368.7699890136719
2018-08-13 13:30:00,364.7799987792969
2018-08-13 14:30:00,362.9100036621094
2018-08-13 15:30:00,363.760009765625
2018-08-13 16:30:00,364.5820007324219
2018-08-13 17:30:00,368.0799865722656
2018-08-13 18:30:00,366.6600036621094
2018-08-13 19:30:00,366.510009765625
2018-08-14 13:30:00,368.6000061035156
2018-08-14 14:30:00,367.2300109863281
2018-08-14 15:30:00,366.07000732421875
2018-08-14 16:30:00,365.5799865722656
2018-08-14 17:30:00,366.04998779296875
2018-08-14 18:30:00,366.8299865722656
2018-08-14 19:30:00,366.27099609375
2018-08-15 13:30:00,367.0400085449219
2018-08-15 14:30:00,365.0799865722656
2018-08-15 15:30:00,362.9100036621094
2018-08-15 16:30:00,362.6199951171875
2018-08-15 17:30:00,363.6499938964844
2018-08-15 18:30:00,362.7900085449219
2018-08-15 19:30:00,361.8500061035156
2018-08-16 13:30:00,368.7300109863281
2018-08-16 14:30:00,369.79998779296875
2018-08-16 15:30:00,370.92498779296875
2018-08-16 16:30:00,372.0899963378906
2018-08-16 17:30:00,372.7200012207031
2018-08-16 18:30:00,372.80999755859375
2018-08-16 19:30:00,371.8699951171875
2018-08-17 13:30:00,376.3500061035156
2018-08-17 14:30:00,375.6050109863281
2018-08-17 15:30:00,373.58319091796875
2018-08-17 16:30:00,375.5
2018-08-17 17:30:00,376.80999755859375
2018-08-17 18:30:00,375.6000061035156
2018-08-17 19:30:00,374.239990234375
2018-08-20 13:30:00,373.5
2018-08-20 14:30:00,371.9200134277344
2018-08-20 15:30:00,373.5899963378906
2018-08-20 16:30:00,375.9700012207031
2018-08-20 17:30:00,375.8949890136719
2018-08-20 18:30:00,376.8999938964844
2018-08-20 19:30:00,374.6700134277344
2018-08-21 13:30:00,376.7099914550781
2018-08-21 14:30:00,374.70001220703125
2018-08-21 15:30:00,376.7900085449219
2018-08-21 16:30:00,377.20001220703125
2018-08-21 17:30:00,379.489990234375
2018-08-21 18:30:00,378.0799865722656
2018-08-21 19:30:00,378.5899963378906
2018-08-22 13:30:00,379.32501220703125
2018-08-22 14:30:00,380.82000732421875
2018-08-22 15:30:00,379.260009765625
2018-08-22 16:30:00,379.2699890136719
2018-08-22 17:30:00,379.7398986816406
2018-08-22 18:30:00,382.0
2018-08-22 19:30:00,380.1600036621094
2018-08-23 13:30:00,379.7349853515625
2018-08-23 14:30:00,377.29998779296875
2018-08-23 15:30:00,379.25
2018-08-23 16:30:00,378.94000244140625
2018-08-23 17:30:00,378.6600036621094
2018-08-23 18:30:00,379.20001220703125
2018-08-23 19:30:00,379.20001220703125
2018-08-24 13:30:00,376.55999755859375
2018-08-24 14:30:00,377.1199951171875
2018-08-24 15:30:00,375.7699890136719
2018-08-24 16:30:00,375.3299865722656
2018-08-24 17:30:00,376.75
2018-08-24 18:30:00,376.29998779296875
2018-08-24 19:30:00,376.25
2018-08-27 13:30:00,383.489990234375
2018-08-27 14:30:00,385.5
2018-08-27 15:30:00,387.1300048828125
2018-08-27 16:30:00,386.7900085449219
2018-08-27 17:30:00,388.8800048828125
2018-08-27 18:30:00,388.7799987792969
2018-08-27 19:30:00,388.5400085449219
2018-08-28 13:30:00,389.7449951171875
2018-08-28 14:30:00,390.1499938964844
2018-08-28 15:30:00,390.2900085449219
2018-08-28 16:30:00,391.260009765625
2018-08-28 17:30:00,389.9599914550781
2018-08-28 18:30:00,389.2900085449219
2018-08-28 19:30:00,390.0299987792969
2018-08-29 13:30:00,399.2699890136719
2018-08-29 14:30:00,399.2749938964844
2018-08-29 15:30:00,403.70001220703125
2018-08-29 16:30:00,406.32000732421875
2018-08-29 17:30:00,406.55499267578125
2018-08-29 18:30:00,407.7200012207031
2018-08-29 19:30:00,406.69000244140625
2018-08-30 13:30:00,408.2699890136719
2018-08-30 14:30:00,407.1499938964844
2018-08-30 15:30:00,407.3299865722656
2018-08-30 16:30:00,407.5
2018-08-30 17:30:00,407.5899963378906
2018-08-30 18:30:00,407.239990234375
2018-08-30 19:30:00,408.5
2018-08-31 13:30:00,409.70001220703125
2018-08-31 14:30:00,408.1400146484375
2018-08-31 15:30:00,408.260009765625
2018-08-31 16:30:00,408.7099914550781
2018-08-31 17:30:00,407.8500061035156
2018-08-31 18:30:00,407.07000732421875
2018-08-31 19:30:00,406.760009765625
2018-09-04 13:30:00,409.9800109863281
2018-09-04 14:30:00,404.5249938964844
2018-09-04 15:30:00,403.260009765625
2018-09-04 16:30:00,402.6600036621094
2018-09-04 17:30:00,401.4800109863281
2018-09-04 18:30:00,403.1000061035156
2018-09-04 19:30:00,404.010009765625
2018-09-05 13:30:00,407.739990234375
2018-09-05 14:30:00,407.5
2018-09-05 15:30:00,405.9999084472656
2018-09-05 16:30:00,405.65008544921875
2018-09-05 17:30:00,405.5799865722656
2018-09-05 18:30:00,406.3550109863281
2018-09-05 19:30:00,407.1499938964844
2018-09-06 13:30:00,397.0299987792969
2018-09-06 14:30:00,394.6099853515625
2018-09-06 15:30:00,393.69000244140625
2018-09-06 16:30:00,396.28350830078125
2018-09-06 17:30:00,396.45001220703125
2018-09-06 18:30:00,398.7699890136719
2018-09-06 19:30:00,397.92999267578125
2018-09-07 13:30:00,396.510009765625
2018-09-07 14:30:00,391.9200134277344
2018-09-07 15:30:00,391.0
2018-09-07 16:30:00,393.19000244140625
2018-09-07 17:30:00,394.3900146484375
2018-09-07 18:30:00,395.05999755859375
2018-09-07 19:30:00,395.3399963378906
2018-09-10 13:30:00,395.25
2018-09-10 14:30:00,395.20001220703125
2018-09-10 15:30:00,394.1499938964844
2018-09-10 16:30:00,393.3800048828125
2018-09-10 17:30:00,393.82000732421875
2018-09-10 18:30:00,394.8500061035156
2018-09-10 19:30:00,395.0899963378906
2018-09-11 13:30:00,391.8999938964844
2018-09-11 14:30:00,391.80999755859375
2018-09-11 15:30:00,395.1099853515625
2018-09-11 16:30:00,392.6099853515625
2018-09-11 17:30:00,395.04998779296875
2018-09-11 18:30:00,392.92999267578125
2018-09-11 19:30:00,393.75
2018-09-12 13:30:00,393.1099853515625
2018-09-12 14:30:00,390.0400085449219
2018-09-12 15:30:00,387.1300048828125
2018-09-12 16:30:00,384.5899963378906
2018-09-12 17:30:00,383.42498779296875
2018-09-12 18:30:00,386.3949890136719
2018-09-12 19:30:00,389.1199951171875
2018-09-13 13:30:00,395.44000244140625
2018-09-13 14:30:00,389.81500244140625
2018-09-13 15:30:00,389.6449890136719
2018-09-13 16:30:00,391.0799865722656
2018-09-13 17:30:00,395.989990234375
2018-09-13 18:30:00,397.29998779296875
2018-09-13 19:30:00,397.7099914550781
2018-09-14 13:30:00,396.7250061035156
2018-09-14 14:30:00,394.2939147949219
2018-09-14 15:30:00,390.8800048828125
2018-09-14 16:30:00,389.92999267578125
2018-09-14 17:30:00,389.4200134277344
2018-09-14 18:30:00,390.4200134277344
2018-09-14 19:30:00,392.239990234375
2018-09-17 13:30:00,391.4602966308594
2018-09-17 14:30:00,391.05999755859375
2018-09-17 15:30:00,390.0799865722656
2018-09-17 16:30:00,388.44000244140625
2018-09-17 17:30:00,387.989990234375
2018-09-17 18:30:00,387.489990234375
2018-09-17 19:30:00,386.489990234375
2018-09-18 13:30:00,382.3450012207031
2018-09-18 14:30:00,387.6400146484375
2018-09-18 15:30:00,387.7799987792969
2018-09-18 16:30:00,387.5950012207031
2018-09-18 17:30:00,388.6199951171875
2018-09-18 18:30:00,389.95001220703125
2018-09-18 19:30:00,388.1600036621094
2018-09-19 13:30:00,384.0
2018-09-19 14:30:00,384.0799865722656
2018-09-19 15:30:00,383.07501220703125
2018-09-19 16:30:00,383.69000244140625
2018-09-19 17:30:00,382.75048828125
2018-09-19 18:30:00,382.4700012207031
2018-09-19 19:30:00,383.82000732421875
2018-09-20 13:30:00,387.927490234375
2018-09-20 14:30:00,386.0350036621094
2018-09-20 15:30:00,384.6400146484375
2018-09-20 16:30:00,388.8399963378906
2018-09-20 17:30:00,388.6400146484375
2018-09-20 18:30:00,388.69000244140625
2018-09-20 19:30:00,387.07000732421875
2018-09-21 13:30:00,389.9599914550781
2018-09-21 14:30:00,391.9800109863281
2018-09-21 15:30:00,391.05999755859375
2018-09-21 16:30:00,390.4100036621094
2018-09-21 17:30:00,391.3550109863281
2018-09-21 18:30:00,390.6199951171875
2018-09-21 19:30:00,390.32000732421875
2018-09-24 13:30:00,389.739990234375
2018-09-24 14:30:00,390.1549987792969
2018-09-24 15:30:00,387.0299987792969
2018-09-24 16:30:00,388.82501220703125
2018-09-24 17:30:00,388.8800048828125
2018-09-24 18:30:00,390.30999755859375
2018-09-24 19:30:00,390.3800048828125
2018-09-25 13:30:00,392.80999755859375
2018-09-25 14:30:00,393.93798828125
2018-09-25 15:30:00,392.69610595703125
2018-09-25 16:30:00,391.9100036621094
2018-09-25 17:30:00,390.8800048828125
2018-09-25 18:30:00,389.4549865722656
2018-09-25 19:30:00,389.9200134277344
2018-09-26 13:30:00,394.57000732421875
2018-09-26 14:30:00,394.29998779296875
2018-09-26 15:30:00,393.42999267578125
2018-09-26 16:30:00,393.5799865722656
2018-09-26 17:30:00,395.17999267578125
2018-09-26 18:30:00,393.8500061035156
2018-09-26 19:30:00,391.5899963378906
2018-09-27 13:30:00,398.1099853515625
2018-09-27 14:30:00,401.43499755859375
2018-09-27 15:30:00,403.9800109863281
2018-09-27 16:30:00,404.1099853515625
2018-09-27 17:30:00,404.44000244140625
2018-09-27 18:30:00,406.94000244140625
2018-09-27 19:30:00,405.9200134277344
2018-09-28 13:30:00,409.05999755859375
2018-09-28 14:30:00,407.19000244140625
2018-09-28 15:30:00,401.5400085449219
2018-09-28 16:30:00,402.70001220703125
2018-09-28 17:30:00,405.260009765625
2018-09-28 18:30:00,406.3550109863281
2018-09-28 19:30:00,404.20001220703125
2018-10-01 13:30:00,407.8599853515625
2018-10-01 14:30:00,406.69000244140625
2018-10-01 15:30:00,405.4200134277344
2018-10-01 16:30:00,398.6918029785156
2018-10-01 17:30:00,395.2099914550781
2018-10-01 18:30:00,393.0723876953125
2018-10-01 19:30:00,394.4200134277344
2018-10-02 13:30:00,404.94000244140625
2018-10-02 14:30:00,405.1600036621094
2018-10-02 15:30:00,403.8529968261719
2018-10-02 16:30:00,403.0799865722656
2018-10-02 17:30:00,402.6199951171875
2018-10-02 18:30:00,399.7699890136719
2018-10-02 19:30:00,400.57000732421875
2018-10-03 13:30:00,401.4200134277344
2018-10-03 14:30:00,401.8500061035156
2018-10-03 15:30:00,402.1400146484375
2018-10-03 16:30:00,402.2049865722656
2018-10-03 17:30:00,401.9200134277344
2018-10-03 18:30:00,400.93890380859375
2018-10-03 19:30:00,403.06500244140625
2018-10-04 13:30:00,396.327392578125
2018-10-04 14:30:00,397.260009765625
2018-10-04 15:30:00,393.0799865722656
2018-10-04 16:30:00,391.5
2018-10-04 17:30:00,388.7309875488281
2018-10-04 18:30:00,390.3800048828125
2018-10-04 19:30:00,392.0
2018-10-05 13:30:00,398.8999938964844
2018-10-05 14:30:00,391.35009765625
2018-10-05 15:30:00,389.75
2018-10-05 16:30:00,387.0799865722656
2018-10-05 17:30:00,388.0899963378906
2018-10-05 18:30:00,391.8900146484375
2018-10-05 19:30:00,391.94000244140625
2018-10-08 13:30:00,395.0487976074219
2018-10-08 14:30:00,394.2900085449219
2018-10-08 15:30:00,392.1700134277344
2018-10-08 16:30:00,390.7850036621094
2018-10-08 17:30:00,392.54998779296875
2018-10-08 18:30:00,394.2300109863281
2018-10-08 19:30:00,394.0799865722656
2018-10-09 13:30:00,395.42999267578125
2018-10-09 14:30:00,392.57000732421875
2018-10-09 15:30:00,394.6650085449219
2018-10-09 16:30:00,392.93499755859375
2018-10-09 17:30:00,393.5950012207031
2018-10-09 18:30:00,391.9549865722656
2018-10-09 19:30:00,392.75
2018-10-10 13:30:00,393.948486328125
2018-10-10 14:30:00,392.8900146484375
2018-10-10 15:30:00,393.3800048828125
2018-10-10 16:30:00,391.1400146484375
2018-10-10 17:30:00,387.989990234375
2018-10-10 18:30:00,385.260009765625
2018-10-10 19:30:00,381.9809875488281
2018-10-11 13:30:00,375.93499755859375
2018-10-11 14:30:00,373.260009765625
2018-10-11 15:30:00,379.8800048828125
2018-10-11 16:30:00,381.6499938964844
2018-10-11 17:30:00,374.1400146484375
2018-10-11 18:30:00,375.6099853515625
2018-10-11 19:30:00,371.69000244140625
2018-10-12 13:30:00,376.8450012207031
2018-10-12 14:30:00,378.7799987792969
2018-10-12 15:30:00,377.32000732421875
2018-10-12 16:30:00,378.04681396484375
2018-10-12 17:30:00,378.0899963378906
2018-10-12 18:30:00,383.44000244140625
2018-10-12 19:30:00,384.3999938964844
2018-10-15 13:30:00,378.3599853515625
2018-10-15 14:30:00,379.17999267578125
2018-10-15 15:30:00,377.7250061035156
2018-10-15 16:30:00,378.2300109863281
2018-10-15 17:30:00,378.989990234375
2018-10-15 18:30:00,379.6300048828125
2018-10-15 19:30:00,377.6300048828125
2018-10-16 13:30:00,389.7300109863281
2018-10-16 14:30:00,396.5570983886719
2018-10-16 15:30:00,394.7049865722656
2018-10-16 16:30:00,396.4599914550781
2018-10-16 17:30:00,398.989990234375
2018-10-16 18:30:00,396.7799987792969
2018-10-16 19:30:00,398.6600036621094
2018-10-17 13:30:00,396.20001220703125
2018-10-17 14:30:00,395.8500061035156
2018-10-17 15:30:00,399.96539306640625
2018-10-17 16:30:00,400.07000732421875
2018-10-17 17:30:00,396.6000061035156
2018-10-17 18:30:00,400.1700134277344
2018-10-17 19:30:00,398.9599914550781
2018-10-18 13:30:00,395.7417907714844
2018-10-18 14:30:00,394.2699890136719
2018-10-18 15:30:00,394.010009765625
2018-10-18 16:30:00,390.6700134277344
2018-10-18 17:30:00,392.7749938964844
2018-10-18 18:30:00,394.95001220703125
2018-10-18 19:30:00,395.260009765625
2018-10-19 13:30:00,395.9200134277344
2018-10-19 14:30:00,390.04998779296875
2018-10-19 15:30:00,390.9949951171875
2018-10-19 16:30:00,394.29998779296875
2018-10-19 17:30:00,391.1000061035156
2018-10-19 18:30:00,391.8299865722656
2018-10-19 19:30:00,389.70001220703125
2018-10-22 13:30:00,386.3599853515625
2018-10-22 14:30:00,390.0
2018-10-22 15:30:00,388.8299865722656
2018-10-22 16:30:00,390.95001220703125
2018-10-22 17:30:00,387.07000732421875
2018-10-22 18:30:00,388.5
2018-10-22 19:30:00,388.0400085449219
2018-10-23 13:30:00,381.2349853515625
2018-10-23 14:30:00,379.57000732421875
2018-10-23 15:30:00,382.6300048828125
2018-10-23 16:30:00,380.6700134277344
2018-10-23 17:30:00,384.29998779296875
2018-10-23 18:30:00,382.92999267578125
2018-10-23 19:30:00,380.6700134277344
2018-10-24 13:30:00,379.3999938964844
2018-10-24 14:30:00,369.95001220703125
2018-10-24 15:30:00,372.1700134277344
2018-10-24 16:30:00,364.0
2018-10-24 17:30:00,359.010009765625
2018-10-24 18:30:00,353.1499938964844
2018-10-24 19:30:00,351.0199890136719
2018-10-25 13:30:00,344.0
2018-10-25 14:30:00,340.0799865722656
2018-10-25 15:30:00,340.3500061035156
2018-10-25 16:30:00,343.7200012207031
2018-10-25 17:30:00,341.7300109863281
2018-10-25 18:30:00,337.80999755859375
2018-10-25 19:30:00,337.07000732421875
2018-10-26 13:30:00,333.03009033203125
2018-10-26 14:30:00,337.8800048828125
2018-10-26 15:30:00,338.1600036621094
2018-10-26 16:30:00,337.510009765625
2018-10-26 17:30:00,337.0
2018-10-26 18:30:00,334.760009765625
2018-10-26 19:30:00,335.8599853515625
2018-10-29 13:30:00,336.239990234375
2018-10-29 14:30:00,335.5199890136719
2018-10-29 15:30:00,334.6099853515625
2018-10-29 16:30:00,337.6700134277344
2018-10-29 17:30:00,336.8793029785156
2018-10-29 18:30:00,332.5400085449219
2018-10-29 19:30:00,336.4100036621094
2018-10-30 13:30:00,340.2049865722656
2018-10-30 14:30:00,342.57000732421875
2018-10-30 15:30:00,347.4800109863281
2018-10-30 16:30:00,341.2200012207031
2018-10-30 17:30:00,339.95001220703125
2018-10-30 18:30:00,341.7900085449219
2018-10-30 19:30:00,339.739990234375
2018-10-31 13:30:00,340.8399963378906
2018-10-31 14:30:00,342.4700012207031
2018-10-31 15:30:00,340.2200012207031
2018-10-31 16:30:00,345.30999755859375
2018-10-31 17:30:00,342.3599853515625
2018-10-31 18:30:00,341.45001220703125
2018-10-31 19:30:00,339.25
2018-11-01 13:30:00,347.8800048828125
2018-11-01 14:30:00,349.45001220703125
2018-11-01 15:30:00,349.739990234375
2018-11-01 16:30:00,352.68499755859375
2018-11-01 17:30:00,352.1199951171875
2018-11-01 18:30:00,353.3900146484375
2018-11-01 19:30:00,355.45001220703125
2018-11-02 13:30:00,348.8326110839844
2018-11-02 14:30:00,350.7549133300781
2018-11-02 15:30:00,353.45001220703125
2018-11-02 16:30:00,351.5299987792969
2018-11-02 17:30:00,351.739990234375
2018-11-02 18:30:00,353.17498779296875
2018-11-02 19:30:00,352.760009765625
