Datetime,SBUX
2017-11-06 14:30:00,55.720001220703125
2017-11-06 15:30:00,56.029998779296875
2017-11-06 16:30:00,56.2666015625
2017-11-06 17:30:00,56.369998931884766
2017-11-06 18:30:00,56.40999984741211
2017-11-06 19:30:00,56.58000183105469
2017-11-06 20:30:00,56.56999969482422
2017-11-07 14:30:00,57.0
2017-11-07 15:30:00,56.905601501464844
2017-11-07 16:30:00,56.75
2017-11-07 17:30:00,56.97999954223633
2017-11-07 18:30:00,56.95000076293945
2017-11-07 19:30:00,57.16999816894531
2017-11-07 20:30:00,57.220001220703125
2017-11-08 14:30:00,57.314998626708984
2017-11-08 15:30:00,57.54679870605469
2017-11-08 16:30:00,57.60100173950195
2017-11-08 17:30:00,57.774898529052734
2017-11-08 18:30:00,57.81999969482422
2017-11-08 19:30:00,57.809898376464844
2017-11-08 20:30:00,58.0
2017-11-09 14:30:00,57.15999984741211
2017-11-09 15:30:00,56.90999984741211
2017-11-09 16:30:00,57.099998474121094
2017-11-09 17:30:00,57.2599983215332
2017-11-09 18:30:00,57.099998474121094
2017-11-09 19:30:00,57.2400016784668
2017-11-09 20:30:00,57.36000061035156
2017-11-10 14:30:00,56.61000061035156
2017-11-10 15:30:00,56.72999954223633
2017-11-10 16:30:00,56.86000061035156
2017-11-10 17:30:00,56.79499816894531
2017-11-10 18:30:00,56.904998779296875
2017-11-10 19:30:00,56.98500061035156
2017-11-10 20:30:00,57.04999923706055
2017-11-13 14:30:00,57.04999923706055
2017-11-13 15:30:00,57.095001220703125
2017-11-13 16:30:00,56.76499938964844
2017-11-13 17:30:00,57.05500030517578
2017-11-13 18:30:00,56.9900016784668
2017-11-13 19:30:00,56.70000076293945
2017-11-13 20:30:00,56.6349983215332
2017-11-14 14:30:00,56.72999954223633
2017-11-14 15:30:00,56.83000183105469
2017-11-14 16:30:00,56.93330001831055
2017-11-14 17:30:00,56.939998626708984
2017-11-14 18:30:00,56.8650016784668
2017-11-14 19:30:00,56.90999984741211
2017-11-14 20:30:00,56.93000030517578
2017-11-15 14:30:00,56.93000030517578
2017-11-15 15:30:00,57.029998779296875
2017-11-15 16:30:00,57.040000915527344
2017-11-15 17:30:00,57.02000045776367
2017-11-15 18:30:00,57.0099983215332
2017-11-15 19:30:00,56.904998779296875
2017-11-15 20:30:00,56.709999084472656
2017-11-16 14:30:00,57.02000045776367
2017-11-16 15:30:00,57.04499816894531
2017-11-16 16:30:00,57.13999938964844
2017-11-16 17:30:00,57.16999816894531
2017-11-16 18:30:00,57.25
2017-11-16 19:30:00,57.375
2017-11-16 20:30:00,57.25
2017-11-17 14:30:00,57.16999816894531
2017-11-17 15:30:00,56.849998474121094
2017-11-17 16:30:00,57.04999923706055
2017-11-17 17:30:00,57.12910079956055
2017-11-17 18:30:00,56.935001373291016
2017-11-17 19:30:00,56.88999938964844
2017-11-17 20:30:00,56.91999816894531
2017-11-20 14:30:00,56.939998626708984
2017-11-20 15:30:00,56.72999954223633
2017-11-20 16:30:00,56.790000915527344
2017-11-20 17:30:00,56.92499923706055
2017-11-20 18:30:00,56.90999984741211
2017-11-20 19:30:00,56.92499923706055
2017-11-20 20:30:00,56.810001373291016
2017-11-21 14:30:00,57.529998779296875
2017-11-21 15:30:00,57.255001068115234
2017-11-21 16:30:00,57.21500015258789
2017-11-21 17:30:00,57.209999084472656
2017-11-21 18:30:00,57.290000915527344
2017-11-21 19:30:00,57.24480056762695
2017-11-21 20:30:00,57.2599983215332
2017-11-22 14:30:00,56.90999984741211
2017-11-22 15:30:00,56.959999084472656
2017-11-22 16:30:00,57.029998779296875
2017-11-22 17:30:00,57.09000015258789
2017-11-22 18:30:00,57.10499954223633
2017-11-22 19:30:00,57.1150016784668
2017-11-22 20:30:00,57.1349983215332
2017-11-24 14:30:00,56.71929931640625
2017-11-24 15:30:00,56.88999938964844
2017-11-24 16:30:00,56.95000076293945
2017-11-24 18:00:00,56.7932014465332
2017-11-27 14:30:00,56.43000030517578
2017-11-27 15:30:00,56.0
2017-11-27 16:30:00,55.79899978637695
2017-11-27 17:30:00,56.130001068115234
2017-11-27 18:30:00,56.0
2017-11-27 19:30:00,55.93000030517578
2017-11-27 20:30:00,55.88999938964844
2017-11-28 14:30:00,56.25
2017-11-28 15:30:00,56.16999816894531
2017-11-28 16:30:00,56.21500015258789
2017-11-28 17:30:00,56.22999954223633
2017-11-28 18:30:00,56.27000045776367
2017-11-28 19:30:00,56.61000061035156
2017-11-28 20:30:00,56.65999984741211
2017-11-29 14:30:00,57.35499954223633
2017-11-29 15:30:00,57.189998626708984
2017-11-29 16:30:00,57.25
2017-11-29 17:30:00,57.36000061035156
2017-11-29 18:30:00,57.5
2017-11-29 19:30:00,57.599998474121094
2017-11-29 20:30:00,57.52000045776367
2017-11-30 14:30:00,57.54999923706055
2017-11-30 15:30:00,57.84000015258789
2017-11-30 16:30:00,57.904998779296875
2017-11-30 17:30:00,57.9900016784668
2017-11-30 18:30:00,57.79999923706055
2017-11-30 19:30:00,57.83000183105469
2017-11-30 20:30:00,57.810001373291016
2017-12-01 14:30:00,57.22999954223633
2017-12-01 15:30:00,56.59000015258789
2017-12-01 16:30:00,56.89500045776367
2017-12-01 17:30:00,57.130001068115234
2017-12-01 18:30:00,57.025001525878906
2017-12-01 19:30:00,57.224998474121094
2017-12-01 20:30:00,57.310001373291016
2017-12-04 14:30:00,58.869998931884766
2017-12-04 15:30:00,58.709999084472656
2017-12-04 16:30:00,58.96500015258789
2017-12-04 17:30:00,59.025001525878906
2017-12-04 18:30:00,58.970001220703125
2017-12-04 19:30:00,59.060001373291016
2017-12-04 20:30:00,58.7599983215332
2017-12-05 14:30:00,59.52000045776367
2017-12-05 15:30:00,59.599998474121094
2017-12-05 16:30:00,59.404998779296875
2017-12-05 17:30:00,59.59000015258789
2017-12-05 18:30:00,59.5099983215332
2017-12-05 19:30:00,59.45500183105469
2017-12-05 20:30:00,59.34000015258789
2017-12-06 14:30:00,59.560001373291016
2017-12-06 15:30:00,59.529998779296875
2017-12-06 16:30:00,59.52000045776367
2017-12-06 17:30:00,59.4900016784668
2017-12-06 18:30:00,59.3306999206543
2017-12-06 19:30:00,59.31999969482422
2017-12-06 20:30:00,59.290000915527344
2017-12-07 14:30:00,58.93000030517578
2017-12-07 15:30:00,59.099998474121094
2017-12-07 16:30:00,59.189998626708984
2017-12-07 17:30:00,59.18000030517578
2017-12-07 18:30:00,59.060001373291016
2017-12-07 19:30:00,59.185001373291016
2017-12-07 20:30:00,59.150001525878906
2017-12-08 14:30:00,58.310001373291016
2017-12-08 15:30:00,58.779998779296875
2017-12-08 16:30:00,58.75
2017-12-08 17:30:00,58.595001220703125
2017-12-08 18:30:00,58.470001220703125
2017-12-08 19:30:00,58.50709915161133
2017-12-08 20:30:00,58.619998931884766
2017-12-11 14:30:00,58.59000015258789
2017-12-11 15:30:00,58.40999984741211
2017-12-11 16:30:00,59.08000183105469
2017-12-11 17:30:00,59.13999938964844
2017-12-11 18:30:00,58.970001220703125
2017-12-11 19:30:00,59.13479995727539
2017-12-11 20:30:00,59.04999923706055
2017-12-12 14:30:00,58.95000076293945
2017-12-12 15:30:00,59.16999816894531
2017-12-12 16:30:00,59.150001525878906
2017-12-12 17:30:00,59.209999084472656
2017-12-12 18:30:00,59.209999084472656
2017-12-12 19:30:00,59.310001373291016
2017-12-12 20:30:00,59.279998779296875
2017-12-13 14:30:00,59.560001373291016
2017-12-13 15:30:00,59.84000015258789
2017-12-13 16:30:00,59.689998626708984
2017-12-13 17:30:00,59.540000915527344
2017-12-13 18:30:00,59.61000061035156
2017-12-13 19:30:00,59.65999984741211
2017-12-13 20:30:00,59.4900016784668
2017-12-14 14:30:00,59.66999816894531
2017-12-14 15:30:00,59.959999084472656
2017-12-14 16:30:00,59.8849983215332
2017-12-14 17:30:00,59.869998931884766
2017-12-14 18:30:00,59.720001220703125
2017-12-14 19:30:00,59.68000030517578
2017-12-14 20:30:00,59.7599983215332
2017-12-15 14:30:00,58.54499816894531
2017-12-15 15:30:00,58.60499954223633
2017-12-15 16:30:00,58.400001525878906
2017-12-15 17:30:00,58.560001373291016
2017-12-15 18:30:00,58.45500183105469
2017-12-15 19:30:00,58.459999084472656
2017-12-15 20:30:00,58.2400016784668
2017-12-18 14:30:00,58.349998474121094
2017-12-18 15:30:00,58.209999084472656
2017-12-18 16:30:00,58.130001068115234
2017-12-18 17:30:00,58.2599983215332
2017-12-18 18:30:00,58.22999954223633
2017-12-18 19:30:00,57.97999954223633
2017-12-18 20:30:00,58.04999923706055
2017-12-19 14:30:00,58.25
2017-12-19 15:30:00,58.09000015258789
2017-12-19 16:30:00,58.060001373291016
2017-12-19 17:30:00,58.095001220703125
2017-12-19 18:30:00,58.10499954223633
2017-12-19 19:30:00,58.13999938964844
2017-12-19 20:30:00,58.02000045776367
2017-12-20 14:30:00,58.10499954223633
2017-12-20 15:30:00,58.02989959716797
2017-12-20 16:30:00,57.90999984741211
2017-12-20 17:30:00,58.02000045776367
2017-12-20 18:30:00,57.939998626708984
2017-12-20 19:30:00,57.90999984741211
2017-12-20 20:30:00,57.72999954223633
2017-12-21 14:30:00,58.04999923706055
2017-12-21 15:30:00,57.880001068115234
2017-12-21 16:30:00,57.70500183105469
2017-12-21 17:30:00,57.785400390625
2017-12-21 18:30:00,57.66999816894531
2017-12-21 19:30:00,57.595001220703125
2017-12-21 20:30:00,57.56999969482422
2017-12-22 14:30:00,57.34000015258789
2017-12-22 15:30:00,57.34000015258789
2017-12-22 16:30:00,57.255001068115234
2017-12-22 17:30:00,57.279998779296875
2017-12-22 18:30:00,57.349998474121094
2017-12-22 19:30:00,57.30500030517578
2017-12-22 20:30:00,57.29999923706055
2017-12-26 14:30:00,57.310001373291016
2017-12-26 15:30:00,57.290000915527344
2017-12-26 16:30:00,57.13999938964844
2017-12-26 17:30:00,57.14500045776367
2017-12-26 18:30:00,57.119998931884766
2017-12-26 19:30:00,57.06999969482422
2017-12-26 20:30:00,57.13999938964844
2017-12-27 14:30:00,57.5099983215332
2017-12-27 15:30:00,57.5
2017-12-27 16:30:00,57.34000015258789
2017-12-27 17:30:00,57.27000045776367
2017-12-27 18:30:00,57.30500030517578
2017-12-27 19:30:00,57.2599983215332
2017-12-27 20:30:00,57.279998779296875
2017-12-28 14:30:00,57.7400016784668
2017-12-28 15:30:00,57.726898193359375
2017-12-28 16:30:00,57.880001068115234
2017-12-28 17:30:00,57.91999816894531
2017-12-28 18:30:00,57.90999984741211
2017-12-28 19:30:00,57.880001068115234
2017-12-28 20:30:00,57.810001373291016
2017-12-29 14:30:00,57.700199127197266
2017-12-29 15:30:00,57.63999938964844
2017-12-29 16:30:00,57.630001068115234
2017-12-29 17:30:00,57.5099983215332
2017-12-29 18:30:00,57.529998779296875
2017-12-29 19:30:00,57.650001525878906
2017-12-29 20:30:00,57.43000030517578
2018-01-02 14:30:00,58.119998931884766
2018-01-02 15:30:00,57.66999816894531
2018-01-02 16:30:00,57.630001068115234
2018-01-02 17:30:00,57.57500076293945
2018-01-02 18:30:00,57.56999969482422
2018-01-02 19:30:00,57.59000015258789
2018-01-02 20:30:00,57.630001068115234
2018-01-03 14:30:00,58.44219970703125
2018-01-03 15:30:00,58.64500045776367
2018-01-03 16:30:00,58.93000030517578
2018-01-03 17:30:00,58.790000915527344
2018-01-03 18:30:00,58.779998779296875
2018-01-03 19:30:00,58.67499923706055
2018-01-03 20:30:00,58.689998626708984
2018-01-04 14:30:00,59.11000061035156
2018-01-04 15:30:00,58.78519821166992
2018-01-04 16:30:00,58.939998626708984
2018-01-04 17:30:00,59.0093994140625
2018-01-04 18:30:00,58.974998474121094
2018-01-04 19:30:00,59.029998779296875
2018-01-04 20:30:00,58.93000030517578
2018-01-05 14:30:00,59.209999084472656
2018-01-05 15:30:00,59.33000183105469
2018-01-05 16:30:00,59.375
2018-01-05 17:30:00,59.369998931884766
2018-01-05 18:30:00,59.5099983215332
2018-01-05 19:30:00,59.400001525878906
2018-01-05 20:30:00,59.56999969482422
2018-01-08 14:30:00,58.86000061035156
2018-01-08 15:30:00,58.959999084472656
2018-01-08 16:30:00,58.93000030517578
2018-01-08 17:30:00,59.01539993286133
2018-01-08 18:30:00,59.099998474121094
2018-01-08 19:30:00,59.34280014038086
2018-01-08 20:30:00,59.29999923706055
2018-01-09 14:30:00,59.279998779296875
2018-01-09 15:30:00,59.22999954223633
2018-01-09 16:30:00,59.089900970458984
2018-01-09 17:30:00,59.290000915527344
2018-01-09 18:30:00,59.21500015258789
2018-01-09 19:30:00,59.15999984741211
2018-01-09 20:30:00,59.18000030517578
2018-01-10 14:30:00,59.48899841308594
2018-01-10 15:30:00,59.72999954223633
2018-01-10 16:30:00,59.88999938964844
2018-01-10 17:30:00,60.04499816894531
2018-01-10 18:30:00,59.906898498535156
2018-01-10 19:30:00,59.970001220703125
2018-01-10 20:30:00,59.81999969482422
2018-01-11 14:30:00,59.529998779296875
2018-01-11 15:30:00,59.56999969482422
2018-01-11 16:30:00,59.64500045776367
2018-01-11 17:30:00,59.709999084472656
2018-01-11 18:30:00,59.6510009765625
2018-01-11 19:30:00,59.803001403808594
2018-01-11 20:30:00,60.0
2018-01-12 14:30:00,60.130001068115234
2018-01-12 15:30:00,60.34000015258789
2018-01-12 16:30:00,60.31990051269531
2018-01-12 17:30:00,60.334999084472656
2018-01-12 18:30:00,60.40999984741211
2018-01-12 19:30:00,60.380001068115234
2018-01-12 20:30:00,60.400001525878906
2018-01-16 14:30:00,60.865501403808594
2018-01-16 15:30:00,60.81829833984375
2018-01-16 16:30:00,60.79999923706055
2018-01-16 17:30:00,60.73429870605469
2018-01-16 18:30:00,60.439998626708984
2018-01-16 19:30:00,60.63999938964844
2018-01-16 20:30:00,60.58000183105469
2018-01-17 14:30:00,61.150001525878906
2018-01-17 15:30:00,60.93000030517578
2018-01-17 16:30:00,60.73500061035156
2018-01-17 17:30:00,60.709999084472656
2018-01-17 18:30:00,60.93000030517578
2018-01-17 19:30:00,60.774200439453125
2018-01-17 20:30:00,60.63999938964844
2018-01-18 14:30:00,60.869998931884766
2018-01-18 15:30:00,61.28499984741211
2018-01-18 16:30:00,61.36009979248047
2018-01-18 17:30:00,61.244998931884766
2018-01-18 18:30:00,61.2599983215332
2018-01-18 19:30:00,61.119998931884766
2018-01-18 20:30:00,61.11000061035156
2018-01-19 14:30:00,61.189998626708984
2018-01-19 15:30:00,61.15999984741211
2018-01-19 16:30:00,61.27000045776367
2018-01-19 17:30:00,61.15999984741211
2018-01-19 18:30:00,61.400001525878906
2018-01-19 19:30:00,61.369998931884766
2018-01-19 20:30:00,61.189998626708984
2018-01-22 14:30:00,61.029998779296875
2018-01-22 15:30:00,61.11479949951172
2018-01-22 16:30:00,61.189998626708984
2018-01-22 17:30:00,61.08000183105469
2018-01-22 18:30:00,61.27000045776367
2018-01-22 19:30:00,61.279998779296875
2018-01-22 20:30:00,61.41999816894531
2018-01-23 14:30:00,61.66999816894531
2018-01-23 15:30:00,61.71500015258789
2018-01-23 16:30:00,61.689998626708984
2018-01-23 17:30:00,61.689998626708984
2018-01-23 18:30:00,61.75
2018-01-23 19:30:00,61.79499816894531
2018-01-23 20:30:00,61.689998626708984
2018-01-24 14:30:00,61.86000061035156
2018-01-24 15:30:00,61.040000915527344
2018-01-24 16:30:00,60.63999938964844
2018-01-24 17:30:00,60.5
2018-01-24 18:30:00,60.779998779296875
2018-01-24 19:30:00,60.650001525878906
2018-01-24 20:30:00,60.82500076293945
2018-01-25 14:30:00,60.52000045776367
2018-01-25 15:30:00,60.560001373291016
2018-01-25 16:30:00,60.809898376464844
2018-01-25 17:30:00,60.70000076293945
2018-01-25 18:30:00,60.779998779296875
2018-01-25 19:30:00,60.630001068115234
2018-01-25 20:30:00,60.560001373291016
2018-01-26 14:30:00,57.7599983215332
2018-01-26 15:30:00,57.599998474121094
2018-01-26 16:30:00,57.03499984741211
2018-01-26 17:30:00,56.55550003051758
2018-01-26 18:30:00,57.58000183105469
2018-01-26 19:30:00,57.65999984741211
2018-01-26 20:30:00,57.95000076293945
2018-01-29 14:30:00,57.43000030517578
2018-01-29 15:30:00,57.29999923706055
2018-01-29 16:30:00,57.4546012878418
2018-01-29 17:30:00,57.165000915527344
2018-01-29 18:30:00,57.15999984741211
2018-01-29 19:30:00,57.02000045776367
2018-01-29 20:30:00,56.9900016784668
2018-01-30 14:30:00,57.459999084472656
2018-01-30 15:30:00,57.189998626708984
2018-01-30 16:30:00,57.099998474121094
2018-01-30 17:30:00,57.09000015258789
2018-01-30 18:30:00,57.189998626708984
2018-01-30 19:30:00,57.19499969482422
2018-01-30 20:30:00,57.20000076293945
2018-01-31 14:30:00,56.94499969482422
2018-01-31 15:30:00,57.13999938964844
2018-01-31 16:30:00,57.13999938964844
2018-01-31 17:30:00,57.130001068115234
2018-01-31 18:30:00,57.13999938964844
2018-01-31 19:30:00,56.88999938964844
2018-01-31 20:30:00,56.81999969482422
2018-02-01 14:30:00,56.209999084472656
2018-02-01 15:30:00,55.97999954223633
2018-02-01 16:30:00,56.150001525878906
2018-02-01 17:30:00,56.13999938964844
2018-02-01 18:30:00,56.0
2018-02-01 19:30:00,56.27000045776367
2018-02-01 20:30:00,56.0
2018-02-02 14:30:00,55.95669937133789
2018-02-02 15:30:00,55.86000061035156
2018-02-02 16:30:00,56.02000045776367
2018-02-02 17:30:00,55.900001525878906
2018-02-02 18:30:00,55.83000183105469
2018-02-02 19:30:00,55.80500030517578
2018-02-02 20:30:00,55.77000045776367
2018-02-05 14:30:00,56.154998779296875
2018-02-05 15:30:00,56.09000015258789
2018-02-05 16:30:00,55.779998779296875
2018-02-05 17:30:00,55.650001525878906
2018-02-05 18:30:00,55.54999923706055
2018-02-05 19:30:00,55.189998626708984
2018-02-05 20:30:00,54.66999816894531
2018-02-06 14:30:00,55.369998931884766
2018-02-06 15:30:00,54.599998474121094
2018-02-06 16:30:00,55.220001220703125
2018-02-06 17:30:00,54.86000061035156
2018-02-06 18:30:00,54.654998779296875
2018-02-06 19:30:00,55.470001220703125
2018-02-06 20:30:00,55.619998931884766
2018-02-07 14:30:00,55.189998626708984
2018-02-07 15:30:00,55.0099983215332
2018-02-07 16:30:00,55.005001068115234
2018-02-07 17:30:00,54.689998626708984
2018-02-07 18:30:00,54.845001220703125
2018-02-07 19:30:00,54.859901428222656
2018-02-07 20:30:00,54.45000076293945
2018-02-08 14:30:00,54.529998779296875
2018-02-08 15:30:00,54.34000015258789
2018-02-08 16:30:00,54.2599983215332
2018-02-08 17:30:00,54.290000915527344
2018-02-08 18:30:00,54.66999816894531
2018-02-08 19:30:00,54.540000915527344
2018-02-08 20:30:00,53.77000045776367
2018-02-09 14:30:00,54.79999923706055
2018-02-09 15:30:00,54.56999969482422
2018-02-09 16:30:00,54.02000045776367
2018-02-09 17:30:00,53.7599983215332
2018-02-09 18:30:00,54.41999816894531
2018-02-09 19:30:00,54.45970153808594
2018-02-09 20:30:00,54.58000183105469
2018-02-12 14:30:00,54.66999816894531
2018-02-12 15:30:00,55.13999938964844
2018-02-12 16:30:00,55.599998474121094
2018-02-12 17:30:00,55.36000061035156
2018-02-12 18:30:00,55.40999984741211
2018-02-12 19:30:00,55.6150016784668
2018-02-12 20:30:00,55.380001068115234
2018-02-13 14:30:00,55.130001068115234
2018-02-13 15:30:00,55.29999923706055
2018-02-13 16:30:00,55.30500030517578
2018-02-13 17:30:00,55.529998779296875
2018-02-13 18:30:00,55.599998474121094
2018-02-13 19:30:00,55.63999938964844
2018-02-13 20:30:00,55.68000030517578
2018-02-14 14:30:00,55.79999923706055
2018-02-14 15:30:00,55.90999984741211
2018-02-14 16:30:00,56.07500076293945
2018-02-14 17:30:00,56.45500183105469
2018-02-14 18:30:00,56.529998779296875
2018-02-14 19:30:00,56.2400016784668
2018-02-14 20:30:00,55.9900016784668
2018-02-15 14:30:00,56.18000030517578
2018-02-15 15:30:00,56.04999923706055
2018-02-15 16:30:00,56.11000061035156
2018-02-15 17:30:00,56.38999938964844
2018-02-15 18:30:00,56.556400299072266
2018-02-15 19:30:00,56.560001373291016
2018-02-15 20:30:00,56.59000015258789
2018-02-16 14:30:00,56.67499923706055
2018-02-16 15:30:00,56.67430114746094
2018-02-16 16:30:00,56.81999969482422
2018-02-16 17:30:00,56.66999816894531
2018-02-16 18:30:00,56.43000030517578
2018-02-16 19:30:00,56.470001220703125
2018-02-16 20:30:00,56.470001220703125
2018-02-20 14:30:00,56.11000061035156
2018-02-20 15:30:00,56.1510009765625
2018-02-20 16:30:00,56.375
2018-02-20 17:30:00,56.16999816894531
2018-02-20 18:30:00,56.0
2018-02-20 19:30:00,56.010101318359375
2018-02-20 20:30:00,55.970001220703125
2018-02-21 14:30:00,55.93000030517578
2018-02-21 15:30:00,56.09000015258789
2018-02-21 16:30:00,56.084999084472656
2018-02-21 17:30:00,56.439998626708984
2018-02-21 18:30:00,56.63999938964844
2018-02-21 19:30:00,56.41999816894531
2018-02-21 20:30:00,56.11000061035156
2018-02-22 14:30:00,55.72990036010742
2018-02-22 15:30:00,55.790000915527344
2018-02-22 16:30:00,55.709999084472656
2018-02-22 17:30:00,55.470001220703125
2018-02-22 18:30:00,55.630001068115234
2018-02-22 19:30:00,55.43000030517578
2018-02-22 20:30:00,55.38999938964844
2018-02-23 14:30:00,55.0099983215332
2018-02-23 15:30:00,55.459999084472656
2018-02-23 16:30:00,55.66999816894531
2018-02-23 17:30:00,55.86009979248047
2018-02-23 18:30:00,56.029998779296875
2018-02-23 19:30:00,56.105201721191406
2018-02-23 20:30:00,56.13999938964844
2018-02-26 14:30:00,56.689998626708984
2018-02-26 15:30:00,56.7400016784668
2018-02-26 16:30:00,56.90999984741211
2018-02-26 17:30:00,57.27000045776367
2018-02-26 18:30:00,57.10900115966797
2018-02-26 19:30:00,57.310001373291016
2018-02-26 20:30:00,57.16999816894531
2018-02-27 14:30:00,57.279998779296875
2018-02-27 15:30:00,56.77000045776367
2018-02-27 16:30:00,56.82440185546875
2018-02-27 17:30:00,56.88999938964844
2018-02-27 18:30:00,56.869998931884766
2018-02-27 19:30:00,56.79499816894531
2018-02-27 20:30:00,56.56999969482422
2018-02-28 14:30:00,57.67499923706055
2018-02-28 15:30:00,57.619998931884766
2018-02-28 16:30:00,57.650001525878906
2018-02-28 17:30:00,57.849998474121094
2018-02-28 18:30:00,57.79560089111328
2018-02-28 19:30:00,57.53630065917969
2018-02-28 20:30:00,57.099998474121094
2018-03-01 14:30:00,57.226600646972656
2018-03-01 15:30:00,56.95000076293945
2018-03-01 16:30:00,56.880001068115234
2018-03-01 17:30:00,56.439998626708984
2018-03-01 18:30:00,56.02000045776367
2018-03-01 19:30:00,56.0099983215332
2018-03-01 20:30:00,56.15999984741211
2018-03-02 14:30:00,56.59000015258789
2018-03-02 15:30:00,56.959999084472656
2018-03-02 16:30:00,57.06999969482422
2018-03-02 17:30:00,56.84000015258789
2018-03-02 18:30:00,56.83000183105469
2018-03-02 19:30:00,56.81999969482422
2018-03-02 20:30:00,56.93000030517578
2018-03-05 14:30:00,57.0265007019043
2018-03-05 15:30:00,57.34000015258789
2018-03-05 16:30:00,57.27000045776367
2018-03-05 17:30:00,57.290000915527344
2018-03-05 18:30:00,57.20000076293945
2018-03-05 19:30:00,57.119998931884766
2018-03-05 20:30:00,56.97999954223633
2018-03-06 14:30:00,56.93000030517578
2018-03-06 15:30:00,56.625
2018-03-06 16:30:00,56.75
2018-03-06 17:30:00,56.86309814453125
2018-03-06 18:30:00,56.880001068115234
2018-03-06 19:30:00,57.0
2018-03-06 20:30:00,57.029998779296875
2018-03-07 14:30:00,56.959999084472656
2018-03-07 15:30:00,56.9900016784668
2018-03-07 16:30:00,56.83000183105469
2018-03-07 17:30:00,57.09000015258789
2018-03-07 18:30:00,57.0099983215332
2018-03-07 19:30:00,57.04999923706055
2018-03-07 20:30:00,57.029998779296875
2018-03-08 14:30:00,57.540000915527344
2018-03-08 15:30:00,57.77000045776367
2018-03-08 16:30:00,57.529998779296875
2018-03-08 17:30:00,57.386600494384766
2018-03-08 18:30:00,57.345001220703125
2018-03-08 19:30:00,57.36000061035156
2018-03-08 20:30:00,57.459999084472656
2018-03-09 14:30:00,58.2599983215332
2018-03-09 15:30:00,58.400001525878906
2018-03-09 16:30:00,58.540000915527344
2018-03-09 17:30:00,58.540000915527344
2018-03-09 18:30:00,58.29999923706055
2018-03-09 19:30:00,58.380001068115234
2018-03-09 20:30:00,58.470001220703125
2018-03-12 13:30:00,59.439998626708984
2018-03-12 14:30:00,59.11000061035156
2018-03-12 15:30:00,59.2599983215332
2018-03-12 16:30:00,59.255001068115234
2018-03-12 17:30:00,59.2599983215332
2018-03-12 18:30:00,59.54999923706055
2018-03-12 19:30:00,59.404998779296875
2018-03-13 13:30:00,60.08000183105469
2018-03-13 14:30:00,59.74689865112305
2018-03-13 15:30:00,59.59000015258789
2018-03-13 16:30:00,59.52000045776367
2018-03-13 17:30:00,59.22999954223633
2018-03-13 18:30:00,59.06999969482422
2018-03-13 19:30:00,59.029998779296875
2018-03-14 13:30:00,59.209999084472656
2018-03-14 14:30:00,59.16999816894531
2018-03-14 15:30:00,59.040000915527344
2018-03-14 16:30:00,59.119998931884766
2018-03-14 17:30:00,59.02000045776367
2018-03-14 18:30:00,58.79499816894531
2018-03-14 19:30:00,58.849998474121094
2018-03-15 13:30:00,59.76499938964844
2018-03-15 14:30:00,59.959999084472656
2018-03-15 15:30:00,59.775001525878906
2018-03-15 16:30:00,59.7400016784668
2018-03-15 17:30:00,59.45100021362305
2018-03-15 18:30:00,59.560001373291016
2018-03-15 19:30:00,59.380001068115234
2018-03-16 13:30:00,59.11000061035156
2018-03-16 14:30:00,59.130001068115234
2018-03-16 15:30:00,59.06999969482422
2018-03-16 16:30:00,59.04999923706055
2018-03-16 17:30:00,59.099998474121094
2018-03-16 18:30:00,59.189998626708984
2018-03-16 19:30:00,59.0099983215332
2018-03-19 13:30:00,58.52000045776367
2018-03-19 14:30:00,58.45000076293945
2018-03-19 15:30:00,58.2400016784668
2018-03-19 16:30:00,58.040000915527344
2018-03-19 17:30:00,58.0
2018-03-19 18:30:00,58.09000015258789
2018-03-19 19:30:00,58.29999923706055
2018-03-20 13:30:00,58.72999954223633
2018-03-20 14:30:00,58.81999969482422
2018-03-20 15:30:00,58.959999084472656
2018-03-20 16:30:00,58.900001525878906
2018-03-20 17:30:00,58.86000061035156
2018-03-20 18:30:00,58.57500076293945
2018-03-20 19:30:00,58.65999984741211
2018-03-21 13:30:00,58.9900016784668
2018-03-21 14:30:00,58.86000061035156
2018-03-21 15:30:00,58.869998931884766
2018-03-21 16:30:00,58.89509963989258
2018-03-21 17:30:00,58.689998626708984
2018-03-21 18:30:00,58.630001068115234
2018-03-21 19:30:00,58.470001220703125
2018-03-22 13:30:00,58.5099983215332
2018-03-22 14:30:00,58.31999969482422
2018-03-22 15:30:00,58.439998626708984
2018-03-22 16:30:00,58.619998931884766
2018-03-22 17:30:00,58.22999954223633
2018-03-22 18:30:00,58.13999938964844
2018-03-22 19:30:00,57.7599983215332
2018-03-23 13:30:00,57.41999816894531
2018-03-23 14:30:00,57.36000061035156
2018-03-23 15:30:00,57.2599983215332
2018-03-23 16:30:00,57.2599983215332
2018-03-23 17:30:00,57.060001373291016
2018-03-23 18:30:00,56.65999984741211
2018-03-23 19:30:00,56.31999969482422
2018-03-26 13:30:00,56.83000183105469
2018-03-26 14:30:00,56.689998626708984
2018-03-26 15:30:00,57.27000045776367
2018-03-26 16:30:00,57.310001373291016
2018-03-26 17:30:00,57.689998626708984
2018-03-26 18:30:00,57.798500061035156
2018-03-26 19:30:00,57.790000915527344
2018-03-27 13:30:00,58.189998626708984
2018-03-27 14:30:00,57.70000076293945
2018-03-27 15:30:00,58.040000915527344
2018-03-27 16:30:00,58.15999984741211
2018-03-27 17:30:00,57.91999816894531
2018-03-27 18:30:00,57.47999954223633
2018-03-27 19:30:00,57.46900177001953
2018-03-28 13:30:00,57.61000061035156
2018-03-28 14:30:00,57.720001220703125
2018-03-28 15:30:00,57.810001373291016
2018-03-28 16:30:00,57.70000076293945
2018-03-28 17:30:00,57.71329879760742
2018-03-28 18:30:00,58.0
2018-03-28 19:30:00,57.92499923706055
2018-03-29 13:30:00,57.11000061035156
2018-03-29 14:30:00,57.5
2018-03-29 15:30:00,57.689998626708984
2018-03-29 16:30:00,57.689998626708984
2018-03-29 17:30:00,57.79100036621094
2018-03-29 18:30:00,58.029998779296875
2018-03-29 19:30:00,57.88999938964844
2018-04-02 13:30:00,57.099998474121094
2018-04-02 14:30:00,56.63999938964844
2018-04-02 15:30:00,55.97999954223633
2018-04-02 16:30:00,55.79999923706055
2018-04-02 17:30:00,55.630001068115234
2018-04-02 18:30:00,55.779998779296875
2018-04-02 19:30:00,56.25
2018-04-03 13:30:00,57.20000076293945
2018-04-03 14:30:00,57.420101165771484
2018-04-03 15:30:00,57.290000915527344
2018-04-03 16:30:00,57.40999984741211
2018-04-03 17:30:00,57.40999984741211
2018-04-03 18:30:00,57.90999984741211
2018-04-03 19:30:00,58.0099983215332
2018-04-04 13:30:00,57.720001220703125
2018-04-04 14:30:00,57.959999084472656
2018-04-04 15:30:00,58.130001068115234
2018-04-04 16:30:00,57.994998931884766
2018-04-04 17:30:00,58.5099983215332
2018-04-04 18:30:00,58.84000015258789
2018-04-04 19:30:00,58.83000183105469
2018-04-05 13:30:00,59.11130142211914
2018-04-05 14:30:00,59.099998474121094
2018-04-05 15:30:00,58.93000030517578
2018-04-05 16:30:00,58.935001373291016
2018-04-05 17:30:00,59.0
2018-04-05 18:30:00,59.16999816894531
2018-04-05 19:30:00,59.13999938964844
2018-04-06 13:30:00,59.000099182128906
2018-04-06 14:30:00,58.689998626708984
2018-04-06 15:30:00,58.77000045776367
2018-04-06 16:30:00,58.834999084472656
2018-04-06 17:30:00,58.369998931884766
2018-04-06 18:30:00,58.20000076293945
2018-04-06 19:30:00,58.34000015258789
2018-04-09 13:30:00,58.720001220703125
2018-04-09 14:30:00,59.03459930419922
2018-04-09 15:30:00,59.29999923706055
2018-04-09 16:30:00,59.22999954223633
2018-04-09 17:30:00,59.003501892089844
2018-04-09 18:30:00,58.869998931884766
2018-04-09 19:30:00,58.689998626708984
2018-04-10 13:30:00,59.34000015258789
2018-04-10 14:30:00,59.22999954223633
2018-04-10 15:30:00,59.060001373291016
2018-04-10 16:30:00,59.2400016784668
2018-04-10 17:30:00,59.25
2018-04-10 18:30:00,59.349998474121094
2018-04-10 19:30:00,59.40999984741211
2018-04-11 13:30:00,59.470001220703125
2018-04-11 14:30:00,59.33000183105469
2018-04-11 15:30:00,59.64670181274414
2018-04-11 16:30:00,59.529998779296875
2018-04-11 17:30:00,59.52000045776367
2018-04-11 18:30:00,59.58000183105469
2018-04-11 19:30:00,59.43000030517578
2018-04-12 13:30:00,60.029998779296875
2018-04-12 14:30:00,59.70500183105469
2018-04-12 15:30:00,59.8125
2018-04-12 16:30:00,59.65010070800781
2018-04-12 17:30:00,59.586700439453125
2018-04-12 18:30:00,59.70000076293945
2018-04-12 19:30:00,59.439998626708984
2018-04-13 13:30:00,59.13999938964844
2018-04-13 14:30:00,59.209999084472656
2018-04-13 15:30:00,59.2400016784668
2018-04-13 16:30:00,59.224998474121094
2018-04-13 17:30:00,59.14849853515625
2018-04-13 18:30:00,59.05500030517578
2018-04-13 19:30:00,59.25
2018-04-16 13:30:00,59.32460021972656
2018-04-16 14:30:00,59.439998626708984
2018-04-16 15:30:00,59.400001525878906
2018-04-16 16:30:00,59.630001068115234
2018-04-16 17:30:00,59.5099983215332
2018-04-16 18:30:00,59.459999084472656
2018-04-16 19:30:00,59.41999816894531
2018-04-17 13:30:00,59.869998931884766
2018-04-17 14:30:00,59.84000015258789
2018-04-17 15:30:00,59.944400787353516
2018-04-17 16:30:00,59.8849983215332
2018-04-17 17:30:00,59.79999923706055
2018-04-17 18:30:00,59.92649841308594
2018-04-17 19:30:00,59.83000183105469
2018-04-18 13:30:00,59.744998931884766
2018-04-18 14:30:00,59.54999923706055
2018-04-18 15:30:00,59.619998931884766
2018-04-18 16:30:00,59.59000015258789
2018-04-18 17:30:00,59.64500045776367
2018-04-18 18:30:00,59.599998474121094
2018-04-18 19:30:00,59.5
2018-04-19 13:30:00,59.15999984741211
2018-04-19 14:30:00,59.08000183105469
2018-04-19 15:30:00,58.900001525878906
2018-04-19 16:30:00,58.855201721191406
2018-04-19 17:30:00,58.77000045776367
2018-04-19 18:30:00,58.95000076293945
2018-04-19 19:30:00,59.209999084472656
2018-04-20 13:30:00,58.75
2018-04-20 14:30:00,58.61000061035156
2018-04-20 15:30:00,58.58000183105469
2018-04-20 16:30:00,58.459999084472656
2018-04-20 17:30:00,58.22999954223633
2018-04-20 18:30:00,57.8849983215332
2018-04-20 19:30:00,58.0
2018-04-23 13:30:00,58.13999938964844
2018-04-23 14:30:00,58.540000915527344
2018-04-23 15:30:00,58.505001068115234
2018-04-23 16:30:00,58.39149856567383
2018-04-23 17:30:00,58.154998779296875
2018-04-23 18:30:00,58.150001525878906
2018-04-23 19:30:00,58.150001525878906
2018-04-24 13:30:00,58.20000076293945
2018-04-24 14:30:00,58.435001373291016
2018-04-24 15:30:00,58.31999969482422
2018-04-24 16:30:00,57.9900016784668
2018-04-24 17:30:00,57.75
2018-04-24 18:30:00,57.8650016784668
2018-04-24 19:30:00,57.810001373291016
2018-04-25 13:30:00,57.88100051879883
2018-04-25 14:30:00,57.77000045776367
2018-04-25 15:30:00,57.811500549316406
2018-04-25 16:30:00,57.97999954223633
2018-04-25 17:30:00,57.80500030517578
2018-04-25 18:30:00,57.935001373291016
2018-04-25 19:30:00,57.71500015258789
2018-04-26 13:30:00,58.849998474121094
2018-04-26 14:30:00,59.220001220703125
2018-04-26 15:30:00,59.380001068115234
2018-04-26 16:30:00,60.150001525878906
2018-04-26 17:30:00,59.4900016784668
2018-04-26 18:30:00,59.45000076293945
2018-04-26 19:30:00,59.52000045776367
2018-04-27 13:30:00,58.804500579833984
2018-04-27 14:30:00,58.279998779296875
2018-04-27 15:30:00,58.220001220703125
2018-04-27 16:30:00,57.880001068115234
2018-04-27 17:30:00,57.79499816894531
2018-04-27 18:30:00,58.17499923706055
2018-04-27 19:30:00,58.36000061035156
2018-04-30 13:30:00,58.09000015258789
2018-04-30 14:30:00,58.029998779296875
2018-04-30 15:30:00,57.599998474121094
2018-04-30 16:30:00,57.619998931884766
2018-04-30 17:30:00,57.56999969482422
2018-04-30 18:30:00,57.599998474121094
2018-04-30 19:30:00,57.560001373291016
2018-05-01 13:30:00,57.93000030517578
2018-05-01 14:30:00,58.06999969482422
2018-05-01 15:30:00,57.93000030517578
2018-05-01 16:30:00,57.61000061035156
2018-05-01 17:30:00,58.040000915527344
2018-05-01 18:30:00,57.849998474121094
2018-05-01 19:30:00,58.119998931884766
2018-05-02 13:30:00,57.38999938964844
2018-05-02 14:30:00,57.33000183105469
2018-05-02 15:30:00,57.040000915527344
2018-05-02 16:30:00,57.02000045776367
2018-05-02 17:30:00,57.16999816894531
2018-05-02 18:30:00,56.720001220703125
2018-05-02 19:30:00,56.709999084472656
2018-05-03 13:30:00,55.869998931884766
2018-05-03 14:30:00,55.689998626708984
2018-05-03 15:30:00,55.58000183105469
2018-05-03 16:30:00,56.0099983215332
2018-05-03 17:30:00,56.220001220703125
2018-05-03 18:30:00,56.15999984741211
2018-05-03 19:30:00,56.125
2018-05-04 13:30:00,57.33000183105469
2018-05-04 14:30:00,57.4900016784668
2018-05-04 15:30:00,57.47999954223633
2018-05-04 16:30:00,57.650001525878906
2018-05-04 17:30:00,57.8650016784668
2018-05-04 18:30:00,57.79999923706055
2018-05-04 19:30:00,57.689998626708984
2018-05-07 13:30:00,57.7239990234375
2018-05-07 14:30:00,57.688899993896484
2018-05-07 15:30:00,57.720001220703125
2018-05-07 16:30:00,57.27899932861328
2018-05-07 17:30:00,57.5
2018-05-07 18:30:00,57.380001068115234
2018-05-07 19:30:00,57.45000076293945
2018-05-08 13:30:00,57.224998474121094
2018-05-08 14:30:00,57.4900016784668
2018-05-08 15:30:00,57.20000076293945
2018-05-08 16:30:00,57.34000015258789
2018-05-08 17:30:00,57.375
2018-05-08 18:30:00,57.41999816894531
2018-05-08 19:30:00,57.68000030517578
2018-05-09 13:30:00,57.189998626708984
2018-05-09 14:30:00,56.95750045776367
2018-05-09 15:30:00,57.0
2018-05-09 16:30:00,57.08290100097656
2018-05-09 17:30:00,57.080101013183594
2018-05-09 18:30:00,57.029998779296875
2018-05-09 19:30:00,57.040000915527344
2018-05-10 13:30:00,57.119998931884766
2018-05-10 14:30:00,57.299198150634766
2018-05-10 15:30:00,57.38999938964844
2018-05-10 16:30:00,57.41999816894531
2018-05-10 17:30:00,57.43000030517578
2018-05-10 18:30:00,57.61000061035156
2018-05-10 19:30:00,57.650001525878906
2018-05-11 13:30:00,57.474998474121094
2018-05-11 14:30:00,57.494998931884766
2018-05-11 15:30:00,57.119998931884766
2018-05-11 16:30:00,57.11000061035156
2018-05-11 17:30:00,57.18000030517578
2018-05-11 18:30:00,57.22999954223633
2018-05-11 19:30:00,57.27000045776367
2018-05-14 13:30:00,57.41999816894531
2018-05-14 14:30:00,57.224998474121094
2018-05-14 15:30:00,57.1349983215332
2018-05-14 16:30:00,57.099998474121094
2018-05-14 17:30:00,57.04499816894531
2018-05-14 18:30:00,57.08000183105469
2018-05-14 19:30:00,57.13999938964844
2018-05-15 13:30:00,56.75
2018-05-15 14:30:00,56.66999816894531
2018-05-15 15:30:00,56.400001525878906
2018-05-15 16:30:00,56.4900016784668
2018-05-15 17:30:00,56.529998779296875
2018-05-15 18:30:00,56.63999938964844
2018-05-15 19:30:00,56.66999816894531
2018-05-16 13:30:00,56.95009994506836
2018-05-16 14:30:00,57.0099983215332
2018-05-16 15:30:00,57.2599983215332
2018-05-16 16:30:00,57.130001068115234
2018-05-16 17:30:00,57.220001220703125
2018-05-16 18:30:00,57.16999816894531
2018-05-16 19:30:00,57.150001525878906
2018-05-17 13:30:00,57.0
2018-05-17 14:30:00,57.11000061035156
2018-05-17 15:30:00,57.209999084472656
2018-05-17 16:30:00,57.20000076293945
2018-05-17 17:30:00,57.14659881591797
2018-05-17 18:30:00,57.165000915527344
2018-05-17 19:30:00,57.20000076293945
2018-05-18 13:30:00,57.09000015258789
2018-05-18 14:30:00,57.209999084472656
2018-05-18 15:30:00,57.189998626708984
2018-05-18 16:30:00,57.220001220703125
2018-05-18 17:30:00,57.17179870605469
2018-05-18 18:30:00,57.130001068115234
2018-05-18 19:30:00,57.15999984741211
2018-05-21 13:30:00,57.650001525878906
2018-05-21 14:30:00,57.5099983215332
2018-05-21 15:30:00,57.4900016784668
2018-05-21 16:30:00,57.529998779296875
2018-05-21 17:30:00,57.475101470947266
2018-05-21 18:30:00,57.31999969482422
2018-05-21 19:30:00,57.31999969482422
2018-05-22 13:30:00,57.110801696777344
2018-05-22 14:30:00,57.14099884033203
2018-05-22 15:30:00,57.040000915527344
2018-05-22 16:30:00,57.029998779296875
2018-05-22 17:30:00,56.97999954223633
2018-05-22 18:30:00,57.10309982299805
2018-05-22 19:30:00,56.959999084472656
2018-05-23 13:30:00,57.099998474121094
2018-05-23 14:30:00,57.22999954223633
2018-05-23 15:30:00,57.220001220703125
2018-05-23 16:30:00,57.33000183105469
2018-05-23 17:30:00,57.5
2018-05-23 18:30:00,57.4900016784668
2018-05-23 19:30:00,57.5
2018-05-24 13:30:00,57.2932014465332
2018-05-24 14:30:00,57.36000061035156
2018-05-24 15:30:00,57.34000015258789
2018-05-24 16:30:00,57.459999084472656
2018-05-24 17:30:00,57.630001068115234
2018-05-24 18:30:00,57.71500015258789
2018-05-24 19:30:00,57.68000030517578
2018-05-25 13:30:00,58.209999084472656
2018-05-25 14:30:00,58.290000915527344
2018-05-25 15:30:00,58.190101623535156
2018-05-25 16:30:00,58.0099983215332
2018-05-25 17:30:00,58.029998779296875
2018-05-25 18:30:00,57.970001220703125
2018-05-25 19:30:00,57.90999984741211
2018-05-29 13:30:00,57.75
2018-05-29 14:30:00,57.619998931884766
2018-05-29 15:30:00,57.119998931884766
2018-05-29 16:30:00,57.06999969482422
2018-05-29 17:30:00,57.286598205566406
2018-05-29 18:30:00,57.08000183105469
2018-05-29 19:30:00,57.2400016784668
2018-05-30 13:30:00,57.31999969482422
2018-05-30 14:30:00,57.375
2018-05-30 15:30:00,57.54999923706055
2018-05-30 16:30:00,57.560001373291016
2018-05-30 17:30:00,57.529998779296875
2018-05-30 18:30:00,57.525001525878906
2018-05-30 19:30:00,57.470001220703125
2018-05-31 13:30:00,57.01499938964844
2018-05-31 14:30:00,56.7599983215332
2018-05-31 15:30:00,56.72610092163086
2018-05-31 16:30:00,56.73500061035156
2018-05-31 17:30:00,56.599998474121094
2018-05-31 18:30:00,56.685001373291016
2018-05-31 19:30:00,56.65999984741211
2018-06-01 13:30:00,56.83000183105469
2018-06-01 14:30:00,56.959999084472656
2018-06-01 15:30:00,56.9010009765625
2018-06-01 16:30:00,56.97999954223633
2018-06-01 17:30:00,56.9900016784668
2018-06-01 18:30:00,56.834999084472656
2018-06-01 19:30:00,56.88999938964844
2018-06-04 13:30:00,57.040000915527344
2018-06-04 14:30:00,56.900001525878906
2018-06-04 15:30:00,57.09489822387695
2018-06-04 16:30:00,57.099998474121094
2018-06-04 17:30:00,57.119998931884766
2018-06-04 18:30:00,57.06999969482422
2018-06-04 19:30:00,57.06999969482422
2018-06-05 13:30:00,55.8650016784668
2018-06-05 14:30:00,55.68320083618164
2018-06-05 15:30:00,55.68519973754883
2018-06-05 16:30:00,55.880001068115234
2018-06-05 17:30:00,55.73500061035156
2018-06-05 18:30:00,55.79499816894531
2018-06-05 19:30:00,55.68000030517578
2018-06-06 13:30:00,56.5
2018-06-06 14:30:00,56.919898986816406
2018-06-06 15:30:00,57.029998779296875
2018-06-06 16:30:00,56.88999938964844
2018-06-06 17:30:00,56.935001373291016
2018-06-06 18:30:00,57.095001220703125
2018-06-06 19:30:00,57.16999816894531
2018-06-07 13:30:00,57.540000915527344
2018-06-07 14:30:00,57.40999984741211
2018-06-07 15:30:00,57.290000915527344
2018-06-07 16:30:00,57.2400016784668
2018-06-07 17:30:00,57.22999954223633
2018-06-07 18:30:00,57.189998626708984
2018-06-07 19:30:00,57.130001068115234
2018-06-08 13:30:00,56.95500183105469
2018-06-08 14:30:00,56.810001373291016
2018-06-08 15:30:00,57.01499938964844
2018-06-08 16:30:00,56.82500076293945
2018-06-08 17:30:00,56.72999954223633
2018-06-08 18:30:00,56.6349983215332
2018-06-08 19:30:00,56.59000015258789
2018-06-11 13:30:00,56.40999984741211
2018-06-11 14:30:00,56.45000076293945
2018-06-11 15:30:00,56.5
2018-06-11 16:30:00,56.55500030517578
2018-06-11 17:30:00,56.650001525878906
2018-06-11 18:30:00,56.59000015258789
2018-06-11 19:30:00,56.470001220703125
2018-06-12 13:30:00,56.790000915527344
2018-06-12 14:30:00,56.7599983215332
2018-06-12 15:30:00,56.73099899291992
2018-06-12 16:30:00,56.619998931884766
2018-06-12 17:30:00,56.43000030517578
2018-06-12 18:30:00,56.41999816894531
2018-06-12 19:30:00,56.47999954223633
2018-06-13 13:30:00,56.380001068115234
2018-06-13 14:30:00,56.66999816894531
2018-06-13 15:30:00,56.5099983215332
2018-06-13 16:30:00,56.529998779296875
2018-06-13 17:30:00,56.40999984741211
2018-06-13 18:30:00,56.310001373291016
2018-06-13 19:30:00,56.20000076293945
2018-06-14 13:30:00,56.4900016784668
2018-06-14 14:30:00,56.685001373291016
2018-06-14 15:30:00,56.79999923706055
2018-06-14 16:30:00,56.8650016784668
2018-06-14 17:30:00,56.98099899291992
2018-06-14 18:30:00,56.970001220703125
2018-06-14 19:30:00,57.0
2018-06-15 13:30:00,56.72999954223633
2018-06-15 14:30:00,56.849998474121094
2018-06-15 15:30:00,56.96989822387695
2018-06-15 16:30:00,56.90999984741211
2018-06-15 17:30:00,56.976200103759766
2018-06-15 18:30:00,57.025001525878906
2018-06-15 19:30:00,57.11000061035156
2018-06-18 13:30:00,56.65999984741211
2018-06-18 14:30:00,57.119998931884766
2018-06-18 15:30:00,57.08000183105469
2018-06-18 16:30:00,57.095001220703125
2018-06-18 17:30:00,57.119998931884766
2018-06-18 18:30:00,57.275001525878906
2018-06-18 19:30:00,57.209999084472656
2018-06-19 13:30:00,56.5099983215332
2018-06-19 14:30:00,56.666099548339844
2018-06-19 15:30:00,56.93000030517578
2018-06-19 16:30:00,57.066200256347656
2018-06-19 17:30:00,57.209999084472656
2018-06-19 18:30:00,57.16999816894531
2018-06-19 19:30:00,57.43000030517578
2018-06-20 13:30:00,53.15999984741211
2018-06-20 14:30:00,52.380001068115234
2018-06-20 15:30:00,52.56999969482422
2018-06-20 16:30:00,51.84000015258789
2018-06-20 17:30:00,52.130001068115234
2018-06-20 18:30:00,51.900001525878906
2018-06-20 19:30:00,52.220001220703125
2018-06-21 13:30:00,51.41999816894531
2018-06-21 14:30:00,50.88999938964844
2018-06-21 15:30:00,50.880001068115234
2018-06-21 16:30:00,50.900001525878906
2018-06-21 17:30:00,50.529998779296875
2018-06-21 18:30:00,50.46609878540039
2018-06-21 19:30:00,50.619998931884766
2018-06-22 13:30:00,50.900001525878906
2018-06-22 14:30:00,50.90999984741211
2018-06-22 15:30:00,51.45000076293945
2018-06-22 16:30:00,51.459999084472656
2018-06-22 17:30:00,51.56999969482422
2018-06-22 18:30:00,51.459999084472656
2018-06-22 19:30:00,51.22999954223633
2018-06-25 13:30:00,50.599998474121094
2018-06-25 14:30:00,50.369998931884766
2018-06-25 15:30:00,50.2953987121582
2018-06-25 16:30:00,50.369998931884766
2018-06-25 17:30:00,50.47999954223633
2018-06-25 18:30:00,50.595001220703125
2018-06-25 19:30:00,50.65999984741211
2018-06-26 13:30:00,50.45000076293945
2018-06-26 14:30:00,50.304500579833984
2018-06-26 15:30:00,50.36000061035156
2018-06-26 16:30:00,50.34000015258789
2018-06-26 17:30:00,50.4900016784668
2018-06-26 18:30:00,50.439998626708984
2018-06-26 19:30:00,50.380001068115234
2018-06-27 13:30:00,50.400001525878906
2018-06-27 14:30:00,50.220001220703125
2018-06-27 15:30:00,50.345001220703125
2018-06-27 16:30:00,50.15999984741211
2018-06-27 17:30:00,50.150001525878906
2018-06-27 18:30:00,50.06999969482422
2018-06-27 19:30:00,49.849998474121094
2018-06-28 13:30:00,48.65999984741211
2018-06-28 14:30:00,48.1349983215332
2018-06-28 15:30:00,47.84000015258789
2018-06-28 16:30:00,47.665000915527344
2018-06-28 17:30:00,48.150001525878906
2018-06-28 18:30:00,48.459999084472656
2018-06-28 19:30:00,48.53010177612305
2018-06-29 13:30:00,48.68000030517578
2018-06-29 14:30:00,48.752498626708984
2018-06-29 15:30:00,48.779998779296875
2018-06-29 16:30:00,48.849998474121094
2018-06-29 17:30:00,48.869998931884766
2018-06-29 18:30:00,49.09000015258789
2018-06-29 19:30:00,48.849998474121094
2018-07-02 13:30:00,48.599998474121094
2018-07-02 14:30:00,49.029998779296875
2018-07-02 15:30:00,48.849998474121094
2018-07-02 16:30:00,48.65999984741211
2018-07-02 17:30:00,48.915000915527344
2018-07-02 18:30:00,48.93000030517578
2018-07-02 19:30:00,49.04999923706055
2018-07-03 13:30:00,48.939998626708984
2018-07-03 14:30:00,49.18000030517578
2018-07-03 15:30:00,49.06999969482422
2018-07-03 17:00:00,48.78010177612305
2018-07-05 13:30:00,48.5
2018-07-05 14:30:00,48.54499816894531
2018-07-05 15:30:00,48.765499114990234
2018-07-05 16:30:00,48.685001373291016
2018-07-05 17:30:00,48.599998474121094
2018-07-05 18:30:00,48.65999984741211
2018-07-05 19:30:00,48.60499954223633
2018-07-06 13:30:00,49.0078010559082
2018-07-06 14:30:00,48.98500061035156
2018-07-06 15:30:00,49.12160110473633
2018-07-06 16:30:00,49.16400146484375
2018-07-06 17:30:00,49.064998626708984
2018-07-06 18:30:00,49.04999923706055
2018-07-06 19:30:00,48.98500061035156
2018-07-09 13:30:00,49.689998626708984
2018-07-09 14:30:00,49.86000061035156
2018-07-09 15:30:00,49.88999938964844
2018-07-09 16:30:00,49.90999984741211
2018-07-09 17:30:00,49.970001220703125
2018-07-09 18:30:00,49.900001525878906
2018-07-09 19:30:00,49.900001525878906
2018-07-10 13:30:00,50.220001220703125
2018-07-10 14:30:00,50.43000030517578
2018-07-10 15:30:00,50.459999084472656
2018-07-10 16:30:00,50.470001220703125
2018-07-10 17:30:00,50.47999954223633
2018-07-10 18:30:00,50.404998779296875
2018-07-10 19:30:00,50.41999816894531
2018-07-11 13:30:00,50.26499938964844
2018-07-11 14:30:00,50.150001525878906
2018-07-11 15:30:00,50.27000045776367
2018-07-11 16:30:00,50.20000076293945
2018-07-11 17:30:00,50.125
2018-07-11 18:30:00,50.18000030517578
2018-07-11 19:30:00,50.13999938964844
2018-07-12 13:30:00,50.45000076293945
2018-07-12 14:30:00,50.46200180053711
2018-07-12 15:30:00,50.529998779296875
2018-07-12 16:30:00,50.494998931884766
2018-07-12 17:30:00,50.30500030517578
2018-07-12 18:30:00,50.25
2018-07-12 19:30:00,50.2400016784668
2018-07-13 13:30:00,51.19850158691406
2018-07-13 14:30:00,51.1150016784668
2018-07-13 15:30:00,50.994998931884766
2018-07-13 16:30:00,51.209999084472656
2018-07-13 17:30:00,51.400001525878906
2018-07-13 18:30:00,51.5099983215332
2018-07-13 19:30:00,51.619998931884766
2018-07-16 13:30:00,50.7400016784668
2018-07-16 14:30:00,51.05400085449219
2018-07-16 15:30:00,51.04999923706055
2018-07-16 16:30:00,50.9900016784668
2018-07-16 17:30:00,50.869998931884766
2018-07-16 18:30:00,50.80500030517578
2018-07-16 19:30:00,50.95000076293945
2018-07-17 13:30:00,51.00600051879883
2018-07-17 14:30:00,50.9900016784668
2018-07-17 15:30:00,51.220001220703125
2018-07-17 16:30:00,51.22999954223633
2018-07-17 17:30:00,51.19499969482422
2018-07-17 18:30:00,51.21099853515625
2018-07-17 19:30:00,51.27000045776367
2018-07-18 13:30:00,51.15999984741211
2018-07-18 14:30:00,51.30500030517578
2018-07-18 15:30:00,51.25
2018-07-18 16:30:00,51.06999969482422
2018-07-18 17:30:00,51.029998779296875
2018-07-18 18:30:00,51.209999084472656
2018-07-18 19:30:00,51.13999938964844
2018-07-19 13:30:00,51.459999084472656
2018-07-19 14:30:00,51.38990020751953
2018-07-19 15:30:00,51.29499816894531
2018-07-19 16:30:00,51.325801849365234
2018-07-19 17:30:00,51.31999969482422
2018-07-19 18:30:00,51.114898681640625
2018-07-19 19:30:00,51.34000015258789
2018-07-20 13:30:00,51.06999969482422
2018-07-20 14:30:00,51.095001220703125
2018-07-20 15:30:00,51.19499969482422
2018-07-20 16:30:00,51.08000183105469
2018-07-20 17:30:00,50.900001525878906
2018-07-20 18:30:00,50.90999984741211
2018-07-20 19:30:00,50.90999984741211
2018-07-23 13:30:00,50.94499969482422
2018-07-23 14:30:00,51.040000915527344
2018-07-23 15:30:00,51.189998626708984
2018-07-23 16:30:00,51.189998626708984
2018-07-23 17:30:00,51.18000030517578
2018-07-23 18:30:00,51.20000076293945
2018-07-23 19:30:00,51.20000076293945
2018-07-24 13:30:00,51.525001525878906
2018-07-24 14:30:00,51.41999816894531
2018-07-24 15:30:00,51.46870040893555
2018-07-24 16:30:00,51.224998474121094
2018-07-24 17:30:00,51.23500061035156
2018-07-24 18:30:00,51.15999984741211
2018-07-24 19:30:00,51.16999816894531
2018-07-25 13:30:00,51.5
2018-07-25 14:30:00,51.60499954223633
2018-07-25 15:30:00,51.525001525878906
2018-07-25 16:30:00,51.505001068115234
2018-07-25 17:30:00,51.58000183105469
2018-07-25 18:30:00,51.52000045776367
2018-07-25 19:30:00,51.619998931884766
2018-07-26 13:30:00,51.599998474121094
2018-07-26 14:30:00,51.55500030517578
2018-07-26 15:30:00,51.57500076293945
2018-07-26 16:30:00,51.52000045776367
2018-07-26 17:30:00,51.380001068115234
2018-07-26 18:30:00,51.439998626708984
2018-07-26 19:30:00,51.459999084472656
2018-07-27 13:30:00,52.22010040283203
2018-07-27 14:30:00,52.290000915527344
2018-07-27 15:30:00,52.2599983215332
2018-07-27 16:30:00,52.209999084472656
2018-07-27 17:30:00,52.25
2018-07-27 18:30:00,52.3125
2018-07-27 19:30:00,52.15999984741211
2018-07-30 13:30:00,52.380001068115234
2018-07-30 14:30:00,52.08000183105469
2018-07-30 15:30:00,51.869998931884766
2018-07-30 16:30:00,51.96689987182617
2018-07-30 17:30:00,51.88999938964844
2018-07-30 18:30:00,51.814998626708984
2018-07-30 19:30:00,51.900001525878906
2018-07-31 13:30:00,52.404998779296875
2018-07-31 14:30:00,52.41999816894531
2018-07-31 15:30:00,52.56999969482422
2018-07-31 16:30:00,52.494998931884766
2018-07-31 17:30:00,52.54999923706055
2018-07-31 18:30:00,52.599998474121094
2018-07-31 19:30:00,52.400001525878906
2018-08-01 13:30:00,51.77000045776367
2018-08-01 14:30:00,51.90999984741211
2018-08-01 15:30:00,51.900001525878906
2018-08-01 16:30:00,51.90999984741211
2018-08-01 17:30:00,52.11000061035156
2018-08-01 18:30:00,51.90999984741211
2018-08-01 19:30:00,51.93000030517578
2018-08-02 13:30:00,51.83539962768555
2018-08-02 14:30:00,51.459999084472656
2018-08-02 15:30:00,51.54999923706055
2018-08-02 16:30:00,51.47999954223633
2018-08-02 17:30:00,51.630001068115234
2018-08-02 18:30:00,51.65999984741211
2018-08-02 19:30:00,51.68000030517578
2018-08-03 13:30:00,51.95000076293945
2018-08-03 14:30:00,52.209999084472656
2018-08-03 15:30:00,52.244998931884766
2018-08-03 16:30:00,52.27000045776367
2018-08-03 17:30:00,52.36000061035156
2018-08-03 18:30:00,52.220001220703125
2018-08-03 19:30:00,52.224998474121094
2018-08-06 13:30:00,51.983001708984375
2018-08-06 14:30:00,52.08000183105469
2018-08-06 15:30:00,52.09000015258789
2018-08-06 16:30:00,52.099998474121094
2018-08-06 17:30:00,52.025001525878906
2018-08-06 18:30:00,52.09000015258789
2018-08-06 19:30:00,52.06999969482422
2018-08-07 13:30:00,51.970001220703125
2018-08-07 14:30:00,51.959999084472656
2018-08-07 15:30:00,52.029998779296875
2018-08-07 16:30:00,51.994998931884766
2018-08-07 17:30:00,52.040000915527344
2018-08-07 18:30:00,52.150001525878906
2018-08-07 19:30:00,52.060001373291016
2018-08-08 13:30:00,51.459999084472656
2018-08-08 14:30:00,51.41999816894531
2018-08-08 15:30:00,51.45000076293945
2018-08-08 16:30:00,51.529998779296875
2018-08-08 17:30:00,51.59000015258789
2018-08-08 18:30:00,51.625
2018-08-08 19:30:00,51.540000915527344
2018-08-09 13:30:00,51.77000045776367
2018-08-09 14:30:00,51.9900016784668
2018-08-09 15:30:00,51.88999938964844
2018-08-09 16:30:00,51.92499923706055
2018-08-09 17:30:00,51.9640007019043
2018-08-09 18:30:00,51.939998626708984
2018-08-09 19:30:00,51.900001525878906
2018-08-10 13:30:00,51.494998931884766
2018-08-10 14:30:00,51.45000076293945
2018-08-10 15:30:00,51.470001220703125
2018-08-10 16:30:00,51.5
2018-08-10 17:30:00,51.334999084472656
2018-08-10 18:30:00,51.526798248291016
2018-08-10 19:30:00,51.5099983215332
2018-08-13 13:30:00,51.630001068115234
2018-08-13 14:30:00,51.584999084472656
2018-08-13 15:30:00,51.600101470947266
2018-08-13 16:30:00,51.75
2018-08-13 17:30:00,51.849998474121094
2018-08-13 18:30:00,51.85499954223633
2018-08-13 19:30:00,51.81999969482422
2018-08-14 13:30:00,52.18000030517578
2018-08-14 14:30:00,52.29499816894531
2018-08-14 15:30:00,52.4900016784668
2018-08-14 16:30:00,52.58489990234375
2018-08-14 17:30:00,52.65999984741211
2018-08-14 18:30:00,52.654998779296875
2018-08-14 19:30:00,52.59000015258789
2018-08-15 13:30:00,52.54999923706055
2018-08-15 14:30:00,52.630001068115234
2018-08-15 15:30:00,52.689998626708984
2018-08-15 16:30:00,52.59299850463867
2018-08-15 17:30:00,52.52000045776367
2018-08-15 18:30:00,52.65999984741211
2018-08-15 19:30:00,52.75
2018-08-16 13:30:00,53.18000030517578
2018-08-16 14:30:00,53.23500061035156
2018-08-16 15:30:00,53.349998474121094
2018-08-16 16:30:00,53.244998931884766
2018-08-16 17:30:00,53.220001220703125
2018-08-16 18:30:00,53.185001373291016
2018-08-16 19:30:00,53.04999923706055
2018-08-17 13:30:00,53.154998779296875
2018-08-17 14:30:00,53.26890182495117
2018-08-17 15:30:00,53.470001220703125
2018-08-17 16:30:00,53.349998474121094
2018-08-17 17:30:00,53.56129837036133
2018-08-17 18:30:00,53.525001525878906
2018-08-17 19:30:00,53.56999969482422
2018-08-20 13:30:00,53.95000076293945
2018-08-20 14:30:00,54.08000183105469
2018-08-20 15:30:00,54.040000915527344
2018-08-20 16:30:00,54.119998931884766
2018-08-20 17:30:00,54.130001068115234
2018-08-20 18:30:00,54.00699996948242
2018-08-20 19:30:00,53.92499923706055
2018-08-21 13:30:00,54.207000732421875
2018-08-21 14:30:00,54.26499938964844
2018-08-21 15:30:00,54.350101470947266
2018-08-21 16:30:00,54.27000045776367
2018-08-21 17:30:00,54.2400016784668
2018-08-21 18:30:00,54.100101470947266
2018-08-21 19:30:00,54.0
2018-08-22 13:30:00,53.09199905395508
2018-08-22 14:30:00,53.1150016784668
2018-08-22 15:30:00,53.064701080322266
2018-08-22 16:30:00,53.040000915527344
2018-08-22 17:30:00,52.790000915527344
2018-08-22 18:30:00,52.7599983215332
2018-08-22 19:30:00,52.83000183105469
2018-08-23 13:30:00,53.099998474121094
2018-08-23 14:30:00,52.89500045776367
2018-08-23 15:30:00,52.79999923706055
2018-08-23 16:30:00,52.68000030517578
2018-08-23 17:30:00,52.65999984741211
2018-08-23 18:30:00,52.650001525878906
2018-08-23 19:30:00,52.650001525878906
2018-08-24 13:30:00,52.564998626708984
2018-08-24 14:30:00,52.529998779296875
2018-08-24 15:30:00,52.670101165771484
2018-08-24 16:30:00,52.810001373291016
2018-08-24 17:30:00,52.84000015258789
2018-08-24 18:30:00,52.810001373291016
2018-08-24 19:30:00,52.75
2018-08-27 13:30:00,53.04999923706055
2018-08-27 14:30:00,52.975101470947266
2018-08-27 15:30:00,52.959999084472656
2018-08-27 16:30:00,53.0
2018-08-27 17:30:00,52.97999954223633
2018-08-27 18:30:00,52.83000183105469
2018-08-27 19:30:00,52.970001220703125
2018-08-28 13:30:00,53.319801330566406
2018-08-28 14:30:00,53.36349868774414
2018-08-28 15:30:00,53.33000183105469
2018-08-28 16:30:00,53.22999954223633
2018-08-28 17:30:00,53.20000076293945
2018-08-28 18:30:00,53.09000015258789
2018-08-28 19:30:00,53.060001373291016
2018-08-29 13:30:00,53.275001525878906
2018-08-29 14:30:00,53.30390167236328
2018-08-29 15:30:00,53.345001220703125
2018-08-29 16:30:00,53.349998474121094
2018-08-29 17:30:00,53.18000030517578
2018-08-29 18:30:00,53.23419952392578
2018-08-29 19:30:00,53.2400016784668
2018-08-30 13:30:00,53.22679901123047
2018-08-30 14:30:00,53.18000030517578
2018-08-30 15:30:00,53.130001068115234
2018-08-30 16:30:00,53.27000045776367
2018-08-30 17:30:00,53.040000915527344
2018-08-30 18:30:00,53.125
2018-08-30 19:30:00,53.099998474121094
2018-08-31 13:30:00,53.625
2018-08-31 14:30:00,53.470001220703125
2018-08-31 15:30:00,53.220001220703125
2018-08-31 16:30:00,53.279998779296875
2018-08-31 17:30:00,53.27000045776367
2018-08-31 18:30:00,53.314998626708984
2018-08-31 19:30:00,53.439998626708984
2018-09-04 13:30:00,53.560001373291016
2018-09-04 14:30:00,53.35499954223633
2018-09-04 15:30:00,53.330501556396484
2018-09-04 16:30:00,53.40999984741211
2018-09-04 17:30:00,53.599998474121094
2018-09-04 18:30:00,53.599998474121094
2018-09-04 19:30:00,53.529998779296875
2018-09-05 13:30:00,53.65999984741211
2018-09-05 14:30:00,53.689998626708984
2018-09-05 15:30:00,53.79999923706055
2018-09-05 16:30:00,53.95000076293945
2018-09-05 17:30:00,53.82500076293945
2018-09-05 18:30:00,53.779998779296875
2018-09-05 19:30:00,53.790000915527344
2018-09-06 13:30:00,54.18000030517578
2018-09-06 14:30:00,54.084999084472656
2018-09-06 15:30:00,54.32500076293945
2018-09-06 16:30:00,54.25
2018-09-06 17:30:00,54.2599983215332
2018-09-06 18:30:00,54.314998626708984
2018-09-06 19:30:00,54.209999084472656
2018-09-07 13:30:00,54.665000915527344
2018-09-07 14:30:00,54.8119010925293
2018-09-07 15:30:00,54.779998779296875
2018-09-07 16:30:00,54.79999923706055
2018-09-07 17:30:00,54.900001525878906
2018-09-07 18:30:00,54.79499816894531
2018-09-07 19:30:00,54.86000061035156
2018-09-10 13:30:00,54.779998779296875
2018-09-10 14:30:00,54.72999954223633
2018-09-10 15:30:00,54.75
2018-09-10 16:30:00,54.93000030517578
2018-09-10 17:30:00,54.9900016784668
2018-09-10 18:30:00,55.09000015258789
2018-09-10 19:30:00,54.97999954223633
2018-09-11 13:30:00,54.959999084472656
2018-09-11 14:30:00,55.20000076293945
2018-09-11 15:30:00,55.36000061035156
2018-09-11 16:30:00,55.20000076293945
2018-09-11 17:30:00,55.209999084472656
2018-09-11 18:30:00,55.22999954223633
2018-09-11 19:30:00,55.119998931884766
2018-09-12 13:30:00,54.810001373291016
2018-09-12 14:30:00,55.08000183105469
2018-09-12 15:30:00,55.09000015258789
2018-09-12 16:30:00,55.064998626708984
2018-09-12 17:30:00,54.95500183105469
2018-09-12 18:30:00,54.869998931884766
2018-09-12 19:30:00,54.970001220703125
2018-09-13 13:30:00,55.39670181274414
2018-09-13 14:30:00,55.07500076293945
2018-09-13 15:30:00,55.175498962402344
2018-09-13 16:30:00,55.13999938964844
2018-09-13 17:30:00,54.91999816894531
2018-09-13 18:30:00,54.84000015258789
2018-09-13 19:30:00,54.90999984741211
2018-09-14 13:30:00,54.839900970458984
2018-09-14 14:30:00,54.79999923706055
2018-09-14 15:30:00,54.86000061035156
2018-09-14 16:30:00,54.75
2018-09-14 17:30:00,54.85499954223633
2018-09-14 18:30:00,54.7400016784668
2018-09-14 19:30:00,54.75
2018-09-17 13:30:00,54.400001525878906
2018-09-17 14:30:00,54.45500183105469
2018-09-17 15:30:00,54.560001373291016
2018-09-17 16:30:00,54.58000183105469
2018-09-17 17:30:00,54.68000030517578
2018-09-17 18:30:00,54.56999969482422
2018-09-17 19:30:00,54.56999969482422
2018-09-18 13:30:00,54.7599983215332
2018-09-18 14:30:00,54.78499984741211
2018-09-18 15:30:00,55.040000915527344
2018-09-18 16:30:00,54.88999938964844
2018-09-18 17:30:00,55.119998931884766
2018-09-18 18:30:00,55.209999084472656
2018-09-18 19:30:00,55.08000183105469
2018-09-19 13:30:00,55.25
2018-09-19 14:30:00,55.47999954223633
2018-09-19 15:30:00,55.47990036010742
2018-09-19 16:30:00,55.529998779296875
2018-09-19 17:30:00,55.52000045776367
2018-09-19 18:30:00,55.58000183105469
2018-09-19 19:30:00,55.45000076293945
2018-09-20 13:30:00,56.27009963989258
2018-09-20 14:30:00,56.08000183105469
2018-09-20 15:30:00,56.361000061035156
2018-09-20 16:30:00,56.439998626708984
2018-09-20 17:30:00,56.61000061035156
2018-09-20 18:30:00,56.560001373291016
2018-09-20 19:30:00,56.45000076293945
2018-09-21 13:30:00,57.2400016784668
2018-09-21 14:30:00,57.41999816894531
2018-09-21 15:30:00,57.3755989074707
2018-09-21 16:30:00,57.38359832763672
2018-09-21 17:30:00,57.474998474121094
2018-09-21 18:30:00,57.13999938964844
2018-09-21 19:30:00,57.40999984741211
2018-09-24 13:30:00,56.85499954223633
2018-09-24 14:30:00,57.22999954223633
2018-09-24 15:30:00,57.224998474121094
2018-09-24 16:30:00,56.994998931884766
2018-09-24 17:30:00,56.93000030517578
2018-09-24 18:30:00,56.82500076293945
2018-09-24 19:30:00,56.689998626708984
2018-09-25 13:30:00,56.9900016784668
2018-09-25 14:30:00,57.190101623535156
2018-09-25 15:30:00,57.27000045776367
2018-09-25 16:30:00,57.20000076293945
2018-09-25 17:30:00,57.16999816894531
2018-09-25 18:30:00,57.11000061035156
2018-09-25 19:30:00,56.900001525878906
2018-09-26 13:30:00,57.63999938964844
2018-09-26 14:30:00,57.689998626708984
2018-09-26 15:30:00,57.61000061035156
2018-09-26 16:30:00,57.630001068115234
2018-09-26 17:30:00,57.67100143432617
2018-09-26 18:30:00,57.5098991394043
2018-09-26 19:30:00,57.27000045776367
2018-09-27 13:30:00,57.7599983215332
2018-09-27 14:30:00,57.540000915527344
2018-09-27 15:30:00,57.599998474121094
2018-09-27 16:30:00,57.599998474121094
2018-09-27 17:30:00,57.5
2018-09-27 18:30:00,57.47999954223633
2018-09-27 19:30:00,57.33000183105469
2018-09-28 13:30:00,57.150001525878906
2018-09-28 14:30:00,57.119998931884766
2018-09-28 15:30:00,57.05500030517578
2018-09-28 16:30:00,57.130001068115234
2018-09-28 17:30:00,57.09000015258789
2018-09-28 18:30:00,56.970001220703125
2018-09-28 19:30:00,56.84000015258789
2018-10-01 13:30:00,56.04999923706055
2018-10-01 14:30:00,55.93000030517578
2018-10-01 15:30:00,55.689998626708984
2018-10-01 16:30:00,55.71839904785156
2018-10-01 17:30:00,55.70000076293945
2018-10-01 18:30:00,55.709999084472656
2018-10-01 19:30:00,55.564998626708984
2018-10-02 13:30:00,55.369998931884766
2018-10-02 14:30:00,55.45000076293945
2018-10-02 15:30:00,55.755001068115234
2018-10-02 16:30:00,55.939998626708984
2018-10-02 17:30:00,55.97999954223633
2018-10-02 18:30:00,55.75
2018-10-02 19:30:00,55.58000183105469
2018-10-03 13:30:00,55.849998474121094
2018-10-03 14:30:00,55.90999984741211
2018-10-03 15:30:00,55.83000183105469
2018-10-03 16:30:00,55.75
2018-10-03 17:30:00,55.6875
2018-10-03 18:30:00,55.529998779296875
2018-10-03 19:30:00,55.470001220703125
2018-10-04 13:30:00,55.970001220703125
2018-10-04 14:30:00,55.9900016784668
2018-10-04 15:30:00,55.904998779296875
2018-10-04 16:30:00,55.83000183105469
2018-10-04 17:30:00,55.775001525878906
2018-10-04 18:30:00,55.900001525878906
2018-10-04 19:30:00,55.88999938964844
2018-10-05 13:30:00,55.75
2018-10-05 14:30:00,55.58000183105469
2018-10-05 15:30:00,55.47589874267578
2018-10-05 16:30:00,55.470001220703125
2018-10-05 17:30:00,55.68000030517578
2018-10-05 18:30:00,55.7400016784668
2018-10-05 19:30:00,55.77000045776367
2018-10-08 13:30:00,56.07500076293945
2018-10-08 14:30:00,56.1349983215332
2018-10-08 15:30:00,56.2599983215332
2018-10-08 16:30:00,56.279998779296875
2018-10-08 17:30:00,56.560001373291016
2018-10-08 18:30:00,56.619998931884766
2018-10-08 19:30:00,56.54999923706055
2018-10-09 13:30:00,58.599998474121094
2018-10-09 14:30:00,57.79499816894531
2018-10-09 15:30:00,57.70000076293945
2018-10-09 16:30:00,58.22999954223633
2018-10-09 17:30:00,57.93000030517578
2018-10-09 18:30:00,57.70000076293945
2018-10-09 19:30:00,57.709999084472656
2018-10-10 13:30:00,57.18000030517578
2018-10-10 14:30:00,57.2599983215332
2018-10-10 15:30:00,57.189998626708984
2018-10-10 16:30:00,56.9900016784668
2018-10-10 17:30:00,56.69499969482422
2018-10-10 18:30:00,56.44499969482422
2018-10-10 19:30:00,56.0099983215332
2018-10-11 13:30:00,55.9900016784668
2018-10-11 14:30:00,55.595001220703125
2018-10-11 15:30:00,55.209999084472656
2018-10-11 16:30:00,55.41999816894531
2018-10-11 17:30:00,55.31999969482422
2018-10-11 18:30:00,55.47999954223633
2018-10-11 19:30:00,54.869998931884766
2018-10-12 13:30:00,56.18000030517578
2018-10-12 14:30:00,56.31999969482422
2018-10-12 15:30:00,55.9900016784668
2018-10-12 16:30:00,56.2599983215332
2018-10-12 17:30:00,56.2400016784668
2018-10-12 18:30:00,56.619998931884766
2018-10-12 19:30:00,56.45000076293945
2018-10-15 13:30:00,56.4900016784668
2018-10-15 14:30:00,57.02000045776367
2018-10-15 15:30:00,56.880001068115234
2018-10-15 16:30:00,56.95500183105469
2018-10-15 17:30:00,56.900001525878906
2018-10-15 18:30:00,57.0
2018-10-15 19:30:00,56.75
2018-10-16 13:30:00,57.505001068115234
2018-10-16 14:30:00,57.4900016784668
2018-10-16 15:30:00,57.720001220703125
2018-10-16 16:30:00,57.70000076293945
2018-10-16 17:30:00,57.810001373291016
2018-10-16 18:30:00,57.65999984741211
2018-10-16 19:30:00,57.810001373291016
2018-10-17 13:30:00,58.439998626708984
2018-10-17 14:30:00,58.650001525878906
2018-10-17 15:30:00,59.16999816894531
2018-10-17 16:30:00,59.18000030517578
2018-10-17 17:30:00,58.90999984741211
2018-10-17 18:30:00,59.119998931884766
2018-10-17 19:30:00,59.11000061035156
2018-10-18 13:30:00,58.68000030517578
2018-10-18 14:30:00,58.599998474121094
2018-10-18 15:30:00,58.339900970458984
2018-10-18 16:30:00,58.369998931884766
2018-10-18 17:30:00,58.52000045776367
2018-10-18 18:30:00,58.53990173339844
2018-10-18 19:30:00,58.6349983215332
2018-10-19 13:30:00,58.869998931884766
2018-10-19 14:30:00,58.880001068115234
2018-10-19 15:30:00,58.689998626708984
2018-10-19 16:30:00,58.77000045776367
2018-10-19 17:30:00,58.65999984741211
2018-10-19 18:30:00,58.67499923706055
2018-10-19 19:30:00,58.650001525878906
2018-10-22 13:30:00,58.650001525878906
2018-10-22 14:30:00,58.959999084472656
2018-10-22 15:30:00,58.81999969482422
2018-10-22 16:30:00,58.88999938964844
2018-10-22 17:30:00,58.869998931884766
2018-10-22 18:30:00,59.08000183105469
2018-10-22 19:30:00,58.90999984741211
2018-10-23 13:30:00,58.70000076293945
2018-10-23 14:30:00,58.79999923706055
2018-10-23 15:30:00,59.19499969482422
2018-10-23 16:30:00,59.15999984741211
2018-10-23 17:30:00,58.875
2018-10-23 18:30:00,58.900001525878906
2018-10-23 19:30:00,58.810001373291016
2018-10-24 13:30:00,59.150001525878906
2018-10-24 14:30:00,58.72999954223633
2018-10-24 15:30:00,58.9900016784668
2018-10-24 16:30:00,58.39500045776367
2018-10-24 17:30:00,58.58000183105469
2018-10-24 18:30:00,58.209999084472656
2018-10-24 19:30:00,58.04999923706055
2018-10-25 13:30:00,58.310001373291016
2018-10-25 14:30:00,58.72990036010742
2018-10-25 15:30:00,58.709999084472656
2018-10-25 16:30:00,58.869998931884766
2018-10-25 17:30:00,58.939998626708984
2018-10-25 18:30:00,59.279998779296875
2018-10-25 19:30:00,58.95000076293945
2018-10-26 13:30:00,57.939998626708984
2018-10-26 14:30:00,57.83000183105469
2018-10-26 15:30:00,58.10499954223633
2018-10-26 16:30:00,58.029998779296875
2018-10-26 17:30:00,58.0
2018-10-26 18:30:00,58.0099983215332
2018-10-26 19:30:00,58.060001373291016
2018-10-29 13:30:00,59.54999923706055
2018-10-29 14:30:00,59.349998474121094
2018-10-29 15:30:00,59.310001373291016
2018-10-29 16:30:00,59.029998779296875
2018-10-29 17:30:00,59.0
2018-10-29 18:30:00,58.21500015258789
2018-10-29 19:30:00,58.38999938964844
2018-10-30 13:30:00,58.400001525878906
2018-10-30 14:30:00,58.29999923706055
2018-10-30 15:30:00,58.31999969482422
2018-10-30 16:30:00,58.150001525878906
2018-10-30 17:30:00,57.959999084472656
2018-10-30 18:30:00,58.5
2018-10-30 19:30:00,58.59000015258789
2018-10-31 13:30:00,58.875
2018-10-31 14:30:00,58.540000915527344
2018-10-31 15:30:00,58.45000076293945
2018-10-31 16:30:00,58.650001525878906
2018-10-31 17:30:00,58.709999084472656
2018-10-31 18:30:00,58.709999084472656
2018-10-31 19:30:00,58.27000045776367
2018-11-01 13:30:00,58.75
2018-11-01 14:30:00,58.65999984741211
2018-11-01 15:30:00,58.59000015258789
2018-11-01 16:30:00,58.84000015258789
2018-11-01 17:30:00,58.8849983215332
2018-11-01 18:30:00,58.650001525878906
2018-11-01 19:30:00,58.59000015258789
2018-11-02 13:30:00,65.12000274658203
2018-11-02 14:30:00,64.29000091552734
2018-11-02 15:30:00,64.12000274658203
2018-11-02 16:30:00,63.80500030517578
2018-11-02 17:30:00,64.44999694824219
2018-11-02 18:30:00,64.72579956054688
2018-11-02 19:30:00,64.26000213623047
