Datetime,STX
2017-11-06 14:30:00,36.47999954223633
2017-11-06 15:30:00,36.560001373291016
2017-11-06 16:30:00,36.619998931884766
2017-11-06 17:30:00,36.810001373291016
2017-11-06 18:30:00,37.2400016784668
2017-11-06 19:30:00,37.440101623535156
2017-11-06 20:30:00,37.459999084472656
2017-11-08 14:30:00,37.38999938964844
2017-11-08 15:30:00,37.25
2017-11-08 16:30:00,37.77000045776367
2017-11-08 17:30:00,37.599998474121094
2017-11-08 18:30:00,37.6150016784668
2017-11-08 19:30:00,37.72999954223633
2017-11-08 20:30:00,37.709999084472656
2017-11-09 14:30:00,38.02000045776367
2017-11-09 15:30:00,37.59000015258789
2017-11-09 16:30:00,37.290000915527344
2017-11-09 17:30:00,37.540000915527344
2017-11-09 18:30:00,37.43000030517578
2017-11-09 19:30:00,37.400001525878906
2017-11-09 20:30:00,37.400001525878906
2017-11-10 14:30:00,37.810001373291016
2017-11-10 15:30:00,37.790000915527344
2017-11-10 16:30:00,37.904998779296875
2017-11-10 17:30:00,37.97999954223633
2017-11-10 18:30:00,38.0
2017-11-10 19:30:00,37.96500015258789
2017-11-10 20:30:00,37.97999954223633
2017-11-13 14:30:00,37.44580078125
2017-11-13 15:30:00,37.595001220703125
2017-11-13 16:30:00,37.560001373291016
2017-11-13 17:30:00,37.650001525878906
2017-11-13 18:30:00,37.599998474121094
2017-11-13 19:30:00,37.70000076293945
2017-11-13 20:30:00,37.65999984741211
2017-11-14 14:30:00,37.7599983215332
2017-11-14 15:30:00,37.560001373291016
2017-11-14 16:30:00,37.60459899902344
2017-11-14 17:30:00,37.470001220703125
2017-11-14 18:30:00,37.529998779296875
2017-11-14 19:30:00,37.525001525878906
2017-11-14 20:30:00,37.4900016784668
2017-11-15 14:30:00,37.43000030517578
2017-11-15 15:30:00,37.654998779296875
2017-11-15 16:30:00,37.7599983215332
2017-11-15 17:30:00,37.650001525878906
2017-11-15 18:30:00,37.7599983215332
2017-11-15 19:30:00,37.80500030517578
2017-11-15 20:30:00,37.81999969482422
2017-11-16 14:30:00,38.595001220703125
2017-11-16 15:30:00,39.06999969482422
2017-11-16 16:30:00,39.08000183105469
2017-11-16 17:30:00,39.029998779296875
2017-11-16 18:30:00,39.12689971923828
2017-11-16 19:30:00,39.08000183105469
2017-11-16 20:30:00,39.11000061035156
2017-11-17 14:30:00,39.031700134277344
2017-11-17 15:30:00,39.09989929199219
2017-11-17 16:30:00,39.50389862060547
2017-11-17 17:30:00,39.33000183105469
2017-11-17 18:30:00,39.52000045776367
2017-11-17 19:30:00,39.52000045776367
2017-11-17 20:30:00,39.42499923706055
2017-11-20 14:30:00,39.29999923706055
2017-11-20 15:30:00,39.43000030517578
2017-11-20 16:30:00,39.61000061035156
2017-11-20 17:30:00,40.0
2017-11-20 18:30:00,40.005001068115234
2017-11-20 19:30:00,39.91999816894531
2017-11-20 20:30:00,39.849998474121094
2017-11-21 14:30:00,40.38999938964844
2017-11-21 15:30:00,40.400001525878906
2017-11-21 16:30:00,40.48500061035156
2017-11-21 17:30:00,40.599998474121094
2017-11-21 18:30:00,40.275001525878906
2017-11-21 19:30:00,40.189998626708984
2017-11-21 20:30:00,40.150001525878906
2017-11-22 14:30:00,40.040000915527344
2017-11-22 15:30:00,40.130001068115234
2017-11-22 16:30:00,40.310001373291016
2017-11-22 17:30:00,40.40999984741211
2017-11-22 18:30:00,40.30500030517578
2017-11-22 19:30:00,40.435001373291016
2017-11-22 20:30:00,40.34000015258789
2017-11-24 14:30:00,40.150001525878906
2017-11-24 15:30:00,40.18000030517578
2017-11-24 16:30:00,40.3849983215332
2017-11-24 18:00:00,40.290000915527344
2017-11-27 14:30:00,38.970001220703125
2017-11-27 15:30:00,38.8650016784668
2017-11-27 16:30:00,38.849998474121094
2017-11-27 17:30:00,38.99359893798828
2017-11-27 18:30:00,38.880001068115234
2017-11-27 19:30:00,39.060001373291016
2017-11-27 20:30:00,39.08000183105469
2017-11-28 14:30:00,39.5099983215332
2017-11-28 15:30:00,39.68000030517578
2017-11-28 16:30:00,39.95000076293945
2017-11-28 17:30:00,39.86000061035156
2017-11-28 18:30:00,39.869998931884766
2017-11-28 19:30:00,40.0099983215332
2017-11-28 20:30:00,39.97999954223633
2017-11-29 14:30:00,39.459999084472656
2017-11-29 15:30:00,39.154998779296875
2017-11-29 16:30:00,39.04999923706055
2017-11-29 17:30:00,39.11000061035156
2017-11-29 18:30:00,38.94499969482422
2017-11-29 19:30:00,38.90999984741211
2017-11-29 20:30:00,38.755001068115234
2017-11-30 14:30:00,38.616798400878906
2017-11-30 15:30:00,38.66999816894531
2017-11-30 16:30:00,38.81999969482422
2017-11-30 17:30:00,38.880001068115234
2017-11-30 18:30:00,38.88999938964844
2017-11-30 19:30:00,38.66999816894531
2017-11-30 20:30:00,38.56999969482422
2017-12-01 14:30:00,38.029998779296875
2017-12-01 15:30:00,37.459999084472656
2017-12-01 16:30:00,37.849998474121094
2017-12-01 17:30:00,38.72999954223633
2017-12-01 18:30:00,38.77000045776367
2017-12-01 19:30:00,39.00510025024414
2017-12-01 20:30:00,39.099998474121094
2017-12-04 14:30:00,39.470001220703125
2017-12-04 15:30:00,39.779998779296875
2017-12-04 16:30:00,39.849998474121094
2017-12-04 17:30:00,39.630001068115234
2017-12-04 18:30:00,39.58000183105469
2017-12-04 19:30:00,39.4900016784668
2017-12-04 20:30:00,39.20000076293945
2017-12-05 14:30:00,39.45000076293945
2017-12-05 15:30:00,39.67499923706055
2017-12-05 16:30:00,39.20500183105469
2017-12-05 17:30:00,39.22999954223633
2017-12-05 18:30:00,39.29499816894531
2017-12-05 19:30:00,39.334999084472656
2017-12-05 20:30:00,39.130001068115234
2017-12-06 14:30:00,39.130001068115234
2017-12-06 15:30:00,39.04999923706055
2017-12-06 16:30:00,39.16999816894531
2017-12-06 17:30:00,39.165000915527344
2017-12-06 18:30:00,39.20000076293945
2017-12-06 19:30:00,39.20000076293945
2017-12-06 20:30:00,39.18000030517578
2017-12-07 14:30:00,39.77690124511719
2017-12-07 15:30:00,40.04999923706055
2017-12-07 16:30:00,39.9900016784668
2017-12-07 17:30:00,39.91999816894531
2017-12-07 18:30:00,39.72829818725586
2017-12-07 19:30:00,39.75
2017-12-07 20:30:00,39.5900993347168
2017-12-08 14:30:00,40.279998779296875
2017-12-08 15:30:00,40.25
2017-12-08 16:30:00,40.310001373291016
2017-12-08 17:30:00,40.4900016784668
2017-12-08 18:30:00,40.43000030517578
2017-12-08 19:30:00,40.41999816894531
2017-12-08 20:30:00,40.474998474121094
2017-12-11 14:30:00,41.09000015258789
2017-12-11 15:30:00,40.79499816894531
2017-12-11 16:30:00,40.60279846191406
2017-12-11 17:30:00,40.34000015258789
2017-12-11 18:30:00,40.48500061035156
2017-12-11 19:30:00,40.36000061035156
2017-12-11 20:30:00,40.470001220703125
2017-12-12 14:30:00,42.02000045776367
2017-12-12 15:30:00,42.13059997558594
2017-12-12 16:30:00,42.31999969482422
2017-12-12 17:30:00,42.130001068115234
2017-12-12 18:30:00,42.18000030517578
2017-12-12 19:30:00,42.18000030517578
2017-12-12 20:30:00,42.119998931884766
2017-12-13 14:30:00,42.130001068115234
2017-12-13 15:30:00,42.15999984741211
2017-12-13 16:30:00,42.119998931884766
2017-12-13 17:30:00,42.01499938964844
2017-12-13 18:30:00,42.09000015258789
2017-12-13 19:30:00,42.060001373291016
2017-12-13 20:30:00,42.099998474121094
2017-12-14 14:30:00,41.970001220703125
2017-12-14 15:30:00,42.119998931884766
2017-12-14 16:30:00,42.119998931884766
2017-12-14 17:30:00,42.224998474121094
2017-12-14 18:30:00,41.970001220703125
2017-12-14 19:30:00,42.01499938964844
2017-12-14 20:30:00,41.939998626708984
2017-12-15 14:30:00,41.84000015258789
2017-12-15 15:30:00,41.93000030517578
2017-12-15 16:30:00,42.0
2017-12-15 17:30:00,41.97999954223633
2017-12-15 18:30:00,42.099998474121094
2017-12-15 19:30:00,42.150001525878906
2017-12-15 20:30:00,42.029998779296875
2017-12-18 14:30:00,42.59000015258789
2017-12-18 15:30:00,42.70000076293945
2017-12-18 16:30:00,42.95000076293945
2017-12-18 17:30:00,42.84000015258789
2017-12-18 18:30:00,42.720001220703125
2017-12-18 19:30:00,42.86000061035156
2017-12-18 20:30:00,43.00749969482422
2017-12-19 14:30:00,41.97999954223633
2017-12-19 15:30:00,41.959999084472656
2017-12-19 16:30:00,42.06999969482422
2017-12-19 17:30:00,42.130001068115234
2017-12-19 18:30:00,42.15999984741211
2017-12-19 19:30:00,42.27000045776367
2017-12-19 20:30:00,42.18000030517578
2017-12-20 14:30:00,41.5
2017-12-20 15:30:00,41.75
2017-12-20 16:30:00,41.779998779296875
2017-12-20 17:30:00,41.68000030517578
2017-12-20 18:30:00,41.70500183105469
2017-12-20 19:30:00,41.525001525878906
2017-12-20 20:30:00,41.540000915527344
2017-12-21 14:30:00,42.2400016784668
2017-12-21 15:30:00,42.189998626708984
2017-12-21 16:30:00,42.10499954223633
2017-12-21 17:30:00,42.084999084472656
2017-12-21 18:30:00,41.880001068115234
2017-12-21 19:30:00,41.9900016784668
2017-12-21 20:30:00,41.959999084472656
2017-12-22 14:30:00,42.244998931884766
2017-12-22 15:30:00,42.279998779296875
2017-12-22 16:30:00,42.275001525878906
2017-12-22 17:30:00,42.220001220703125
2017-12-22 18:30:00,42.189998626708984
2017-12-22 19:30:00,42.125
2017-12-22 20:30:00,42.18000030517578
2017-12-26 14:30:00,42.380001068115234
2017-12-26 15:30:00,42.22999954223633
2017-12-26 16:30:00,42.58000183105469
2017-12-26 17:30:00,42.0099983215332
2017-12-26 18:30:00,42.04999923706055
2017-12-26 19:30:00,42.06999969482422
2017-12-26 20:30:00,42.130001068115234
2017-12-27 14:30:00,42.33000183105469
2017-12-27 15:30:00,42.290000915527344
2017-12-27 16:30:00,41.95000076293945
2017-12-27 17:30:00,41.90999984741211
2017-12-27 18:30:00,42.09000015258789
2017-12-27 19:30:00,42.04999923706055
2017-12-27 20:30:00,42.09000015258789
2017-12-28 14:30:00,41.95000076293945
2017-12-28 15:30:00,41.95000076293945
2017-12-28 16:30:00,41.92100143432617
2017-12-28 17:30:00,41.79999923706055
2017-12-28 18:30:00,41.83000183105469
2017-12-28 19:30:00,41.94499969482422
2017-12-28 20:30:00,42.02000045776367
2017-12-29 14:30:00,42.22999954223633
2017-12-29 15:30:00,42.209999084472656
2017-12-29 16:30:00,42.33000183105469
2017-12-29 17:30:00,42.21500015258789
2017-12-29 18:30:00,42.185001373291016
2017-12-29 19:30:00,42.04999923706055
2017-12-29 20:30:00,41.849998474121094
2018-01-02 14:30:00,42.79249954223633
2018-01-02 15:30:00,43.029998779296875
2018-01-02 16:30:00,43.0
2018-01-02 17:30:00,42.899898529052734
2018-01-02 18:30:00,42.7401008605957
2018-01-02 19:30:00,42.86000061035156
2018-01-02 20:30:00,42.92499923706055
2018-01-03 14:30:00,42.650001525878906
2018-01-03 15:30:00,42.779998779296875
2018-01-03 16:30:00,42.619998931884766
2018-01-03 17:30:00,42.58000183105469
2018-01-03 18:30:00,42.66999816894531
2018-01-03 19:30:00,42.900001525878906
2018-01-03 20:30:00,42.84000015258789
2018-01-04 14:30:00,42.349998474121094
2018-01-04 15:30:00,42.58000183105469
2018-01-04 16:30:00,42.709999084472656
2018-01-04 17:30:00,42.78499984741211
2018-01-04 18:30:00,42.68600082397461
2018-01-04 19:30:00,42.62350082397461
2018-01-04 20:30:00,42.650001525878906
2018-01-05 14:30:00,42.73500061035156
2018-01-05 15:30:00,42.83000183105469
2018-01-05 16:30:00,42.779998779296875
2018-01-05 17:30:00,42.744998931884766
2018-01-05 18:30:00,42.77000045776367
2018-01-05 19:30:00,42.72999954223633
2018-01-05 20:30:00,42.93000030517578
2018-01-08 14:30:00,46.56999969482422
2018-01-08 15:30:00,46.06999969482422
2018-01-08 16:30:00,46.15999984741211
2018-01-08 17:30:00,45.900001525878906
2018-01-08 18:30:00,45.880001068115234
2018-01-08 19:30:00,45.92509841918945
2018-01-08 20:30:00,46.01499938964844
2018-01-09 14:30:00,46.58000183105469
2018-01-09 15:30:00,46.8650016784668
2018-01-09 16:30:00,47.15999984741211
2018-01-09 17:30:00,47.060001373291016
2018-01-09 18:30:00,46.70500183105469
2018-01-09 19:30:00,46.4900016784668
2018-01-09 20:30:00,46.41999816894531
2018-01-10 14:30:00,47.15999984741211
2018-01-10 15:30:00,47.08000183105469
2018-01-10 16:30:00,46.97999954223633
2018-01-10 17:30:00,47.2400016784668
2018-01-10 18:30:00,46.90999984741211
2018-01-10 19:30:00,47.05500030517578
2018-01-10 20:30:00,47.060001373291016
2018-01-11 14:30:00,48.209999084472656
2018-01-11 15:30:00,48.439998626708984
2018-01-11 16:30:00,48.91619873046875
2018-01-11 17:30:00,48.529998779296875
2018-01-11 18:30:00,48.736900329589844
2018-01-11 19:30:00,48.82500076293945
2018-01-11 20:30:00,49.0
2018-01-12 14:30:00,50.400001525878906
2018-01-12 15:30:00,50.849998474121094
2018-01-12 16:30:00,51.27000045776367
2018-01-12 17:30:00,51.810001373291016
2018-01-12 18:30:00,51.290000915527344
2018-01-12 19:30:00,51.47999954223633
2018-01-12 20:30:00,51.25
2018-01-16 14:30:00,51.83000183105469
2018-01-16 15:30:00,51.83000183105469
2018-01-16 16:30:00,51.70000076293945
2018-01-16 17:30:00,51.970001220703125
2018-01-16 18:30:00,51.154998779296875
2018-01-16 19:30:00,51.5099983215332
2018-01-16 20:30:00,51.505001068115234
2018-01-17 14:30:00,51.52000045776367
2018-01-17 15:30:00,52.089900970458984
2018-01-17 16:30:00,52.150001525878906
2018-01-17 17:30:00,52.0
2018-01-17 18:30:00,51.79999923706055
2018-01-17 19:30:00,52.11000061035156
2018-01-17 20:30:00,52.13999938964844
2018-01-18 14:30:00,51.970001220703125
2018-01-18 15:30:00,51.7400016784668
2018-01-18 16:30:00,51.83000183105469
2018-01-18 17:30:00,51.79999923706055
2018-01-18 18:30:00,52.13999938964844
2018-01-18 19:30:00,52.0099983215332
2018-01-18 20:30:00,52.02000045776367
2018-01-19 14:30:00,51.86000061035156
2018-01-19 15:30:00,52.41999816894531
2018-01-19 16:30:00,52.58000183105469
2018-01-19 17:30:00,52.630001068115234
2018-01-19 18:30:00,52.66999816894531
2018-01-19 19:30:00,52.54999923706055
2018-01-19 20:30:00,52.630001068115234
2018-01-22 14:30:00,52.68000030517578
2018-01-22 15:30:00,53.08000183105469
2018-01-22 16:30:00,53.0099983215332
2018-01-22 17:30:00,52.959999084472656
2018-01-22 18:30:00,52.974998474121094
2018-01-22 19:30:00,53.13999938964844
2018-01-22 20:30:00,53.150001525878906
2018-01-23 14:30:00,53.869998931884766
2018-01-23 15:30:00,53.849998474121094
2018-01-23 16:30:00,53.95000076293945
2018-01-23 17:30:00,53.810001373291016
2018-01-23 18:30:00,53.81999969482422
2018-01-23 19:30:00,53.900001525878906
2018-01-23 20:30:00,54.06999969482422
2018-01-24 14:30:00,53.86000061035156
2018-01-24 15:30:00,53.04999923706055
2018-01-24 16:30:00,52.43000030517578
2018-01-24 17:30:00,52.630001068115234
2018-01-24 18:30:00,52.89500045776367
2018-01-24 19:30:00,52.72999954223633
2018-01-24 20:30:00,52.959999084472656
2018-01-25 14:30:00,53.34000015258789
2018-01-25 15:30:00,53.255001068115234
2018-01-25 16:30:00,52.939998626708984
2018-01-25 17:30:00,52.95000076293945
2018-01-25 18:30:00,52.81999969482422
2018-01-25 19:30:00,52.83290100097656
2018-01-25 20:30:00,53.18000030517578
2018-01-26 14:30:00,53.650001525878906
2018-01-26 15:30:00,53.91999816894531
2018-01-26 16:30:00,53.79999923706055
2018-01-26 17:30:00,54.0
2018-01-26 18:30:00,54.07400131225586
2018-01-26 19:30:00,54.40999984741211
2018-01-26 20:30:00,54.91999816894531
2018-01-29 14:30:00,53.97999954223633
2018-01-29 15:30:00,53.929500579833984
2018-01-29 16:30:00,54.650001525878906
2018-01-29 17:30:00,55.11000061035156
2018-01-29 18:30:00,55.52000045776367
2018-01-29 19:30:00,55.18000030517578
2018-01-29 20:30:00,55.11000061035156
2018-01-30 14:30:00,54.29499816894531
2018-01-30 15:30:00,54.31999969482422
2018-01-30 16:30:00,54.43000030517578
2018-01-30 17:30:00,54.310001373291016
2018-01-30 18:30:00,54.7599983215332
2018-01-30 19:30:00,54.68000030517578
2018-01-30 20:30:00,54.9900016784668
2018-01-31 14:30:00,56.0099983215332
2018-01-31 15:30:00,55.50239944458008
2018-01-31 16:30:00,55.36000061035156
2018-01-31 17:30:00,55.4900016784668
2018-01-31 18:30:00,55.31999969482422
2018-01-31 19:30:00,55.13999938964844
2018-01-31 20:30:00,55.209999084472656
2018-02-01 14:30:00,54.75
2018-02-01 15:30:00,55.034400939941406
2018-02-01 16:30:00,55.24140167236328
2018-02-01 17:30:00,55.43000030517578
2018-02-01 18:30:00,54.91999816894531
2018-02-01 19:30:00,54.720001220703125
2018-02-01 20:30:00,54.45000076293945
2018-02-02 14:30:00,52.36000061035156
2018-02-02 15:30:00,52.59000015258789
2018-02-02 16:30:00,52.709999084472656
2018-02-02 17:30:00,52.56999969482422
2018-02-02 18:30:00,52.025001525878906
2018-02-02 19:30:00,51.86000061035156
2018-02-02 20:30:00,51.7599983215332
2018-02-05 14:30:00,52.20000076293945
2018-02-05 15:30:00,51.939998626708984
2018-02-05 16:30:00,51.560001373291016
2018-02-05 17:30:00,51.16999816894531
2018-02-05 18:30:00,51.04999923706055
2018-02-05 19:30:00,50.79999923706055
2018-02-05 20:30:00,49.65999984741211
2018-02-06 14:30:00,48.630001068115234
2018-02-06 15:30:00,48.439998626708984
2018-02-06 16:30:00,48.685001373291016
2018-02-06 17:30:00,48.56999969482422
2018-02-06 18:30:00,48.08000183105469
2018-02-06 19:30:00,48.70000076293945
2018-02-06 20:30:00,48.685001373291016
2018-02-07 14:30:00,50.119998931884766
2018-02-07 15:30:00,50.22999954223633
2018-02-07 16:30:00,50.29999923706055
2018-02-07 17:30:00,49.75
2018-02-07 18:30:00,50.36000061035156
2018-02-07 19:30:00,49.939998626708984
2018-02-07 20:30:00,49.540000915527344
2018-02-08 14:30:00,48.970001220703125
2018-02-08 15:30:00,48.34000015258789
2018-02-08 16:30:00,48.31999969482422
2018-02-08 17:30:00,48.09000015258789
2018-02-08 18:30:00,48.400001525878906
2018-02-08 19:30:00,48.2599983215332
2018-02-08 20:30:00,47.439998626708984
2018-02-09 14:30:00,48.25
2018-02-09 15:30:00,47.5
2018-02-09 16:30:00,46.584999084472656
2018-02-09 17:30:00,46.41999816894531
2018-02-09 18:30:00,47.209999084472656
2018-02-09 19:30:00,47.41999816894531
2018-02-09 20:30:00,47.810001373291016
2018-02-12 14:30:00,49.02000045776367
2018-02-12 15:30:00,48.7599983215332
2018-02-12 16:30:00,49.08000183105469
2018-02-12 17:30:00,48.900001525878906
2018-02-12 18:30:00,49.029998779296875
2018-02-12 19:30:00,49.349998474121094
2018-02-12 20:30:00,49.165000915527344
2018-02-13 14:30:00,49.16999816894531
2018-02-13 15:30:00,49.0
2018-02-13 16:30:00,49.040000915527344
2018-02-13 17:30:00,49.470001220703125
2018-02-13 18:30:00,49.779998779296875
2018-02-13 19:30:00,49.689998626708984
2018-02-13 20:30:00,49.630001068115234
2018-02-14 14:30:00,50.36000061035156
2018-02-14 15:30:00,50.400001525878906
2018-02-14 16:30:00,50.45899963378906
2018-02-14 17:30:00,50.630001068115234
2018-02-14 18:30:00,51.0099983215332
2018-02-14 19:30:00,51.4901008605957
2018-02-14 20:30:00,51.380001068115234
2018-02-15 14:30:00,51.099998474121094
2018-02-15 15:30:00,50.93000030517578
2018-02-15 16:30:00,51.11000061035156
2018-02-15 17:30:00,51.0099983215332
2018-02-15 18:30:00,51.22999954223633
2018-02-15 19:30:00,51.34000015258789
2018-02-15 20:30:00,51.52000045776367
2018-02-16 14:30:00,51.650001525878906
2018-02-16 15:30:00,51.31999969482422
2018-02-16 16:30:00,51.60499954223633
2018-02-16 17:30:00,51.45000076293945
2018-02-16 18:30:00,51.290000915527344
2018-02-16 19:30:00,51.54999923706055
2018-02-16 20:30:00,51.41999816894531
2018-02-20 14:30:00,52.04999923706055
2018-02-20 15:30:00,52.08000183105469
2018-02-20 16:30:00,52.189998626708984
2018-02-20 17:30:00,51.939998626708984
2018-02-20 18:30:00,52.060001373291016
2018-02-20 19:30:00,51.810001373291016
2018-02-20 20:30:00,52.130001068115234
2018-02-21 14:30:00,52.060001373291016
2018-02-21 15:30:00,52.209999084472656
2018-02-21 16:30:00,52.119998931884766
2018-02-21 17:30:00,52.27000045776367
2018-02-21 18:30:00,52.34000015258789
2018-02-21 19:30:00,51.97999954223633
2018-02-21 20:30:00,51.43000030517578
2018-02-22 14:30:00,52.0099983215332
2018-02-22 15:30:00,51.93000030517578
2018-02-22 16:30:00,51.970001220703125
2018-02-22 17:30:00,51.66999816894531
2018-02-22 18:30:00,51.72999954223633
2018-02-22 19:30:00,51.4900016784668
2018-02-22 20:30:00,51.3650016784668
2018-02-23 14:30:00,52.70000076293945
2018-02-23 15:30:00,52.59000015258789
2018-02-23 16:30:00,52.9900016784668
2018-02-23 17:30:00,53.06050109863281
2018-02-23 18:30:00,53.04999923706055
2018-02-23 19:30:00,53.38999938964844
2018-02-23 20:30:00,53.290000915527344
2018-02-26 14:30:00,52.7599983215332
2018-02-26 15:30:00,52.904998779296875
2018-02-26 16:30:00,53.13999938964844
2018-02-26 17:30:00,53.33000183105469
2018-02-26 18:30:00,53.45009994506836
2018-02-26 19:30:00,53.56999969482422
2018-02-26 20:30:00,53.54999923706055
2018-02-27 14:30:00,53.689998626708984
2018-02-27 15:30:00,52.91999816894531
2018-02-27 16:30:00,52.65999984741211
2018-02-27 17:30:00,52.810001373291016
2018-02-27 18:30:00,52.779998779296875
2018-02-27 19:30:00,52.54999923706055
2018-02-27 20:30:00,52.85499954223633
2018-02-28 14:30:00,53.54999923706055
2018-02-28 15:30:00,53.63999938964844
2018-02-28 16:30:00,53.70000076293945
2018-02-28 17:30:00,54.27000045776367
2018-02-28 18:30:00,54.4651985168457
2018-02-28 19:30:00,54.22999954223633
2018-02-28 20:30:00,53.415000915527344
2018-03-01 14:30:00,54.22999954223633
2018-03-01 15:30:00,54.75
2018-03-01 16:30:00,54.5099983215332
2018-03-01 17:30:00,54.220001220703125
2018-03-01 18:30:00,53.810001373291016
2018-03-01 19:30:00,54.220001220703125
2018-03-01 20:30:00,54.0
2018-03-02 14:30:00,53.10499954223633
2018-03-02 15:30:00,53.19620132446289
2018-03-02 16:30:00,53.95000076293945
2018-03-02 17:30:00,53.689998626708984
2018-03-02 18:30:00,53.560001373291016
2018-03-02 19:30:00,53.70500183105469
2018-03-02 20:30:00,54.1349983215332
2018-03-05 14:30:00,54.31999969482422
2018-03-05 15:30:00,55.119998931884766
2018-03-05 16:30:00,55.20000076293945
2018-03-05 17:30:00,55.29999923706055
2018-03-05 18:30:00,55.0
2018-03-05 19:30:00,55.060001373291016
2018-03-05 20:30:00,55.130001068115234
2018-03-06 14:30:00,56.11000061035156
2018-03-06 15:30:00,55.84000015258789
2018-03-06 16:30:00,55.91999816894531
2018-03-06 17:30:00,56.119998931884766
2018-03-06 18:30:00,55.790000915527344
2018-03-06 19:30:00,56.18989944458008
2018-03-06 20:30:00,56.220001220703125
2018-03-07 14:30:00,56.45000076293945
2018-03-07 15:30:00,56.04999923706055
2018-03-07 16:30:00,55.95000076293945
2018-03-07 17:30:00,56.02000045776367
2018-03-07 18:30:00,56.29999923706055
2018-03-07 19:30:00,56.279998779296875
2018-03-07 20:30:00,56.279998779296875
2018-03-08 14:30:00,58.125
2018-03-08 15:30:00,59.02000045776367
2018-03-08 16:30:00,59.08000183105469
2018-03-08 17:30:00,58.86000061035156
2018-03-08 18:30:00,58.88999938964844
2018-03-08 19:30:00,58.97999954223633
2018-03-08 20:30:00,58.880001068115234
2018-03-09 14:30:00,60.380001068115234
2018-03-09 15:30:00,59.869998931884766
2018-03-09 16:30:00,59.90999984741211
2018-03-09 17:30:00,59.779998779296875
2018-03-09 18:30:00,60.189998626708984
2018-03-09 19:30:00,60.349998474121094
2018-03-09 20:30:00,60.18000030517578
2018-03-12 13:30:00,60.28499984741211
2018-03-12 14:30:00,59.810001373291016
2018-03-12 15:30:00,60.209999084472656
2018-03-12 16:30:00,60.29999923706055
2018-03-12 17:30:00,60.20000076293945
2018-03-12 18:30:00,60.22999954223633
2018-03-12 19:30:00,60.220001220703125
2018-03-13 13:30:00,60.689998626708984
2018-03-13 14:30:00,60.25
2018-03-13 15:30:00,60.0
2018-03-13 16:30:00,60.11000061035156
2018-03-13 17:30:00,59.900001525878906
2018-03-13 18:30:00,59.619998931884766
2018-03-13 19:30:00,59.66999816894531
2018-03-14 13:30:00,60.59000015258789
2018-03-14 14:30:00,60.33000183105469
2018-03-14 15:30:00,60.41999816894531
2018-03-14 16:30:00,60.650001525878906
2018-03-14 17:30:00,60.4900016784668
2018-03-14 18:30:00,59.900001525878906
2018-03-14 19:30:00,59.939998626708984
2018-03-15 13:30:00,59.48500061035156
2018-03-15 14:30:00,60.060001373291016
2018-03-15 15:30:00,60.12799835205078
2018-03-15 16:30:00,59.89500045776367
2018-03-15 17:30:00,59.42499923706055
2018-03-15 18:30:00,59.68000030517578
2018-03-15 19:30:00,59.56999969482422
2018-03-16 13:30:00,60.130001068115234
2018-03-16 14:30:00,60.209999084472656
2018-03-16 15:30:00,60.18000030517578
2018-03-16 16:30:00,60.189998626708984
2018-03-16 17:30:00,60.189998626708984
2018-03-16 18:30:00,60.33000183105469
2018-03-16 19:30:00,60.099998474121094
2018-03-19 13:30:00,60.58000183105469
2018-03-19 14:30:00,59.880001068115234
2018-03-19 15:30:00,59.97990036010742
2018-03-19 16:30:00,59.77000045776367
2018-03-19 17:30:00,60.005001068115234
2018-03-19 18:30:00,60.22999954223633
2018-03-19 19:30:00,60.380001068115234
2018-03-20 13:30:00,60.6609992980957
2018-03-20 14:30:00,60.38999938964844
2018-03-20 15:30:00,60.150001525878906
2018-03-20 16:30:00,60.31999969482422
2018-03-20 17:30:00,60.279998779296875
2018-03-20 18:30:00,60.209999084472656
2018-03-20 19:30:00,59.900001525878906
2018-03-21 13:30:00,59.869998931884766
2018-03-21 14:30:00,60.095001220703125
2018-03-21 15:30:00,60.45000076293945
2018-03-21 16:30:00,60.43000030517578
2018-03-21 17:30:00,60.400001525878906
2018-03-21 18:30:00,60.310001373291016
2018-03-21 19:30:00,59.900001525878906
2018-03-22 13:30:00,59.70000076293945
2018-03-22 14:30:00,58.7599983215332
2018-03-22 15:30:00,59.31999969482422
2018-03-22 16:30:00,59.38999938964844
2018-03-22 17:30:00,59.29999923706055
2018-03-22 18:30:00,59.310001373291016
2018-03-22 19:30:00,59.040000915527344
2018-03-23 13:30:00,57.81999969482422
2018-03-23 14:30:00,57.2400016784668
2018-03-23 15:30:00,57.29999923706055
2018-03-23 16:30:00,57.540000915527344
2018-03-23 17:30:00,57.45000076293945
2018-03-23 18:30:00,56.81999969482422
2018-03-23 19:30:00,56.290000915527344
2018-03-26 13:30:00,57.59000015258789
2018-03-26 14:30:00,57.08000183105469
2018-03-26 15:30:00,57.02000045776367
2018-03-26 16:30:00,57.290000915527344
2018-03-26 17:30:00,57.80500030517578
2018-03-26 18:30:00,58.04999923706055
2018-03-26 19:30:00,58.13999938964844
2018-03-27 13:30:00,58.86000061035156
2018-03-27 14:30:00,58.95000076293945
2018-03-27 15:30:00,59.02000045776367
2018-03-27 16:30:00,58.93000030517578
2018-03-27 17:30:00,58.08000183105469
2018-03-27 18:30:00,57.54999923706055
2018-03-27 19:30:00,57.369998931884766
2018-03-28 13:30:00,57.029998779296875
2018-03-28 14:30:00,56.279998779296875
2018-03-28 15:30:00,56.77000045776367
2018-03-28 16:30:00,56.564998626708984
2018-03-28 17:30:00,56.52000045776367
2018-03-28 18:30:00,56.86000061035156
2018-03-28 19:30:00,56.900001525878906
2018-03-29 13:30:00,57.209999084472656
2018-03-29 14:30:00,57.459999084472656
2018-03-29 15:30:00,57.56999969482422
2018-03-29 16:30:00,57.77000045776367
2018-03-29 17:30:00,58.2400016784668
2018-03-29 18:30:00,58.349998474121094
2018-03-29 19:30:00,58.52000045776367
2018-04-02 13:30:00,59.20000076293945
2018-04-02 14:30:00,59.20000076293945
2018-04-02 15:30:00,58.779998779296875
2018-04-02 16:30:00,58.02000045776367
2018-04-02 17:30:00,57.56999969482422
2018-04-02 18:30:00,57.43000030517578
2018-04-02 19:30:00,57.75
2018-04-03 13:30:00,57.150001525878906
2018-04-03 14:30:00,57.869998931884766
2018-04-03 15:30:00,57.22990036010742
2018-04-03 16:30:00,57.810001373291016
2018-04-03 17:30:00,57.459999084472656
2018-04-03 18:30:00,58.20000076293945
2018-04-03 19:30:00,58.29999923706055
2018-04-04 13:30:00,57.650001525878906
2018-04-04 14:30:00,58.47999954223633
2018-04-04 15:30:00,58.380001068115234
2018-04-04 16:30:00,57.970001220703125
2018-04-04 17:30:00,58.43000030517578
2018-04-04 18:30:00,58.790000915527344
2018-04-04 19:30:00,58.91999816894531
2018-04-05 13:30:00,58.279998779296875
2018-04-05 14:30:00,58.56999969482422
2018-04-05 15:30:00,58.16999816894531
2018-04-05 16:30:00,58.11000061035156
2018-04-05 17:30:00,58.11000061035156
2018-04-05 18:30:00,58.2400016784668
2018-04-05 19:30:00,58.25
2018-04-06 13:30:00,57.939998626708984
2018-04-06 14:30:00,57.5099983215332
2018-04-06 15:30:00,57.40999984741211
2018-04-06 16:30:00,57.369998931884766
2018-04-06 17:30:00,56.540000915527344
2018-04-06 18:30:00,56.4900016784668
2018-04-06 19:30:00,56.619998931884766
2018-04-09 13:30:00,57.244998931884766
2018-04-09 14:30:00,57.349998474121094
2018-04-09 15:30:00,57.42720031738281
2018-04-09 16:30:00,57.27000045776367
2018-04-09 17:30:00,57.04999923706055
2018-04-09 18:30:00,56.560001373291016
2018-04-09 19:30:00,56.290000915527344
2018-04-10 13:30:00,60.95000076293945
2018-04-10 14:30:00,60.880001068115234
2018-04-10 15:30:00,59.810001373291016
2018-04-10 16:30:00,60.02000045776367
2018-04-10 17:30:00,59.77000045776367
2018-04-10 18:30:00,59.54999923706055
2018-04-10 19:30:00,59.34000015258789
2018-04-11 13:30:00,59.65999984741211
2018-04-11 14:30:00,58.61000061035156
2018-04-11 15:30:00,59.02000045776367
2018-04-11 16:30:00,58.86000061035156
2018-04-11 17:30:00,58.630001068115234
2018-04-11 18:30:00,58.40999984741211
2018-04-11 19:30:00,58.560001373291016
2018-04-12 13:30:00,59.994998931884766
2018-04-12 14:30:00,59.86000061035156
2018-04-12 15:30:00,59.79499816894531
2018-04-12 16:30:00,59.59000015258789
2018-04-12 17:30:00,59.84000015258789
2018-04-12 18:30:00,60.029998779296875
2018-04-12 19:30:00,59.86000061035156
2018-04-13 13:30:00,60.400001525878906
2018-04-13 14:30:00,60.880001068115234
2018-04-13 15:30:00,60.86289978027344
2018-04-13 16:30:00,61.029998779296875
2018-04-13 17:30:00,60.76499938964844
2018-04-13 18:30:00,60.380001068115234
2018-04-13 19:30:00,60.60499954223633
2018-04-16 13:30:00,60.7400016784668
2018-04-16 14:30:00,60.72999954223633
2018-04-16 15:30:00,61.15999984741211
2018-04-16 16:30:00,61.209999084472656
2018-04-16 17:30:00,61.09709930419922
2018-04-16 18:30:00,60.97999954223633
2018-04-16 19:30:00,61.13999938964844
2018-04-17 13:30:00,62.470001220703125
2018-04-17 14:30:00,62.43000030517578
2018-04-17 15:30:00,62.18000030517578
2018-04-17 16:30:00,61.91999816894531
2018-04-17 17:30:00,61.685001373291016
2018-04-17 18:30:00,62.07500076293945
2018-04-17 19:30:00,61.900001525878906
2018-04-18 13:30:00,61.66999816894531
2018-04-18 14:30:00,61.81999969482422
2018-04-18 15:30:00,61.91999816894531
2018-04-18 16:30:00,62.27000045776367
2018-04-18 17:30:00,62.13999938964844
2018-04-18 18:30:00,62.380001068115234
2018-04-18 19:30:00,62.119998931884766
2018-04-19 13:30:00,61.165000915527344
2018-04-19 14:30:00,60.56100082397461
2018-04-19 15:30:00,60.029998779296875
2018-04-19 16:30:00,60.099998474121094
2018-04-19 17:30:00,60.321998596191406
2018-04-19 18:30:00,60.20000076293945
2018-04-19 19:30:00,59.90999984741211
2018-04-20 13:30:00,60.209999084472656
2018-04-20 14:30:00,59.40999984741211
2018-04-20 15:30:00,59.439998626708984
2018-04-20 16:30:00,59.62009811401367
2018-04-20 17:30:00,59.75
2018-04-20 18:30:00,59.47999954223633
2018-04-20 19:30:00,59.630001068115234
2018-04-23 13:30:00,59.290000915527344
2018-04-23 14:30:00,59.400001525878906
2018-04-23 15:30:00,58.75
2018-04-23 16:30:00,58.290401458740234
2018-04-23 17:30:00,58.099998474121094
2018-04-23 18:30:00,58.13999938964844
2018-04-23 19:30:00,58.220001220703125
2018-04-24 13:30:00,58.79499816894531
2018-04-24 14:30:00,59.15999984741211
2018-04-24 15:30:00,58.41999816894531
2018-04-24 16:30:00,58.220001220703125
2018-04-24 17:30:00,57.97999954223633
2018-04-24 18:30:00,58.220001220703125
2018-04-24 19:30:00,58.2599983215332
2018-04-25 13:30:00,57.84000015258789
2018-04-25 14:30:00,58.939998626708984
2018-04-25 15:30:00,58.560001373291016
2018-04-25 16:30:00,58.38999938964844
2018-04-25 17:30:00,58.20000076293945
2018-04-25 18:30:00,58.560001373291016
2018-04-25 19:30:00,58.29999923706055
2018-04-26 13:30:00,59.04999923706055
2018-04-26 14:30:00,59.029998779296875
2018-04-26 15:30:00,59.0
2018-04-26 16:30:00,59.06999969482422
2018-04-26 17:30:00,59.310001373291016
2018-04-26 18:30:00,59.33000183105469
2018-04-26 19:30:00,59.34000015258789
2018-04-27 13:30:00,58.95000076293945
2018-04-27 14:30:00,59.150001525878906
2018-04-27 15:30:00,59.04999923706055
2018-04-27 16:30:00,59.40999984741211
2018-04-27 17:30:00,59.64500045776367
2018-04-27 18:30:00,59.470001220703125
2018-04-27 19:30:00,59.52000045776367
2018-04-30 13:30:00,59.459999084472656
2018-04-30 14:30:00,59.29999923706055
2018-04-30 15:30:00,58.63999938964844
2018-04-30 16:30:00,58.779998779296875
2018-04-30 17:30:00,58.54999923706055
2018-04-30 18:30:00,58.2400016784668
2018-04-30 19:30:00,57.900001525878906
2018-05-01 13:30:00,52.40999984741211
2018-05-01 14:30:00,52.29999923706055
2018-05-01 15:30:00,53.209999084472656
2018-05-01 16:30:00,53.28499984741211
2018-05-01 17:30:00,53.689998626708984
2018-05-01 18:30:00,53.779998779296875
2018-05-01 19:30:00,54.220001220703125
2018-05-02 13:30:00,53.125
2018-05-02 14:30:00,53.900001525878906
2018-05-02 15:30:00,53.68000030517578
2018-05-02 16:30:00,54.310001373291016
2018-05-02 17:30:00,54.16999816894531
2018-05-02 18:30:00,54.290000915527344
2018-05-02 19:30:00,54.689998626708984
2018-05-03 13:30:00,54.75
2018-05-03 14:30:00,54.369998931884766
2018-05-03 15:30:00,54.470001220703125
2018-05-03 16:30:00,54.70000076293945
2018-05-03 17:30:00,54.47999954223633
2018-05-03 18:30:00,54.904998779296875
2018-05-03 19:30:00,54.959999084472656
2018-05-04 13:30:00,54.98500061035156
2018-05-04 14:30:00,55.459999084472656
2018-05-04 15:30:00,55.54999923706055
2018-05-04 16:30:00,55.6150016784668
2018-05-04 17:30:00,55.790000915527344
2018-05-04 18:30:00,55.790000915527344
2018-05-04 19:30:00,55.68000030517578
2018-05-07 13:30:00,55.83000183105469
2018-05-07 14:30:00,55.970001220703125
2018-05-07 15:30:00,56.22999954223633
2018-05-07 16:30:00,56.17499923706055
2018-05-07 17:30:00,56.13999938964844
2018-05-07 18:30:00,55.90999984741211
2018-05-07 19:30:00,55.939998626708984
2018-05-08 13:30:00,55.97999954223633
2018-05-08 14:30:00,56.380001068115234
2018-05-08 15:30:00,56.08000183105469
2018-05-08 16:30:00,56.119998931884766
2018-05-08 17:30:00,56.06999969482422
2018-05-08 18:30:00,56.22999954223633
2018-05-08 19:30:00,56.47999954223633
2018-05-09 13:30:00,56.92559814453125
2018-05-09 14:30:00,56.9900016784668
2018-05-09 15:30:00,56.990299224853516
2018-05-09 16:30:00,57.290000915527344
2018-05-09 17:30:00,57.189998626708984
2018-05-09 18:30:00,57.029998779296875
2018-05-09 19:30:00,57.22999954223633
2018-05-10 13:30:00,57.58000183105469
2018-05-10 14:30:00,58.15999984741211
2018-05-10 15:30:00,58.470001220703125
2018-05-10 16:30:00,58.400001525878906
2018-05-10 17:30:00,57.97999954223633
2018-05-10 18:30:00,57.4635009765625
2018-05-10 19:30:00,57.2599983215332
2018-05-11 13:30:00,57.584800720214844
2018-05-11 14:30:00,57.404998779296875
2018-05-11 15:30:00,57.03900146484375
2018-05-11 16:30:00,56.84000015258789
2018-05-11 17:30:00,56.790000915527344
2018-05-11 18:30:00,56.720001220703125
2018-05-11 19:30:00,56.70000076293945
2018-05-14 13:30:00,57.95009994506836
2018-05-14 14:30:00,57.599998474121094
2018-05-14 15:30:00,57.439998626708984
2018-05-14 16:30:00,57.1150016784668
2018-05-14 17:30:00,57.130001068115234
2018-05-14 18:30:00,57.3484001159668
2018-05-14 19:30:00,57.060001373291016
2018-05-15 13:30:00,57.540000915527344
2018-05-15 14:30:00,57.52000045776367
2018-05-15 15:30:00,57.599998474121094
2018-05-15 16:30:00,57.57379913330078
2018-05-15 17:30:00,57.729801177978516
2018-05-15 18:30:00,57.560001373291016
2018-05-15 19:30:00,57.7599983215332
2018-05-16 13:30:00,58.790000915527344
2018-05-16 14:30:00,58.95000076293945
2018-05-16 15:30:00,59.33000183105469
2018-05-16 16:30:00,59.189998626708984
2018-05-16 17:30:00,59.209999084472656
2018-05-16 18:30:00,59.16999816894531
2018-05-16 19:30:00,59.36000061035156
2018-05-17 13:30:00,59.72999954223633
2018-05-17 14:30:00,59.40999984741211
2018-05-17 15:30:00,59.625
2018-05-17 16:30:00,59.224998474121094
2018-05-17 17:30:00,59.029998779296875
2018-05-17 18:30:00,59.130001068115234
2018-05-17 19:30:00,59.0099983215332
2018-05-18 13:30:00,58.03499984741211
2018-05-18 14:30:00,57.29999923706055
2018-05-18 15:30:00,56.64500045776367
2018-05-18 16:30:00,56.3849983215332
2018-05-18 17:30:00,56.529998779296875
2018-05-18 18:30:00,56.65999984741211
2018-05-18 19:30:00,56.310001373291016
2018-05-21 13:30:00,57.310001373291016
2018-05-21 14:30:00,57.060001373291016
2018-05-21 15:30:00,57.0703010559082
2018-05-21 16:30:00,57.18000030517578
2018-05-21 17:30:00,57.119998931884766
2018-05-21 18:30:00,57.29999923706055
2018-05-21 19:30:00,57.2400016784668
2018-05-22 13:30:00,57.630001068115234
2018-05-22 14:30:00,57.75
2018-05-22 15:30:00,57.88999938964844
2018-05-22 16:30:00,58.2599983215332
2018-05-22 17:30:00,58.37620162963867
2018-05-22 18:30:00,58.220001220703125
2018-05-22 19:30:00,58.0
2018-05-23 13:30:00,57.60499954223633
2018-05-23 14:30:00,57.54999923706055
2018-05-23 15:30:00,57.70000076293945
2018-05-23 16:30:00,57.68519973754883
2018-05-23 17:30:00,58.040000915527344
2018-05-23 18:30:00,58.154998779296875
2018-05-23 19:30:00,58.27000045776367
2018-05-24 13:30:00,58.0099983215332
2018-05-24 14:30:00,57.58000183105469
2018-05-24 15:30:00,57.939998626708984
2018-05-24 16:30:00,58.099998474121094
2018-05-24 17:30:00,58.34000015258789
2018-05-24 18:30:00,58.40999984741211
2018-05-24 19:30:00,58.279998779296875
2018-05-25 13:30:00,58.88999938964844
2018-05-25 14:30:00,58.779998779296875
2018-05-25 15:30:00,58.2599983215332
2018-05-25 16:30:00,57.97999954223633
2018-05-25 17:30:00,57.709800720214844
2018-05-25 18:30:00,57.619998931884766
2018-05-25 19:30:00,57.47999954223633
2018-05-29 13:30:00,57.63999938964844
2018-05-29 14:30:00,57.91999816894531
2018-05-29 15:30:00,57.31999969482422
2018-05-29 16:30:00,57.650001525878906
2018-05-29 17:30:00,57.58000183105469
2018-05-29 18:30:00,57.189998626708984
2018-05-29 19:30:00,57.25
2018-05-30 13:30:00,58.34000015258789
2018-05-30 14:30:00,58.849998474121094
2018-05-30 15:30:00,58.86000061035156
2018-05-30 16:30:00,58.20000076293945
2018-05-30 17:30:00,58.119998931884766
2018-05-30 18:30:00,58.189998626708984
2018-05-30 19:30:00,58.02000045776367
2018-05-31 13:30:00,57.54999923706055
2018-05-31 14:30:00,57.41999816894531
2018-05-31 15:30:00,56.95000076293945
2018-05-31 16:30:00,56.69060134887695
2018-05-31 17:30:00,56.43000030517578
2018-05-31 18:30:00,56.369998931884766
2018-05-31 19:30:00,56.349998474121094
2018-06-01 13:30:00,57.33000183105469
2018-06-01 14:30:00,57.25
2018-06-01 15:30:00,57.36000061035156
2018-06-01 16:30:00,57.59000015258789
2018-06-01 17:30:00,57.720001220703125
2018-06-01 18:30:00,57.77000045776367
2018-06-01 19:30:00,57.88999938964844
2018-06-04 13:30:00,56.709999084472656
2018-06-04 14:30:00,57.279998779296875
2018-06-04 15:30:00,57.040000915527344
2018-06-04 16:30:00,57.2599983215332
2018-06-04 17:30:00,57.38999938964844
2018-06-04 18:30:00,57.43000030517578
2018-06-04 19:30:00,57.470001220703125
2018-06-05 13:30:00,58.79999923706055
2018-06-05 14:30:00,58.784400939941406
2018-06-05 15:30:00,58.6349983215332
2018-06-05 16:30:00,58.921600341796875
2018-06-05 17:30:00,59.02000045776367
2018-06-05 18:30:00,59.1885986328125
2018-06-05 19:30:00,59.18000030517578
2018-06-06 13:30:00,59.029998779296875
2018-06-06 14:30:00,59.15999984741211
2018-06-06 15:30:00,59.04999923706055
2018-06-06 16:30:00,58.959999084472656
2018-06-06 17:30:00,58.95000076293945
2018-06-06 18:30:00,58.68949890136719
2018-06-06 19:30:00,58.63999938964844
2018-06-07 13:30:00,57.68000030517578
2018-06-07 14:30:00,56.189998626708984
2018-06-07 15:30:00,55.42219924926758
2018-06-07 16:30:00,54.529998779296875
2018-06-07 17:30:00,54.709999084472656
2018-06-07 18:30:00,54.88999938964844
2018-06-07 19:30:00,55.25
2018-06-08 13:30:00,55.89500045776367
2018-06-08 14:30:00,56.099998474121094
2018-06-08 15:30:00,56.08000183105469
2018-06-08 16:30:00,55.9900016784668
2018-06-08 17:30:00,55.916099548339844
2018-06-08 18:30:00,55.970001220703125
2018-06-08 19:30:00,55.97999954223633
2018-06-11 13:30:00,57.41899871826172
2018-06-11 14:30:00,57.709999084472656
2018-06-11 15:30:00,58.279998779296875
2018-06-11 16:30:00,58.0
2018-06-11 17:30:00,58.27000045776367
2018-06-11 18:30:00,58.1150016784668
2018-06-11 19:30:00,57.93000030517578
2018-06-12 13:30:00,56.189998626708984
2018-06-12 14:30:00,56.380001068115234
2018-06-12 15:30:00,56.720001220703125
2018-06-12 16:30:00,56.66999816894531
2018-06-12 17:30:00,56.88999938964844
2018-06-12 18:30:00,57.06999969482422
2018-06-12 19:30:00,57.11000061035156
2018-06-13 13:30:00,57.040000915527344
2018-06-13 14:30:00,57.435001373291016
2018-06-13 15:30:00,57.2599983215332
2018-06-13 16:30:00,57.11000061035156
2018-06-13 17:30:00,56.942501068115234
2018-06-13 18:30:00,56.97999954223633
2018-06-13 19:30:00,56.95000076293945
2018-06-14 13:30:00,57.92499923706055
2018-06-14 14:30:00,58.25
2018-06-14 15:30:00,58.72999954223633
2018-06-14 16:30:00,59.1349983215332
2018-06-14 17:30:00,59.09000015258789
2018-06-14 18:30:00,58.970001220703125
2018-06-14 19:30:00,59.09000015258789
2018-06-15 13:30:00,57.529998779296875
2018-06-15 14:30:00,57.79999923706055
2018-06-15 15:30:00,57.9900016784668
2018-06-15 16:30:00,58.154998779296875
2018-06-15 17:30:00,58.404998779296875
2018-06-15 18:30:00,58.33000183105469
2018-06-15 19:30:00,58.439998626708984
2018-06-18 13:30:00,58.1349983215332
2018-06-18 14:30:00,58.36000061035156
2018-06-18 15:30:00,58.314998626708984
2018-06-18 16:30:00,58.71500015258789
2018-06-18 17:30:00,58.814998626708984
2018-06-18 18:30:00,58.9900016784668
2018-06-18 19:30:00,58.97999954223633
2018-06-19 13:30:00,56.86000061035156
2018-06-19 14:30:00,57.439998626708984
2018-06-19 15:30:00,57.709999084472656
2018-06-19 16:30:00,57.81999969482422
2018-06-19 17:30:00,57.88999938964844
2018-06-19 18:30:00,57.7599983215332
2018-06-19 19:30:00,57.95000076293945
2018-06-20 13:30:00,57.970001220703125
2018-06-20 14:30:00,58.07500076293945
2018-06-20 15:30:00,58.189998626708984
2018-06-20 16:30:00,57.959999084472656
2018-06-20 17:30:00,58.08000183105469
2018-06-20 18:30:00,58.150001525878906
2018-06-20 19:30:00,58.08000183105469
2018-06-21 13:30:00,58.43000030517578
2018-06-21 14:30:00,58.869998931884766
2018-06-21 15:30:00,59.369998931884766
2018-06-21 16:30:00,58.75
2018-06-21 17:30:00,58.6505012512207
2018-06-21 18:30:00,58.41999816894531
2018-06-21 19:30:00,58.459999084472656
2018-06-22 13:30:00,58.709999084472656
2018-06-22 14:30:00,59.040000915527344
2018-06-22 15:30:00,58.939998626708984
2018-06-22 16:30:00,58.92499923706055
2018-06-22 17:30:00,58.47999954223633
2018-06-22 18:30:00,58.50469970703125
2018-06-22 19:30:00,58.220001220703125
2018-06-25 13:30:00,56.36000061035156
2018-06-25 14:30:00,55.869998931884766
2018-06-25 15:30:00,55.70000076293945
2018-06-25 16:30:00,55.630001068115234
2018-06-25 17:30:00,55.8849983215332
2018-06-25 18:30:00,55.650001525878906
2018-06-25 19:30:00,55.83000183105469
2018-06-26 13:30:00,55.95000076293945
2018-06-26 14:30:00,56.209999084472656
2018-06-26 15:30:00,56.470001220703125
2018-06-26 16:30:00,56.625
2018-06-26 17:30:00,56.65999984741211
2018-06-26 18:30:00,56.400001525878906
2018-06-26 19:30:00,56.459999084472656
2018-06-27 13:30:00,56.88999938964844
2018-06-27 14:30:00,56.61000061035156
2018-06-27 15:30:00,56.790000915527344
2018-06-27 16:30:00,56.185001373291016
2018-06-27 17:30:00,56.064998626708984
2018-06-27 18:30:00,56.099998474121094
2018-06-27 19:30:00,55.68000030517578
2018-06-28 13:30:00,55.56999969482422
2018-06-28 14:30:00,55.91999816894531
2018-06-28 15:30:00,55.755001068115234
2018-06-28 16:30:00,56.290000915527344
2018-06-28 17:30:00,56.43429946899414
2018-06-28 18:30:00,56.47999954223633
2018-06-28 19:30:00,56.380001068115234
2018-06-29 13:30:00,56.689998626708984
2018-06-29 14:30:00,57.2599983215332
2018-06-29 15:30:00,56.970001220703125
2018-06-29 16:30:00,57.05979919433594
2018-06-29 17:30:00,57.06019973754883
2018-06-29 18:30:00,56.810001373291016
2018-06-29 19:30:00,56.459999084472656
2018-07-02 13:30:00,56.5099983215332
2018-07-02 14:30:00,56.41189956665039
2018-07-02 15:30:00,56.369998931884766
2018-07-02 16:30:00,56.720001220703125
2018-07-02 17:30:00,57.25
2018-07-02 18:30:00,57.25
2018-07-02 19:30:00,57.63999938964844
2018-07-03 13:30:00,57.779998779296875
2018-07-03 14:30:00,57.790000915527344
2018-07-03 15:30:00,57.529998779296875
2018-07-03 17:00:00,57.120201110839844
2018-07-05 13:30:00,57.099998474121094
2018-07-05 14:30:00,57.439998626708984
2018-07-05 15:30:00,57.869998931884766
2018-07-05 16:30:00,57.84000015258789
2018-07-05 17:30:00,58.130001068115234
2018-07-05 18:30:00,58.54999923706055
2018-07-05 19:30:00,58.61000061035156
2018-07-06 13:30:00,58.18339920043945
2018-07-06 14:30:00,58.56999969482422
2018-07-06 15:30:00,58.630001068115234
2018-07-06 16:30:00,58.400001525878906
2018-07-06 17:30:00,58.53010177612305
2018-07-06 18:30:00,58.70000076293945
2018-07-06 19:30:00,58.599998474121094
2018-07-09 13:30:00,58.2599983215332
2018-07-09 14:30:00,58.2400016784668
2018-07-09 15:30:00,58.279998779296875
2018-07-09 16:30:00,58.41999816894531
2018-07-09 17:30:00,58.625
2018-07-09 18:30:00,58.720001220703125
2018-07-09 19:30:00,58.75
2018-07-10 13:30:00,59.279998779296875
2018-07-10 14:30:00,59.060001373291016
2018-07-10 15:30:00,59.2400016784668
2018-07-10 16:30:00,59.130001068115234
2018-07-10 17:30:00,58.900001525878906
2018-07-10 18:30:00,58.970001220703125
2018-07-10 19:30:00,58.900001525878906
2018-07-11 13:30:00,57.7599983215332
2018-07-11 14:30:00,57.189998626708984
2018-07-11 15:30:00,57.081600189208984
2018-07-11 16:30:00,57.290000915527344
2018-07-11 17:30:00,57.31999969482422
2018-07-11 18:30:00,57.189998626708984
2018-07-11 19:30:00,57.2400016784668
2018-07-12 13:30:00,58.369998931884766
2018-07-12 14:30:00,58.470001220703125
2018-07-12 15:30:00,58.63999938964844
2018-07-12 16:30:00,58.7140007019043
2018-07-12 17:30:00,58.80500030517578
2018-07-12 18:30:00,58.9900016784668
2018-07-12 19:30:00,59.029998779296875
2018-07-13 13:30:00,59.2947998046875
2018-07-13 14:30:00,59.130001068115234
2018-07-13 15:30:00,58.814998626708984
2018-07-13 16:30:00,58.70500183105469
2018-07-13 17:30:00,58.83100128173828
2018-07-13 18:30:00,58.88999938964844
2018-07-13 19:30:00,59.025001525878906
2018-07-16 13:30:00,58.61000061035156
2018-07-16 14:30:00,58.59000015258789
2018-07-16 15:30:00,58.5099983215332
2018-07-16 16:30:00,58.31999969482422
2018-07-16 17:30:00,58.41999816894531
2018-07-16 18:30:00,58.45000076293945
2018-07-16 19:30:00,58.45000076293945
2018-07-17 13:30:00,57.86000061035156
2018-07-17 14:30:00,57.939998626708984
2018-07-17 15:30:00,58.0
2018-07-17 16:30:00,58.21500015258789
2018-07-17 17:30:00,58.029998779296875
2018-07-17 18:30:00,58.22999954223633
2018-07-17 19:30:00,58.119998931884766
2018-07-18 13:30:00,58.29999923706055
2018-07-18 14:30:00,58.2599983215332
2018-07-18 15:30:00,58.189998626708984
2018-07-18 16:30:00,58.08000183105469
2018-07-18 17:30:00,58.09000015258789
2018-07-18 18:30:00,58.17110061645508
2018-07-18 19:30:00,58.099998474121094
2018-07-19 13:30:00,57.61000061035156
2018-07-19 14:30:00,57.470001220703125
2018-07-19 15:30:00,57.06999969482422
2018-07-19 16:30:00,57.16999816894531
2018-07-19 17:30:00,57.4900016784668
2018-07-19 18:30:00,57.209999084472656
2018-07-19 19:30:00,57.15999984741211
2018-07-20 13:30:00,56.88999938964844
2018-07-20 14:30:00,57.17499923706055
2018-07-20 15:30:00,56.97999954223633
2018-07-20 16:30:00,56.869998931884766
2018-07-20 17:30:00,56.80500030517578
2018-07-20 18:30:00,56.75
2018-07-20 19:30:00,56.470001220703125
2018-07-23 13:30:00,55.58000183105469
2018-07-23 14:30:00,55.7599983215332
2018-07-23 15:30:00,56.2599983215332
2018-07-23 16:30:00,56.36000061035156
2018-07-23 17:30:00,56.349998474121094
2018-07-23 18:30:00,56.224998474121094
2018-07-23 19:30:00,56.34000015258789
2018-07-24 13:30:00,56.75
2018-07-24 14:30:00,56.459999084472656
2018-07-24 15:30:00,56.33000183105469
2018-07-24 16:30:00,55.849998474121094
2018-07-24 17:30:00,55.68009948730469
2018-07-24 18:30:00,55.849998474121094
2018-07-24 19:30:00,55.72999954223633
2018-07-25 13:30:00,55.599998474121094
2018-07-25 14:30:00,55.90999984741211
2018-07-25 15:30:00,56.099998474121094
2018-07-25 16:30:00,56.130001068115234
2018-07-25 17:30:00,56.189998626708984
2018-07-25 18:30:00,56.06999969482422
2018-07-25 19:30:00,56.439998626708984
2018-07-26 13:30:00,56.97999954223633
2018-07-26 14:30:00,57.439998626708984
2018-07-26 15:30:00,57.16999816894531
2018-07-26 16:30:00,57.470001220703125
2018-07-26 17:30:00,57.64500045776367
2018-07-26 18:30:00,57.58000183105469
2018-07-26 19:30:00,57.540000915527344
2018-07-27 13:30:00,56.935001373291016
2018-07-27 14:30:00,55.935001373291016
2018-07-27 15:30:00,55.349998474121094
2018-07-27 16:30:00,55.2400016784668
2018-07-27 17:30:00,54.9900016784668
2018-07-27 18:30:00,54.900001525878906
2018-07-27 19:30:00,54.70000076293945
2018-07-30 13:30:00,53.779998779296875
2018-07-30 14:30:00,54.099998474121094
2018-07-30 15:30:00,53.400001525878906
2018-07-30 16:30:00,53.52000045776367
2018-07-30 17:30:00,53.380001068115234
2018-07-30 18:30:00,54.0099983215332
2018-07-30 19:30:00,54.0099983215332
2018-07-31 13:30:00,52.400001525878906
2018-07-31 14:30:00,52.630001068115234
2018-07-31 15:30:00,52.7599983215332
2018-07-31 16:30:00,52.619998931884766
2018-07-31 17:30:00,52.709999084472656
2018-07-31 18:30:00,52.7599983215332
2018-07-31 19:30:00,52.599998474121094
2018-08-01 13:30:00,53.099998474121094
2018-08-01 14:30:00,52.900001525878906
2018-08-01 15:30:00,53.04999923706055
2018-08-01 16:30:00,53.02000045776367
2018-08-01 17:30:00,53.3557014465332
2018-08-01 18:30:00,53.10499954223633
2018-08-01 19:30:00,53.08000183105469
2018-08-02 13:30:00,53.40999984741211
2018-08-02 14:30:00,52.84000015258789
2018-08-02 15:30:00,53.34000015258789
2018-08-02 16:30:00,53.220001220703125
2018-08-02 17:30:00,53.130001068115234
2018-08-02 18:30:00,53.317501068115234
2018-08-02 19:30:00,53.40999984741211
2018-08-03 13:30:00,54.15999984741211
2018-08-03 14:30:00,53.5099983215332
2018-08-03 15:30:00,53.970001220703125
2018-08-03 16:30:00,53.630001068115234
2018-08-03 17:30:00,53.720001220703125
2018-08-03 18:30:00,53.79999923706055
2018-08-03 19:30:00,53.869998931884766
2018-08-06 13:30:00,53.630001068115234
2018-08-06 14:30:00,53.54999923706055
2018-08-06 15:30:00,53.72999954223633
2018-08-06 16:30:00,53.88990020751953
2018-08-06 17:30:00,53.986000061035156
2018-08-06 18:30:00,54.130001068115234
2018-08-06 19:30:00,54.209999084472656
2018-08-07 13:30:00,55.04999923706055
2018-08-07 14:30:00,54.58000183105469
2018-08-07 15:30:00,54.84410095214844
2018-08-07 16:30:00,54.7400016784668
2018-08-07 17:30:00,54.93000030517578
2018-08-07 18:30:00,54.86000061035156
2018-08-07 19:30:00,54.86000061035156
2018-08-08 13:30:00,54.880001068115234
2018-08-08 14:30:00,55.040000915527344
2018-08-08 15:30:00,55.09000015258789
2018-08-08 16:30:00,55.0099983215332
2018-08-08 17:30:00,55.150001525878906
2018-08-08 18:30:00,55.08000183105469
2018-08-08 19:30:00,55.040000915527344
2018-08-09 13:30:00,51.45000076293945
2018-08-09 14:30:00,51.189998626708984
2018-08-09 15:30:00,51.0
2018-08-09 16:30:00,51.790000915527344
2018-08-09 17:30:00,51.494998931884766
2018-08-09 18:30:00,51.0099983215332
2018-08-09 19:30:00,51.02000045776367
2018-08-10 13:30:00,50.66999816894531
2018-08-10 14:30:00,50.27000045776367
2018-08-10 15:30:00,50.41999816894531
2018-08-10 16:30:00,50.61000061035156
2018-08-10 17:30:00,50.65999984741211
2018-08-10 18:30:00,50.93000030517578
2018-08-10 19:30:00,50.869998931884766
2018-08-13 13:30:00,51.22999954223633
2018-08-13 14:30:00,51.130001068115234
2018-08-13 15:30:00,50.9900016784668
2018-08-13 16:30:00,50.91999816894531
2018-08-13 17:30:00,51.0
2018-08-13 18:30:00,51.029998779296875
2018-08-13 19:30:00,51.0
2018-08-14 13:30:00,52.599998474121094
2018-08-14 14:30:00,53.25
2018-08-14 15:30:00,53.09000015258789
2018-08-14 16:30:00,52.86000061035156
2018-08-14 17:30:00,53.0
2018-08-14 18:30:00,53.09000015258789
2018-08-14 19:30:00,53.22999954223633
2018-08-15 13:30:00,52.40999984741211
2018-08-15 14:30:00,52.68000030517578
2018-08-15 15:30:00,53.33000183105469
2018-08-15 16:30:00,53.13999938964844
2018-08-15 17:30:00,52.900001525878906
2018-08-15 18:30:00,52.935001373291016
2018-08-15 19:30:00,52.88999938964844
2018-08-16 13:30:00,53.22999954223633
2018-08-16 14:30:00,53.20000076293945
2018-08-16 15:30:00,53.150001525878906
2018-08-16 16:30:00,53.16999816894531
2018-08-16 17:30:00,53.119998931884766
2018-08-16 18:30:00,53.099998474121094
2018-08-16 19:30:00,53.060001373291016
2018-08-17 13:30:00,53.25
2018-08-17 14:30:00,53.529998779296875
2018-08-17 15:30:00,53.880001068115234
2018-08-17 16:30:00,53.7400016784668
2018-08-17 17:30:00,53.939998626708984
2018-08-17 18:30:00,54.209999084472656
2018-08-17 19:30:00,54.2400016784668
2018-08-20 13:30:00,54.28499984741211
2018-08-20 14:30:00,54.439998626708984
2018-08-20 15:30:00,54.5099983215332
2018-08-20 16:30:00,54.65999984741211
2018-08-20 17:30:00,54.779998779296875
2018-08-20 18:30:00,54.540000915527344
2018-08-20 19:30:00,54.560001373291016
2018-08-21 13:30:00,55.29999923706055
2018-08-21 14:30:00,55.22999954223633
2018-08-21 15:30:00,55.209999084472656
2018-08-21 16:30:00,55.06999969482422
2018-08-21 17:30:00,54.97999954223633
2018-08-21 18:30:00,54.709999084472656
2018-08-21 19:30:00,54.810001373291016
2018-08-22 13:30:00,55.10499954223633
2018-08-22 14:30:00,55.439998626708984
2018-08-22 15:30:00,55.439998626708984
2018-08-22 16:30:00,55.25
2018-08-22 17:30:00,55.40999984741211
2018-08-22 18:30:00,55.310001373291016
2018-08-22 19:30:00,55.310001373291016
2018-08-23 13:30:00,55.38999938964844
2018-08-23 14:30:00,55.24909973144531
2018-08-23 15:30:00,55.22999954223633
2018-08-23 16:30:00,55.250099182128906
2018-08-23 17:30:00,55.65999984741211
2018-08-23 18:30:00,55.619998931884766
2018-08-23 19:30:00,55.72999954223633
2018-08-24 13:30:00,56.07889938354492
2018-08-24 14:30:00,55.93349838256836
2018-08-24 15:30:00,55.81999969482422
2018-08-24 16:30:00,55.47999954223633
2018-08-24 17:30:00,55.650001525878906
2018-08-24 18:30:00,55.66680145263672
2018-08-24 19:30:00,55.77000045776367
2018-08-27 13:30:00,56.900001525878906
2018-08-27 14:30:00,56.939998626708984
2018-08-27 15:30:00,56.959999084472656
2018-08-27 16:30:00,56.85499954223633
2018-08-27 17:30:00,56.810001373291016
2018-08-27 18:30:00,56.290000915527344
2018-08-27 19:30:00,56.369998931884766
2018-08-28 13:30:00,56.525001525878906
2018-08-28 14:30:00,56.439998626708984
2018-08-28 15:30:00,56.099998474121094
2018-08-28 16:30:00,56.11000061035156
2018-08-28 17:30:00,56.4900016784668
2018-08-28 18:30:00,56.45000076293945
2018-08-28 19:30:00,56.470001220703125
2018-08-29 13:30:00,56.269901275634766
2018-08-29 14:30:00,56.83000183105469
2018-08-29 15:30:00,56.59000015258789
2018-08-29 16:30:00,56.40999984741211
2018-08-29 17:30:00,56.26499938964844
2018-08-29 18:30:00,56.08000183105469
2018-08-29 19:30:00,55.9900016784668
2018-08-30 13:30:00,53.564998626708984
2018-08-30 14:30:00,53.220001220703125
2018-08-30 15:30:00,53.470001220703125
2018-08-30 16:30:00,53.47999954223633
2018-08-30 17:30:00,53.2599983215332
2018-08-30 18:30:00,53.17499923706055
2018-08-30 19:30:00,53.150001525878906
2018-08-31 13:30:00,53.040000915527344
2018-08-31 14:30:00,53.38999938964844
2018-08-31 15:30:00,53.20000076293945
2018-08-31 16:30:00,53.099998474121094
2018-08-31 17:30:00,53.255001068115234
2018-08-31 18:30:00,53.459999084472656
2018-08-31 19:30:00,53.540000915527344
2018-09-04 13:30:00,48.88999938964844
2018-09-04 14:30:00,48.56999969482422
2018-09-04 15:30:00,48.5
2018-09-04 16:30:00,48.970001220703125
2018-09-04 17:30:00,49.4739990234375
2018-09-04 18:30:00,49.459999084472656
2018-09-04 19:30:00,49.40999984741211
2018-09-05 13:30:00,48.380001068115234
2018-09-05 14:30:00,48.189998626708984
2018-09-05 15:30:00,48.880001068115234
2018-09-05 16:30:00,49.25
2018-09-05 17:30:00,49.209999084472656
2018-09-05 18:30:00,49.5099983215332
2018-09-05 19:30:00,49.372501373291016
2018-09-06 13:30:00,49.709999084472656
2018-09-06 14:30:00,49.790000915527344
2018-09-06 15:30:00,49.63999938964844
2018-09-06 16:30:00,49.4900016784668
2018-09-06 17:30:00,49.380001068115234
2018-09-06 18:30:00,49.59000015258789
2018-09-06 19:30:00,49.3849983215332
2018-09-07 13:30:00,49.95000076293945
2018-09-07 14:30:00,50.0
2018-09-07 15:30:00,49.939998626708984
2018-09-07 16:30:00,50.09000015258789
2018-09-07 17:30:00,50.04499816894531
2018-09-07 18:30:00,50.029998779296875
2018-09-07 19:30:00,49.81999969482422
2018-09-10 13:30:00,50.540000915527344
2018-09-10 14:30:00,49.9900016784668
2018-09-10 15:30:00,50.040000915527344
2018-09-10 16:30:00,50.3650016784668
2018-09-10 17:30:00,50.34000015258789
2018-09-10 18:30:00,50.380001068115234
2018-09-10 19:30:00,50.29999923706055
2018-09-11 13:30:00,48.5099983215332
2018-09-11 14:30:00,48.25
2018-09-11 15:30:00,49.010101318359375
2018-09-11 16:30:00,49.2599983215332
2018-09-11 17:30:00,49.19309997558594
2018-09-11 18:30:00,48.91999816894531
2018-09-11 19:30:00,48.97999954223633
2018-09-12 13:30:00,48.439998626708984
2018-09-12 14:30:00,48.9900016784668
2018-09-12 15:30:00,49.20000076293945
2018-09-12 16:30:00,49.63999938964844
2018-09-12 17:30:00,49.22999954223633
2018-09-12 18:30:00,49.560001373291016
2018-09-12 19:30:00,49.470001220703125
2018-09-13 13:30:00,48.380001068115234
2018-09-13 14:30:00,48.040000915527344
2018-09-13 15:30:00,48.18000030517578
2018-09-13 16:30:00,48.11000061035156
2018-09-13 17:30:00,48.0
2018-09-13 18:30:00,47.959999084472656
2018-09-13 19:30:00,48.20000076293945
2018-09-14 13:30:00,48.04999923706055
2018-09-14 14:30:00,48.189998626708984
2018-09-14 15:30:00,47.81999969482422
2018-09-14 16:30:00,48.150001525878906
2018-09-14 17:30:00,48.224998474121094
2018-09-14 18:30:00,48.29499816894531
2018-09-14 19:30:00,48.279998779296875
2018-09-17 13:30:00,47.880001068115234
2018-09-17 14:30:00,48.11000061035156
2018-09-17 15:30:00,48.130001068115234
2018-09-17 16:30:00,48.08000183105469
2018-09-17 17:30:00,48.2599983215332
2018-09-17 18:30:00,48.0
2018-09-17 19:30:00,47.939998626708984
2018-09-18 13:30:00,47.81990051269531
2018-09-18 14:30:00,47.95000076293945
2018-09-18 15:30:00,48.290000915527344
2018-09-18 16:30:00,48.29999923706055
2018-09-18 17:30:00,48.099998474121094
2018-09-18 18:30:00,48.025001525878906
2018-09-18 19:30:00,47.97999954223633
2018-09-19 13:30:00,47.88999938964844
2018-09-19 14:30:00,48.349998474121094
2018-09-19 15:30:00,48.27000045776367
2018-09-19 16:30:00,48.2599983215332
2018-09-19 17:30:00,48.130001068115234
2018-09-19 18:30:00,48.040000915527344
2018-09-19 19:30:00,48.09000015258789
2018-09-20 13:30:00,48.869998931884766
2018-09-20 14:30:00,48.48500061035156
2018-09-20 15:30:00,48.685001373291016
2018-09-20 16:30:00,48.75
2018-09-20 17:30:00,48.7599983215332
2018-09-20 18:30:00,48.92499923706055
2018-09-20 19:30:00,49.02000045776367
2018-09-21 13:30:00,48.91999816894531
2018-09-21 14:30:00,48.9900016784668
2018-09-21 15:30:00,48.91999816894531
2018-09-21 16:30:00,48.7599983215332
2018-09-21 17:30:00,49.20899963378906
2018-09-21 18:30:00,49.0
2018-09-21 19:30:00,49.279998779296875
2018-09-24 13:30:00,49.400001525878906
2018-09-24 14:30:00,49.36000061035156
2018-09-24 15:30:00,49.6150016784668
2018-09-24 16:30:00,49.34000015258789
2018-09-24 17:30:00,49.095001220703125
2018-09-24 18:30:00,49.08000183105469
2018-09-24 19:30:00,49.15999984741211
2018-09-25 13:30:00,49.2400016784668
2018-09-25 14:30:00,49.349998474121094
2018-09-25 15:30:00,49.11000061035156
2018-09-25 16:30:00,48.86000061035156
2018-09-25 17:30:00,48.79010009765625
2018-09-25 18:30:00,48.58000183105469
2018-09-25 19:30:00,48.5
2018-09-26 13:30:00,47.09000015258789
2018-09-26 14:30:00,47.81999969482422
2018-09-26 15:30:00,47.599998474121094
2018-09-26 16:30:00,47.54999923706055
2018-09-26 17:30:00,47.68000030517578
2018-09-26 18:30:00,47.48500061035156
2018-09-26 19:30:00,47.08000183105469
2018-09-27 13:30:00,47.689998626708984
2018-09-27 14:30:00,47.439998626708984
2018-09-27 15:30:00,47.209999084472656
2018-09-27 16:30:00,46.75
2018-09-27 17:30:00,46.810001373291016
2018-09-27 18:30:00,46.43000030517578
2018-09-27 19:30:00,46.58000183105469
2018-09-28 13:30:00,46.5099983215332
2018-09-28 14:30:00,46.95000076293945
2018-09-28 15:30:00,47.599998474121094
2018-09-28 16:30:00,47.56999969482422
2018-09-28 17:30:00,47.279998779296875
2018-09-28 18:30:00,47.44499969482422
2018-09-28 19:30:00,47.349998474121094
2018-10-01 13:30:00,47.744998931884766
2018-10-01 14:30:00,47.439998626708984
2018-10-01 15:30:00,47.349998474121094
2018-10-01 16:30:00,47.270999908447266
2018-10-01 17:30:00,46.959999084472656
2018-10-01 18:30:00,47.0
2018-10-01 19:30:00,46.98500061035156
2018-10-02 13:30:00,47.060001373291016
2018-10-02 14:30:00,47.26499938964844
2018-10-02 15:30:00,47.22999954223633
2018-10-02 16:30:00,47.09000015258789
2018-10-02 17:30:00,47.119998931884766
2018-10-02 18:30:00,46.78499984741211
2018-10-02 19:30:00,46.93000030517578
2018-10-03 13:30:00,47.64659881591797
2018-10-03 14:30:00,47.619998931884766
2018-10-03 15:30:00,47.97999954223633
2018-10-03 16:30:00,48.18000030517578
2018-10-03 17:30:00,48.209999084472656
2018-10-03 18:30:00,47.7400016784668
2018-10-03 19:30:00,47.790000915527344
2018-10-04 13:30:00,46.685001373291016
2018-10-04 14:30:00,46.83000183105469
2018-10-04 15:30:00,46.59000015258789
2018-10-04 16:30:00,46.650001525878906
2018-10-04 17:30:00,46.529598236083984
2018-10-04 18:30:00,46.66469955444336
2018-10-04 19:30:00,46.65999984741211
2018-10-05 13:30:00,47.13999938964844
2018-10-05 14:30:00,46.970001220703125
2018-10-05 15:30:00,47.0099983215332
2018-10-05 16:30:00,46.900001525878906
2018-10-05 17:30:00,47.41680145263672
2018-10-05 18:30:00,46.93000030517578
2018-10-05 19:30:00,46.810001373291016
2018-10-08 13:30:00,46.5099983215332
2018-10-08 14:30:00,45.83000183105469
2018-10-08 15:30:00,45.7400016784668
2018-10-08 16:30:00,45.58000183105469
2018-10-08 17:30:00,45.70000076293945
2018-10-08 18:30:00,45.959999084472656
2018-10-08 19:30:00,45.849998474121094
2018-10-09 13:30:00,43.91999816894531
2018-10-09 14:30:00,43.97589874267578
2018-10-09 15:30:00,43.79999923706055
2018-10-09 16:30:00,43.95000076293945
2018-10-09 17:30:00,43.810001373291016
2018-10-09 18:30:00,43.900001525878906
2018-10-09 19:30:00,44.0099983215332
2018-10-10 13:30:00,43.689998626708984
2018-10-10 14:30:00,44.084999084472656
2018-10-10 15:30:00,44.01499938964844
2018-10-10 16:30:00,44.70000076293945
2018-10-10 17:30:00,44.025001525878906
2018-10-10 18:30:00,43.959999084472656
2018-10-10 19:30:00,43.65999984741211
2018-10-11 13:30:00,44.040000915527344
2018-10-11 14:30:00,43.95000076293945
2018-10-11 15:30:00,44.209999084472656
2018-10-11 16:30:00,44.15999984741211
2018-10-11 17:30:00,43.790000915527344
2018-10-11 18:30:00,43.540000915527344
2018-10-11 19:30:00,43.34000015258789
2018-10-12 13:30:00,42.7599983215332
2018-10-12 14:30:00,42.52000045776367
2018-10-12 15:30:00,42.790000915527344
2018-10-12 16:30:00,42.560001373291016
2018-10-12 17:30:00,42.584999084472656
2018-10-12 18:30:00,42.689998626708984
2018-10-12 19:30:00,43.0
2018-10-15 13:30:00,43.04999923706055
2018-10-15 14:30:00,43.35499954223633
2018-10-15 15:30:00,43.209999084472656
2018-10-15 16:30:00,43.220001220703125
2018-10-15 17:30:00,43.04999923706055
2018-10-15 18:30:00,42.970001220703125
2018-10-15 19:30:00,42.7599983215332
2018-10-16 13:30:00,42.93000030517578
2018-10-16 14:30:00,43.56999969482422
2018-10-16 15:30:00,43.64500045776367
2018-10-16 16:30:00,43.880001068115234
2018-10-16 17:30:00,44.04999923706055
2018-10-16 18:30:00,43.97800064086914
2018-10-16 19:30:00,44.119998931884766
2018-10-17 13:30:00,44.0
2018-10-17 14:30:00,43.689998626708984
2018-10-17 15:30:00,44.04999923706055
2018-10-17 16:30:00,44.220001220703125
2018-10-17 17:30:00,43.900001525878906
2018-10-17 18:30:00,44.18000030517578
2018-10-17 19:30:00,44.119998931884766
2018-10-18 13:30:00,44.05500030517578
2018-10-18 14:30:00,44.040000915527344
2018-10-18 15:30:00,43.9900016784668
2018-10-18 16:30:00,43.75
2018-10-18 17:30:00,43.849998474121094
2018-10-18 18:30:00,43.90999984741211
2018-10-18 19:30:00,43.75
2018-10-19 13:30:00,44.2400016784668
2018-10-19 14:30:00,44.2599983215332
2018-10-19 15:30:00,43.690101623535156
2018-10-19 16:30:00,43.90999984741211
2018-10-19 17:30:00,43.790000915527344
2018-10-19 18:30:00,43.8650016784668
2018-10-19 19:30:00,43.810001373291016
2018-10-22 13:30:00,43.22999954223633
2018-10-22 14:30:00,43.790000915527344
2018-10-22 15:30:00,43.4900016784668
2018-10-22 16:30:00,43.709999084472656
2018-10-22 17:30:00,43.72999954223633
2018-10-22 18:30:00,43.63999938964844
2018-10-22 19:30:00,43.625
2018-10-23 13:30:00,42.13999938964844
2018-10-23 14:30:00,42.27000045776367
2018-10-23 15:30:00,42.72999954223633
2018-10-23 16:30:00,42.88999938964844
2018-10-23 17:30:00,43.13999938964844
2018-10-23 18:30:00,43.439998626708984
2018-10-23 19:30:00,43.470001220703125
2018-10-24 13:30:00,42.1349983215332
2018-10-24 14:30:00,41.45000076293945
2018-10-24 15:30:00,42.2599983215332
2018-10-24 16:30:00,41.81999969482422
2018-10-24 17:30:00,42.7599983215332
2018-10-24 18:30:00,41.970001220703125
2018-10-24 19:30:00,41.68000030517578
2018-10-25 13:30:00,42.439998626708984
2018-10-25 14:30:00,42.65999984741211
2018-10-25 15:30:00,42.63999938964844
2018-10-25 16:30:00,42.83000183105469
2018-10-25 17:30:00,43.0099983215332
2018-10-25 18:30:00,42.915000915527344
2018-10-25 19:30:00,42.599998474121094
2018-10-26 13:30:00,38.880001068115234
2018-10-26 14:30:00,38.810001373291016
2018-10-26 15:30:00,39.810001373291016
2018-10-26 16:30:00,39.685001373291016
2018-10-26 17:30:00,39.380001068115234
2018-10-26 18:30:00,38.95000076293945
2018-10-26 19:30:00,38.79999923706055
2018-10-29 13:30:00,38.72999954223633
2018-10-29 14:30:00,38.481201171875
2018-10-29 15:30:00,38.20000076293945
2018-10-29 16:30:00,38.279998779296875
2018-10-29 17:30:00,38.38999938964844
2018-10-29 18:30:00,37.70000076293945
2018-10-29 19:30:00,37.81999969482422
2018-10-30 13:30:00,38.459999084472656
2018-10-30 14:30:00,38.540000915527344
2018-10-30 15:30:00,38.459999084472656
2018-10-30 16:30:00,38.220001220703125
2018-10-30 17:30:00,38.34000015258789
2018-10-30 18:30:00,38.7400016784668
2018-10-30 19:30:00,38.86000061035156
2018-10-31 13:30:00,39.84000015258789
2018-10-31 14:30:00,40.334999084472656
2018-10-31 15:30:00,40.20000076293945
2018-10-31 16:30:00,40.33000183105469
2018-10-31 17:30:00,40.32500076293945
2018-10-31 18:30:00,40.5099983215332
2018-10-31 19:30:00,40.22999954223633
2018-11-01 13:30:00,41.2489013671875
2018-11-01 14:30:00,42.11000061035156
2018-11-01 15:30:00,41.720001220703125
2018-11-01 16:30:00,42.630001068115234
2018-11-01 17:30:00,42.630001068115234
2018-11-01 18:30:00,42.61000061035156
2018-11-01 19:30:00,43.04999923706055
2018-11-02 13:30:00,43.0
2018-11-02 14:30:00,44.43000030517578
2018-11-02 15:30:00,44.25
2018-11-02 16:30:00,43.7599983215332
2018-11-02 17:30:00,43.43000030517578
2018-11-02 18:30:00,44.040000915527344
2018-11-02 19:30:00,44.27000045776367
