Datetime,VIAB
2017-11-06 14:30:00,23.459999084472656
2017-11-06 15:30:00,23.479999542236328
2017-11-06 16:30:00,23.479999542236328
2017-11-06 17:30:00,23.665000915527344
2017-11-06 18:30:00,24.389999389648438
2017-11-06 19:30:00,24.420000076293945
2017-11-06 20:30:00,24.170000076293945
2017-11-07 14:30:00,24.700000762939453
2017-11-07 15:30:00,24.924999237060547
2017-11-07 16:30:00,24.950000762939453
2017-11-07 17:30:00,24.93000030517578
2017-11-07 18:30:00,24.770000457763672
2017-11-07 19:30:00,24.75
2017-11-07 20:30:00,24.790000915527344
2017-11-08 14:30:00,24.860000610351562
2017-11-08 15:30:00,24.704999923706055
2017-11-08 16:30:00,24.670000076293945
2017-11-08 17:30:00,24.533899307250977
2017-11-08 18:30:00,24.43000030517578
2017-11-08 19:30:00,24.239999771118164
2017-11-08 20:30:00,24.295000076293945
2017-11-09 14:30:00,25.09000015258789
2017-11-09 15:30:00,25.1299991607666
2017-11-09 16:30:00,24.799999237060547
2017-11-09 17:30:00,25.135000228881836
2017-11-09 18:30:00,25.010000228881836
2017-11-09 19:30:00,24.885000228881836
2017-11-09 20:30:00,24.790000915527344
2017-11-10 14:30:00,25.020000457763672
2017-11-10 15:30:00,25.125
2017-11-10 16:30:00,24.929899215698242
2017-11-10 17:30:00,24.760000228881836
2017-11-10 18:30:00,24.739999771118164
2017-11-10 19:30:00,24.809999465942383
2017-11-10 20:30:00,24.889999389648438
2017-11-13 14:30:00,24.5
2017-11-13 15:30:00,24.329999923706055
2017-11-13 16:30:00,24.229999542236328
2017-11-13 17:30:00,24.31999969482422
2017-11-13 18:30:00,24.415000915527344
2017-11-13 19:30:00,24.559999465942383
2017-11-13 20:30:00,24.709999084472656
2017-11-14 14:30:00,24.290000915527344
2017-11-14 15:30:00,24.059999465942383
2017-11-14 16:30:00,24.18000030517578
2017-11-14 17:30:00,24.145000457763672
2017-11-14 18:30:00,24.350000381469727
2017-11-14 19:30:00,24.520000457763672
2017-11-14 20:30:00,24.549999237060547
2017-11-15 14:30:00,24.350000381469727
2017-11-15 15:30:00,24.5
2017-11-15 16:30:00,24.479999542236328
2017-11-15 17:30:00,24.450000762939453
2017-11-15 18:30:00,24.40999984741211
2017-11-15 19:30:00,24.424999237060547
2017-11-15 20:30:00,24.610000610351562
2017-11-16 14:30:00,23.290000915527344
2017-11-16 15:30:00,23.600000381469727
2017-11-16 16:30:00,23.450000762939453
2017-11-16 17:30:00,23.709999084472656
2017-11-16 18:30:00,23.575000762939453
2017-11-16 19:30:00,23.780000686645508
2017-11-16 20:30:00,23.684999465942383
2017-11-17 14:30:00,25.469999313354492
2017-11-17 15:30:00,25.1200008392334
2017-11-17 16:30:00,25.860000610351562
2017-11-17 17:30:00,25.989999771118164
2017-11-17 18:30:00,26.1072998046875
2017-11-17 19:30:00,26.200000762939453
2017-11-17 20:30:00,26.139999389648438
2017-11-20 14:30:00,26.209999084472656
2017-11-20 15:30:00,26.059999465942383
2017-11-20 16:30:00,26.06999969482422
2017-11-20 17:30:00,26.209999084472656
2017-11-20 18:30:00,26.450000762939453
2017-11-20 19:30:00,26.149999618530273
2017-11-20 20:30:00,26.170000076293945
2017-11-21 14:30:00,26.479999542236328
2017-11-21 15:30:00,26.709999084472656
2017-11-21 16:30:00,26.860000610351562
2017-11-21 17:30:00,27.030000686645508
2017-11-21 18:30:00,27.405000686645508
2017-11-21 19:30:00,27.40999984741211
2017-11-21 20:30:00,27.25
2017-11-22 14:30:00,26.260000228881836
2017-11-22 15:30:00,26.565000534057617
2017-11-22 16:30:00,26.760000228881836
2017-11-22 17:30:00,26.725000381469727
2017-11-22 18:30:00,26.723400115966797
2017-11-22 19:30:00,26.739999771118164
2017-11-22 20:30:00,26.670000076293945
2017-11-24 14:30:00,26.3799991607666
2017-11-24 15:30:00,26.389999389648438
2017-11-24 16:30:00,26.420000076293945
2017-11-24 18:00:00,26.394399642944336
2017-11-27 14:30:00,26.389999389648438
2017-11-27 15:30:00,26.334999084472656
2017-11-27 16:30:00,26.299999237060547
2017-11-27 17:30:00,26.43000030517578
2017-11-27 18:30:00,26.40999984741211
2017-11-27 19:30:00,26.510000228881836
2017-11-27 20:30:00,26.540000915527344
2017-11-28 14:30:00,26.200000762939453
2017-11-28 15:30:00,26.40999984741211
2017-11-28 16:30:00,26.6200008392334
2017-11-28 17:30:00,26.69499969482422
2017-11-28 18:30:00,26.84000015258789
2017-11-28 19:30:00,26.90999984741211
2017-11-28 20:30:00,27.040000915527344
2017-11-29 14:30:00,27.950000762939453
2017-11-29 15:30:00,27.959999084472656
2017-11-29 16:30:00,28.245399475097656
2017-11-29 17:30:00,27.969999313354492
2017-11-29 18:30:00,28.229999542236328
2017-11-29 19:30:00,28.235000610351562
2017-11-29 20:30:00,28.43000030517578
2017-11-30 14:30:00,27.899999618530273
2017-11-30 15:30:00,28.110000610351562
2017-11-30 16:30:00,28.260000228881836
2017-11-30 17:30:00,28.1299991607666
2017-11-30 18:30:00,28.1200008392334
2017-11-30 19:30:00,28.170000076293945
2017-11-30 20:30:00,28.31999969482422
2017-12-01 14:30:00,28.229999542236328
2017-12-01 15:30:00,28.030000686645508
2017-12-01 16:30:00,28.25
2017-12-01 17:30:00,28.40999984741211
2017-12-01 18:30:00,28.545000076293945
2017-12-01 19:30:00,28.35110092163086
2017-12-01 20:30:00,28.399999618530273
2017-12-04 14:30:00,29.524999618530273
2017-12-04 15:30:00,29.93000030517578
2017-12-04 16:30:00,29.309999465942383
2017-12-04 17:30:00,29.469999313354492
2017-12-04 18:30:00,29.65999984741211
2017-12-04 19:30:00,29.610000610351562
2017-12-04 20:30:00,29.18000030517578
2017-12-05 14:30:00,29.350000381469727
2017-12-05 15:30:00,29.010000228881836
2017-12-05 16:30:00,29.020000457763672
2017-12-05 17:30:00,29.050100326538086
2017-12-05 18:30:00,28.96500015258789
2017-12-05 19:30:00,29.100000381469727
2017-12-05 20:30:00,28.93000030517578
2017-12-06 14:30:00,28.68000030517578
2017-12-06 15:30:00,28.950000762939453
2017-12-06 16:30:00,28.90999984741211
2017-12-06 17:30:00,28.889999389648438
2017-12-06 18:30:00,29.100000381469727
2017-12-06 19:30:00,28.924999237060547
2017-12-06 20:30:00,28.940000534057617
2017-12-07 14:30:00,29.479999542236328
2017-12-07 15:30:00,29.489999771118164
2017-12-07 16:30:00,29.530000686645508
2017-12-07 17:30:00,29.459999084472656
2017-12-07 18:30:00,29.565000534057617
2017-12-07 19:30:00,29.645000457763672
2017-12-07 20:30:00,29.639999389648438
2017-12-08 14:30:00,28.579999923706055
2017-12-08 15:30:00,29.094999313354492
2017-12-08 16:30:00,29.25
2017-12-08 17:30:00,29.049999237060547
2017-12-08 18:30:00,29.270000457763672
2017-12-08 19:30:00,29.239999771118164
2017-12-08 20:30:00,29.290000915527344
2017-12-11 14:30:00,29.229999542236328
2017-12-11 15:30:00,29.18000030517578
2017-12-11 16:30:00,29.219999313354492
2017-12-11 17:30:00,29.354999542236328
2017-12-11 18:30:00,29.350000381469727
2017-12-11 19:30:00,29.354999542236328
2017-12-11 20:30:00,29.459999084472656
2017-12-12 14:30:00,29.25
2017-12-12 15:30:00,29.459999084472656
2017-12-12 16:30:00,29.520000457763672
2017-12-12 17:30:00,29.690000534057617
2017-12-12 18:30:00,29.56999969482422
2017-12-12 19:30:00,29.579999923706055
2017-12-12 20:30:00,29.610000610351562
2017-12-13 14:30:00,28.90999984741211
2017-12-13 15:30:00,29.31999969482422
2017-12-13 16:30:00,29.540000915527344
2017-12-13 17:30:00,29.6299991607666
2017-12-13 18:30:00,29.559999465942383
2017-12-13 19:30:00,29.610000610351562
2017-12-13 20:30:00,29.520000457763672
2017-12-14 14:30:00,29.450000762939453
2017-12-14 15:30:00,29.15999984741211
2017-12-14 16:30:00,29.533100128173828
2017-12-14 17:30:00,29.6200008392334
2017-12-14 18:30:00,29.649999618530273
2017-12-14 19:30:00,29.719999313354492
2017-12-14 20:30:00,29.725000381469727
2017-12-15 14:30:00,30.059999465942383
2017-12-15 15:30:00,29.979999542236328
2017-12-15 16:30:00,29.850000381469727
2017-12-15 17:30:00,29.885000228881836
2017-12-15 18:30:00,29.979999542236328
2017-12-15 19:30:00,29.934999465942383
2017-12-15 20:30:00,30.235000610351562
2017-12-18 14:30:00,29.950000762939453
2017-12-18 15:30:00,30.350000381469727
2017-12-18 16:30:00,30.399999618530273
2017-12-18 17:30:00,30.729999542236328
2017-12-18 18:30:00,30.709999084472656
2017-12-18 19:30:00,30.739999771118164
2017-12-18 20:30:00,30.649999618530273
2017-12-19 14:30:00,30.889999389648438
2017-12-19 15:30:00,31.030000686645508
2017-12-19 16:30:00,30.969999313354492
2017-12-19 17:30:00,30.979999542236328
2017-12-19 18:30:00,30.835599899291992
2017-12-19 19:30:00,30.81999969482422
2017-12-19 20:30:00,30.924999237060547
2017-12-20 14:30:00,30.719999313354492
2017-12-20 15:30:00,30.860000610351562
2017-12-20 16:30:00,30.97010040283203
2017-12-20 17:30:00,31.020000457763672
2017-12-20 18:30:00,30.979999542236328
2017-12-20 19:30:00,31.059999465942383
2017-12-20 20:30:00,31.18000030517578
2017-12-21 14:30:00,31.3799991607666
2017-12-21 15:30:00,31.530000686645508
2017-12-21 16:30:00,31.732500076293945
2017-12-21 17:30:00,31.71500015258789
2017-12-21 18:30:00,31.739999771118164
2017-12-21 19:30:00,31.702999114990234
2017-12-21 20:30:00,31.760000228881836
2017-12-22 14:30:00,31.989999771118164
2017-12-22 15:30:00,32.005001068115234
2017-12-22 16:30:00,32.20000076293945
2017-12-22 17:30:00,32.04990005493164
2017-12-22 18:30:00,32.1349983215332
2017-12-22 19:30:00,32.185001373291016
2017-12-22 20:30:00,32.2400016784668
2017-12-26 14:30:00,31.969999313354492
2017-12-26 15:30:00,31.920000076293945
2017-12-26 16:30:00,31.81999969482422
2017-12-26 17:30:00,31.770000457763672
2017-12-26 18:30:00,31.780000686645508
2017-12-26 19:30:00,31.80500030517578
2017-12-26 20:30:00,31.864999771118164
2017-12-27 14:30:00,31.420000076293945
2017-12-27 15:30:00,30.979999542236328
2017-12-27 16:30:00,30.809999465942383
2017-12-27 17:30:00,30.75
2017-12-27 18:30:00,30.829999923706055
2017-12-27 19:30:00,30.87849998474121
2017-12-27 20:30:00,30.979999542236328
2017-12-28 14:30:00,30.981000900268555
2017-12-28 15:30:00,30.719999313354492
2017-12-28 16:30:00,30.594999313354492
2017-12-28 17:30:00,30.68000030517578
2017-12-28 18:30:00,30.674999237060547
2017-12-28 19:30:00,30.700000762939453
2017-12-28 20:30:00,30.799999237060547
2017-12-29 14:30:00,30.93000030517578
2017-12-29 15:30:00,30.989999771118164
2017-12-29 16:30:00,30.940000534057617
2017-12-29 17:30:00,30.920000076293945
2017-12-29 18:30:00,30.860000610351562
2017-12-29 19:30:00,30.934999465942383
2017-12-29 20:30:00,30.81999969482422
2018-01-02 14:30:00,30.729999542236328
2018-01-02 15:30:00,30.979999542236328
2018-01-02 16:30:00,31.059999465942383
2018-01-02 17:30:00,31.049999237060547
2018-01-02 18:30:00,31.18000030517578
2018-01-02 19:30:00,31.059999465942383
2018-01-02 20:30:00,31.190000534057617
2018-01-03 14:30:00,31.0049991607666
2018-01-03 15:30:00,30.764999389648438
2018-01-03 16:30:00,30.479999542236328
2018-01-03 17:30:00,30.489900588989258
2018-01-03 18:30:00,30.299999237060547
2018-01-03 19:30:00,30.1299991607666
2018-01-03 20:30:00,29.93000030517578
2018-01-04 14:30:00,29.440000534057617
2018-01-04 15:30:00,29.3700008392334
2018-01-04 16:30:00,29.440000534057617
2018-01-04 17:30:00,29.459999084472656
2018-01-04 18:30:00,29.4950008392334
2018-01-04 19:30:00,29.510000228881836
2018-01-04 20:30:00,29.559999465942383
2018-01-05 14:30:00,29.479999542236328
2018-01-05 15:30:00,29.399999618530273
2018-01-05 16:30:00,29.344999313354492
2018-01-05 17:30:00,29.200000762939453
2018-01-05 18:30:00,29.09000015258789
2018-01-05 19:30:00,29.030000686645508
2018-01-05 20:30:00,29.09000015258789
2018-01-08 14:30:00,28.8799991607666
2018-01-08 15:30:00,28.844999313354492
2018-01-08 16:30:00,29.200000762939453
2018-01-08 17:30:00,29.149999618530273
2018-01-08 18:30:00,29.1299991607666
2018-01-08 19:30:00,29.135000228881836
2018-01-08 20:30:00,29.170000076293945
2018-01-09 14:30:00,29.174999237060547
2018-01-09 15:30:00,29.280000686645508
2018-01-09 16:30:00,29.219999313354492
2018-01-09 17:30:00,29.399999618530273
2018-01-09 18:30:00,29.264999389648438
2018-01-09 19:30:00,29.1200008392334
2018-01-09 20:30:00,29.049999237060547
2018-01-10 14:30:00,28.459999084472656
2018-01-10 15:30:00,28.399999618530273
2018-01-10 16:30:00,28.594999313354492
2018-01-10 17:30:00,28.969999313354492
2018-01-10 18:30:00,29.010000228881836
2018-01-10 19:30:00,29.040000915527344
2018-01-10 20:30:00,29.149999618530273
2018-01-11 14:30:00,30.59000015258789
2018-01-11 15:30:00,30.399999618530273
2018-01-11 16:30:00,30.5049991607666
2018-01-11 17:30:00,30.889999389648438
2018-01-11 18:30:00,30.6200008392334
2018-01-11 19:30:00,30.81999969482422
2018-01-11 20:30:00,30.809999465942383
2018-01-12 14:30:00,30.75
2018-01-12 15:30:00,30.6200008392334
2018-01-12 16:30:00,30.860000610351562
2018-01-12 17:30:00,31.03499984741211
2018-01-12 18:30:00,31.18000030517578
2018-01-12 19:30:00,31.264999389648438
2018-01-12 20:30:00,33.769901275634766
2018-01-16 14:30:00,32.2599983215332
2018-01-16 15:30:00,31.950000762939453
2018-01-16 16:30:00,31.950000762939453
2018-01-16 17:30:00,31.65999984741211
2018-01-16 18:30:00,31.760000228881836
2018-01-16 19:30:00,31.639999389648438
2018-01-16 20:30:00,31.3799991607666
2018-01-17 14:30:00,30.760000228881836
2018-01-17 15:30:00,30.59000015258789
2018-01-17 16:30:00,30.690000534057617
2018-01-17 17:30:00,30.799999237060547
2018-01-17 18:30:00,32.29999923706055
2018-01-17 19:30:00,31.829999923706055
2018-01-17 20:30:00,31.950000762939453
2018-01-18 14:30:00,32.720001220703125
2018-01-18 15:30:00,33.36000061035156
2018-01-18 16:30:00,34.08000183105469
2018-01-18 17:30:00,34.18000030517578
2018-01-18 18:30:00,34.130001068115234
2018-01-18 19:30:00,34.029998779296875
2018-01-18 20:30:00,33.95000076293945
2018-01-19 14:30:00,32.9900016784668
2018-01-19 15:30:00,33.099998474121094
2018-01-19 16:30:00,33.16999816894531
2018-01-19 17:30:00,33.20500183105469
2018-01-19 18:30:00,33.2599983215332
2018-01-19 19:30:00,33.2400016784668
2018-01-19 20:30:00,33.349998474121094
2018-01-22 14:30:00,33.369998931884766
2018-01-22 15:30:00,33.79999923706055
2018-01-22 16:30:00,33.779998779296875
2018-01-22 17:30:00,33.72999954223633
2018-01-22 18:30:00,33.72999954223633
2018-01-22 19:30:00,33.77859878540039
2018-01-22 20:30:00,33.93000030517578
2018-01-23 14:30:00,33.09000015258789
2018-01-23 15:30:00,33.27000045776367
2018-01-23 16:30:00,33.529998779296875
2018-01-23 17:30:00,33.349998474121094
2018-01-23 18:30:00,33.43000030517578
2018-01-23 19:30:00,33.31999969482422
2018-01-23 20:30:00,33.38999938964844
2018-01-24 14:30:00,33.630001068115234
2018-01-24 15:30:00,33.459999084472656
2018-01-24 16:30:00,33.209999084472656
2018-01-24 17:30:00,33.34000015258789
2018-01-24 18:30:00,33.40999984741211
2018-01-24 19:30:00,33.380001068115234
2018-01-24 20:30:00,33.13999938964844
2018-01-25 14:30:00,32.900001525878906
2018-01-25 15:30:00,32.86000061035156
2018-01-25 16:30:00,32.970001220703125
2018-01-25 17:30:00,33.060001373291016
2018-01-25 18:30:00,33.0
2018-01-25 19:30:00,33.029998779296875
2018-01-25 20:30:00,33.61000061035156
2018-01-26 14:30:00,33.779998779296875
2018-01-26 15:30:00,33.8849983215332
2018-01-26 16:30:00,33.77000045776367
2018-01-26 17:30:00,33.970001220703125
2018-01-26 18:30:00,33.810001373291016
2018-01-26 19:30:00,33.900001525878906
2018-01-26 20:30:00,34.08000183105469
2018-01-29 14:30:00,33.91999816894531
2018-01-29 15:30:00,33.619998931884766
2018-01-29 16:30:00,33.84000015258789
2018-01-29 17:30:00,34.029998779296875
2018-01-29 18:30:00,33.94499969482422
2018-01-29 19:30:00,33.720001220703125
2018-01-29 20:30:00,33.709999084472656
2018-01-30 14:30:00,33.130001068115234
2018-01-30 15:30:00,33.10689926147461
2018-01-30 16:30:00,33.03670120239258
2018-01-30 17:30:00,32.88999938964844
2018-01-30 18:30:00,32.97999954223633
2018-01-30 19:30:00,32.970001220703125
2018-01-30 20:30:00,32.93000030517578
2018-01-31 14:30:00,33.0099983215332
2018-01-31 15:30:00,32.95000076293945
2018-01-31 16:30:00,32.904998779296875
2018-01-31 17:30:00,32.88999938964844
2018-01-31 18:30:00,32.709999084472656
2018-01-31 19:30:00,32.86000061035156
2018-01-31 20:30:00,33.43000030517578
2018-02-01 14:30:00,33.220001220703125
2018-02-01 15:30:00,32.95000076293945
2018-02-01 16:30:00,33.290000915527344
2018-02-01 17:30:00,33.5099983215332
2018-02-01 18:30:00,33.33000183105469
2018-02-01 19:30:00,33.13999938964844
2018-02-01 20:30:00,33.20000076293945
2018-02-02 14:30:00,33.56999969482422
2018-02-02 15:30:00,33.38999938964844
2018-02-02 16:30:00,32.790000915527344
2018-02-02 17:30:00,32.56999969482422
2018-02-02 18:30:00,32.119998931884766
2018-02-02 19:30:00,32.36000061035156
2018-02-02 20:30:00,32.220001220703125
2018-02-05 14:30:00,32.56999969482422
2018-02-05 15:30:00,32.70000076293945
2018-02-05 16:30:00,32.31999969482422
2018-02-05 17:30:00,31.940000534057617
2018-02-05 18:30:00,31.79990005493164
2018-02-05 19:30:00,31.6200008392334
2018-02-05 20:30:00,31.1299991607666
2018-02-06 14:30:00,31.100000381469727
2018-02-06 15:30:00,31.229999542236328
2018-02-06 16:30:00,31.420000076293945
2018-02-06 17:30:00,31.270000457763672
2018-02-06 18:30:00,31.139999389648438
2018-02-06 19:30:00,31.59000015258789
2018-02-06 20:30:00,31.239999771118164
2018-02-07 14:30:00,31.290000915527344
2018-02-07 15:30:00,31.270000457763672
2018-02-07 16:30:00,30.950000762939453
2018-02-07 17:30:00,30.719999313354492
2018-02-07 18:30:00,30.850000381469727
2018-02-07 19:30:00,30.802499771118164
2018-02-07 20:30:00,30.5
2018-02-08 14:30:00,32.47999954223633
2018-02-08 15:30:00,33.2057991027832
2018-02-08 16:30:00,33.34000015258789
2018-02-08 17:30:00,33.209999084472656
2018-02-08 18:30:00,33.650001525878906
2018-02-08 19:30:00,33.31999969482422
2018-02-08 20:30:00,32.709999084472656
2018-02-09 14:30:00,31.559999465942383
2018-02-09 15:30:00,31.6200008392334
2018-02-09 16:30:00,30.989999771118164
2018-02-09 17:30:00,31.6200008392334
2018-02-09 18:30:00,32.43000030517578
2018-02-09 19:30:00,32.35499954223633
2018-02-09 20:30:00,32.869998931884766
2018-02-12 14:30:00,32.970001220703125
2018-02-12 15:30:00,33.02000045776367
2018-02-12 16:30:00,33.08000183105469
2018-02-12 17:30:00,32.97999954223633
2018-02-12 18:30:00,33.0099983215332
2018-02-12 19:30:00,32.970001220703125
2018-02-12 20:30:00,32.88999938964844
2018-02-13 14:30:00,33.029998779296875
2018-02-13 15:30:00,32.9900016784668
2018-02-13 16:30:00,33.040000915527344
2018-02-13 17:30:00,33.20000076293945
2018-02-13 18:30:00,33.084999084472656
2018-02-13 19:30:00,33.099998474121094
2018-02-13 20:30:00,33.099998474121094
2018-02-14 14:30:00,33.345001220703125
2018-02-14 15:30:00,33.83000183105469
2018-02-14 16:30:00,33.86000061035156
2018-02-14 17:30:00,34.130001068115234
2018-02-14 18:30:00,33.97999954223633
2018-02-14 19:30:00,34.0
2018-02-14 20:30:00,33.93000030517578
2018-02-15 14:30:00,33.209999084472656
2018-02-15 15:30:00,33.220001220703125
2018-02-15 16:30:00,33.505001068115234
2018-02-15 17:30:00,33.5099983215332
2018-02-15 18:30:00,33.79999923706055
2018-02-15 19:30:00,34.029998779296875
2018-02-15 20:30:00,33.91999816894531
2018-02-16 14:30:00,34.23099899291992
2018-02-16 15:30:00,34.36000061035156
2018-02-16 16:30:00,34.275001525878906
2018-02-16 17:30:00,33.66999816894531
2018-02-16 18:30:00,33.654998779296875
2018-02-16 19:30:00,33.779998779296875
2018-02-16 20:30:00,33.5
2018-02-20 14:30:00,34.0099983215332
2018-02-20 15:30:00,34.22999954223633
2018-02-20 16:30:00,34.27000045776367
2018-02-20 17:30:00,34.16999816894531
2018-02-20 18:30:00,34.02000045776367
2018-02-20 19:30:00,34.0099983215332
2018-02-20 20:30:00,33.97999954223633
2018-02-21 14:30:00,33.47999954223633
2018-02-21 15:30:00,33.45000076293945
2018-02-21 16:30:00,33.27000045776367
2018-02-21 17:30:00,33.29999923706055
2018-02-21 18:30:00,33.2599983215332
2018-02-21 19:30:00,33.25
2018-02-21 20:30:00,33.02000045776367
2018-02-22 14:30:00,33.39500045776367
2018-02-22 15:30:00,33.369998931884766
2018-02-22 16:30:00,33.290000915527344
2018-02-22 17:30:00,33.119998931884766
2018-02-22 18:30:00,33.060001373291016
2018-02-22 19:30:00,32.92499923706055
2018-02-22 20:30:00,32.92499923706055
2018-02-23 14:30:00,33.290000915527344
2018-02-23 15:30:00,33.04999923706055
2018-02-23 16:30:00,33.16999816894531
2018-02-23 17:30:00,33.209999084472656
2018-02-23 18:30:00,33.31999969482422
2018-02-23 19:30:00,33.61000061035156
2018-02-23 20:30:00,33.72999954223633
2018-02-26 14:30:00,33.869998931884766
2018-02-26 15:30:00,34.130001068115234
2018-02-26 16:30:00,34.08000183105469
2018-02-26 17:30:00,34.1150016784668
2018-02-26 18:30:00,34.06999969482422
2018-02-26 19:30:00,34.08000183105469
2018-02-26 20:30:00,33.880001068115234
2018-02-27 14:30:00,33.7599983215332
2018-02-27 15:30:00,33.279998779296875
2018-02-27 16:30:00,33.189998626708984
2018-02-27 17:30:00,33.27000045776367
2018-02-27 18:30:00,33.2599983215332
2018-02-27 19:30:00,33.08000183105469
2018-02-27 20:30:00,33.20500183105469
2018-02-28 14:30:00,33.150001525878906
2018-02-28 15:30:00,33.099998474121094
2018-02-28 16:30:00,33.30500030517578
2018-02-28 17:30:00,33.810001373291016
2018-02-28 18:30:00,33.81999969482422
2018-02-28 19:30:00,33.459999084472656
2018-02-28 20:30:00,33.34000015258789
2018-03-01 14:30:00,33.0099983215332
2018-03-01 15:30:00,33.16999816894531
2018-03-01 16:30:00,33.18000030517578
2018-03-01 17:30:00,32.86640167236328
2018-03-01 18:30:00,32.689998626708984
2018-03-01 19:30:00,32.81999969482422
2018-03-01 20:30:00,33.130001068115234
2018-03-02 14:30:00,33.040000915527344
2018-03-02 15:30:00,33.220001220703125
2018-03-02 16:30:00,33.56999969482422
2018-03-02 17:30:00,33.630001068115234
2018-03-02 18:30:00,33.95000076293945
2018-03-02 19:30:00,33.880001068115234
2018-03-02 20:30:00,34.09000015258789
2018-03-05 14:30:00,33.88999938964844
2018-03-05 15:30:00,34.33000183105469
2018-03-05 16:30:00,34.2400016784668
2018-03-05 17:30:00,34.2599983215332
2018-03-05 18:30:00,34.2400016784668
2018-03-05 19:30:00,34.279998779296875
2018-03-05 20:30:00,34.27000045776367
2018-03-06 14:30:00,34.11000061035156
2018-03-06 15:30:00,33.91999816894531
2018-03-06 16:30:00,34.119998931884766
2018-03-06 17:30:00,34.27000045776367
2018-03-06 18:30:00,34.209999084472656
2018-03-06 19:30:00,34.335201263427734
2018-03-06 20:30:00,34.209999084472656
2018-03-07 14:30:00,34.119998931884766
2018-03-07 15:30:00,33.81999969482422
2018-03-07 16:30:00,33.380001068115234
2018-03-07 17:30:00,33.27000045776367
2018-03-07 18:30:00,33.38999938964844
2018-03-07 19:30:00,33.56439971923828
2018-03-07 20:30:00,33.65999984741211
2018-03-08 14:30:00,33.15999984741211
2018-03-08 15:30:00,33.16999816894531
2018-03-08 16:30:00,32.84000015258789
2018-03-08 17:30:00,32.97999954223633
2018-03-08 18:30:00,32.90999984741211
2018-03-08 19:30:00,32.92499923706055
2018-03-08 20:30:00,32.849998474121094
2018-03-09 14:30:00,33.33000183105469
2018-03-09 15:30:00,33.380001068115234
2018-03-09 16:30:00,32.40999984741211
2018-03-09 17:30:00,32.220001220703125
2018-03-09 18:30:00,32.65999984741211
2018-03-09 19:30:00,32.529998779296875
2018-03-09 20:30:00,32.720001220703125
2018-03-12 13:30:00,32.880001068115234
2018-03-12 14:30:00,32.880001068115234
2018-03-12 15:30:00,32.9900016784668
2018-03-12 16:30:00,32.93000030517578
2018-03-12 17:30:00,32.90999984741211
2018-03-12 18:30:00,32.81999969482422
2018-03-12 19:30:00,32.81999969482422
2018-03-13 13:30:00,32.849998474121094
2018-03-13 14:30:00,32.86000061035156
2018-03-13 15:30:00,32.810001373291016
2018-03-13 16:30:00,32.97999954223633
2018-03-13 17:30:00,32.88999938964844
2018-03-13 18:30:00,32.67499923706055
2018-03-13 19:30:00,32.79999923706055
2018-03-14 13:30:00,32.45000076293945
2018-03-14 14:30:00,32.5099983215332
2018-03-14 15:30:00,32.38999938964844
2018-03-14 16:30:00,32.48099899291992
2018-03-14 17:30:00,32.54999923706055
2018-03-14 18:30:00,32.61000061035156
2018-03-14 19:30:00,32.630001068115234
2018-03-15 13:30:00,32.84000015258789
2018-03-15 14:30:00,32.91999816894531
2018-03-15 15:30:00,32.83330154418945
2018-03-15 16:30:00,32.84000015258789
2018-03-15 17:30:00,32.849998474121094
2018-03-15 18:30:00,32.935001373291016
2018-03-15 19:30:00,32.83000183105469
2018-03-16 13:30:00,32.2599983215332
2018-03-16 14:30:00,32.40999984741211
2018-03-16 15:30:00,32.33000183105469
2018-03-16 16:30:00,32.209999084472656
2018-03-16 17:30:00,32.130001068115234
2018-03-16 18:30:00,32.0
2018-03-16 19:30:00,31.649999618530273
2018-03-19 13:30:00,31.510000228881836
2018-03-19 14:30:00,31.420000076293945
2018-03-19 15:30:00,31.350000381469727
2018-03-19 16:30:00,31.1200008392334
2018-03-19 17:30:00,31.270000457763672
2018-03-19 18:30:00,31.34000015258789
2018-03-19 19:30:00,31.360000610351562
2018-03-20 13:30:00,31.139999389648438
2018-03-20 14:30:00,31.06999969482422
2018-03-20 15:30:00,30.915700912475586
2018-03-20 16:30:00,30.995100021362305
2018-03-20 17:30:00,30.889999389648438
2018-03-20 18:30:00,30.895000457763672
2018-03-20 19:30:00,30.989999771118164
2018-03-21 13:30:00,31.25
2018-03-21 14:30:00,31.6299991607666
2018-03-21 15:30:00,31.700000762939453
2018-03-21 16:30:00,31.469999313354492
2018-03-21 17:30:00,31.459999084472656
2018-03-21 18:30:00,31.459999084472656
2018-03-21 19:30:00,31.31999969482422
2018-03-22 13:30:00,31.190000534057617
2018-03-22 14:30:00,30.860000610351562
2018-03-22 15:30:00,30.989999771118164
2018-03-22 16:30:00,31.049999237060547
2018-03-22 17:30:00,30.889999389648438
2018-03-22 18:30:00,30.905000686645508
2018-03-22 19:30:00,30.6200008392334
2018-03-23 13:30:00,30.690000534057617
2018-03-23 14:30:00,30.670000076293945
2018-03-23 15:30:00,30.520000457763672
2018-03-23 16:30:00,30.420000076293945
2018-03-23 17:30:00,30.40999984741211
2018-03-23 18:30:00,30.049999237060547
2018-03-23 19:30:00,30.138999938964844
2018-03-26 13:30:00,29.645000457763672
2018-03-26 14:30:00,29.31999969482422
2018-03-26 15:30:00,29.6200008392334
2018-03-26 16:30:00,29.815000534057617
2018-03-26 17:30:00,30.020000457763672
2018-03-26 18:30:00,30.049999237060547
2018-03-26 19:30:00,30.100000381469727
2018-03-27 13:30:00,30.530000686645508
2018-03-27 14:30:00,30.399999618530273
2018-03-27 15:30:00,30.729999542236328
2018-03-27 16:30:00,30.719999313354492
2018-03-27 17:30:00,30.920000076293945
2018-03-27 18:30:00,30.6781005859375
2018-03-27 19:30:00,30.739999771118164
2018-03-28 13:30:00,31.399999618530273
2018-03-28 14:30:00,30.85650062561035
2018-03-28 15:30:00,30.850000381469727
2018-03-28 16:30:00,30.6299991607666
2018-03-28 17:30:00,30.65999984741211
2018-03-28 18:30:00,30.46500015258789
2018-03-28 19:30:00,30.469999313354492
2018-03-29 13:30:00,30.979999542236328
2018-03-29 14:30:00,31.099000930786133
2018-03-29 15:30:00,31.18000030517578
2018-03-29 16:30:00,31.209999084472656
2018-03-29 17:30:00,31.06999969482422
2018-03-29 18:30:00,31.09000015258789
2018-03-29 19:30:00,31.059999465942383
2018-04-02 13:30:00,31.430299758911133
2018-04-02 14:30:00,31.299999237060547
2018-04-02 15:30:00,30.850000381469727
2018-04-02 16:30:00,30.860000610351562
2018-04-02 17:30:00,30.639999389648438
2018-04-02 18:30:00,30.475000381469727
2018-04-02 19:30:00,30.549999237060547
2018-04-03 13:30:00,29.5
2018-04-03 14:30:00,29.510000228881836
2018-04-03 15:30:00,29.15999984741211
2018-04-03 16:30:00,29.271099090576172
2018-04-03 17:30:00,29.420000076293945
2018-04-03 18:30:00,29.674999237060547
2018-04-03 19:30:00,29.43000030517578
2018-04-04 13:30:00,29.700000762939453
2018-04-04 14:30:00,29.885000228881836
2018-04-04 15:30:00,30.1299991607666
2018-04-04 16:30:00,30.420000076293945
2018-04-04 17:30:00,30.6200008392334
2018-04-04 18:30:00,30.825000762939453
2018-04-04 19:30:00,30.559999465942383
2018-04-05 13:30:00,30.770000457763672
2018-04-05 14:30:00,30.729999542236328
2018-04-05 15:30:00,30.649999618530273
2018-04-05 16:30:00,30.59000015258789
2018-04-05 17:30:00,30.6200008392334
2018-04-05 18:30:00,30.68000030517578
2018-04-05 19:30:00,30.770000457763672
2018-04-06 13:30:00,30.825000762939453
2018-04-06 14:30:00,31.010000228881836
2018-04-06 15:30:00,31.020000457763672
2018-04-06 16:30:00,31.09000015258789
2018-04-06 17:30:00,30.93000030517578
2018-04-06 18:30:00,30.799999237060547
2018-04-06 19:30:00,30.899999618530273
2018-04-09 13:30:00,30.889999389648438
2018-04-09 14:30:00,31.030000686645508
2018-04-09 15:30:00,31.114999771118164
2018-04-09 16:30:00,31.114999771118164
2018-04-09 17:30:00,31.010000228881836
2018-04-09 18:30:00,31.040000915527344
2018-04-09 19:30:00,30.979999542236328
2018-04-10 13:30:00,31.209999084472656
2018-04-10 14:30:00,31.299999237060547
2018-04-10 15:30:00,31.049999237060547
2018-04-10 16:30:00,31.229999542236328
2018-04-10 17:30:00,31.190000534057617
2018-04-10 18:30:00,31.149999618530273
2018-04-10 19:30:00,31.049999237060547
2018-04-11 13:30:00,30.674999237060547
2018-04-11 14:30:00,30.59000015258789
2018-04-11 15:30:00,30.770000457763672
2018-04-11 16:30:00,30.69499969482422
2018-04-11 17:30:00,30.600000381469727
2018-04-11 18:30:00,30.510000228881836
2018-04-11 19:30:00,30.510000228881836
2018-04-12 13:30:00,30.770000457763672
2018-04-12 14:30:00,30.549999237060547
2018-04-12 15:30:00,30.46500015258789
2018-04-12 16:30:00,30.34000015258789
2018-04-12 17:30:00,30.43000030517578
2018-04-12 18:30:00,30.565000534057617
2018-04-12 19:30:00,30.530000686645508
2018-04-13 13:30:00,30.600000381469727
2018-04-13 14:30:00,30.729999542236328
2018-04-13 15:30:00,30.665000915527344
2018-04-13 16:30:00,30.579999923706055
2018-04-13 17:30:00,30.735000610351562
2018-04-13 18:30:00,30.739999771118164
2018-04-13 19:30:00,30.700000762939453
2018-04-16 13:30:00,30.920000076293945
2018-04-16 14:30:00,31.08970069885254
2018-04-16 15:30:00,31.200000762939453
2018-04-16 16:30:00,31.31999969482422
2018-04-16 17:30:00,31.239999771118164
2018-04-16 18:30:00,31.365100860595703
2018-04-16 19:30:00,31.459999084472656
2018-04-17 13:30:00,31.469999313354492
2018-04-17 14:30:00,31.579999923706055
2018-04-17 15:30:00,31.59000015258789
2018-04-17 16:30:00,31.420000076293945
2018-04-17 17:30:00,31.479999542236328
2018-04-17 18:30:00,31.489999771118164
2018-04-17 19:30:00,31.43000030517578
2018-04-18 13:30:00,31.350000381469727
2018-04-18 14:30:00,31.610000610351562
2018-04-18 15:30:00,31.3799991607666
2018-04-18 16:30:00,31.3799991607666
2018-04-18 17:30:00,31.260000228881836
2018-04-18 18:30:00,31.209999084472656
2018-04-18 19:30:00,31.260000228881836
2018-04-19 13:30:00,31.31999969482422
2018-04-19 14:30:00,31.200000762939453
2018-04-19 15:30:00,31.03499984741211
2018-04-19 16:30:00,30.809999465942383
2018-04-19 17:30:00,30.80500030517578
2018-04-19 18:30:00,30.889999389648438
2018-04-19 19:30:00,30.75
2018-04-20 13:30:00,30.850000381469727
2018-04-20 14:30:00,30.5
2018-04-20 15:30:00,30.530000686645508
2018-04-20 16:30:00,30.670000076293945
2018-04-20 17:30:00,30.729999542236328
2018-04-20 18:30:00,30.709999084472656
2018-04-20 19:30:00,30.649999618530273
2018-04-23 13:30:00,30.885000228881836
2018-04-23 14:30:00,30.760000228881836
2018-04-23 15:30:00,30.790000915527344
2018-04-23 16:30:00,30.860000610351562
2018-04-23 17:30:00,30.969999313354492
2018-04-23 18:30:00,30.934999465942383
2018-04-23 19:30:00,31.059999465942383
2018-04-24 13:30:00,31.084999084472656
2018-04-24 14:30:00,31.299999237060547
2018-04-24 15:30:00,31.280000686645508
2018-04-24 16:30:00,31.0049991607666
2018-04-24 17:30:00,30.729999542236328
2018-04-24 18:30:00,30.78499984741211
2018-04-24 19:30:00,30.915000915527344
2018-04-25 13:30:00,31.65999984741211
2018-04-25 14:30:00,31.549999237060547
2018-04-25 15:30:00,31.65999984741211
2018-04-25 16:30:00,31.510000228881836
2018-04-25 17:30:00,31.260000228881836
2018-04-25 18:30:00,31.479999542236328
2018-04-25 19:30:00,31.190000534057617
2018-04-26 13:30:00,31.600000381469727
2018-04-26 14:30:00,31.280000686645508
2018-04-26 15:30:00,31.280000686645508
2018-04-26 16:30:00,30.989999771118164
2018-04-26 17:30:00,30.979999542236328
2018-04-26 18:30:00,30.959999084472656
2018-04-26 19:30:00,30.959999084472656
2018-04-27 13:30:00,30.610000610351562
2018-04-27 14:30:00,30.670000076293945
2018-04-27 15:30:00,30.780000686645508
2018-04-27 16:30:00,30.989999771118164
2018-04-27 17:30:00,30.719999313354492
2018-04-27 18:30:00,30.780000686645508
2018-04-27 19:30:00,30.75
2018-04-30 13:30:00,30.280000686645508
2018-04-30 14:30:00,30.270000457763672
2018-04-30 15:30:00,30.09000015258789
2018-04-30 16:30:00,30.049999237060547
2018-04-30 17:30:00,30.159400939941406
2018-04-30 18:30:00,30.110000610351562
2018-04-30 19:30:00,30.15999984741211
2018-05-01 13:30:00,29.899999618530273
2018-05-01 14:30:00,29.709999084472656
2018-05-01 15:30:00,29.684999465942383
2018-05-01 16:30:00,29.5
2018-05-01 17:30:00,29.729999542236328
2018-05-01 18:30:00,29.739999771118164
2018-05-01 19:30:00,29.940000534057617
2018-05-02 13:30:00,29.899999618530273
2018-05-02 14:30:00,30.0
2018-05-02 15:30:00,29.8700008392334
2018-05-02 16:30:00,29.84000015258789
2018-05-02 17:30:00,29.850000381469727
2018-05-02 18:30:00,29.84000015258789
2018-05-02 19:30:00,29.649999618530273
2018-05-03 13:30:00,28.690000534057617
2018-05-03 14:30:00,28.899999618530273
2018-05-03 15:30:00,28.905000686645508
2018-05-03 16:30:00,29.09000015258789
2018-05-03 17:30:00,29.09000015258789
2018-05-03 18:30:00,29.139999389648438
2018-05-03 19:30:00,29.360000610351562
2018-05-04 13:30:00,29.95599937438965
2018-05-04 14:30:00,29.959999084472656
2018-05-04 15:30:00,29.969999313354492
2018-05-04 16:30:00,29.950000762939453
2018-05-04 17:30:00,30.079999923706055
2018-05-04 18:30:00,30.899999618530273
2018-05-04 19:30:00,30.299999237060547
2018-05-07 13:30:00,30.075000762939453
2018-05-07 14:30:00,30.420000076293945
2018-05-07 15:30:00,30.149999618530273
2018-05-07 16:30:00,30.219999313354492
2018-05-07 17:30:00,30.43000030517578
2018-05-07 18:30:00,30.549999237060547
2018-05-07 19:30:00,30.690000534057617
2018-05-08 13:30:00,30.3700008392334
2018-05-08 14:30:00,30.200000762939453
2018-05-08 15:30:00,30.0
2018-05-08 16:30:00,29.799999237060547
2018-05-08 17:30:00,29.530000686645508
2018-05-08 18:30:00,29.6200008392334
2018-05-08 19:30:00,29.799999237060547
2018-05-09 13:30:00,29.815000534057617
2018-05-09 14:30:00,29.93000030517578
2018-05-09 15:30:00,29.90999984741211
2018-05-09 16:30:00,29.989999771118164
2018-05-09 17:30:00,29.989999771118164
2018-05-09 18:30:00,30.040000915527344
2018-05-09 19:30:00,30.06999969482422
2018-05-10 13:30:00,30.149999618530273
2018-05-10 14:30:00,30.40999984741211
2018-05-10 15:30:00,30.600000381469727
2018-05-10 16:30:00,30.610000610351562
2018-05-10 17:30:00,30.540000915527344
2018-05-10 18:30:00,30.530000686645508
2018-05-10 19:30:00,30.540000915527344
2018-05-11 13:30:00,30.3700008392334
2018-05-11 14:30:00,30.520000457763672
2018-05-11 15:30:00,30.3799991607666
2018-05-11 16:30:00,30.389999389648438
2018-05-11 17:30:00,30.329999923706055
2018-05-11 18:30:00,30.375
2018-05-11 19:30:00,30.209999084472656
2018-05-14 13:30:00,28.030000686645508
2018-05-14 14:30:00,28.3700008392334
2018-05-14 15:30:00,28.43000030517578
2018-05-14 16:30:00,28.100000381469727
2018-05-14 17:30:00,28.104999542236328
2018-05-14 18:30:00,28.690000534057617
2018-05-14 19:30:00,28.739999771118164
2018-05-15 13:30:00,28.459999084472656
2018-05-15 14:30:00,28.378999710083008
2018-05-15 15:30:00,28.270000457763672
2018-05-15 16:30:00,28.325000762939453
2018-05-15 17:30:00,28.260000228881836
2018-05-15 18:30:00,28.420000076293945
2018-05-15 19:30:00,28.280000686645508
2018-05-16 13:30:00,28.645000457763672
2018-05-16 14:30:00,28.65999984741211
2018-05-16 15:30:00,28.530000686645508
2018-05-16 16:30:00,28.489999771118164
2018-05-16 17:30:00,28.450000762939453
2018-05-16 18:30:00,28.34000015258789
2018-05-16 19:30:00,28.25
2018-05-17 13:30:00,28.34000015258789
2018-05-17 14:30:00,28.270000457763672
2018-05-17 15:30:00,27.899999618530273
2018-05-17 16:30:00,28.415000915527344
2018-05-17 17:30:00,28.25
2018-05-17 18:30:00,28.18000030517578
2018-05-17 19:30:00,28.149999618530273
2018-05-18 13:30:00,27.75
2018-05-18 14:30:00,27.559999465942383
2018-05-18 15:30:00,27.299999237060547
2018-05-18 16:30:00,27.3700008392334
2018-05-18 17:30:00,27.400999069213867
2018-05-18 18:30:00,27.360000610351562
2018-05-18 19:30:00,27.229999542236328
2018-05-21 13:30:00,27.716800689697266
2018-05-21 14:30:00,27.549999237060547
2018-05-21 15:30:00,27.51059913635254
2018-05-21 16:30:00,27.459999084472656
2018-05-21 17:30:00,27.420000076293945
2018-05-21 18:30:00,27.40999984741211
2018-05-21 19:30:00,27.440000534057617
2018-05-22 13:30:00,27.6200008392334
2018-05-22 14:30:00,27.75
2018-05-22 15:30:00,27.739999771118164
2018-05-22 16:30:00,27.739999771118164
2018-05-22 17:30:00,27.729999542236328
2018-05-22 18:30:00,27.665000915527344
2018-05-22 19:30:00,27.575000762939453
2018-05-23 13:30:00,27.174999237060547
2018-05-23 14:30:00,27.149999618530273
2018-05-23 15:30:00,27.1299991607666
2018-05-23 16:30:00,27.1299991607666
2018-05-23 17:30:00,27.190000534057617
2018-05-23 18:30:00,27.125
2018-05-23 19:30:00,27.18000030517578
2018-05-24 13:30:00,26.709999084472656
2018-05-24 14:30:00,27.040000915527344
2018-05-24 15:30:00,27.165000915527344
2018-05-24 16:30:00,27.31999969482422
2018-05-24 17:30:00,27.239999771118164
2018-05-24 18:30:00,27.280000686645508
2018-05-24 19:30:00,27.290000915527344
2018-05-25 13:30:00,27.575000762939453
2018-05-25 14:30:00,27.670000076293945
2018-05-25 15:30:00,27.420000076293945
2018-05-25 16:30:00,27.475000381469727
2018-05-25 17:30:00,27.450000762939453
2018-05-25 18:30:00,27.43000030517578
2018-05-25 19:30:00,27.489999771118164
2018-05-29 13:30:00,27.219999313354492
2018-05-29 14:30:00,26.871400833129883
2018-05-29 15:30:00,26.684099197387695
2018-05-29 16:30:00,26.635000228881836
2018-05-29 17:30:00,26.66119956970215
2018-05-29 18:30:00,26.770000457763672
2018-05-29 19:30:00,26.8700008392334
2018-05-30 13:30:00,27.260000228881836
2018-05-30 14:30:00,27.100000381469727
2018-05-30 15:30:00,27.155000686645508
2018-05-30 16:30:00,27.260000228881836
2018-05-30 17:30:00,27.2549991607666
2018-05-30 18:30:00,27.174999237060547
2018-05-30 19:30:00,27.190000534057617
2018-05-31 13:30:00,26.90999984741211
2018-05-31 14:30:00,26.84000015258789
2018-05-31 15:30:00,26.780000686645508
2018-05-31 16:30:00,26.829999923706055
2018-05-31 17:30:00,26.864999771118164
2018-05-31 18:30:00,26.920000076293945
2018-05-31 19:30:00,27.104999542236328
2018-06-01 13:30:00,27.09000015258789
2018-06-01 14:30:00,26.93000030517578
2018-06-01 15:30:00,26.84000015258789
2018-06-01 16:30:00,26.835100173950195
2018-06-01 17:30:00,26.8799991607666
2018-06-01 18:30:00,26.760000228881836
2018-06-01 19:30:00,26.709999084472656
2018-06-04 13:30:00,26.670000076293945
2018-06-04 14:30:00,26.790000915527344
2018-06-04 15:30:00,26.799999237060547
2018-06-04 16:30:00,26.8799991607666
2018-06-04 17:30:00,26.8700008392334
2018-06-04 18:30:00,26.90999984741211
2018-06-04 19:30:00,26.940000534057617
2018-06-05 13:30:00,26.969999313354492
2018-06-05 14:30:00,27.03499984741211
2018-06-05 15:30:00,26.920000076293945
2018-06-05 16:30:00,27.059999465942383
2018-06-05 17:30:00,27.1200008392334
2018-06-05 18:30:00,27.100000381469727
2018-06-05 19:30:00,27.06999969482422
2018-06-06 13:30:00,26.969999313354492
2018-06-06 14:30:00,27.270000457763672
2018-06-06 15:30:00,27.3799991607666
2018-06-06 16:30:00,27.600000381469727
2018-06-06 17:30:00,27.610000610351562
2018-06-06 18:30:00,27.665000915527344
2018-06-06 19:30:00,27.690000534057617
2018-06-07 13:30:00,27.65999984741211
2018-06-07 14:30:00,27.655000686645508
2018-06-07 15:30:00,27.674999237060547
2018-06-07 16:30:00,27.56999969482422
2018-06-07 17:30:00,27.6200008392334
2018-06-07 18:30:00,27.56999969482422
2018-06-07 19:30:00,27.780000686645508
2018-06-08 13:30:00,27.760000228881836
2018-06-08 14:30:00,27.774999618530273
2018-06-08 15:30:00,27.945199966430664
2018-06-08 16:30:00,27.93000030517578
2018-06-08 17:30:00,27.8799991607666
2018-06-08 18:30:00,27.8700008392334
2018-06-08 19:30:00,27.90999984741211
2018-06-11 13:30:00,28.559999465942383
2018-06-11 14:30:00,28.479999542236328
2018-06-11 15:30:00,28.549999237060547
2018-06-11 16:30:00,28.4950008392334
2018-06-11 17:30:00,28.459999084472656
2018-06-11 18:30:00,28.43000030517578
2018-06-11 19:30:00,28.290000915527344
2018-06-12 13:30:00,28.25
2018-06-12 14:30:00,28.170000076293945
2018-06-12 15:30:00,28.280000686645508
2018-06-12 16:30:00,28.2450008392334
2018-06-12 17:30:00,28.204999923706055
2018-06-12 18:30:00,28.18000030517578
2018-06-12 19:30:00,28.28499984741211
2018-06-13 13:30:00,29.15999984741211
2018-06-13 14:30:00,28.575000762939453
2018-06-13 15:30:00,28.729999542236328
2018-06-13 16:30:00,28.639999389648438
2018-06-13 17:30:00,28.399999618530273
2018-06-13 18:30:00,28.36989974975586
2018-06-13 19:30:00,28.149999618530273
2018-06-14 13:30:00,28.739999771118164
2018-06-14 14:30:00,28.729999542236328
2018-06-14 15:30:00,28.760000228881836
2018-06-14 16:30:00,28.7450008392334
2018-06-14 17:30:00,28.725000381469727
2018-06-14 18:30:00,28.760000228881836
2018-06-14 19:30:00,28.90999984741211
2018-06-15 13:30:00,29.489999771118164
2018-06-15 14:30:00,29.170000076293945
2018-06-15 15:30:00,29.190000534057617
2018-06-15 16:30:00,29.235000610351562
2018-06-15 17:30:00,29.315000534057617
2018-06-15 18:30:00,29.190000534057617
2018-06-15 19:30:00,29.399999618530273
2018-06-18 13:30:00,29.184999465942383
2018-06-18 14:30:00,29.299999237060547
2018-06-18 15:30:00,29.219999313354492
2018-06-18 16:30:00,29.559999465942383
2018-06-18 17:30:00,29.649999618530273
2018-06-18 18:30:00,29.530000686645508
2018-06-18 19:30:00,29.690000534057617
2018-06-19 13:30:00,29.65999984741211
2018-06-19 14:30:00,29.323299407958984
2018-06-19 15:30:00,29.399999618530273
2018-06-19 16:30:00,29.40999984741211
2018-06-19 17:30:00,29.309999465942383
2018-06-19 18:30:00,29.203399658203125
2018-06-19 19:30:00,29.309999465942383
2018-06-20 13:30:00,29.989999771118164
2018-06-20 14:30:00,30.024999618530273
2018-06-20 15:30:00,30.094999313354492
2018-06-20 16:30:00,30.209999084472656
2018-06-20 17:30:00,30.219999313354492
2018-06-20 18:30:00,30.2450008392334
2018-06-20 19:30:00,30.25
2018-06-21 13:30:00,30.360000610351562
2018-06-21 14:30:00,30.360000610351562
2018-06-21 15:30:00,30.510000228881836
2018-06-21 16:30:00,30.459999084472656
2018-06-21 17:30:00,30.434999465942383
2018-06-21 18:30:00,30.440000534057617
2018-06-21 19:30:00,30.399999618530273
2018-06-22 13:30:00,30.530000686645508
2018-06-22 14:30:00,30.690000534057617
2018-06-22 15:30:00,30.565799713134766
2018-06-22 16:30:00,30.55500030517578
2018-06-22 17:30:00,30.654399871826172
2018-06-22 18:30:00,30.639999389648438
2018-06-22 19:30:00,30.280000686645508
2018-06-25 13:30:00,30.174999237060547
2018-06-25 14:30:00,29.950000762939453
2018-06-25 15:30:00,29.8799991607666
2018-06-25 16:30:00,29.760000228881836
2018-06-25 17:30:00,29.829999923706055
2018-06-25 18:30:00,29.82900047302246
2018-06-25 19:30:00,29.905000686645508
2018-06-26 13:30:00,29.68000030517578
2018-06-26 14:30:00,29.6299991607666
2018-06-26 15:30:00,29.559999465942383
2018-06-26 16:30:00,29.5
2018-06-26 17:30:00,29.3799991607666
2018-06-26 18:30:00,29.559999465942383
2018-06-26 19:30:00,29.655000686645508
2018-06-27 13:30:00,30.020000457763672
2018-06-27 14:30:00,29.940000534057617
2018-06-27 15:30:00,30.045000076293945
2018-06-27 16:30:00,30.010000228881836
2018-06-27 17:30:00,30.010000228881836
2018-06-27 18:30:00,30.06999969482422
2018-06-27 19:30:00,29.979999542236328
2018-06-28 13:30:00,29.5
2018-06-28 14:30:00,29.75
2018-06-28 15:30:00,29.790000915527344
2018-06-28 16:30:00,29.795000076293945
2018-06-28 17:30:00,29.854999542236328
2018-06-28 18:30:00,29.93000030517578
2018-06-28 19:30:00,29.8799991607666
2018-06-29 13:30:00,30.139999389648438
2018-06-29 14:30:00,30.290000915527344
2018-06-29 15:30:00,30.360000610351562
2018-06-29 16:30:00,30.31999969482422
2018-06-29 17:30:00,30.28499984741211
2018-06-29 18:30:00,30.239999771118164
2018-06-29 19:30:00,30.170000076293945
2018-07-02 13:30:00,29.610000610351562
2018-07-02 14:30:00,29.760000228881836
2018-07-02 15:30:00,29.6299991607666
2018-07-02 16:30:00,29.5
2018-07-02 17:30:00,29.479999542236328
2018-07-02 18:30:00,29.475000381469727
2018-07-02 19:30:00,29.459999084472656
2018-07-03 13:30:00,29.479999542236328
2018-07-03 14:30:00,29.389999389648438
2018-07-03 15:30:00,29.190000534057617
2018-07-03 17:00:00,29.010000228881836
2018-07-05 13:30:00,28.979999542236328
2018-07-05 14:30:00,29.045000076293945
2018-07-05 15:30:00,29.260000228881836
2018-07-05 16:30:00,29.459999084472656
2018-07-05 17:30:00,29.399999618530273
2018-07-05 18:30:00,29.3700008392334
2018-07-05 19:30:00,29.399999618530273
2018-07-06 13:30:00,29.75
2018-07-06 14:30:00,29.78499984741211
2018-07-06 15:30:00,29.829999923706055
2018-07-06 16:30:00,29.950000762939453
2018-07-06 17:30:00,29.895000457763672
2018-07-06 18:30:00,30.020000457763672
2018-07-06 19:30:00,30.010000228881836
2018-07-09 13:30:00,30.18000030517578
2018-07-09 14:30:00,30.329999923706055
2018-07-09 15:30:00,30.329999923706055
2018-07-09 16:30:00,30.40999984741211
2018-07-09 17:30:00,30.389999389648438
2018-07-09 18:30:00,30.4552001953125
2018-07-09 19:30:00,30.5049991607666
2018-07-10 13:30:00,30.360000610351562
2018-07-10 14:30:00,30.360000610351562
2018-07-10 15:30:00,30.329999923706055
2018-07-10 16:30:00,30.295000076293945
2018-07-10 17:30:00,30.49970054626465
2018-07-10 18:30:00,30.54010009765625
2018-07-10 19:30:00,30.5
2018-07-11 13:30:00,30.5
2018-07-11 14:30:00,30.399999618530273
2018-07-11 15:30:00,30.31999969482422
2018-07-11 16:30:00,30.325000762939453
2018-07-11 17:30:00,30.239999771118164
2018-07-11 18:30:00,30.190000534057617
2018-07-11 19:30:00,30.1200008392334
2018-07-12 13:30:00,30.190000534057617
2018-07-12 14:30:00,30.06999969482422
2018-07-12 15:30:00,30.06999969482422
2018-07-12 16:30:00,30.06999969482422
2018-07-12 17:30:00,29.989999771118164
2018-07-12 18:30:00,30.0
2018-07-12 19:30:00,30.020000457763672
2018-07-13 13:30:00,29.979999542236328
2018-07-13 14:30:00,30.079999923706055
2018-07-13 15:30:00,29.989999771118164
2018-07-13 16:30:00,30.1200008392334
2018-07-13 17:30:00,29.979999542236328
2018-07-13 18:30:00,29.920000076293945
2018-07-13 19:30:00,30.0
2018-07-16 13:30:00,29.790000915527344
2018-07-16 14:30:00,29.530000686645508
2018-07-16 15:30:00,29.489999771118164
2018-07-16 16:30:00,29.485000610351562
2018-07-16 17:30:00,29.479999542236328
2018-07-16 18:30:00,29.65999984741211
2018-07-16 19:30:00,29.709999084472656
2018-07-17 13:30:00,29.709999084472656
2018-07-17 14:30:00,29.735000610351562
2018-07-17 15:30:00,29.384700775146484
2018-07-17 16:30:00,29.059999465942383
2018-07-17 17:30:00,28.924999237060547
2018-07-17 18:30:00,28.69499969482422
2018-07-17 19:30:00,28.56999969482422
2018-07-18 13:30:00,28.5
2018-07-18 14:30:00,28.524999618530273
2018-07-18 15:30:00,28.600000381469727
2018-07-18 16:30:00,28.56999969482422
2018-07-18 17:30:00,28.559999465942383
2018-07-18 18:30:00,28.530000686645508
2018-07-18 19:30:00,28.559999465942383
2018-07-19 13:30:00,28.510000228881836
2018-07-19 14:30:00,28.3799991607666
2018-07-19 15:30:00,28.44499969482422
2018-07-19 16:30:00,28.329999923706055
2018-07-19 17:30:00,28.260000228881836
2018-07-19 18:30:00,28.0
2018-07-19 19:30:00,28.0
2018-07-20 13:30:00,27.739999771118164
2018-07-20 14:30:00,27.684999465942383
2018-07-20 15:30:00,27.600000381469727
2018-07-20 16:30:00,27.55500030517578
2018-07-20 17:30:00,27.510000228881836
2018-07-20 18:30:00,27.475000381469727
2018-07-20 19:30:00,27.479999542236328
2018-07-23 13:30:00,27.469999313354492
2018-07-23 14:30:00,27.395000457763672
2018-07-23 15:30:00,27.4950008392334
2018-07-23 16:30:00,27.530000686645508
2018-07-23 17:30:00,27.520000457763672
2018-07-23 18:30:00,27.5
2018-07-23 19:30:00,27.6200008392334
2018-07-24 13:30:00,27.459999084472656
2018-07-24 14:30:00,27.344999313354492
2018-07-24 15:30:00,27.385000228881836
2018-07-24 16:30:00,27.350000381469727
2018-07-24 17:30:00,27.25
2018-07-24 18:30:00,27.34000015258789
2018-07-24 19:30:00,27.315000534057617
2018-07-25 13:30:00,27.690000534057617
2018-07-25 14:30:00,27.56999969482422
2018-07-25 15:30:00,27.489999771118164
2018-07-25 16:30:00,27.5049991607666
2018-07-25 17:30:00,27.639999389648438
2018-07-25 18:30:00,27.790000915527344
2018-07-25 19:30:00,27.8799991607666
2018-07-26 13:30:00,28.280000686645508
2018-07-26 14:30:00,28.1299991607666
2018-07-26 15:30:00,28.15999984741211
2018-07-26 16:30:00,28.1200008392334
2018-07-26 17:30:00,28.170000076293945
2018-07-26 18:30:00,28.155000686645508
2018-07-26 19:30:00,28.06999969482422
2018-07-27 13:30:00,28.15999984741211
2018-07-27 14:30:00,27.959999084472656
2018-07-27 15:30:00,28.920000076293945
2018-07-27 16:30:00,29.290000915527344
2018-07-27 17:30:00,28.93000030517578
2018-07-27 18:30:00,29.1200008392334
2018-07-27 19:30:00,29.360000610351562
2018-07-30 13:30:00,29.104999542236328
2018-07-30 14:30:00,29.235000610351562
2018-07-30 15:30:00,28.93000030517578
2018-07-30 16:30:00,28.770000457763672
2018-07-30 17:30:00,28.65999984741211
2018-07-30 18:30:00,28.825000762939453
2018-07-30 19:30:00,28.790000915527344
2018-07-31 13:30:00,28.959999084472656
2018-07-31 14:30:00,28.90999984741211
2018-07-31 15:30:00,28.87579917907715
2018-07-31 16:30:00,28.989999771118164
2018-07-31 17:30:00,29.100000381469727
2018-07-31 18:30:00,29.05500030517578
2018-07-31 19:30:00,29.049999237060547
2018-08-01 13:30:00,28.950000762939453
2018-08-01 14:30:00,28.760000228881836
2018-08-01 15:30:00,28.760000228881836
2018-08-01 16:30:00,28.709999084472656
2018-08-01 17:30:00,28.719999313354492
2018-08-01 18:30:00,28.81999969482422
2018-08-01 19:30:00,28.700000762939453
2018-08-02 13:30:00,28.40999984741211
2018-08-02 14:30:00,28.469999313354492
2018-08-02 15:30:00,28.639999389648438
2018-08-02 16:30:00,28.639999389648438
2018-08-02 17:30:00,28.6299991607666
2018-08-02 18:30:00,28.540000915527344
2018-08-02 19:30:00,28.600000381469727
2018-08-03 13:30:00,28.8700008392334
2018-08-03 14:30:00,28.989999771118164
2018-08-03 15:30:00,29.040000915527344
2018-08-03 16:30:00,29.020000457763672
2018-08-03 17:30:00,29.084999084472656
2018-08-03 18:30:00,29.059999465942383
2018-08-03 19:30:00,29.09000015258789
2018-08-06 13:30:00,29.045700073242188
2018-08-06 14:30:00,29.049999237060547
2018-08-06 15:30:00,29.18000030517578
2018-08-06 16:30:00,29.18000030517578
2018-08-06 17:30:00,29.139999389648438
2018-08-06 18:30:00,29.03499984741211
2018-08-06 19:30:00,29.09000015258789
2018-08-07 13:30:00,28.728500366210938
2018-08-07 14:30:00,28.850000381469727
2018-08-07 15:30:00,28.790000915527344
2018-08-07 16:30:00,29.045000076293945
2018-08-07 17:30:00,28.950000762939453
2018-08-07 18:30:00,28.979999542236328
2018-08-07 19:30:00,29.010000228881836
2018-08-08 13:30:00,28.639999389648438
2018-08-08 14:30:00,28.524999618530273
2018-08-08 15:30:00,28.524999618530273
2018-08-08 16:30:00,28.56999969482422
2018-08-08 17:30:00,28.600000381469727
2018-08-08 18:30:00,28.510000228881836
2018-08-08 19:30:00,28.6200008392334
2018-08-09 13:30:00,30.29439926147461
2018-08-09 14:30:00,30.259000778198242
2018-08-09 15:30:00,30.5
2018-08-09 16:30:00,29.93000030517578
2018-08-09 17:30:00,30.309999465942383
2018-08-09 18:30:00,30.450000762939453
2018-08-09 19:30:00,30.360000610351562
2018-08-10 13:30:00,30.31999969482422
2018-08-10 14:30:00,30.479999542236328
2018-08-10 15:30:00,30.47410011291504
2018-08-10 16:30:00,30.3700008392334
2018-08-10 17:30:00,30.360000610351562
2018-08-10 18:30:00,30.385000228881836
2018-08-10 19:30:00,30.34000015258789
2018-08-13 13:30:00,30.43000030517578
2018-08-13 14:30:00,30.320100784301758
2018-08-13 15:30:00,30.190000534057617
2018-08-13 16:30:00,30.280000686645508
2018-08-13 17:30:00,30.375
2018-08-13 18:30:00,30.389999389648438
2018-08-13 19:30:00,30.309999465942383
2018-08-14 13:30:00,30.639999389648438
2018-08-14 14:30:00,30.770000457763672
2018-08-14 15:30:00,30.81999969482422
2018-08-14 16:30:00,31.020000457763672
2018-08-14 17:30:00,30.989999771118164
2018-08-14 18:30:00,30.875
2018-08-14 19:30:00,30.8700008392334
2018-08-15 13:30:00,30.600000381469727
2018-08-15 14:30:00,30.559999465942383
2018-08-15 15:30:00,30.639999389648438
2018-08-15 16:30:00,30.729999542236328
2018-08-15 17:30:00,30.645000457763672
2018-08-15 18:30:00,30.72570037841797
2018-08-15 19:30:00,30.809999465942383
2018-08-16 13:30:00,30.59000015258789
2018-08-16 14:30:00,30.559999465942383
2018-08-16 15:30:00,30.56999969482422
2018-08-16 16:30:00,30.59000015258789
2018-08-16 17:30:00,30.450000762939453
2018-08-16 18:30:00,30.25749969482422
2018-08-16 19:30:00,30.100000381469727
2018-08-17 13:30:00,30.520000457763672
2018-08-17 14:30:00,30.600000381469727
2018-08-17 15:30:00,30.639999389648438
2018-08-17 16:30:00,30.600000381469727
2018-08-17 17:30:00,30.75
2018-08-17 18:30:00,30.815000534057617
2018-08-17 19:30:00,30.729999542236328
2018-08-20 13:30:00,30.989999771118164
2018-08-20 14:30:00,30.920000076293945
2018-08-20 15:30:00,30.969999313354492
2018-08-20 16:30:00,30.895000457763672
2018-08-20 17:30:00,30.8799991607666
2018-08-20 18:30:00,30.93000030517578
2018-08-20 19:30:00,31.020000457763672
2018-08-21 13:30:00,31.520000457763672
2018-08-21 14:30:00,31.81999969482422
2018-08-21 15:30:00,32.04999923706055
2018-08-21 16:30:00,32.36000061035156
2018-08-21 17:30:00,32.209999084472656
2018-08-21 18:30:00,32.02000045776367
2018-08-21 19:30:00,31.950000762939453
2018-08-22 13:30:00,31.75
2018-08-22 14:30:00,31.829999923706055
2018-08-22 15:30:00,31.899999618530273
2018-08-22 16:30:00,32.04999923706055
2018-08-22 17:30:00,32.040000915527344
2018-08-22 18:30:00,31.8700008392334
2018-08-22 19:30:00,31.920000076293945
2018-08-23 13:30:00,31.440000534057617
2018-08-23 14:30:00,31.540000915527344
2018-08-23 15:30:00,31.40999984741211
2018-08-23 16:30:00,31.299999237060547
2018-08-23 17:30:00,31.145000457763672
2018-08-23 18:30:00,30.989999771118164
2018-08-23 19:30:00,30.959999084472656
2018-08-24 13:30:00,31.219999313354492
2018-08-24 14:30:00,31.138999938964844
2018-08-24 15:30:00,31.1299991607666
2018-08-24 16:30:00,31.09000015258789
2018-08-24 17:30:00,30.996000289916992
2018-08-24 18:30:00,31.0
2018-08-24 19:30:00,30.979999542236328
2018-08-27 13:30:00,31.014999389648438
2018-08-27 14:30:00,30.920000076293945
2018-08-27 15:30:00,30.8700008392334
2018-08-27 16:30:00,30.809999465942383
2018-08-27 17:30:00,30.719999313354492
2018-08-27 18:30:00,30.655000686645508
2018-08-27 19:30:00,30.600000381469727
2018-08-28 13:30:00,30.59000015258789
2018-08-28 14:30:00,30.514999389648438
2018-08-28 15:30:00,30.5049991607666
2018-08-28 16:30:00,30.325000762939453
2018-08-28 17:30:00,30.510000228881836
2018-08-28 18:30:00,30.489999771118164
2018-08-28 19:30:00,30.40999984741211
2018-08-29 13:30:00,30.280000686645508
2018-08-29 14:30:00,30.399999618530273
2018-08-29 15:30:00,30.479999542236328
2018-08-29 16:30:00,30.479999542236328
2018-08-29 17:30:00,30.5
2018-08-29 18:30:00,30.454999923706055
2018-08-29 19:30:00,30.399999618530273
2018-08-30 13:30:00,30.389999389648438
2018-08-30 14:30:00,30.0
2018-08-30 15:30:00,29.9950008392334
2018-08-30 16:30:00,29.940000534057617
2018-08-30 17:30:00,29.90999984741211
2018-08-30 18:30:00,29.905000686645508
2018-08-30 19:30:00,29.84000015258789
2018-08-31 13:30:00,29.645000457763672
2018-08-31 14:30:00,29.59000015258789
2018-08-31 15:30:00,29.53499984741211
2018-08-31 16:30:00,29.43000030517578
2018-08-31 17:30:00,29.5049991607666
2018-08-31 18:30:00,29.309999465942383
2018-08-31 19:30:00,29.280000686645508
2018-09-04 13:30:00,29.18000030517578
2018-09-04 14:30:00,29.225000381469727
2018-09-04 15:30:00,29.260000228881836
2018-09-04 16:30:00,29.299999237060547
2018-09-04 17:30:00,29.450000762939453
2018-09-04 18:30:00,29.43000030517578
2018-09-04 19:30:00,29.3700008392334
2018-09-05 13:30:00,29.3799991607666
2018-09-05 14:30:00,29.34000015258789
2018-09-05 15:30:00,29.350000381469727
2018-09-05 16:30:00,29.350000381469727
2018-09-05 17:30:00,29.3700008392334
2018-09-05 18:30:00,29.420000076293945
2018-09-05 19:30:00,29.450000762939453
2018-09-06 13:30:00,29.170000076293945
2018-09-06 14:30:00,29.360300064086914
2018-09-06 15:30:00,29.440099716186523
2018-09-06 16:30:00,29.329999923706055
2018-09-06 17:30:00,29.350000381469727
2018-09-06 18:30:00,29.290000915527344
2018-09-06 19:30:00,29.270000457763672
2018-09-07 13:30:00,29.154600143432617
2018-09-07 14:30:00,28.969999313354492
2018-09-07 15:30:00,28.93000030517578
2018-09-07 16:30:00,28.920000076293945
2018-09-07 17:30:00,28.969999313354492
2018-09-07 18:30:00,28.9950008392334
2018-09-07 19:30:00,28.979999542236328
2018-09-10 13:30:00,29.049999237060547
2018-09-10 14:30:00,28.979999542236328
2018-09-10 15:30:00,29.09000015258789
2018-09-10 16:30:00,29.014999389648438
2018-09-10 17:30:00,28.975000381469727
2018-09-10 18:30:00,29.014999389648438
2018-09-10 19:30:00,29.05500030517578
2018-09-11 13:30:00,28.975000381469727
2018-09-11 14:30:00,29.020000457763672
2018-09-11 15:30:00,29.010000228881836
2018-09-11 16:30:00,29.1200008392334
2018-09-11 17:30:00,29.0
2018-09-11 18:30:00,28.969999313354492
2018-09-11 19:30:00,28.8700008392334
2018-09-12 13:30:00,29.100000381469727
2018-09-12 14:30:00,29.520000457763672
2018-09-12 15:30:00,29.479999542236328
2018-09-12 16:30:00,29.579999923706055
2018-09-12 17:30:00,29.739999771118164
2018-09-12 18:30:00,29.790000915527344
2018-09-12 19:30:00,29.649999618530273
2018-09-13 13:30:00,29.799999237060547
2018-09-13 14:30:00,29.8700008392334
2018-09-13 15:30:00,29.899999618530273
2018-09-13 16:30:00,29.860000610351562
2018-09-13 17:30:00,30.010000228881836
2018-09-13 18:30:00,29.979999542236328
2018-09-13 19:30:00,30.06999969482422
2018-09-14 13:30:00,29.450000762939453
2018-09-14 14:30:00,29.610000610351562
2018-09-14 15:30:00,29.6200008392334
2018-09-14 16:30:00,29.6299991607666
2018-09-14 17:30:00,29.65999984741211
2018-09-14 18:30:00,29.799999237060547
2018-09-14 19:30:00,29.850000381469727
2018-09-17 13:30:00,29.760000228881836
2018-09-17 14:30:00,29.829999923706055
2018-09-17 15:30:00,29.81599998474121
2018-09-17 16:30:00,29.979999542236328
2018-09-17 17:30:00,30.079999923706055
2018-09-17 18:30:00,30.139999389648438
2018-09-17 19:30:00,30.059999465942383
2018-09-18 13:30:00,29.950000762939453
2018-09-18 14:30:00,30.1299991607666
2018-09-18 15:30:00,30.270000457763672
2018-09-18 16:30:00,30.229999542236328
2018-09-18 17:30:00,30.25
2018-09-18 18:30:00,30.260000228881836
2018-09-18 19:30:00,30.200000762939453
2018-09-19 13:30:00,30.3799991607666
2018-09-19 14:30:00,30.424999237060547
2018-09-19 15:30:00,30.770000457763672
2018-09-19 16:30:00,30.84000015258789
2018-09-19 17:30:00,30.864999771118164
2018-09-19 18:30:00,30.656299591064453
2018-09-19 19:30:00,30.719999313354492
2018-09-20 13:30:00,31.469999313354492
2018-09-20 14:30:00,31.58970069885254
2018-09-20 15:30:00,31.649999618530273
2018-09-20 16:30:00,31.774999618530273
2018-09-20 17:30:00,31.829999923706055
2018-09-20 18:30:00,31.850000381469727
2018-09-20 19:30:00,31.84000015258789
2018-09-21 13:30:00,32.06999969482422
2018-09-21 14:30:00,32.09000015258789
2018-09-21 15:30:00,32.2400016784668
2018-09-21 16:30:00,32.439998626708984
2018-09-21 17:30:00,32.225799560546875
2018-09-21 18:30:00,32.21500015258789
2018-09-21 19:30:00,32.369998931884766
2018-09-24 13:30:00,32.380001068115234
2018-09-24 14:30:00,32.5099983215332
2018-09-24 15:30:00,32.310001373291016
2018-09-24 16:30:00,32.439998626708984
2018-09-24 17:30:00,32.529998779296875
2018-09-24 18:30:00,32.59000015258789
2018-09-24 19:30:00,32.599998474121094
2018-09-25 13:30:00,32.560001373291016
2018-09-25 14:30:00,32.650001525878906
2018-09-25 15:30:00,32.560001373291016
2018-09-25 16:30:00,32.529998779296875
2018-09-25 17:30:00,32.459999084472656
2018-09-25 18:30:00,32.630001068115234
2018-09-25 19:30:00,32.4900016784668
2018-09-26 13:30:00,33.404998779296875
2018-09-26 14:30:00,33.584999084472656
2018-09-26 15:30:00,33.540000915527344
2018-09-26 16:30:00,33.86000061035156
2018-09-26 17:30:00,34.07500076293945
2018-09-26 18:30:00,33.869998931884766
2018-09-26 19:30:00,33.7400016784668
2018-09-27 13:30:00,34.11989974975586
2018-09-27 14:30:00,33.974998474121094
2018-09-27 15:30:00,34.27000045776367
2018-09-27 16:30:00,34.415000915527344
2018-09-27 17:30:00,33.90999984741211
2018-09-27 18:30:00,33.880001068115234
2018-09-27 19:30:00,33.86000061035156
2018-09-28 13:30:00,33.54999923706055
2018-09-28 14:30:00,33.625
2018-09-28 15:30:00,33.39500045776367
2018-09-28 16:30:00,33.40999984741211
2018-09-28 17:30:00,33.56999969482422
2018-09-28 18:30:00,33.60499954223633
2018-09-28 19:30:00,33.7599983215332
2018-10-01 13:30:00,32.349998474121094
2018-10-01 14:30:00,32.290000915527344
2018-10-01 15:30:00,32.47999954223633
2018-10-01 16:30:00,32.52899932861328
2018-10-01 17:30:00,32.459999084472656
2018-10-01 18:30:00,32.4900016784668
2018-10-01 19:30:00,32.5
2018-10-02 13:30:00,32.220001220703125
2018-10-02 14:30:00,32.18000030517578
2018-10-02 15:30:00,32.2400016784668
2018-10-02 16:30:00,32.55500030517578
2018-10-02 17:30:00,32.63999938964844
2018-10-02 18:30:00,32.61000061035156
2018-10-02 19:30:00,32.72999954223633
2018-10-03 13:30:00,33.189998626708984
2018-10-03 14:30:00,33.5099983215332
2018-10-03 15:30:00,33.584999084472656
2018-10-03 16:30:00,33.345001220703125
2018-10-03 17:30:00,33.400001525878906
2018-10-03 18:30:00,33.20000076293945
2018-10-03 19:30:00,33.33000183105469
2018-10-04 13:30:00,32.82500076293945
2018-10-04 14:30:00,33.209999084472656
2018-10-04 15:30:00,33.17499923706055
2018-10-04 16:30:00,33.20000076293945
2018-10-04 17:30:00,33.16999816894531
2018-10-04 18:30:00,32.959999084472656
2018-10-04 19:30:00,33.040000915527344
2018-10-05 13:30:00,33.060001373291016
2018-10-05 14:30:00,32.81999969482422
2018-10-05 15:30:00,32.744998931884766
2018-10-05 16:30:00,32.619998931884766
2018-10-05 17:30:00,32.64500045776367
2018-10-05 18:30:00,32.5099983215332
2018-10-05 19:30:00,32.59000015258789
2018-10-08 13:30:00,32.345001220703125
2018-10-08 14:30:00,32.47999954223633
2018-10-08 15:30:00,32.439998626708984
2018-10-08 16:30:00,32.334999084472656
2018-10-08 17:30:00,32.459999084472656
2018-10-08 18:30:00,32.689998626708984
2018-10-08 19:30:00,32.72999954223633
2018-10-09 13:30:00,32.92409896850586
2018-10-09 14:30:00,33.41999816894531
2018-10-09 15:30:00,33.33000183105469
2018-10-09 16:30:00,33.09000015258789
2018-10-09 17:30:00,33.029998779296875
2018-10-09 18:30:00,32.81999969482422
2018-10-09 19:30:00,32.83000183105469
2018-10-10 13:30:00,32.70989990234375
2018-10-10 14:30:00,33.0
2018-10-10 15:30:00,32.790000915527344
2018-10-10 16:30:00,32.7400016784668
2018-10-10 17:30:00,32.369998931884766
2018-10-10 18:30:00,32.26499938964844
2018-10-10 19:30:00,31.940000534057617
2018-10-11 13:30:00,31.704999923706055
2018-10-11 14:30:00,31.71500015258789
2018-10-11 15:30:00,31.780000686645508
2018-10-11 16:30:00,31.68000030517578
2018-10-11 17:30:00,31.459999084472656
2018-10-11 18:30:00,31.420000076293945
2018-10-11 19:30:00,31.190000534057617
2018-10-12 13:30:00,31.510000228881836
2018-10-12 14:30:00,31.670000076293945
2018-10-12 15:30:00,31.559999465942383
2018-10-12 16:30:00,31.40999984741211
2018-10-12 17:30:00,31.34000015258789
2018-10-12 18:30:00,31.37969970703125
2018-10-12 19:30:00,31.3799991607666
2018-10-15 13:30:00,31.799999237060547
2018-10-15 14:30:00,32.01499938964844
2018-10-15 15:30:00,31.969999313354492
2018-10-15 16:30:00,31.989999771118164
2018-10-15 17:30:00,31.974899291992188
2018-10-15 18:30:00,31.94499969482422
2018-10-15 19:30:00,31.770000457763672
2018-10-16 13:30:00,32.38999938964844
2018-10-16 14:30:00,32.60499954223633
2018-10-16 15:30:00,32.52000045776367
2018-10-16 16:30:00,32.59000015258789
2018-10-16 17:30:00,32.7400016784668
2018-10-16 18:30:00,32.69499969482422
2018-10-16 19:30:00,32.82500076293945
2018-10-17 13:30:00,33.08000183105469
2018-10-17 14:30:00,33.11000061035156
2018-10-17 15:30:00,33.34000015258789
2018-10-17 16:30:00,33.334999084472656
2018-10-17 17:30:00,33.35810089111328
2018-10-17 18:30:00,33.44499969482422
2018-10-17 19:30:00,33.40999984741211
2018-10-18 13:30:00,33.51499938964844
2018-10-18 14:30:00,33.42499923706055
2018-10-18 15:30:00,33.435001373291016
2018-10-18 16:30:00,33.77289962768555
2018-10-18 17:30:00,33.66999816894531
2018-10-18 18:30:00,33.7599983215332
2018-10-18 19:30:00,33.72999954223633
2018-10-19 13:30:00,33.65999984741211
2018-10-19 14:30:00,33.630001068115234
2018-10-19 15:30:00,33.404998779296875
2018-10-19 16:30:00,33.29999923706055
2018-10-19 17:30:00,33.29100036621094
2018-10-19 18:30:00,33.290000915527344
2018-10-19 19:30:00,33.22999954223633
2018-10-22 13:30:00,33.07500076293945
2018-10-22 14:30:00,33.20000076293945
2018-10-22 15:30:00,32.959999084472656
2018-10-22 16:30:00,33.0099983215332
2018-10-22 17:30:00,33.0
2018-10-22 18:30:00,33.01499938964844
2018-10-22 19:30:00,33.0
2018-10-23 13:30:00,32.775001525878906
2018-10-23 14:30:00,32.70000076293945
2018-10-23 15:30:00,32.58000183105469
2018-10-23 16:30:00,32.61000061035156
2018-10-23 17:30:00,32.56999969482422
2018-10-23 18:30:00,32.779998779296875
2018-10-23 19:30:00,32.70000076293945
2018-10-24 13:30:00,31.719999313354492
2018-10-24 14:30:00,30.920000076293945
2018-10-24 15:30:00,30.93000030517578
2018-10-24 16:30:00,30.110000610351562
2018-10-24 17:30:00,30.200000762939453
2018-10-24 18:30:00,29.989999771118164
2018-10-24 19:30:00,29.90999984741211
2018-10-25 13:30:00,30.25
2018-10-25 14:30:00,30.19499969482422
2018-10-25 15:30:00,29.540000915527344
2018-10-25 16:30:00,29.579999923706055
2018-10-25 17:30:00,29.809999465942383
2018-10-25 18:30:00,29.850000381469727
2018-10-25 19:30:00,29.68000030517578
2018-10-26 13:30:00,29.520000457763672
2018-10-26 14:30:00,30.280000686645508
2018-10-26 15:30:00,30.25
2018-10-26 16:30:00,30.31999969482422
2018-10-26 17:30:00,30.110000610351562
2018-10-26 18:30:00,29.959999084472656
2018-10-26 19:30:00,29.969999313354492
2018-10-29 13:30:00,31.0049991607666
2018-10-29 14:30:00,30.829999923706055
2018-10-29 15:30:00,30.670000076293945
2018-10-29 16:30:00,30.579999923706055
2018-10-29 17:30:00,30.549999237060547
2018-10-29 18:30:00,30.334999084472656
2018-10-29 19:30:00,30.450000762939453
2018-10-30 13:30:00,31.600000381469727
2018-10-30 14:30:00,31.200000762939453
2018-10-30 15:30:00,31.389999389648438
2018-10-30 16:30:00,31.135000228881836
2018-10-30 17:30:00,31.260000228881836
2018-10-30 18:30:00,31.604999542236328
2018-10-30 19:30:00,31.649999618530273
2018-10-31 13:30:00,32.84109878540039
2018-10-31 14:30:00,32.41999816894531
2018-10-31 15:30:00,32.15999984741211
2018-10-31 16:30:00,31.940000534057617
2018-10-31 17:30:00,32.1349983215332
2018-10-31 18:30:00,32.150001525878906
2018-10-31 19:30:00,31.979999542236328
2018-11-01 13:30:00,31.885000228881836
2018-11-01 14:30:00,31.93000030517578
2018-11-01 15:30:00,32.09000015258789
2018-11-01 16:30:00,32.474998474121094
2018-11-01 17:30:00,32.720001220703125
2018-11-01 18:30:00,32.73500061035156
2018-11-01 19:30:00,32.77000045776367
2018-11-02 13:30:00,32.91999816894531
2018-11-02 14:30:00,32.25
2018-11-02 15:30:00,31.8799991607666
2018-11-02 16:30:00,32.06999969482422
2018-11-02 17:30:00,32.43000030517578
2018-11-02 18:30:00,31.59000015258789
2018-11-02 19:30:00,31.649999618530273
