Datetime,VRTX
2017-11-06 14:30:00,149.08279418945312
2017-11-06 15:30:00,148.03900146484375
2017-11-06 16:30:00,147.94000244140625
2017-11-06 17:30:00,148.3000030517578
2017-11-06 18:30:00,148.99000549316406
2017-11-06 19:30:00,148.7899932861328
2017-11-06 20:30:00,149.0
2017-11-07 14:30:00,150.00999450683594
2017-11-07 15:30:00,148.77749633789062
2017-11-07 16:30:00,149.6999969482422
2017-11-07 17:30:00,149.49000549316406
2017-11-07 18:30:00,150.11500549316406
2017-11-07 19:30:00,150.875
2017-11-07 20:30:00,151.30999755859375
2017-11-08 14:30:00,149.9949951171875
2017-11-08 15:30:00,148.3699951171875
2017-11-08 16:30:00,147.89999389648438
2017-11-08 17:30:00,147.74000549316406
2017-11-08 18:30:00,147.0500030517578
2017-11-08 19:30:00,147.14999389648438
2017-11-08 20:30:00,147.39999389648438
2017-11-09 14:30:00,146.44000244140625
2017-11-09 15:30:00,144.96499633789062
2017-11-09 16:30:00,144.99000549316406
2017-11-09 17:30:00,146.5449981689453
2017-11-09 18:30:00,147.02000427246094
2017-11-09 19:30:00,147.6927947998047
2017-11-09 20:30:00,148.1699981689453
2017-11-10 14:30:00,146.66119384765625
2017-11-10 15:30:00,146.4499969482422
2017-11-10 16:30:00,147.02499389648438
2017-11-10 17:30:00,147.29249572753906
2017-11-10 18:30:00,147.99000549316406
2017-11-10 19:30:00,148.2899932861328
2017-11-10 20:30:00,148.74000549316406
2017-11-13 14:30:00,148.67999267578125
2017-11-13 15:30:00,147.92999267578125
2017-11-13 16:30:00,147.99000549316406
2017-11-13 17:30:00,147.83999633789062
2017-11-13 18:30:00,147.4600067138672
2017-11-13 19:30:00,147.95809936523438
2017-11-13 20:30:00,148.00999450683594
2017-11-14 14:30:00,147.8800048828125
2017-11-14 15:30:00,147.75
2017-11-14 16:30:00,148.24000549316406
2017-11-14 17:30:00,147.1300048828125
2017-11-14 18:30:00,146.63250732421875
2017-11-14 19:30:00,147.61000061035156
2017-11-14 20:30:00,147.82000732421875
2017-11-15 14:30:00,149.27000427246094
2017-11-15 15:30:00,149.3699951171875
2017-11-15 16:30:00,149.4199981689453
2017-11-15 17:30:00,148.52999877929688
2017-11-15 18:30:00,149.22000122070312
2017-11-15 19:30:00,148.61000061035156
2017-11-15 20:30:00,148.66000366210938
2017-11-16 14:30:00,149.25999450683594
2017-11-16 15:30:00,149.50999450683594
2017-11-16 16:30:00,148.97999572753906
2017-11-16 17:30:00,148.77999877929688
2017-11-16 18:30:00,148.6199951171875
2017-11-16 19:30:00,148.86000061035156
2017-11-16 20:30:00,147.9199981689453
2017-11-17 14:30:00,147.67999267578125
2017-11-17 15:30:00,147.9499969482422
2017-11-17 16:30:00,147.8000030517578
2017-11-17 17:30:00,147.88999938964844
2017-11-17 18:30:00,147.13499450683594
2017-11-17 19:30:00,147.17999267578125
2017-11-17 20:30:00,147.41000366210938
2017-11-20 14:30:00,145.7100067138672
2017-11-20 15:30:00,145.11300659179688
2017-11-20 16:30:00,145.2100067138672
2017-11-20 17:30:00,146.27499389648438
2017-11-20 18:30:00,146.0800018310547
2017-11-20 19:30:00,145.57000732421875
2017-11-20 20:30:00,144.64999389648438
2017-11-21 14:30:00,144.0
2017-11-21 15:30:00,145.05999755859375
2017-11-21 16:30:00,144.9199981689453
2017-11-21 17:30:00,144.9600067138672
2017-11-21 18:30:00,145.10499572753906
2017-11-21 19:30:00,144.9499969482422
2017-11-21 20:30:00,145.0500030517578
2017-11-22 14:30:00,145.77000427246094
2017-11-22 15:30:00,146.25
2017-11-22 16:30:00,146.6699981689453
2017-11-22 17:30:00,146.8000030517578
2017-11-22 18:30:00,146.63999938964844
2017-11-22 19:30:00,146.6699981689453
2017-11-22 20:30:00,147.00999450683594
2017-11-24 14:30:00,147.42999267578125
2017-11-24 15:30:00,147.5850067138672
2017-11-24 16:30:00,146.9499969482422
2017-11-24 18:00:00,146.82969665527344
2017-11-27 14:30:00,148.0
2017-11-27 15:30:00,148.82000732421875
2017-11-27 16:30:00,148.50999450683594
2017-11-27 17:30:00,148.47000122070312
2017-11-27 18:30:00,148.19000244140625
2017-11-27 19:30:00,148.00999450683594
2017-11-27 20:30:00,148.57000732421875
2017-11-28 14:30:00,146.83999633789062
2017-11-28 15:30:00,147.02499389648438
2017-11-28 16:30:00,147.22999572753906
2017-11-28 17:30:00,147.57000732421875
2017-11-28 18:30:00,147.02999877929688
2017-11-28 19:30:00,147.30999755859375
2017-11-28 20:30:00,147.30999755859375
2017-11-29 14:30:00,146.72999572753906
2017-11-29 15:30:00,144.8800048828125
2017-11-29 16:30:00,145.9499969482422
2017-11-29 17:30:00,145.97000122070312
2017-11-29 18:30:00,144.5
2017-11-29 19:30:00,142.72000122070312
2017-11-29 20:30:00,143.75
2017-11-30 14:30:00,144.57000732421875
2017-11-30 15:30:00,144.72999572753906
2017-11-30 16:30:00,145.39999389648438
2017-11-30 17:30:00,145.0500030517578
2017-11-30 18:30:00,144.4600067138672
2017-11-30 19:30:00,144.24000549316406
2017-11-30 20:30:00,144.1999969482422
2017-12-01 14:30:00,144.5
2017-12-01 15:30:00,140.0800018310547
2017-12-01 16:30:00,141.11000061035156
2017-12-01 17:30:00,140.97000122070312
2017-12-01 18:30:00,141.0
2017-12-01 19:30:00,140.72999572753906
2017-12-01 20:30:00,140.82000732421875
2017-12-04 14:30:00,140.4595947265625
2017-12-04 15:30:00,141.1999969482422
2017-12-04 16:30:00,142.22000122070312
2017-12-04 17:30:00,141.88499450683594
2017-12-04 18:30:00,140.9199981689453
2017-12-04 19:30:00,139.9199981689453
2017-12-04 20:30:00,138.7899932861328
2017-12-05 14:30:00,139.74000549316406
2017-12-05 15:30:00,140.33999633789062
2017-12-05 16:30:00,139.7449951171875
2017-12-05 17:30:00,140.22999572753906
2017-12-05 18:30:00,139.80999755859375
2017-12-05 19:30:00,138.6699981689453
2017-12-05 20:30:00,138.3699951171875
2017-12-06 14:30:00,137.4499969482422
2017-12-06 15:30:00,138.02999877929688
2017-12-06 16:30:00,137.0850067138672
2017-12-06 17:30:00,137.32000732421875
2017-12-06 18:30:00,137.75999450683594
2017-12-06 19:30:00,137.44000244140625
2017-12-06 20:30:00,137.36000061035156
2017-12-07 14:30:00,137.41000366210938
2017-12-07 15:30:00,138.91000366210938
2017-12-07 16:30:00,139.4022979736328
2017-12-07 17:30:00,139.72999572753906
2017-12-07 18:30:00,139.4199981689453
2017-12-07 19:30:00,139.13999938964844
2017-12-07 20:30:00,138.77999877929688
2017-12-08 14:30:00,142.57000732421875
2017-12-08 15:30:00,143.34500122070312
2017-12-08 16:30:00,144.64999389648438
2017-12-08 17:30:00,144.24000549316406
2017-12-08 18:30:00,143.41000366210938
2017-12-08 19:30:00,143.58999633789062
2017-12-08 20:30:00,143.58999633789062
2017-12-11 14:30:00,140.22999572753906
2017-12-11 15:30:00,141.5
2017-12-11 16:30:00,141.6649932861328
2017-12-11 17:30:00,141.32000732421875
2017-12-11 18:30:00,141.1999969482422
2017-12-11 19:30:00,141.02000427246094
2017-12-11 20:30:00,141.6699981689453
2017-12-12 14:30:00,141.22000122070312
2017-12-12 15:30:00,141.5
2017-12-12 16:30:00,141.22000122070312
2017-12-12 17:30:00,140.97000122070312
2017-12-12 18:30:00,141.0800018310547
2017-12-12 19:30:00,141.33999633789062
2017-12-12 20:30:00,140.9199981689453
2017-12-13 14:30:00,142.8000030517578
2017-12-13 15:30:00,143.82000732421875
2017-12-13 16:30:00,143.51499938964844
2017-12-13 17:30:00,143.72000122070312
2017-12-13 18:30:00,144.00010681152344
2017-12-13 19:30:00,145.83999633789062
2017-12-13 20:30:00,144.75999450683594
2017-12-14 14:30:00,144.3000030517578
2017-12-14 15:30:00,144.19000244140625
2017-12-14 16:30:00,144.33999633789062
2017-12-14 17:30:00,143.67999267578125
2017-12-14 18:30:00,142.80999755859375
2017-12-14 19:30:00,142.88999938964844
2017-12-14 20:30:00,142.4600067138672
2017-12-15 14:30:00,143.55499267578125
2017-12-15 15:30:00,143.72999572753906
2017-12-15 16:30:00,144.66000366210938
2017-12-15 17:30:00,145.13499450683594
2017-12-15 18:30:00,145.19000244140625
2017-12-15 19:30:00,145.6199951171875
2017-12-15 20:30:00,145.8300018310547
2017-12-18 14:30:00,146.94000244140625
2017-12-18 15:30:00,147.03199768066406
2017-12-18 16:30:00,147.0
2017-12-18 17:30:00,146.6699981689453
2017-12-18 18:30:00,146.32000732421875
2017-12-18 19:30:00,145.64999389648438
2017-12-18 20:30:00,145.4600067138672
2017-12-19 14:30:00,144.8699951171875
2017-12-19 15:30:00,147.0
2017-12-19 16:30:00,145.35000610351562
2017-12-19 17:30:00,145.02999877929688
2017-12-19 18:30:00,145.5800018310547
2017-12-19 19:30:00,145.3300018310547
2017-12-19 20:30:00,145.14999389648438
2017-12-20 14:30:00,145.2100067138672
2017-12-20 15:30:00,145.72999572753906
2017-12-20 16:30:00,145.86000061035156
2017-12-20 17:30:00,145.61000061035156
2017-12-20 18:30:00,145.18409729003906
2017-12-20 19:30:00,145.32000732421875
2017-12-20 20:30:00,145.1300048828125
2017-12-21 14:30:00,147.08999633789062
2017-12-21 15:30:00,146.55880737304688
2017-12-21 16:30:00,147.02000427246094
2017-12-21 17:30:00,148.07000732421875
2017-12-21 18:30:00,147.92999267578125
2017-12-21 19:30:00,148.9600067138672
2017-12-21 20:30:00,148.8300018310547
2017-12-22 14:30:00,150.72999572753906
2017-12-22 15:30:00,149.24000549316406
2017-12-22 16:30:00,148.19000244140625
2017-12-22 17:30:00,148.52000427246094
2017-12-22 18:30:00,148.3800048828125
2017-12-22 19:30:00,149.6300048828125
2017-12-22 20:30:00,149.94000244140625
2017-12-26 14:30:00,150.85000610351562
2017-12-26 15:30:00,150.27999877929688
2017-12-26 16:30:00,150.44000244140625
2017-12-26 17:30:00,150.5
2017-12-26 18:30:00,150.5
2017-12-26 19:30:00,150.4149932861328
2017-12-26 20:30:00,150.58999633789062
2017-12-27 14:30:00,151.86180114746094
2017-12-27 15:30:00,151.77000427246094
2017-12-27 16:30:00,152.5989990234375
2017-12-27 17:30:00,151.99000549316406
2017-12-27 18:30:00,151.8000030517578
2017-12-27 19:30:00,151.4199981689453
2017-12-27 20:30:00,151.5500030517578
2017-12-28 14:30:00,148.9199981689453
2017-12-28 15:30:00,150.88999938964844
2017-12-28 16:30:00,150.80670166015625
2017-12-28 17:30:00,151.0800018310547
2017-12-28 18:30:00,150.8000030517578
2017-12-28 19:30:00,150.48500061035156
2017-12-28 20:30:00,151.22999572753906
2017-12-29 14:30:00,151.0
2017-12-29 15:30:00,150.6999969482422
2017-12-29 16:30:00,150.91000366210938
2017-12-29 17:30:00,150.5500030517578
2017-12-29 18:30:00,150.19000244140625
2017-12-29 19:30:00,150.63999938964844
2017-12-29 20:30:00,149.86000061035156
2018-01-02 14:30:00,151.22000122070312
2018-01-02 15:30:00,151.82000732421875
2018-01-02 16:30:00,152.4600067138672
2018-01-02 17:30:00,152.58999633789062
2018-01-02 18:30:00,152.54800415039062
2018-01-02 19:30:00,152.7241973876953
2018-01-02 20:30:00,152.89999389648438
2018-01-03 14:30:00,151.60000610351562
2018-01-03 15:30:00,152.5800018310547
2018-01-03 16:30:00,152.92999267578125
2018-01-03 17:30:00,152.38400268554688
2018-01-03 18:30:00,152.23629760742188
2018-01-03 19:30:00,152.1649932861328
2018-01-03 20:30:00,152.0
2018-01-04 14:30:00,152.3699951171875
2018-01-04 15:30:00,152.02000427246094
2018-01-04 16:30:00,152.5
2018-01-04 17:30:00,152.97500610351562
2018-01-04 18:30:00,153.5
2018-01-04 19:30:00,153.42999267578125
2018-01-04 20:30:00,153.05999755859375
2018-01-05 14:30:00,156.1199951171875
2018-01-05 15:30:00,156.9600067138672
2018-01-05 16:30:00,156.5800018310547
2018-01-05 17:30:00,155.07000732421875
2018-01-05 18:30:00,155.0800018310547
2018-01-05 19:30:00,155.27999877929688
2018-01-05 20:30:00,155.7100067138672
2018-01-08 14:30:00,156.72000122070312
2018-01-08 15:30:00,155.3699951171875
2018-01-08 16:30:00,155.34500122070312
2018-01-08 17:30:00,154.9600067138672
2018-01-08 18:30:00,155.33999633789062
2018-01-08 19:30:00,156.4600067138672
2018-01-08 20:30:00,156.8800048828125
2018-01-09 14:30:00,155.24000549316406
2018-01-09 15:30:00,155.52000427246094
2018-01-09 16:30:00,154.8300018310547
2018-01-09 17:30:00,154.9499969482422
2018-01-09 18:30:00,155.14999389648438
2018-01-09 19:30:00,155.5500030517578
2018-01-09 20:30:00,156.02999877929688
2018-01-10 14:30:00,155.80999755859375
2018-01-10 15:30:00,155.80999755859375
2018-01-10 16:30:00,156.80999755859375
2018-01-10 17:30:00,156.94000244140625
2018-01-10 18:30:00,157.19000244140625
2018-01-10 19:30:00,157.32000732421875
2018-01-10 20:30:00,157.38999938964844
2018-01-11 14:30:00,157.0449981689453
2018-01-11 15:30:00,157.44000244140625
2018-01-11 16:30:00,157.88999938964844
2018-01-11 17:30:00,158.4250030517578
2018-01-11 18:30:00,158.0
2018-01-11 19:30:00,158.35000610351562
2018-01-11 20:30:00,158.2899932861328
2018-01-12 14:30:00,157.13999938964844
2018-01-12 15:30:00,157.19000244140625
2018-01-12 16:30:00,157.8300018310547
2018-01-12 17:30:00,157.6092071533203
2018-01-12 18:30:00,157.95269775390625
2018-01-12 19:30:00,158.11000061035156
2018-01-12 20:30:00,157.8699951171875
2018-01-16 14:30:00,159.36000061035156
2018-01-16 15:30:00,157.8800048828125
2018-01-16 16:30:00,156.75999450683594
2018-01-16 17:30:00,155.5749969482422
2018-01-16 18:30:00,155.35000610351562
2018-01-16 19:30:00,156.17999267578125
2018-01-16 20:30:00,155.7100067138672
2018-01-17 14:30:00,156.58999633789062
2018-01-17 15:30:00,156.55999755859375
2018-01-17 16:30:00,155.94000244140625
2018-01-17 17:30:00,156.1999969482422
2018-01-17 18:30:00,156.47000122070312
2018-01-17 19:30:00,157.0399932861328
2018-01-17 20:30:00,156.92999267578125
2018-01-18 14:30:00,155.85000610351562
2018-01-18 15:30:00,156.61000061035156
2018-01-18 16:30:00,156.8000030517578
2018-01-18 17:30:00,157.27999877929688
2018-01-18 18:30:00,156.77999877929688
2018-01-18 19:30:00,156.64999389648438
2018-01-18 20:30:00,157.19000244140625
2018-01-19 14:30:00,159.19000244140625
2018-01-19 15:30:00,158.82000732421875
2018-01-19 16:30:00,157.84800720214844
2018-01-19 17:30:00,157.44500732421875
2018-01-19 18:30:00,157.8699951171875
2018-01-19 19:30:00,158.10000610351562
2018-01-19 20:30:00,157.9499969482422
2018-01-22 14:30:00,160.74000549316406
2018-01-22 15:30:00,160.1999969482422
2018-01-22 16:30:00,160.74000549316406
2018-01-22 17:30:00,160.50999450683594
2018-01-22 18:30:00,160.5
2018-01-22 19:30:00,160.97000122070312
2018-01-22 20:30:00,161.91000366210938
2018-01-23 14:30:00,164.5449981689453
2018-01-23 15:30:00,164.63900756835938
2018-01-23 16:30:00,166.56500244140625
2018-01-23 17:30:00,166.1300048828125
2018-01-23 18:30:00,165.60000610351562
2018-01-23 19:30:00,165.6699981689453
2018-01-23 20:30:00,166.58999633789062
2018-01-24 14:30:00,166.69000244140625
2018-01-24 15:30:00,167.74000549316406
2018-01-24 16:30:00,167.7899932861328
2018-01-24 17:30:00,167.9499969482422
2018-01-24 18:30:00,168.77999877929688
2018-01-24 19:30:00,168.5
2018-01-24 20:30:00,167.4499969482422
2018-01-25 14:30:00,168.05499267578125
2018-01-25 15:30:00,168.99000549316406
2018-01-25 16:30:00,168.3300018310547
2018-01-25 17:30:00,167.00999450683594
2018-01-25 18:30:00,166.85000610351562
2018-01-25 19:30:00,166.47999572753906
2018-01-25 20:30:00,166.25999450683594
2018-01-26 14:30:00,166.8699951171875
2018-01-26 15:30:00,166.8300018310547
2018-01-26 16:30:00,167.02999877929688
2018-01-26 17:30:00,168.02999877929688
2018-01-26 18:30:00,167.86000061035156
2018-01-26 19:30:00,167.9499969482422
2018-01-26 20:30:00,169.1999969482422
2018-01-29 14:30:00,170.24000549316406
2018-01-29 15:30:00,168.1300048828125
2018-01-29 16:30:00,168.0
2018-01-29 17:30:00,167.52000427246094
2018-01-29 18:30:00,167.35000610351562
2018-01-29 19:30:00,166.47000122070312
2018-01-29 20:30:00,167.1300048828125
2018-01-30 14:30:00,167.2899932861328
2018-01-30 15:30:00,167.8000030517578
2018-01-30 16:30:00,166.7100067138672
2018-01-30 17:30:00,166.72500610351562
2018-01-30 18:30:00,166.5500030517578
2018-01-30 19:30:00,166.7550048828125
2018-01-30 20:30:00,166.55999755859375
2018-01-31 14:30:00,167.47999572753906
2018-01-31 15:30:00,165.91000366210938
2018-01-31 16:30:00,166.24000549316406
2018-01-31 17:30:00,166.67999267578125
2018-01-31 18:30:00,166.88999938964844
2018-01-31 19:30:00,166.2949981689453
2018-01-31 20:30:00,166.8699951171875
2018-02-01 14:30:00,165.88999938964844
2018-02-01 15:30:00,164.3000030517578
2018-02-01 16:30:00,167.27000427246094
2018-02-01 17:30:00,166.9499969482422
2018-02-01 18:30:00,166.66000366210938
2018-02-01 19:30:00,166.99000549316406
2018-02-01 20:30:00,170.97999572753906
2018-02-02 14:30:00,164.57000732421875
2018-02-02 15:30:00,166.52000427246094
2018-02-02 16:30:00,166.08999633789062
2018-02-02 17:30:00,165.94000244140625
2018-02-02 18:30:00,165.63999938964844
2018-02-02 19:30:00,166.2100067138672
2018-02-02 20:30:00,166.27999877929688
2018-02-05 14:30:00,164.7899932861328
2018-02-05 15:30:00,162.52000427246094
2018-02-05 16:30:00,160.39999389648438
2018-02-05 17:30:00,159.72000122070312
2018-02-05 18:30:00,158.57000732421875
2018-02-05 19:30:00,159.35000610351562
2018-02-05 20:30:00,155.16000366210938
2018-02-06 14:30:00,156.1999969482422
2018-02-06 15:30:00,154.61000061035156
2018-02-06 16:30:00,156.0
2018-02-06 17:30:00,156.8699951171875
2018-02-06 18:30:00,155.2165985107422
2018-02-06 19:30:00,158.63999938964844
2018-02-06 20:30:00,159.27000427246094
2018-02-07 14:30:00,158.77999877929688
2018-02-07 15:30:00,159.08999633789062
2018-02-07 16:30:00,159.0800018310547
2018-02-07 17:30:00,156.2100067138672
2018-02-07 18:30:00,157.52999877929688
2018-02-07 19:30:00,157.77999877929688
2018-02-07 20:30:00,155.6999969482422
2018-02-08 14:30:00,156.3699951171875
2018-02-08 15:30:00,155.25
2018-02-08 16:30:00,154.91000366210938
2018-02-08 17:30:00,154.00999450683594
2018-02-08 18:30:00,154.2100067138672
2018-02-08 19:30:00,153.72999572753906
2018-02-08 20:30:00,151.67999267578125
2018-02-09 14:30:00,150.86000061035156
2018-02-09 15:30:00,149.0
2018-02-09 16:30:00,147.10000610351562
2018-02-09 17:30:00,147.1300048828125
2018-02-09 18:30:00,152.1699981689453
2018-02-09 19:30:00,151.9600067138672
2018-02-09 20:30:00,152.9499969482422
2018-02-12 14:30:00,149.39999389648438
2018-02-12 15:30:00,149.52999877929688
2018-02-12 16:30:00,150.875
2018-02-12 17:30:00,151.24000549316406
2018-02-12 18:30:00,151.08999633789062
2018-02-12 19:30:00,151.97000122070312
2018-02-12 20:30:00,151.99000549316406
2018-02-13 14:30:00,153.97999572753906
2018-02-13 15:30:00,152.49000549316406
2018-02-13 16:30:00,151.61000061035156
2018-02-13 17:30:00,152.44000244140625
2018-02-13 18:30:00,153.0
2018-02-13 19:30:00,153.93499755859375
2018-02-13 20:30:00,154.1199951171875
2018-02-14 14:30:00,155.9600067138672
2018-02-14 15:30:00,155.64999389648438
2018-02-14 16:30:00,156.16000366210938
2018-02-14 17:30:00,157.10000610351562
2018-02-14 18:30:00,157.1699981689453
2018-02-14 19:30:00,156.60000610351562
2018-02-14 20:30:00,157.25
2018-02-15 14:30:00,158.97000122070312
2018-02-15 15:30:00,158.80999755859375
2018-02-15 16:30:00,159.5800018310547
2018-02-15 17:30:00,160.36000061035156
2018-02-15 18:30:00,160.5
2018-02-15 19:30:00,160.02000427246094
2018-02-15 20:30:00,160.9199981689453
2018-02-16 14:30:00,160.4499969482422
2018-02-16 15:30:00,160.82000732421875
2018-02-16 16:30:00,161.61000061035156
2018-02-16 17:30:00,160.8800048828125
2018-02-16 18:30:00,160.1199951171875
2018-02-16 19:30:00,161.02999877929688
2018-02-16 20:30:00,160.72999572753906
2018-02-20 14:30:00,160.5800018310547
2018-02-20 15:30:00,162.11000061035156
2018-02-20 16:30:00,162.6999969482422
2018-02-20 17:30:00,162.77999877929688
2018-02-20 18:30:00,162.80999755859375
2018-02-20 19:30:00,160.8426971435547
2018-02-20 20:30:00,160.97000122070312
2018-02-21 14:30:00,159.67999267578125
2018-02-21 15:30:00,158.52000427246094
2018-02-21 16:30:00,158.50999450683594
2018-02-21 17:30:00,160.22999572753906
2018-02-21 18:30:00,160.99000549316406
2018-02-21 19:30:00,159.22000122070312
2018-02-21 20:30:00,157.9499969482422
2018-02-22 14:30:00,160.16250610351562
2018-02-22 15:30:00,159.99000549316406
2018-02-22 16:30:00,159.11000061035156
2018-02-22 17:30:00,158.80999755859375
2018-02-22 18:30:00,159.6999969482422
2018-02-22 19:30:00,158.2100067138672
2018-02-22 20:30:00,157.58999633789062
2018-02-23 14:30:00,159.91000366210938
2018-02-23 15:30:00,161.3800048828125
2018-02-23 16:30:00,162.2449951171875
2018-02-23 17:30:00,162.3800048828125
2018-02-23 18:30:00,164.10000610351562
2018-02-23 19:30:00,165.47000122070312
2018-02-23 20:30:00,165.94000244140625
2018-02-26 14:30:00,167.75
2018-02-26 15:30:00,168.5500030517578
2018-02-26 16:30:00,169.125
2018-02-26 17:30:00,170.0
2018-02-26 18:30:00,168.74000549316406
2018-02-26 19:30:00,168.68499755859375
2018-02-26 20:30:00,169.5500030517578
2018-02-27 14:30:00,168.77000427246094
2018-02-27 15:30:00,167.16000366210938
2018-02-27 16:30:00,166.58999633789062
2018-02-27 17:30:00,166.7899932861328
2018-02-27 18:30:00,166.41000366210938
2018-02-27 19:30:00,166.24000549316406
2018-02-27 20:30:00,165.8800048828125
2018-02-28 14:30:00,168.44000244140625
2018-02-28 15:30:00,167.22000122070312
2018-02-28 16:30:00,167.8699951171875
2018-02-28 17:30:00,169.44000244140625
2018-02-28 18:30:00,169.39999389648438
2018-02-28 19:30:00,167.22999572753906
2018-02-28 20:30:00,166.05999755859375
2018-03-01 14:30:00,166.57000732421875
2018-03-01 15:30:00,166.5800018310547
2018-03-01 16:30:00,166.22000122070312
2018-03-01 17:30:00,165.3350067138672
2018-03-01 18:30:00,164.52000427246094
2018-03-01 19:30:00,165.8350067138672
2018-03-01 20:30:00,165.8800048828125
2018-03-02 14:30:00,162.6699981689453
2018-03-02 15:30:00,164.08999633789062
2018-03-02 16:30:00,166.71499633789062
2018-03-02 17:30:00,166.57000732421875
2018-03-02 18:30:00,167.36000061035156
2018-03-02 19:30:00,168.22999572753906
2018-03-02 20:30:00,170.22000122070312
2018-03-05 14:30:00,167.55499267578125
2018-03-05 15:30:00,170.64520263671875
2018-03-05 16:30:00,171.7050018310547
2018-03-05 17:30:00,172.17999267578125
2018-03-05 18:30:00,171.75999450683594
2018-03-05 19:30:00,172.39999389648438
2018-03-05 20:30:00,173.44000244140625
2018-03-06 14:30:00,173.1999969482422
2018-03-06 15:30:00,169.25
2018-03-06 16:30:00,167.5800018310547
2018-03-06 17:30:00,167.625
2018-03-06 18:30:00,167.02999877929688
2018-03-06 19:30:00,169.25
2018-03-06 20:30:00,168.6699981689453
2018-03-07 14:30:00,169.17999267578125
2018-03-07 15:30:00,169.9600067138672
2018-03-07 16:30:00,168.96499633789062
2018-03-07 17:30:00,169.85020446777344
2018-03-07 18:30:00,169.6300048828125
2018-03-07 19:30:00,169.33999633789062
2018-03-07 20:30:00,170.16000366210938
2018-03-08 14:30:00,170.42999267578125
2018-03-08 15:30:00,170.8000030517578
2018-03-08 16:30:00,171.3699951171875
2018-03-08 17:30:00,170.63499450683594
2018-03-08 18:30:00,170.75999450683594
2018-03-08 19:30:00,171.69000244140625
2018-03-08 20:30:00,171.85899353027344
2018-03-09 14:30:00,172.36000061035156
2018-03-09 15:30:00,173.66000366210938
2018-03-09 16:30:00,175.17999267578125
2018-03-09 17:30:00,175.13999938964844
2018-03-09 18:30:00,175.59500122070312
2018-03-09 19:30:00,175.85000610351562
2018-03-09 20:30:00,176.22000122070312
2018-03-12 13:30:00,176.3699951171875
2018-03-12 14:30:00,177.1652069091797
2018-03-12 15:30:00,177.47129821777344
2018-03-12 16:30:00,177.33749389648438
2018-03-12 17:30:00,177.30999755859375
2018-03-12 18:30:00,178.0
2018-03-12 19:30:00,177.14999389648438
2018-03-13 13:30:00,177.8000030517578
2018-03-13 14:30:00,177.75999450683594
2018-03-13 15:30:00,176.31500244140625
2018-03-13 16:30:00,177.3800048828125
2018-03-13 17:30:00,175.74000549316406
2018-03-13 18:30:00,175.16000366210938
2018-03-13 19:30:00,174.9600067138672
2018-03-14 13:30:00,174.2864990234375
2018-03-14 14:30:00,173.63999938964844
2018-03-14 15:30:00,173.52999877929688
2018-03-14 16:30:00,173.75999450683594
2018-03-14 17:30:00,174.75
2018-03-14 18:30:00,173.83999633789062
2018-03-14 19:30:00,174.3800048828125
2018-03-15 13:30:00,176.44000244140625
2018-03-15 14:30:00,176.3000030517578
2018-03-15 15:30:00,175.60000610351562
2018-03-15 16:30:00,174.99000549316406
2018-03-15 17:30:00,173.4199981689453
2018-03-15 18:30:00,173.66000366210938
2018-03-15 19:30:00,173.9600067138672
2018-03-16 13:30:00,174.44500732421875
2018-03-16 14:30:00,173.77999877929688
2018-03-16 15:30:00,174.4600067138672
2018-03-16 16:30:00,174.92999267578125
2018-03-16 17:30:00,175.38999938964844
2018-03-16 18:30:00,176.0
2018-03-16 19:30:00,175.6699981689453
2018-03-19 13:30:00,174.1199951171875
2018-03-19 14:30:00,171.27999877929688
2018-03-19 15:30:00,170.91000366210938
2018-03-19 16:30:00,169.35000610351562
2018-03-19 17:30:00,169.3000030517578
2018-03-19 18:30:00,169.11000061035156
2018-03-19 19:30:00,170.6699981689453
2018-03-20 13:30:00,171.42999267578125
2018-03-20 14:30:00,170.97999572753906
2018-03-20 15:30:00,172.02000427246094
2018-03-20 16:30:00,171.50999450683594
2018-03-20 17:30:00,171.72999572753906
2018-03-20 18:30:00,171.8699951171875
2018-03-20 19:30:00,171.47000122070312
2018-03-21 13:30:00,170.8972930908203
2018-03-21 14:30:00,171.14999389648438
2018-03-21 15:30:00,170.70660400390625
2018-03-21 16:30:00,170.74000549316406
2018-03-21 17:30:00,170.52999877929688
2018-03-21 18:30:00,169.41000366210938
2018-03-21 19:30:00,170.33999633789062
2018-03-22 13:30:00,169.74000549316406
2018-03-22 14:30:00,168.1699981689453
2018-03-22 15:30:00,168.27999877929688
2018-03-22 16:30:00,168.9199981689453
2018-03-22 17:30:00,167.88999938964844
2018-03-22 18:30:00,166.8699951171875
2018-03-22 19:30:00,166.0500030517578
2018-03-23 13:30:00,164.8300018310547
2018-03-23 14:30:00,165.0399932861328
2018-03-23 15:30:00,165.38499450683594
2018-03-23 16:30:00,165.14999389648438
2018-03-23 17:30:00,163.9499969482422
2018-03-23 18:30:00,162.14999389648438
2018-03-23 19:30:00,160.92999267578125
2018-03-26 13:30:00,162.5
2018-03-26 14:30:00,161.16000366210938
2018-03-26 15:30:00,162.6300048828125
2018-03-26 16:30:00,162.83999633789062
2018-03-26 17:30:00,164.84500122070312
2018-03-26 18:30:00,165.66000366210938
2018-03-26 19:30:00,166.08999633789062
2018-03-27 13:30:00,164.30999755859375
2018-03-27 14:30:00,163.4375
2018-03-27 15:30:00,164.86000061035156
2018-03-27 16:30:00,164.9499969482422
2018-03-27 17:30:00,163.22000122070312
2018-03-27 18:30:00,160.6999969482422
2018-03-27 19:30:00,160.27000427246094
2018-03-28 13:30:00,159.63999938964844
2018-03-28 14:30:00,159.5449981689453
2018-03-28 15:30:00,160.7949981689453
2018-03-28 16:30:00,159.77999877929688
2018-03-28 17:30:00,159.61000061035156
2018-03-28 18:30:00,160.08999633789062
2018-03-28 19:30:00,159.49000549316406
2018-03-29 13:30:00,160.25999450683594
2018-03-29 14:30:00,162.1999969482422
2018-03-29 15:30:00,162.77999877929688
2018-03-29 16:30:00,162.52000427246094
2018-03-29 17:30:00,163.91000366210938
2018-03-29 18:30:00,163.82130432128906
2018-03-29 19:30:00,162.99000549316406
2018-04-02 13:30:00,158.60000610351562
2018-04-02 14:30:00,157.7100067138672
2018-04-02 15:30:00,156.2899932861328
2018-04-02 16:30:00,154.3699951171875
2018-04-02 17:30:00,154.82000732421875
2018-04-02 18:30:00,154.8000030517578
2018-04-02 19:30:00,156.22000122070312
2018-04-03 13:30:00,154.63999938964844
2018-04-03 14:30:00,157.9949951171875
2018-04-03 15:30:00,156.3699951171875
2018-04-03 16:30:00,157.72999572753906
2018-04-03 17:30:00,156.3000030517578
2018-04-03 18:30:00,159.25999450683594
2018-04-03 19:30:00,158.33999633789062
2018-04-04 13:30:00,155.77999877929688
2018-04-04 14:30:00,157.53500366210938
2018-04-04 15:30:00,158.9600067138672
2018-04-04 16:30:00,157.8800048828125
2018-04-04 17:30:00,160.02999877929688
2018-04-04 18:30:00,161.64999389648438
2018-04-04 19:30:00,162.0800018310547
2018-04-05 13:30:00,160.5850067138672
2018-04-05 14:30:00,160.3800048828125
2018-04-05 15:30:00,159.25880432128906
2018-04-05 16:30:00,158.43780517578125
2018-04-05 17:30:00,157.8800048828125
2018-04-05 18:30:00,157.97000122070312
2018-04-05 19:30:00,157.6699981689453
2018-04-06 13:30:00,157.14999389648438
2018-04-06 14:30:00,156.1699981689453
2018-04-06 15:30:00,156.25
2018-04-06 16:30:00,156.61000061035156
2018-04-06 17:30:00,154.19000244140625
2018-04-06 18:30:00,153.10470581054688
2018-04-06 19:30:00,154.1300048828125
2018-04-09 13:30:00,157.07000732421875
2018-04-09 14:30:00,157.7050018310547
2018-04-09 15:30:00,159.47999572753906
2018-04-09 16:30:00,158.7899932861328
2018-04-09 17:30:00,158.19000244140625
2018-04-09 18:30:00,157.2100067138672
2018-04-09 19:30:00,156.75999450683594
2018-04-10 13:30:00,159.69000244140625
2018-04-10 14:30:00,161.32000732421875
2018-04-10 15:30:00,159.00999450683594
2018-04-10 16:30:00,160.25
2018-04-10 17:30:00,160.33999633789062
2018-04-10 18:30:00,161.3000030517578
2018-04-10 19:30:00,161.16000366210938
2018-04-11 13:30:00,161.0
2018-04-11 14:30:00,161.6199951171875
2018-04-11 15:30:00,161.52000427246094
2018-04-11 16:30:00,160.67999267578125
2018-04-11 17:30:00,160.08999633789062
2018-04-11 18:30:00,159.1699981689453
2018-04-11 19:30:00,158.8800048828125
2018-04-12 13:30:00,163.22000122070312
2018-04-12 14:30:00,161.99000549316406
2018-04-12 15:30:00,162.36500549316406
2018-04-12 16:30:00,161.4051055908203
2018-04-12 17:30:00,162.11070251464844
2018-04-12 18:30:00,162.3350067138672
2018-04-12 19:30:00,161.9600067138672
2018-04-13 13:30:00,161.67999267578125
2018-04-13 14:30:00,161.82000732421875
2018-04-13 15:30:00,161.82000732421875
2018-04-13 16:30:00,162.00999450683594
2018-04-13 17:30:00,161.9949951171875
2018-04-13 18:30:00,160.8300018310547
2018-04-13 19:30:00,161.4199981689453
2018-04-16 13:30:00,162.11000061035156
2018-04-16 14:30:00,161.0399932861328
2018-04-16 15:30:00,159.72500610351562
2018-04-16 16:30:00,159.75999450683594
2018-04-16 17:30:00,159.0800018310547
2018-04-16 18:30:00,158.5500030517578
2018-04-16 19:30:00,158.7100067138672
2018-04-17 13:30:00,161.17999267578125
2018-04-17 15:30:00,162.85499572753906
2018-04-17 16:30:00,163.3000030517578
2018-04-17 17:30:00,163.15499877929688
2018-04-17 18:30:00,164.4600067138672
2018-04-17 19:30:00,164.97999572753906
2018-04-18 13:30:00,163.60000610351562
2018-04-18 14:30:00,163.4550018310547
2018-04-18 15:30:00,163.78500366210938
2018-04-18 16:30:00,164.30999755859375
2018-04-18 17:30:00,164.2100067138672
2018-04-18 18:30:00,163.77999877929688
2018-04-18 19:30:00,163.3800048828125
2018-04-19 13:30:00,161.49000549316406
2018-04-19 14:30:00,160.92999267578125
2018-04-19 15:30:00,160.0800018310547
2018-04-19 16:30:00,159.61000061035156
2018-04-19 17:30:00,159.35000610351562
2018-04-19 18:30:00,159.49000549316406
2018-04-19 19:30:00,159.5500030517578
2018-04-20 13:30:00,159.13999938964844
2018-04-20 14:30:00,158.1199951171875
2018-04-20 15:30:00,158.33999633789062
2018-04-20 16:30:00,158.4199981689453
2018-04-20 17:30:00,157.83999633789062
2018-04-20 18:30:00,157.49000549316406
2018-04-20 19:30:00,158.14999389648438
2018-04-23 13:30:00,159.30999755859375
2018-04-23 14:30:00,159.9600067138672
2018-04-23 15:30:00,158.33999633789062
2018-04-23 16:30:00,158.44000244140625
2018-04-23 17:30:00,158.07000732421875
2018-04-23 18:30:00,158.8000030517578
2018-04-23 19:30:00,158.77000427246094
2018-04-24 13:30:00,157.60000610351562
2018-04-24 14:30:00,157.89999389648438
2018-04-24 15:30:00,157.52000427246094
2018-04-24 16:30:00,156.92999267578125
2018-04-24 17:30:00,154.92999267578125
2018-04-24 18:30:00,155.67999267578125
2018-04-24 19:30:00,155.6199951171875
2018-04-25 13:30:00,155.1199951171875
2018-04-25 14:30:00,156.75999450683594
2018-04-25 15:30:00,154.50999450683594
2018-04-25 16:30:00,155.1199951171875
2018-04-25 17:30:00,154.8000030517578
2018-04-25 18:30:00,154.89999389648438
2018-04-25 19:30:00,155.1199951171875
2018-04-26 13:30:00,159.60000610351562
2018-04-26 14:30:00,159.6699981689453
2018-04-26 15:30:00,159.77499389648438
2018-04-26 16:30:00,158.75999450683594
2018-04-26 17:30:00,159.85000610351562
2018-04-26 18:30:00,159.72999572753906
2018-04-26 19:30:00,158.8300018310547
2018-04-27 13:30:00,156.8699951171875
2018-04-27 14:30:00,155.74000549316406
2018-04-27 15:30:00,154.8300018310547
2018-04-27 16:30:00,154.5500030517578
2018-04-27 17:30:00,154.50999450683594
2018-04-27 18:30:00,155.5399932861328
2018-04-27 19:30:00,156.07000732421875
2018-04-30 13:30:00,157.30999755859375
2018-04-30 14:30:00,156.42999267578125
2018-04-30 15:30:00,155.47340393066406
2018-04-30 16:30:00,154.9600067138672
2018-04-30 17:30:00,155.22999572753906
2018-04-30 18:30:00,154.47999572753906
2018-04-30 19:30:00,153.1699981689453
2018-05-01 13:30:00,151.9600067138672
2018-05-01 14:30:00,151.67999267578125
2018-05-01 15:30:00,151.33999633789062
2018-05-01 16:30:00,151.1699981689453
2018-05-01 17:30:00,152.0050048828125
2018-05-01 18:30:00,151.88999938964844
2018-05-01 19:30:00,152.44500732421875
2018-05-02 13:30:00,152.38499450683594
2018-05-02 14:30:00,151.75999450683594
2018-05-02 15:30:00,149.82000732421875
2018-05-02 16:30:00,150.97000122070312
2018-05-02 17:30:00,150.7899932861328
2018-05-02 18:30:00,149.80499267578125
2018-05-02 19:30:00,149.4499969482422
2018-05-03 13:30:00,147.6699981689453
2018-05-03 14:30:00,146.33999633789062
2018-05-03 15:30:00,146.9600067138672
2018-05-03 16:30:00,149.14999389648438
2018-05-03 17:30:00,149.8780059814453
2018-05-03 18:30:00,149.8699951171875
2018-05-03 19:30:00,149.64999389648438
2018-05-04 13:30:00,148.02000427246094
2018-05-04 14:30:00,150.3699951171875
2018-05-04 15:30:00,150.35000610351562
2018-05-04 16:30:00,150.35000610351562
2018-05-04 17:30:00,150.86000061035156
2018-05-04 18:30:00,150.58999633789062
2018-05-04 19:30:00,149.3800048828125
2018-05-07 13:30:00,149.67999267578125
2018-05-07 14:30:00,149.4600067138672
2018-05-07 15:30:00,149.9499969482422
2018-05-07 16:30:00,149.47000122070312
2018-05-07 17:30:00,149.49000549316406
2018-05-07 18:30:00,149.1999969482422
2018-05-07 19:30:00,149.49000549316406
2018-05-08 13:30:00,148.58999633789062
2018-05-08 14:30:00,148.58999633789062
2018-05-08 15:30:00,148.44000244140625
2018-05-08 16:30:00,148.27999877929688
2018-05-08 17:30:00,147.61000061035156
2018-05-08 18:30:00,148.25
2018-05-08 19:30:00,148.25999450683594
2018-05-09 13:30:00,147.30999755859375
2018-05-09 14:30:00,147.5
2018-05-09 15:30:00,148.5399932861328
2018-05-09 16:30:00,149.8300018310547
2018-05-09 17:30:00,149.5800018310547
2018-05-09 18:30:00,148.91000366210938
2018-05-09 19:30:00,149.07000732421875
2018-05-10 13:30:00,150.9199981689453
2018-05-10 14:30:00,150.05299377441406
2018-05-10 15:30:00,151.32000732421875
2018-05-10 16:30:00,151.3800048828125
2018-05-10 17:30:00,150.42999267578125
2018-05-10 18:30:00,150.9250030517578
2018-05-10 19:30:00,151.0
2018-05-11 13:30:00,153.47999572753906
2018-05-11 14:30:00,152.7100067138672
2018-05-11 15:30:00,153.92999267578125
2018-05-11 16:30:00,154.0050048828125
2018-05-11 17:30:00,155.22000122070312
2018-05-11 18:30:00,157.22000122070312
2018-05-11 19:30:00,155.97000122070312
2018-05-14 13:30:00,158.30999755859375
2018-05-14 14:30:00,156.5800018310547
2018-05-14 15:30:00,157.3000030517578
2018-05-14 16:30:00,156.97000122070312
2018-05-14 17:30:00,157.0500030517578
2018-05-14 18:30:00,157.67999267578125
2018-05-14 19:30:00,157.4600067138672
2018-05-15 13:30:00,154.75
2018-05-15 14:30:00,154.99000549316406
2018-05-15 15:30:00,154.75
2018-05-15 16:30:00,155.00999450683594
2018-05-15 17:30:00,155.24000549316406
2018-05-15 18:30:00,155.33999633789062
2018-05-15 19:30:00,155.5800018310547
2018-05-16 13:30:00,155.17999267578125
2018-05-16 14:30:00,154.72000122070312
2018-05-16 15:30:00,155.97000122070312
2018-05-16 16:30:00,156.3000030517578
2018-05-16 17:30:00,155.9600067138672
2018-05-16 18:30:00,155.9600067138672
2018-05-16 19:30:00,156.1199951171875
2018-05-17 13:30:00,156.42999267578125
2018-05-17 14:30:00,156.50999450683594
2018-05-17 15:30:00,156.97999572753906
2018-05-17 16:30:00,156.1199951171875
2018-05-17 17:30:00,155.97000122070312
2018-05-17 18:30:00,156.25
2018-05-17 19:30:00,156.36000061035156
2018-05-18 13:30:00,156.6300048828125
2018-05-18 14:30:00,155.7100067138672
2018-05-18 15:30:00,156.61000061035156
2018-05-18 16:30:00,157.0
2018-05-18 17:30:00,156.35000610351562
2018-05-18 18:30:00,156.9199981689453
2018-05-18 19:30:00,157.22999572753906
2018-05-21 13:30:00,157.88999938964844
2018-05-21 14:30:00,156.1999969482422
2018-05-21 15:30:00,156.82000732421875
2018-05-21 16:30:00,156.83999633789062
2018-05-21 17:30:00,156.3000030517578
2018-05-21 18:30:00,155.64999389648438
2018-05-21 19:30:00,156.22000122070312
2018-05-22 13:30:00,156.60499572753906
2018-05-22 14:30:00,157.33999633789062
2018-05-22 15:30:00,156.42999267578125
2018-05-22 16:30:00,156.875
2018-05-22 17:30:00,157.27999877929688
2018-05-22 18:30:00,156.67999267578125
2018-05-22 19:30:00,156.32000732421875
2018-05-23 13:30:00,156.8249969482422
2018-05-23 14:30:00,156.3000030517578
2018-05-23 15:30:00,155.94000244140625
2018-05-23 16:30:00,155.9199981689453
2018-05-23 17:30:00,156.3300018310547
2018-05-23 18:30:00,156.8300018310547
2018-05-23 19:30:00,156.9600067138672
2018-05-24 13:30:00,156.38999938964844
2018-05-24 14:30:00,156.22000122070312
2018-05-24 15:30:00,156.75999450683594
2018-05-24 16:30:00,157.3966064453125
2018-05-24 17:30:00,157.19000244140625
2018-05-24 18:30:00,157.58999633789062
2018-05-24 19:30:00,156.97999572753906
2018-05-25 13:30:00,157.3000030517578
2018-05-25 14:30:00,156.5449981689453
2018-05-25 15:30:00,157.24000549316406
2018-05-25 16:30:00,157.83999633789062
2018-05-25 17:30:00,157.6300048828125
2018-05-25 18:30:00,157.5500030517578
2018-05-25 19:30:00,157.47999572753906
2018-05-29 13:30:00,156.1199951171875
2018-05-29 14:30:00,155.33999633789062
2018-05-29 15:30:00,154.25999450683594
2018-05-29 16:30:00,154.38999938964844
2018-05-29 17:30:00,154.3800048828125
2018-05-29 18:30:00,154.0
2018-05-29 19:30:00,155.25999450683594
2018-05-30 13:30:00,156.0
2018-05-30 14:30:00,156.6199951171875
2018-05-30 15:30:00,156.89999389648438
2018-05-30 16:30:00,156.7899932861328
2018-05-30 17:30:00,157.07000732421875
2018-05-30 18:30:00,156.6300048828125
2018-05-30 19:30:00,156.60000610351562
2018-05-31 13:30:00,155.64999389648438
2018-05-31 14:30:00,154.9199981689453
2018-05-31 15:30:00,154.50999450683594
2018-05-31 16:30:00,154.85000610351562
2018-05-31 17:30:00,153.9499969482422
2018-05-31 18:30:00,154.22000122070312
2018-05-31 19:30:00,154.02000427246094
2018-06-01 13:30:00,151.5500030517578
2018-06-01 14:30:00,151.97999572753906
2018-06-01 15:30:00,152.6649932861328
2018-06-01 16:30:00,153.13999938964844
2018-06-01 17:30:00,152.7899932861328
2018-06-01 18:30:00,152.42100524902344
2018-06-01 19:30:00,152.0500030517578
2018-06-04 13:30:00,149.32000732421875
2018-06-04 14:30:00,149.97999572753906
2018-06-04 15:30:00,149.88999938964844
2018-06-04 16:30:00,150.39999389648438
2018-06-04 17:30:00,150.27999877929688
2018-06-04 18:30:00,150.11000061035156
2018-06-04 19:30:00,149.64999389648438
2018-06-05 13:30:00,147.01499938964844
2018-06-05 14:30:00,145.38999938964844
2018-06-05 15:30:00,145.8300018310547
2018-06-05 16:30:00,146.0
2018-06-05 17:30:00,145.97500610351562
2018-06-05 18:30:00,145.08999633789062
2018-06-05 19:30:00,145.7050018310547
2018-06-06 13:30:00,145.46499633789062
2018-06-06 14:30:00,146.40499877929688
2018-06-06 15:30:00,146.25999450683594
2018-06-06 16:30:00,146.3300018310547
2018-06-06 17:30:00,146.5500030517578
2018-06-06 18:30:00,146.0800018310547
2018-06-06 19:30:00,145.97999572753906
2018-06-07 13:30:00,146.94000244140625
2018-06-07 14:30:00,148.1699981689453
2018-06-07 15:30:00,148.83999633789062
2018-06-07 16:30:00,148.22000122070312
2018-06-07 17:30:00,147.77000427246094
2018-06-07 18:30:00,146.0500030517578
2018-06-07 19:30:00,145.69000244140625
2018-06-08 13:30:00,146.8000030517578
2018-06-08 14:30:00,147.69000244140625
2018-06-08 15:30:00,149.3800048828125
2018-06-08 16:30:00,149.1699981689453
2018-06-08 17:30:00,149.75999450683594
2018-06-08 18:30:00,150.92999267578125
2018-06-08 19:30:00,150.5500030517578
2018-06-11 13:30:00,148.75
2018-06-11 14:30:00,148.55999755859375
2018-06-11 15:30:00,148.85000610351562
2018-06-11 16:30:00,148.61000061035156
2018-06-11 17:30:00,148.55999755859375
2018-06-11 18:30:00,148.92999267578125
2018-06-11 19:30:00,148.6300048828125
2018-06-12 13:30:00,149.7449951171875
2018-06-12 14:30:00,149.7949981689453
2018-06-12 15:30:00,151.07000732421875
2018-06-12 16:30:00,151.22999572753906
2018-06-12 17:30:00,150.7100067138672
2018-06-12 18:30:00,151.1199951171875
2018-06-12 19:30:00,150.9600067138672
2018-06-13 13:30:00,152.3800048828125
2018-06-13 14:30:00,152.61000061035156
2018-06-13 15:30:00,152.5500030517578
2018-06-13 16:30:00,152.36000061035156
2018-06-13 17:30:00,151.50999450683594
2018-06-13 18:30:00,152.0749969482422
2018-06-13 19:30:00,151.94000244140625
2018-06-14 13:30:00,154.4499969482422
2018-06-14 14:30:00,155.3699951171875
2018-06-14 15:30:00,155.35000610351562
2018-06-14 16:30:00,155.32000732421875
2018-06-14 17:30:00,155.13999938964844
2018-06-14 18:30:00,155.10000610351562
2018-06-14 19:30:00,155.0
2018-06-15 13:30:00,155.25
2018-06-15 14:30:00,154.85499572753906
2018-06-15 15:30:00,154.92999267578125
2018-06-15 16:30:00,154.89999389648438
2018-06-15 17:30:00,154.89999389648438
2018-06-15 18:30:00,154.7899932861328
2018-06-15 19:30:00,155.02000427246094
2018-06-18 13:30:00,152.22999572753906
2018-06-18 14:30:00,152.60000610351562
2018-06-18 15:30:00,152.33999633789062
2018-06-18 16:30:00,152.33999633789062
2018-06-18 17:30:00,151.99000549316406
2018-06-18 18:30:00,151.8000030517578
2018-06-18 19:30:00,151.7100067138672
2018-06-19 13:30:00,152.49000549316406
2018-06-19 14:30:00,153.27999877929688
2018-06-19 15:30:00,153.67999267578125
2018-06-19 16:30:00,154.31500244140625
2018-06-19 17:30:00,154.4199981689453
2018-06-19 18:30:00,154.00999450683594
2018-06-19 19:30:00,154.5
2018-06-20 13:30:00,155.3699951171875
2018-06-20 14:30:00,157.17999267578125
2018-06-20 15:30:00,156.83999633789062
2018-06-20 16:30:00,157.4600067138672
2018-06-20 17:30:00,157.97000122070312
2018-06-20 18:30:00,157.46499633789062
2018-06-20 19:30:00,157.63999938964844
2018-06-21 13:30:00,156.0070037841797
2018-06-21 14:30:00,156.24000549316406
2018-06-21 15:30:00,156.4600067138672
2018-06-21 16:30:00,156.9199981689453
2018-06-21 17:30:00,156.41000366210938
2018-06-21 18:30:00,156.5800018310547
2018-06-21 19:30:00,156.56500244140625
2018-06-22 13:30:00,156.11000061035156
2018-06-22 14:30:00,158.0800018310547
2018-06-22 15:30:00,158.3300018310547
2018-06-22 16:30:00,158.6699981689453
2018-06-22 17:30:00,159.30999755859375
2018-06-22 18:30:00,159.74000549316406
2018-06-22 19:30:00,159.14999389648438
2018-06-25 13:30:00,158.25999450683594
2018-06-25 14:30:00,156.5500030517578
2018-06-25 15:30:00,155.69000244140625
2018-06-25 16:30:00,154.3000030517578
2018-06-25 17:30:00,153.80999755859375
2018-06-25 18:30:00,153.97999572753906
2018-06-25 19:30:00,154.77999877929688
2018-06-26 13:30:00,151.49000549316406
2018-06-26 14:30:00,151.44000244140625
2018-06-26 15:30:00,152.44000244140625
2018-06-26 16:30:00,152.3000030517578
2018-06-26 17:30:00,152.1699981689453
2018-06-26 18:30:00,152.0500030517578
2018-06-26 19:30:00,151.5399932861328
2018-06-27 13:30:00,150.91810607910156
2018-06-27 14:30:00,149.9600067138672
2018-06-27 15:30:00,149.8000030517578
2018-06-27 16:30:00,147.86000061035156
2018-06-27 17:30:00,148.07000732421875
2018-06-27 18:30:00,148.57000732421875
2018-06-27 19:30:00,147.5
2018-06-28 13:30:00,145.5
2018-06-28 14:30:00,146.9600067138672
2018-06-28 15:30:00,146.77999877929688
2018-06-28 16:30:00,147.02999877929688
2018-06-28 17:30:00,147.1999969482422
2018-06-28 18:30:00,148.0800018310547
2018-06-28 19:30:00,147.60000610351562
2018-06-29 13:30:00,168.18710327148438
2018-06-29 14:30:00,167.9407958984375
2018-06-29 15:30:00,167.81399536132812
2018-06-29 16:30:00,168.05999755859375
2018-06-29 17:30:00,168.92999267578125
2018-06-29 18:30:00,171.0399932861328
2018-06-29 19:30:00,169.97999572753906
2018-07-02 13:30:00,167.5
2018-07-02 14:30:00,168.02999877929688
2018-07-02 15:30:00,168.4600067138672
2018-07-02 16:30:00,168.14500427246094
2018-07-02 17:30:00,169.10000610351562
2018-07-02 18:30:00,169.47999572753906
2018-07-02 19:30:00,169.60000610351562
2018-07-03 13:30:00,168.2899932861328
2018-07-03 14:30:00,168.57000732421875
2018-07-03 15:30:00,167.8300018310547
2018-07-03 17:00:00,167.72999572753906
2018-07-05 13:30:00,168.0
2018-07-05 14:30:00,168.30999755859375
2018-07-05 15:30:00,168.47000122070312
2018-07-05 16:30:00,169.05499267578125
2018-07-05 17:30:00,168.57000732421875
2018-07-05 18:30:00,169.32000732421875
2018-07-05 19:30:00,169.47000122070312
2018-07-06 13:30:00,170.57000732421875
2018-07-06 14:30:00,171.8300018310547
2018-07-06 15:30:00,173.24000549316406
2018-07-06 16:30:00,173.1750030517578
2018-07-06 17:30:00,172.76499938964844
2018-07-06 18:30:00,173.3000030517578
2018-07-06 19:30:00,173.50999450683594
2018-07-09 13:30:00,173.05499267578125
2018-07-09 14:30:00,173.5800018310547
2018-07-09 15:30:00,172.9499969482422
2018-07-09 16:30:00,173.1154022216797
2018-07-09 17:30:00,173.6300048828125
2018-07-09 18:30:00,173.67999267578125
2018-07-09 19:30:00,174.19000244140625
2018-07-10 13:30:00,173.44000244140625
2018-07-10 14:30:00,173.47999572753906
2018-07-10 15:30:00,173.89999389648438
2018-07-10 16:30:00,173.4199981689453
2018-07-10 17:30:00,173.57130432128906
2018-07-10 18:30:00,175.19000244140625
2018-07-10 19:30:00,175.10000610351562
2018-07-11 13:30:00,174.88999938964844
2018-07-11 14:30:00,174.77999877929688
2018-07-11 15:30:00,174.86000061035156
2018-07-11 16:30:00,175.33999633789062
2018-07-11 17:30:00,175.1199951171875
2018-07-11 18:30:00,175.39999389648438
2018-07-11 19:30:00,174.99000549316406
2018-07-12 13:30:00,176.0399932861328
2018-07-12 14:30:00,175.9600067138672
2018-07-12 15:30:00,176.83999633789062
2018-07-12 16:30:00,177.1999969482422
2018-07-12 17:30:00,177.07000732421875
2018-07-12 18:30:00,178.2899932861328
2018-07-12 19:30:00,178.2899932861328
2018-07-13 13:30:00,178.8800048828125
2018-07-13 14:30:00,179.74000549316406
2018-07-13 15:30:00,179.55780029296875
2018-07-13 16:30:00,181.30999755859375
2018-07-13 17:30:00,180.63499450683594
2018-07-13 18:30:00,180.66000366210938
2018-07-13 19:30:00,180.5
2018-07-16 13:30:00,180.86000061035156
2018-07-16 14:30:00,181.6199951171875
2018-07-16 15:30:00,181.8699951171875
2018-07-16 16:30:00,180.75
2018-07-16 17:30:00,180.4600067138672
2018-07-16 18:30:00,180.67999267578125
2018-07-16 19:30:00,181.22000122070312
2018-07-17 13:30:00,181.75
2018-07-17 14:30:00,181.7550048828125
2018-07-17 15:30:00,182.4600067138672
2018-07-17 16:30:00,182.97000122070312
2018-07-17 17:30:00,182.75
2018-07-17 18:30:00,182.5500030517578
2018-07-17 19:30:00,182.58999633789062
2018-07-18 13:30:00,181.52999877929688
2018-07-18 14:30:00,181.35000610351562
2018-07-18 15:30:00,181.68499755859375
2018-07-18 16:30:00,181.25
2018-07-18 17:30:00,181.36000061035156
2018-07-18 18:30:00,181.19500732421875
2018-07-18 19:30:00,181.22999572753906
2018-07-19 13:30:00,179.2100067138672
2018-07-19 14:30:00,180.02000427246094
2018-07-19 15:30:00,180.22999572753906
2018-07-19 16:30:00,180.7100067138672
2018-07-19 17:30:00,180.27499389648438
2018-07-19 18:30:00,180.47999572753906
2018-07-19 19:30:00,180.1199951171875
2018-07-20 13:30:00,179.57000732421875
2018-07-20 14:30:00,179.14999389648438
2018-07-20 15:30:00,177.0
2018-07-20 16:30:00,177.74000549316406
2018-07-20 17:30:00,177.35000610351562
2018-07-20 18:30:00,177.30999755859375
2018-07-20 19:30:00,177.38999938964844
2018-07-23 13:30:00,177.97000122070312
2018-07-23 14:30:00,177.64999389648438
2018-07-23 15:30:00,176.57000732421875
2018-07-23 16:30:00,176.77000427246094
2018-07-23 17:30:00,177.05999755859375
2018-07-23 18:30:00,176.3699951171875
2018-07-23 19:30:00,176.55999755859375
2018-07-24 13:30:00,178.09500122070312
2018-07-24 14:30:00,175.7899932861328
2018-07-24 15:30:00,175.42999267578125
2018-07-24 16:30:00,174.9550018310547
2018-07-24 17:30:00,174.75
2018-07-24 18:30:00,174.57249450683594
2018-07-24 19:30:00,174.8699951171875
2018-07-25 13:30:00,176.1199951171875
2018-07-25 14:30:00,175.92999267578125
2018-07-25 15:30:00,175.4499969482422
2018-07-25 16:30:00,175.27999877929688
2018-07-25 17:30:00,175.83999633789062
2018-07-25 18:30:00,175.8800048828125
2018-07-25 19:30:00,176.7899932861328
2018-07-26 13:30:00,172.82000732421875
2018-07-26 14:30:00,173.75
2018-07-26 15:30:00,176.64999389648438
2018-07-26 16:30:00,175.9600067138672
2018-07-26 17:30:00,175.18499755859375
2018-07-26 18:30:00,175.1699981689453
2018-07-26 19:30:00,175.75999450683594
2018-07-27 13:30:00,172.1300048828125
2018-07-27 14:30:00,172.49000549316406
2018-07-27 15:30:00,171.7449951171875
2018-07-27 16:30:00,170.74000549316406
2018-07-27 17:30:00,171.8699951171875
2018-07-27 18:30:00,172.47000122070312
2018-07-27 19:30:00,172.10000610351562
2018-07-30 13:30:00,172.31500244140625
2018-07-30 14:30:00,172.5
2018-07-30 15:30:00,172.8699951171875
2018-07-30 16:30:00,174.6199951171875
2018-07-30 17:30:00,174.42999267578125
2018-07-30 18:30:00,174.2899932861328
2018-07-30 19:30:00,174.3699951171875
2018-07-31 13:30:00,174.69000244140625
2018-07-31 14:30:00,175.0500030517578
2018-07-31 15:30:00,175.33999633789062
2018-07-31 16:30:00,173.83999633789062
2018-07-31 17:30:00,174.02000427246094
2018-07-31 18:30:00,174.74000549316406
2018-07-31 19:30:00,175.08999633789062
2018-08-01 13:30:00,177.4149932861328
2018-08-01 14:30:00,176.7364044189453
2018-08-01 15:30:00,176.44000244140625
2018-08-01 16:30:00,177.02999877929688
2018-08-01 17:30:00,177.33999633789062
2018-08-01 18:30:00,177.27999877929688
2018-08-01 19:30:00,177.77000427246094
2018-08-02 13:30:00,175.22000122070312
2018-08-02 14:30:00,175.47000122070312
2018-08-02 15:30:00,177.11000061035156
2018-08-02 16:30:00,178.94000244140625
2018-08-02 17:30:00,179.08999633789062
2018-08-02 18:30:00,178.32000732421875
2018-08-02 19:30:00,177.9250030517578
2018-08-03 13:30:00,175.9499969482422
2018-08-03 14:30:00,175.61000061035156
2018-08-03 15:30:00,174.7899932861328
2018-08-03 16:30:00,174.30999755859375
2018-08-03 17:30:00,174.58999633789062
2018-08-03 18:30:00,174.7100067138672
2018-08-03 19:30:00,174.5399932861328
2018-08-06 13:30:00,174.41000366210938
2018-08-06 14:30:00,173.5449981689453
2018-08-06 15:30:00,175.0800018310547
2018-08-06 16:30:00,174.60000610351562
2018-08-06 17:30:00,175.0399932861328
2018-08-06 18:30:00,174.63999938964844
2018-08-06 19:30:00,174.92999267578125
2018-08-07 13:30:00,176.85000610351562
2018-08-07 14:30:00,176.59500122070312
2018-08-07 15:30:00,176.56500244140625
2018-08-07 16:30:00,176.22999572753906
2018-08-07 17:30:00,177.6199951171875
2018-08-07 18:30:00,177.35000610351562
2018-08-07 19:30:00,177.50999450683594
2018-08-08 13:30:00,176.3699951171875
2018-08-08 14:30:00,175.86500549316406
2018-08-08 15:30:00,175.7899932861328
2018-08-08 16:30:00,175.93499755859375
2018-08-08 17:30:00,176.22000122070312
2018-08-08 18:30:00,175.80999755859375
2018-08-08 19:30:00,175.3000030517578
2018-08-09 13:30:00,175.32000732421875
2018-08-09 14:30:00,177.00999450683594
2018-08-09 15:30:00,177.27999877929688
2018-08-09 16:30:00,176.75
2018-08-09 17:30:00,176.2899932861328
2018-08-09 18:30:00,175.8000030517578
2018-08-09 19:30:00,175.0500030517578
2018-08-10 13:30:00,175.1699981689453
2018-08-10 14:30:00,175.0
2018-08-10 15:30:00,175.0800018310547
2018-08-10 16:30:00,174.97999572753906
2018-08-10 17:30:00,173.9499969482422
2018-08-10 18:30:00,174.8800048828125
2018-08-10 19:30:00,174.80999755859375
2018-08-13 13:30:00,175.82000732421875
2018-08-13 14:30:00,174.9600067138672
2018-08-13 15:30:00,174.44000244140625
2018-08-13 16:30:00,175.0500030517578
2018-08-13 17:30:00,175.92999267578125
2018-08-13 18:30:00,175.375
2018-08-13 19:30:00,175.0800018310547
2018-08-14 13:30:00,176.39999389648438
2018-08-14 14:30:00,176.4600067138672
2018-08-14 15:30:00,176.47000122070312
2018-08-14 16:30:00,176.2449951171875
2018-08-14 17:30:00,175.77999877929688
2018-08-14 18:30:00,176.1699981689453
2018-08-14 19:30:00,175.9499969482422
2018-08-15 13:30:00,173.67999267578125
2018-08-15 14:30:00,174.1199951171875
2018-08-15 15:30:00,173.1699981689453
2018-08-15 16:30:00,172.69000244140625
2018-08-15 17:30:00,171.875
2018-08-15 18:30:00,172.97000122070312
2018-08-15 19:30:00,173.08999633789062
2018-08-16 13:30:00,175.91000366210938
2018-08-16 14:30:00,176.1300048828125
2018-08-16 15:30:00,175.89999389648438
2018-08-16 16:30:00,175.5850067138672
2018-08-16 17:30:00,174.89999389648438
2018-08-16 18:30:00,175.11000061035156
2018-08-16 19:30:00,175.0399932861328
2018-08-17 13:30:00,174.4499969482422
2018-08-17 14:30:00,174.89999389648438
2018-08-17 15:30:00,174.8249969482422
2018-08-17 16:30:00,175.30999755859375
2018-08-17 17:30:00,176.92410278320312
2018-08-17 18:30:00,176.14999389648438
2018-08-17 19:30:00,176.0800018310547
2018-08-20 13:30:00,175.02000427246094
2018-08-20 14:30:00,173.97999572753906
2018-08-20 15:30:00,174.4600067138672
2018-08-20 16:30:00,174.3000030517578
2018-08-20 17:30:00,175.3300018310547
2018-08-20 18:30:00,175.25
2018-08-20 19:30:00,175.74000549316406
2018-08-21 13:30:00,176.17030334472656
2018-08-21 14:30:00,175.4199981689453
2018-08-21 15:30:00,175.96499633789062
2018-08-21 16:30:00,178.32000732421875
2018-08-21 17:30:00,177.4499969482422
2018-08-21 18:30:00,176.92999267578125
2018-08-21 19:30:00,176.88999938964844
2018-08-22 13:30:00,176.02999877929688
2018-08-22 14:30:00,177.7899932861328
2018-08-22 15:30:00,177.80999755859375
2018-08-22 16:30:00,177.9550018310547
2018-08-22 17:30:00,177.6199951171875
2018-08-22 18:30:00,177.76690673828125
2018-08-22 19:30:00,177.72999572753906
2018-08-23 13:30:00,176.25059509277344
2018-08-23 14:30:00,175.33999633789062
2018-08-23 15:30:00,176.1750030517578
2018-08-23 16:30:00,176.0399932861328
2018-08-23 17:30:00,176.32000732421875
2018-08-23 18:30:00,176.32000732421875
2018-08-23 19:30:00,176.0
2018-08-24 13:30:00,176.33999633789062
2018-08-24 14:30:00,176.0800018310547
2018-08-24 15:30:00,175.97999572753906
2018-08-24 16:30:00,176.19000244140625
2018-08-24 17:30:00,176.88999938964844
2018-08-24 18:30:00,176.8800048828125
2018-08-24 19:30:00,176.8800048828125
2018-08-27 13:30:00,179.1199951171875
2018-08-27 14:30:00,179.47999572753906
2018-08-27 15:30:00,179.0489044189453
2018-08-27 16:30:00,178.8300018310547
2018-08-27 17:30:00,178.75
2018-08-27 18:30:00,179.0500030517578
2018-08-27 19:30:00,179.30999755859375
2018-08-28 13:30:00,179.8300018310547
2018-08-28 14:30:00,181.35000610351562
2018-08-28 15:30:00,181.02999877929688
2018-08-28 16:30:00,180.77000427246094
2018-08-28 17:30:00,180.75
2018-08-28 18:30:00,181.19000244140625
2018-08-28 19:30:00,180.85000610351562
2018-08-29 13:30:00,184.91000366210938
2018-08-29 14:30:00,184.75
2018-08-29 15:30:00,185.8800048828125
2018-08-29 16:30:00,185.97000122070312
2018-08-29 17:30:00,185.16000366210938
2018-08-29 18:30:00,185.0500030517578
2018-08-29 19:30:00,184.82000732421875
2018-08-30 13:30:00,185.72000122070312
2018-08-30 14:30:00,184.60000610351562
2018-08-30 15:30:00,184.99000549316406
2018-08-30 16:30:00,185.3594970703125
2018-08-30 17:30:00,185.0399932861328
2018-08-30 18:30:00,185.6699981689453
2018-08-30 19:30:00,186.0
2018-08-31 13:30:00,184.7032928466797
2018-08-31 14:30:00,184.75
2018-08-31 15:30:00,184.0
2018-08-31 16:30:00,184.11000061035156
2018-08-31 17:30:00,183.83999633789062
2018-08-31 18:30:00,184.22999572753906
2018-08-31 19:30:00,184.38999938964844
2018-09-04 13:30:00,183.8300018310547
2018-09-04 14:30:00,183.14999389648438
2018-09-04 15:30:00,182.27999877929688
2018-09-04 16:30:00,182.52999877929688
2018-09-04 17:30:00,183.47999572753906
2018-09-04 18:30:00,183.33999633789062
2018-09-04 19:30:00,183.2899932861328
2018-09-05 13:30:00,183.25999450683594
2018-09-05 14:30:00,182.1999969482422
2018-09-05 15:30:00,182.4199981689453
2018-09-05 16:30:00,182.82000732421875
2018-09-05 17:30:00,182.9199981689453
2018-09-05 18:30:00,183.19000244140625
2018-09-05 19:30:00,183.1999969482422
2018-09-06 13:30:00,180.4499969482422
2018-09-06 14:30:00,179.0399932861328
2018-09-06 15:30:00,178.75999450683594
2018-09-06 16:30:00,179.33999633789062
2018-09-06 17:30:00,180.08999633789062
2018-09-06 18:30:00,180.92999267578125
2018-09-06 19:30:00,180.0399932861328
2018-09-07 13:30:00,180.11000061035156
2018-09-07 14:30:00,179.5500030517578
2018-09-07 15:30:00,178.08999633789062
2018-09-07 16:30:00,178.55999755859375
2018-09-07 17:30:00,179.5
2018-09-07 18:30:00,179.08999633789062
2018-09-07 19:30:00,179.47000122070312
2018-09-10 13:30:00,179.1761016845703
2018-09-10 14:30:00,179.41000366210938
2018-09-10 15:30:00,179.14999389648438
2018-09-10 16:30:00,179.38999938964844
2018-09-10 17:30:00,179.39999389648438
2018-09-10 18:30:00,179.38999938964844
2018-09-10 19:30:00,179.2899932861328
2018-09-11 13:30:00,179.49000549316406
2018-09-11 14:30:00,179.75999450683594
2018-09-11 15:30:00,179.7899932861328
2018-09-11 16:30:00,179.19000244140625
2018-09-11 17:30:00,179.4499969482422
2018-09-11 18:30:00,178.75
2018-09-11 19:30:00,178.67999267578125
2018-09-12 13:30:00,178.24000549316406
2018-09-12 14:30:00,178.17999267578125
2018-09-12 15:30:00,178.10000610351562
2018-09-12 16:30:00,178.1392059326172
2018-09-12 17:30:00,178.14999389648438
2018-09-12 18:30:00,178.3800048828125
2018-09-12 19:30:00,178.41000366210938
2018-09-13 13:30:00,179.8699951171875
2018-09-13 14:30:00,179.1999969482422
2018-09-13 15:30:00,179.51499938964844
2018-09-13 16:30:00,179.5399932861328
2018-09-13 17:30:00,180.0
2018-09-13 18:30:00,179.97999572753906
2018-09-13 19:30:00,179.85000610351562
2018-09-14 13:30:00,180.52999877929688
2018-09-14 14:30:00,180.22999572753906
2018-09-14 15:30:00,178.7100067138672
2018-09-14 16:30:00,178.58999633789062
2018-09-14 17:30:00,179.1300048828125
2018-09-14 18:30:00,179.0449981689453
2018-09-14 19:30:00,179.02000427246094
2018-09-17 13:30:00,177.00999450683594
2018-09-17 14:30:00,176.77999877929688
2018-09-17 15:30:00,176.6199951171875
2018-09-17 16:30:00,176.36000061035156
2018-09-17 17:30:00,176.60000610351562
2018-09-17 18:30:00,176.1699981689453
2018-09-17 19:30:00,175.77000427246094
2018-09-18 13:30:00,176.33999633789062
2018-09-18 14:30:00,177.6199951171875
2018-09-18 15:30:00,177.94000244140625
2018-09-18 16:30:00,177.8800048828125
2018-09-18 17:30:00,177.91000366210938
2018-09-18 18:30:00,177.875
2018-09-18 19:30:00,177.1199951171875
2018-09-19 13:30:00,176.25999450683594
2018-09-19 14:30:00,177.1199951171875
2018-09-19 15:30:00,176.83999633789062
2018-09-19 16:30:00,176.61000061035156
2018-09-19 17:30:00,176.41000366210938
2018-09-19 18:30:00,176.3144989013672
2018-09-19 19:30:00,176.64999389648438
2018-09-20 13:30:00,179.3000030517578
2018-09-20 14:30:00,179.3300018310547
2018-09-20 15:30:00,179.72999572753906
2018-09-20 16:30:00,181.13999938964844
2018-09-20 17:30:00,180.94000244140625
2018-09-20 18:30:00,180.61000061035156
2018-09-20 19:30:00,180.55999755859375
2018-09-21 13:30:00,179.7899932861328
2018-09-21 14:30:00,180.27000427246094
2018-09-21 15:30:00,180.8800048828125
2018-09-21 16:30:00,180.66000366210938
2018-09-21 17:30:00,180.47999572753906
2018-09-21 18:30:00,180.1699981689453
2018-09-21 19:30:00,180.0500030517578
2018-09-24 13:30:00,179.8000030517578
2018-09-24 14:30:00,180.61500549316406
2018-09-24 15:30:00,179.99000549316406
2018-09-24 16:30:00,180.11000061035156
2018-09-24 17:30:00,180.57000732421875
2018-09-24 18:30:00,181.9199981689453
2018-09-24 19:30:00,182.1699981689453
2018-09-25 13:30:00,183.625
2018-09-25 14:30:00,183.5399932861328
2018-09-25 15:30:00,183.16000366210938
2018-09-25 16:30:00,183.5449981689453
2018-09-25 17:30:00,183.47000122070312
2018-09-25 18:30:00,182.9600067138672
2018-09-25 19:30:00,182.64500427246094
2018-09-26 13:30:00,186.46820068359375
2018-09-26 14:30:00,186.96499633789062
2018-09-26 15:30:00,188.00999450683594
2018-09-26 16:30:00,187.60000610351562
2018-09-26 17:30:00,188.7899932861328
2018-09-26 18:30:00,187.82000732421875
2018-09-26 19:30:00,186.55999755859375
2018-09-27 13:30:00,188.5500030517578
2018-09-27 14:30:00,188.30999755859375
2018-09-27 15:30:00,189.63999938964844
2018-09-27 16:30:00,189.91769409179688
2018-09-27 17:30:00,189.8000030517578
2018-09-27 18:30:00,189.64999389648438
2018-09-27 19:30:00,189.74000549316406
2018-09-28 13:30:00,192.2899932861328
2018-09-28 14:30:00,191.89999389648438
2018-09-28 15:30:00,191.8000030517578
2018-09-28 16:30:00,191.3800048828125
2018-09-28 17:30:00,192.52999877929688
2018-09-28 18:30:00,193.27000427246094
2018-09-28 19:30:00,192.72999572753906
2018-10-01 13:30:00,194.66000366210938
2018-10-01 14:30:00,194.7100067138672
2018-10-01 15:30:00,193.5800018310547
2018-10-01 16:30:00,193.0
2018-10-01 17:30:00,192.16000366210938
2018-10-01 18:30:00,191.91000366210938
2018-10-01 19:30:00,191.55999755859375
2018-10-02 13:30:00,191.68499755859375
2018-10-02 14:30:00,191.38499450683594
2018-10-02 15:30:00,192.24000549316406
2018-10-02 16:30:00,191.55999755859375
2018-10-02 17:30:00,191.92999267578125
2018-10-02 18:30:00,191.1199951171875
2018-10-02 19:30:00,191.92999267578125
2018-10-03 13:30:00,192.14999389648438
2018-10-03 14:30:00,192.0800018310547
2018-10-03 15:30:00,192.80999755859375
2018-10-03 16:30:00,192.3300018310547
2018-10-03 17:30:00,192.44000244140625
2018-10-03 18:30:00,192.14999389648438
2018-10-03 19:30:00,192.1699981689453
2018-10-04 13:30:00,191.13999938964844
2018-10-04 14:30:00,189.67999267578125
2018-10-04 15:30:00,187.39999389648438
2018-10-04 16:30:00,188.72500610351562
2018-10-04 17:30:00,187.49000549316406
2018-10-04 18:30:00,187.9600067138672
2018-10-04 19:30:00,188.6199951171875
2018-10-05 13:30:00,190.8800048828125
2018-10-05 14:30:00,188.93499755859375
2018-10-05 15:30:00,186.8800048828125
2018-10-05 16:30:00,185.5153045654297
2018-10-05 17:30:00,187.49000549316406
2018-10-05 18:30:00,188.33999633789062
2018-10-05 19:30:00,188.02000427246094
2018-10-08 13:30:00,187.52999877929688
2018-10-08 14:30:00,186.03500366210938
2018-10-08 15:30:00,185.1199951171875
2018-10-08 16:30:00,184.0449981689453
2018-10-08 17:30:00,184.8699951171875
2018-10-08 18:30:00,185.4600067138672
2018-10-08 19:30:00,185.33999633789062
2018-10-09 13:30:00,187.39300537109375
2018-10-09 14:30:00,186.66529846191406
2018-10-09 15:30:00,186.2899932861328
2018-10-09 16:30:00,186.47000122070312
2018-10-09 17:30:00,186.41000366210938
2018-10-09 18:30:00,185.77999877929688
2018-10-09 19:30:00,185.7899932861328
2018-10-10 13:30:00,184.58949279785156
2018-10-10 14:30:00,183.8699951171875
2018-10-10 15:30:00,183.30999755859375
2018-10-10 16:30:00,182.19500732421875
2018-10-10 17:30:00,180.27999877929688
2018-10-10 18:30:00,178.7100067138672
2018-10-10 19:30:00,176.33999633789062
2018-10-11 13:30:00,173.61000061035156
2018-10-11 14:30:00,172.47000122070312
2018-10-11 15:30:00,175.4499969482422
2018-10-11 16:30:00,176.52999877929688
2018-10-11 17:30:00,175.66000366210938
2018-10-11 18:30:00,177.13999938964844
2018-10-11 19:30:00,175.64999389648438
2018-10-12 13:30:00,177.9499969482422
2018-10-12 14:30:00,177.9600067138672
2018-10-12 15:30:00,177.25999450683594
2018-10-12 16:30:00,178.11000061035156
2018-10-12 17:30:00,178.0
2018-10-12 18:30:00,180.05999755859375
2018-10-12 19:30:00,181.36000061035156
2018-10-15 13:30:00,179.64999389648438
2018-10-15 14:30:00,179.92999267578125
2018-10-15 15:30:00,179.0800018310547
2018-10-15 16:30:00,179.34500122070312
2018-10-15 17:30:00,178.77000427246094
2018-10-15 18:30:00,178.89950561523438
2018-10-15 19:30:00,177.60000610351562
2018-10-16 13:30:00,181.25
2018-10-16 14:30:00,183.01499938964844
2018-10-16 15:30:00,183.5800018310547
2018-10-16 16:30:00,184.74000549316406
2018-10-16 17:30:00,184.9499969482422
2018-10-16 18:30:00,185.02000427246094
2018-10-16 19:30:00,185.52999877929688
2018-10-17 13:30:00,183.17999267578125
2018-10-17 14:30:00,182.35000610351562
2018-10-17 15:30:00,184.0782012939453
2018-10-17 16:30:00,184.02499389648438
2018-10-17 17:30:00,183.32000732421875
2018-10-17 18:30:00,185.60000610351562
2018-10-17 19:30:00,185.4949951171875
2018-10-18 13:30:00,179.13999938964844
2018-10-18 14:30:00,178.16000366210938
2018-10-18 15:30:00,177.77999877929688
2018-10-18 16:30:00,175.02000427246094
2018-10-18 17:30:00,177.64999389648438
2018-10-18 18:30:00,178.0800018310547
2018-10-18 19:30:00,178.9499969482422
2018-10-19 13:30:00,179.72000122070312
2018-10-19 14:30:00,177.4199981689453
2018-10-19 15:30:00,175.35499572753906
2018-10-19 16:30:00,177.8249969482422
2018-10-19 17:30:00,176.36000061035156
2018-10-19 18:30:00,177.0
2018-10-19 19:30:00,175.64999389648438
2018-10-22 13:30:00,173.30999755859375
2018-10-22 14:30:00,174.47000122070312
2018-10-22 15:30:00,175.30999755859375
2018-10-22 16:30:00,177.4600067138672
2018-10-22 17:30:00,177.0
2018-10-22 18:30:00,177.88999938964844
2018-10-22 19:30:00,177.50999450683594
2018-10-23 13:30:00,172.90499877929688
2018-10-23 14:30:00,171.8699951171875
2018-10-23 15:30:00,172.69000244140625
2018-10-23 16:30:00,173.97000122070312
2018-10-23 17:30:00,175.78500366210938
2018-10-23 18:30:00,175.75999450683594
2018-10-23 19:30:00,174.19000244140625
2018-10-24 13:30:00,172.11000061035156
2018-10-24 14:30:00,170.72000122070312
2018-10-24 15:30:00,171.14999389648438
2018-10-24 16:30:00,169.11000061035156
2018-10-24 17:30:00,168.27499389648438
2018-10-24 18:30:00,164.7899932861328
2018-10-24 19:30:00,163.07000732421875
2018-10-25 13:30:00,162.17999267578125
2018-10-25 14:30:00,163.14999389648438
2018-10-25 15:30:00,161.75999450683594
2018-10-25 16:30:00,163.07000732421875
2018-10-25 17:30:00,164.99000549316406
2018-10-25 18:30:00,165.3300018310547
2018-10-25 19:30:00,165.60000610351562
2018-10-26 13:30:00,163.92999267578125
2018-10-26 14:30:00,167.16000366210938
2018-10-26 15:30:00,167.82000732421875
2018-10-26 16:30:00,168.91000366210938
2018-10-26 17:30:00,169.6699981689453
2018-10-26 18:30:00,168.75
2018-10-26 19:30:00,169.49000549316406
2018-10-29 13:30:00,173.89999389648438
2018-10-29 14:30:00,171.80999755859375
2018-10-29 15:30:00,170.32000732421875
2018-10-29 16:30:00,170.63999938964844
2018-10-29 17:30:00,170.2899932861328
2018-10-29 18:30:00,169.9250030517578
2018-10-29 19:30:00,170.5500030517578
2018-10-30 13:30:00,171.24000549316406
2018-10-30 14:30:00,170.75
2018-10-30 15:30:00,170.42999267578125
2018-10-30 16:30:00,168.88999938964844
2018-10-30 17:30:00,169.2899932861328
2018-10-30 18:30:00,171.1699981689453
2018-10-30 19:30:00,171.47000122070312
2018-10-31 13:30:00,172.5
2018-10-31 14:30:00,171.4199981689453
2018-10-31 15:30:00,170.72999572753906
2018-10-31 16:30:00,172.3300018310547
2018-10-31 17:30:00,172.9499969482422
2018-10-31 18:30:00,171.25
2018-10-31 19:30:00,169.5
2018-11-01 13:30:00,170.99000549316406
2018-11-01 14:30:00,172.42999267578125
2018-11-01 15:30:00,172.25
2018-11-01 16:30:00,173.72000122070312
2018-11-01 17:30:00,173.73500061035156
2018-11-01 18:30:00,174.19000244140625
2018-11-01 19:30:00,175.41000366210938
2018-11-02 13:30:00,171.8699951171875
2018-11-02 14:30:00,173.14500427246094
2018-11-02 15:30:00,172.8000030517578
2018-11-02 16:30:00,172.9600067138672
2018-11-02 17:30:00,173.27999877929688
2018-11-02 18:30:00,173.64999389648438
2018-11-02 19:30:00,173.25
