Datetime,XLNX
2017-11-06 14:30:00,74.0250015258789
2017-11-06 15:30:00,73.80999755859375
2017-11-06 16:30:00,73.87999725341797
2017-11-06 17:30:00,74.16999816894531
2017-11-06 18:30:00,74.29000091552734
2017-11-06 19:30:00,74.2750015258789
2017-11-06 20:30:00,74.5
2017-11-07 14:30:00,74.70999908447266
2017-11-07 15:30:00,74.16000366210938
2017-11-07 16:30:00,73.69000244140625
2017-11-07 17:30:00,73.52999877929688
2017-11-07 18:30:00,73.7925033569336
2017-11-07 19:30:00,73.9000015258789
2017-11-07 20:30:00,73.88999938964844
2017-11-08 14:30:00,73.3499984741211
2017-11-08 15:30:00,73.33999633789062
2017-11-08 16:30:00,73.44000244140625
2017-11-08 17:30:00,73.55000305175781
2017-11-08 18:30:00,73.72000122070312
2017-11-08 19:30:00,73.72000122070312
2017-11-08 20:30:00,73.62000274658203
2017-11-09 14:30:00,72.33999633789062
2017-11-09 15:30:00,72.23999786376953
2017-11-09 16:30:00,71.33000183105469
2017-11-09 17:30:00,71.0875015258789
2017-11-09 18:30:00,71.02999877929688
2017-11-09 19:30:00,70.63999938964844
2017-11-09 20:30:00,70.76000213623047
2017-11-10 14:30:00,71.11000061035156
2017-11-10 15:30:00,71.19000244140625
2017-11-10 16:30:00,71.5
2017-11-10 17:30:00,71.69999694824219
2017-11-10 18:30:00,71.5999984741211
2017-11-10 19:30:00,71.94000244140625
2017-11-10 20:30:00,71.87000274658203
2017-11-13 14:30:00,72.44999694824219
2017-11-13 15:30:00,72.13999938964844
2017-11-13 16:30:00,72.22000122070312
2017-11-13 17:30:00,72.19999694824219
2017-11-13 18:30:00,72.52999877929688
2017-11-13 19:30:00,72.30999755859375
2017-11-13 20:30:00,72.33000183105469
2017-11-14 14:30:00,71.8499984741211
2017-11-14 15:30:00,72.03500366210938
2017-11-14 16:30:00,71.9800033569336
2017-11-14 17:30:00,71.87999725341797
2017-11-14 18:30:00,71.86000061035156
2017-11-14 19:30:00,72.01000213623047
2017-11-14 20:30:00,72.05000305175781
2017-11-15 14:30:00,71.04019927978516
2017-11-15 15:30:00,71.33999633789062
2017-11-15 16:30:00,71.16999816894531
2017-11-15 17:30:00,71.05999755859375
2017-11-15 18:30:00,71.12999725341797
2017-11-15 19:30:00,71.02999877929688
2017-11-15 20:30:00,70.97000122070312
2017-11-16 14:30:00,71.9000015258789
2017-11-16 15:30:00,72.16000366210938
2017-11-16 16:30:00,72.26000213623047
2017-11-16 17:30:00,72.59760284423828
2017-11-16 18:30:00,72.66000366210938
2017-11-16 19:30:00,72.69999694824219
2017-11-16 20:30:00,72.66000366210938
2017-11-17 14:30:00,72.58740234375
2017-11-17 15:30:00,71.99500274658203
2017-11-17 16:30:00,72.20999908447266
2017-11-17 17:30:00,71.9000015258789
2017-11-17 18:30:00,71.83999633789062
2017-11-17 19:30:00,71.79000091552734
2017-11-17 20:30:00,71.79000091552734
2017-11-20 14:30:00,72.66000366210938
2017-11-20 15:30:00,72.9000015258789
2017-11-20 16:30:00,72.73999786376953
2017-11-20 17:30:00,72.83999633789062
2017-11-20 18:30:00,72.7699966430664
2017-11-20 19:30:00,72.8499984741211
2017-11-20 20:30:00,72.62000274658203
2017-11-21 14:30:00,73.66999816894531
2017-11-21 15:30:00,73.52999877929688
2017-11-21 16:30:00,73.41000366210938
2017-11-21 17:30:00,73.48999786376953
2017-11-21 18:30:00,73.47000122070312
2017-11-21 19:30:00,73.25
2017-11-21 20:30:00,73.20999908447266
2017-11-22 14:30:00,72.81999969482422
2017-11-22 15:30:00,72.66999816894531
2017-11-22 16:30:00,72.7300033569336
2017-11-22 17:30:00,72.63999938964844
2017-11-22 18:30:00,72.37999725341797
2017-11-22 19:30:00,72.29000091552734
2017-11-22 20:30:00,72.2300033569336
2017-11-24 14:30:00,72.62999725341797
2017-11-24 15:30:00,72.55000305175781
2017-11-24 16:30:00,72.8550033569336
2017-11-24 18:00:00,72.87999725341797
2017-11-27 14:30:00,72.56999969482422
2017-11-27 15:30:00,72.4800033569336
2017-11-27 16:30:00,72.55500030517578
2017-11-27 17:30:00,72.5
2017-11-27 18:30:00,72.54000091552734
2017-11-27 19:30:00,72.5999984741211
2017-11-27 20:30:00,72.51000213623047
2017-11-28 14:30:00,72.54000091552734
2017-11-28 15:30:00,72.04000091552734
2017-11-28 16:30:00,72.18000030517578
2017-11-28 17:30:00,72.04000091552734
2017-11-28 18:30:00,72.0
2017-11-28 19:30:00,72.43000030517578
2017-11-28 20:30:00,72.16999816894531
2017-11-29 14:30:00,69.80999755859375
2017-11-29 15:30:00,68.80000305175781
2017-11-29 16:30:00,69.12999725341797
2017-11-29 17:30:00,69.7699966430664
2017-11-29 18:30:00,69.63999938964844
2017-11-29 19:30:00,69.41999816894531
2017-11-29 20:30:00,69.38999938964844
2017-11-30 14:30:00,70.0199966430664
2017-11-30 15:30:00,69.9800033569336
2017-11-30 16:30:00,69.98500061035156
2017-11-30 17:30:00,69.83300018310547
2017-11-30 18:30:00,69.80000305175781
2017-11-30 19:30:00,69.52999877929688
2017-11-30 20:30:00,69.51000213623047
2017-12-01 14:30:00,68.48999786376953
2017-12-01 15:30:00,67.55000305175781
2017-12-01 16:30:00,67.70999908447266
2017-12-01 17:30:00,68.0199966430664
2017-12-01 18:30:00,68.05999755859375
2017-12-01 19:30:00,67.81999969482422
2017-12-01 20:30:00,68.23999786376953
2017-12-04 14:30:00,67.62000274658203
2017-12-04 15:30:00,67.66000366210938
2017-12-04 16:30:00,68.44999694824219
2017-12-04 17:30:00,68.62999725341797
2017-12-04 18:30:00,68.4800033569336
2017-12-04 19:30:00,68.31999969482422
2017-12-04 20:30:00,68.16000366210938
2017-12-05 14:30:00,68.91000366210938
2017-12-05 15:30:00,69.0
2017-12-05 16:30:00,68.86000061035156
2017-12-05 17:30:00,68.7699966430664
2017-12-05 18:30:00,68.66000366210938
2017-12-05 19:30:00,68.58999633789062
2017-12-05 20:30:00,68.41999816894531
2017-12-06 14:30:00,68.69000244140625
2017-12-06 15:30:00,68.44999694824219
2017-12-06 16:30:00,68.15499877929688
2017-12-06 17:30:00,68.2699966430664
2017-12-06 18:30:00,68.37999725341797
2017-12-06 19:30:00,68.37000274658203
2017-12-06 20:30:00,68.37000274658203
2017-12-07 14:30:00,69.05999755859375
2017-12-07 15:30:00,69.44999694824219
2017-12-07 16:30:00,69.43000030517578
2017-12-07 17:30:00,69.27999877929688
2017-12-07 18:30:00,69.0199966430664
2017-12-07 19:30:00,69.29000091552734
2017-12-07 20:30:00,69.01000213623047
2017-12-08 14:30:00,69.12999725341797
2017-12-08 15:30:00,68.83999633789062
2017-12-08 16:30:00,69.08999633789062
2017-12-08 17:30:00,69.04419708251953
2017-12-08 18:30:00,68.72000122070312
2017-12-08 19:30:00,68.61000061035156
2017-12-08 20:30:00,68.55000305175781
2017-12-11 14:30:00,67.95999908447266
2017-12-11 15:30:00,68.05000305175781
2017-12-11 16:30:00,68.18000030517578
2017-12-11 17:30:00,68.08999633789062
2017-12-11 18:30:00,68.16500091552734
2017-12-11 19:30:00,68.16000366210938
2017-12-11 20:30:00,68.37000274658203
2017-12-12 14:30:00,67.9800033569336
2017-12-12 15:30:00,68.25
2017-12-12 16:30:00,67.9800033569336
2017-12-12 17:30:00,67.93499755859375
2017-12-12 18:30:00,67.93000030517578
2017-12-12 19:30:00,67.83000183105469
2017-12-12 20:30:00,67.69999694824219
2017-12-13 14:30:00,68.30000305175781
2017-12-13 15:30:00,68.29000091552734
2017-12-13 16:30:00,68.41000366210938
2017-12-13 17:30:00,68.3499984741211
2017-12-13 18:30:00,68.43000030517578
2017-12-13 19:30:00,68.2300033569336
2017-12-13 20:30:00,68.05000305175781
2017-12-14 14:30:00,68.2699966430664
2017-12-14 15:30:00,68.47000122070312
2017-12-14 16:30:00,68.54000091552734
2017-12-14 17:30:00,68.47000122070312
2017-12-14 18:30:00,68.08999633789062
2017-12-14 19:30:00,68.05000305175781
2017-12-14 20:30:00,68.05999755859375
2017-12-15 14:30:00,68.05999755859375
2017-12-15 15:30:00,68.55000305175781
2017-12-15 16:30:00,68.80000305175781
2017-12-15 17:30:00,68.56999969482422
2017-12-15 18:30:00,68.52999877929688
2017-12-15 19:30:00,68.08000183105469
2017-12-15 20:30:00,67.98999786376953
2017-12-18 14:30:00,68.91999816894531
2017-12-18 15:30:00,68.9800033569336
2017-12-18 16:30:00,69.33000183105469
2017-12-18 17:30:00,69.22000122070312
2017-12-18 18:30:00,69.19999694824219
2017-12-18 19:30:00,69.2300033569336
2017-12-18 20:30:00,69.54000091552734
2017-12-19 14:30:00,70.06999969482422
2017-12-19 15:30:00,70.33999633789062
2017-12-19 16:30:00,70.08999633789062
2017-12-19 17:30:00,70.01000213623047
2017-12-19 18:30:00,70.375
2017-12-19 19:30:00,69.97000122070312
2017-12-19 20:30:00,69.79000091552734
2017-12-20 14:30:00,69.61000061035156
2017-12-20 15:30:00,69.72000122070312
2017-12-20 16:30:00,69.80999755859375
2017-12-20 17:30:00,69.69000244140625
2017-12-20 18:30:00,69.19999694824219
2017-12-20 19:30:00,68.91000366210938
2017-12-20 20:30:00,68.98999786376953
2017-12-21 14:30:00,68.93000030517578
2017-12-21 15:30:00,69.0
2017-12-21 16:30:00,68.80999755859375
2017-12-21 17:30:00,68.9800033569336
2017-12-21 18:30:00,68.70999908447266
2017-12-21 19:30:00,68.46499633789062
2017-12-21 20:30:00,68.36000061035156
2017-12-22 14:30:00,68.33000183105469
2017-12-22 15:30:00,67.9800033569336
2017-12-22 16:30:00,68.0250015258789
2017-12-22 17:30:00,68.12999725341797
2017-12-22 18:30:00,68.0999984741211
2017-12-22 19:30:00,67.9800033569336
2017-12-22 20:30:00,67.9000015258789
2017-12-26 14:30:00,67.42500305175781
2017-12-26 15:30:00,67.62999725341797
2017-12-26 16:30:00,67.69999694824219
2017-12-26 17:30:00,67.6500015258789
2017-12-26 18:30:00,67.66999816894531
2017-12-26 19:30:00,67.62999725341797
2017-12-26 20:30:00,67.5999984741211
2017-12-27 14:30:00,67.91999816894531
2017-12-27 15:30:00,67.91999816894531
2017-12-27 16:30:00,67.98999786376953
2017-12-27 17:30:00,67.93000030517578
2017-12-27 18:30:00,67.9800033569336
2017-12-27 19:30:00,67.8499984741211
2017-12-27 20:30:00,67.9000015258789
2017-12-28 14:30:00,68.08000183105469
2017-12-28 15:30:00,68.29000091552734
2017-12-28 16:30:00,68.22000122070312
2017-12-28 17:30:00,68.23999786376953
2017-12-28 18:30:00,68.33999633789062
2017-12-28 19:30:00,68.36000061035156
2017-12-28 20:30:00,68.48999786376953
2017-12-29 14:30:00,67.98500061035156
2017-12-29 15:30:00,68.01000213623047
2017-12-29 16:30:00,67.91500091552734
2017-12-29 17:30:00,67.91829681396484
2017-12-29 18:30:00,67.9000015258789
2017-12-29 19:30:00,67.63999938964844
2017-12-29 20:30:00,67.43000030517578
2018-01-02 14:30:00,67.94999694824219
2018-01-02 15:30:00,68.31999969482422
2018-01-02 16:30:00,68.19000244140625
2018-01-02 17:30:00,68.0
2018-01-02 18:30:00,67.69999694824219
2018-01-02 19:30:00,67.80000305175781
2018-01-02 20:30:00,67.87000274658203
2018-01-03 14:30:00,68.94000244140625
2018-01-03 15:30:00,69.30500030517578
2018-01-03 16:30:00,69.25
2018-01-03 17:30:00,69.30000305175781
2018-01-03 18:30:00,69.38999938964844
2018-01-03 19:30:00,69.30999755859375
2018-01-03 20:30:00,69.25
2018-01-04 14:30:00,69.94999694824219
2018-01-04 15:30:00,70.26000213623047
2018-01-04 16:30:00,70.7300033569336
2018-01-04 17:30:00,70.7699966430664
2018-01-04 18:30:00,70.5999984741211
2018-01-04 19:30:00,70.69000244140625
2018-01-04 20:30:00,70.5
2018-01-05 14:30:00,73.34719848632812
2018-01-05 15:30:00,73.93000030517578
2018-01-05 16:30:00,74.02999877929688
2018-01-05 17:30:00,74.10030364990234
2018-01-05 18:30:00,74.3499984741211
2018-01-05 19:30:00,74.12999725341797
2018-01-05 20:30:00,74.1500015258789
2018-01-08 14:30:00,73.56999969482422
2018-01-08 15:30:00,74.12000274658203
2018-01-08 16:30:00,74.2699966430664
2018-01-08 17:30:00,74.36000061035156
2018-01-08 18:30:00,74.66000366210938
2018-01-08 19:30:00,74.66000366210938
2018-01-08 20:30:00,74.63999938964844
2018-01-09 14:30:00,74.79000091552734
2018-01-09 15:30:00,74.86000061035156
2018-01-09 16:30:00,74.8499984741211
2018-01-09 17:30:00,75.06999969482422
2018-01-09 18:30:00,75.02999877929688
2018-01-09 19:30:00,75.01000213623047
2018-01-09 20:30:00,74.83999633789062
2018-01-10 14:30:00,74.05000305175781
2018-01-10 15:30:00,73.80000305175781
2018-01-10 16:30:00,74.25
2018-01-10 17:30:00,74.38999938964844
2018-01-10 18:30:00,74.16999816894531
2018-01-10 19:30:00,74.11499786376953
2018-01-10 20:30:00,74.08999633789062
2018-01-11 14:30:00,74.20999908447266
2018-01-11 15:30:00,74.30999755859375
2018-01-11 16:30:00,74.30999755859375
2018-01-11 17:30:00,74.12999725341797
2018-01-11 18:30:00,74.30000305175781
2018-01-11 19:30:00,74.33000183105469
2018-01-11 20:30:00,74.31999969482422
2018-01-12 14:30:00,74.72100067138672
2018-01-12 15:30:00,74.66999816894531
2018-01-12 16:30:00,74.5999984741211
2018-01-12 17:30:00,74.5790023803711
2018-01-12 18:30:00,74.70999908447266
2018-01-12 19:30:00,74.66000366210938
2018-01-12 20:30:00,74.63999938964844
2018-01-16 14:30:00,74.9000015258789
2018-01-16 15:30:00,74.47000122070312
2018-01-16 16:30:00,74.33999633789062
2018-01-16 17:30:00,74.23999786376953
2018-01-16 18:30:00,73.94000244140625
2018-01-16 19:30:00,73.88999938964844
2018-01-16 20:30:00,73.77999877929688
2018-01-17 14:30:00,74.73999786376953
2018-01-17 15:30:00,75.1500015258789
2018-01-17 16:30:00,75.19999694824219
2018-01-17 17:30:00,75.5199966430664
2018-01-17 18:30:00,75.7300033569336
2018-01-17 19:30:00,75.70999908447266
2018-01-17 20:30:00,75.83999633789062
2018-01-18 14:30:00,76.0999984741211
2018-01-18 15:30:00,76.05999755859375
2018-01-18 16:30:00,76.36000061035156
2018-01-18 17:30:00,76.2249984741211
2018-01-18 18:30:00,76.53500366210938
2018-01-18 19:30:00,76.30000305175781
2018-01-18 20:30:00,76.30999755859375
2018-01-19 14:30:00,76.41000366210938
2018-01-19 15:30:00,76.25
2018-01-19 16:30:00,75.9000015258789
2018-01-19 17:30:00,75.69999694824219
2018-01-19 18:30:00,75.76499938964844
2018-01-19 19:30:00,75.68000030517578
2018-01-19 20:30:00,75.69999694824219
2018-01-22 14:30:00,75.45999908447266
2018-01-22 15:30:00,75.3499984741211
2018-01-22 16:30:00,75.75
2018-01-22 17:30:00,75.41000366210938
2018-01-22 18:30:00,75.36000061035156
2018-01-22 19:30:00,75.38500213623047
2018-01-22 20:30:00,75.43000030517578
2018-01-23 14:30:00,75.86000061035156
2018-01-23 15:30:00,75.76000213623047
2018-01-23 16:30:00,75.68000030517578
2018-01-23 17:30:00,75.66999816894531
2018-01-23 18:30:00,75.56999969482422
2018-01-23 19:30:00,75.61000061035156
2018-01-23 20:30:00,75.55000305175781
2018-01-24 14:30:00,74.37999725341797
2018-01-24 15:30:00,74.30000305175781
2018-01-24 16:30:00,73.61009979248047
2018-01-24 17:30:00,73.4000015258789
2018-01-24 18:30:00,73.58519744873047
2018-01-24 19:30:00,73.69000244140625
2018-01-24 20:30:00,73.4800033569336
2018-01-25 14:30:00,72.19000244140625
2018-01-25 15:30:00,72.84500122070312
2018-01-25 16:30:00,72.5199966430664
2018-01-25 17:30:00,72.03500366210938
2018-01-25 18:30:00,71.2770004272461
2018-01-25 19:30:00,70.20999908447266
2018-01-25 20:30:00,69.74099731445312
2018-01-26 14:30:00,70.5199966430664
2018-01-26 15:30:00,71.12000274658203
2018-01-26 16:30:00,70.98999786376953
2018-01-26 17:30:00,71.0199966430664
2018-01-26 18:30:00,71.18000030517578
2018-01-26 19:30:00,71.27999877929688
2018-01-26 20:30:00,71.93000030517578
2018-01-29 14:30:00,71.11000061035156
2018-01-29 15:30:00,71.44000244140625
2018-01-29 16:30:00,71.6500015258789
2018-01-29 17:30:00,71.72000122070312
2018-01-29 18:30:00,71.55500030517578
2018-01-29 19:30:00,71.5
2018-01-29 20:30:00,72.19000244140625
2018-01-30 14:30:00,71.69999694824219
2018-01-30 15:30:00,72.2300033569336
2018-01-30 16:30:00,72.17009735107422
2018-01-30 17:30:00,71.9800033569336
2018-01-30 18:30:00,72.08000183105469
2018-01-30 19:30:00,72.11000061035156
2018-01-30 20:30:00,72.0999984741211
2018-01-31 14:30:00,72.38999938964844
2018-01-31 15:30:00,72.93000030517578
2018-01-31 16:30:00,72.77999877929688
2018-01-31 17:30:00,72.89520263671875
2018-01-31 18:30:00,72.98999786376953
2018-01-31 19:30:00,72.83000183105469
2018-01-31 20:30:00,73.01000213623047
2018-02-01 14:30:00,73.4000015258789
2018-02-01 15:30:00,73.16000366210938
2018-02-01 16:30:00,73.29000091552734
2018-02-01 17:30:00,73.33999633789062
2018-02-01 18:30:00,73.08450317382812
2018-02-01 19:30:00,72.58000183105469
2018-02-01 20:30:00,72.5199966430664
2018-02-02 14:30:00,71.30999755859375
2018-02-02 15:30:00,71.91999816894531
2018-02-02 16:30:00,72.52999877929688
2018-02-02 17:30:00,72.06999969482422
2018-02-02 18:30:00,71.52999877929688
2018-02-02 19:30:00,70.8499984741211
2018-02-02 20:30:00,70.65899658203125
2018-02-05 14:30:00,70.05999755859375
2018-02-05 15:30:00,69.8499984741211
2018-02-05 16:30:00,69.77999877929688
2018-02-05 17:30:00,69.0199966430664
2018-02-05 18:30:00,68.86499786376953
2018-02-05 19:30:00,68.49500274658203
2018-02-05 20:30:00,66.97000122070312
2018-02-06 14:30:00,65.41999816894531
2018-02-06 15:30:00,66.06999969482422
2018-02-06 16:30:00,67.08000183105469
2018-02-06 17:30:00,67.0
2018-02-06 18:30:00,66.61000061035156
2018-02-06 19:30:00,68.44000244140625
2018-02-06 20:30:00,68.9800033569336
2018-02-07 14:30:00,68.47000122070312
2018-02-07 15:30:00,68.88999938964844
2018-02-07 16:30:00,68.38999938964844
2018-02-07 17:30:00,67.5999984741211
2018-02-07 18:30:00,67.8499984741211
2018-02-07 19:30:00,67.66999816894531
2018-02-07 20:30:00,66.97000122070312
2018-02-08 14:30:00,66.0
2018-02-08 15:30:00,64.7699966430664
2018-02-08 16:30:00,64.48999786376953
2018-02-08 17:30:00,64.31999969482422
2018-02-08 18:30:00,64.37000274658203
2018-02-08 19:30:00,63.810001373291016
2018-02-08 20:30:00,62.84000015258789
2018-02-09 14:30:00,63.529998779296875
2018-02-09 15:30:00,63.279998779296875
2018-02-09 16:30:00,62.54999923706055
2018-02-09 17:30:00,62.709999084472656
2018-02-09 18:30:00,64.2300033569336
2018-02-09 19:30:00,64.87000274658203
2018-02-09 20:30:00,65.37999725341797
2018-02-12 14:30:00,65.41000366210938
2018-02-12 15:30:00,65.12999725341797
2018-02-12 16:30:00,65.58000183105469
2018-02-12 17:30:00,65.38999938964844
2018-02-12 18:30:00,65.7699966430664
2018-02-12 19:30:00,65.66999816894531
2018-02-12 20:30:00,65.125
2018-02-13 14:30:00,64.31999969482422
2018-02-13 15:30:00,64.0999984741211
2018-02-13 16:30:00,64.38999938964844
2018-02-13 17:30:00,64.68000030517578
2018-02-13 18:30:00,64.87000274658203
2018-02-13 19:30:00,65.16000366210938
2018-02-13 20:30:00,65.31999969482422
2018-02-14 14:30:00,67.33999633789062
2018-02-14 15:30:00,67.0999984741211
2018-02-14 16:30:00,66.58999633789062
2018-02-14 17:30:00,66.75
2018-02-14 18:30:00,66.87999725341797
2018-02-14 19:30:00,67.06999969482422
2018-02-14 20:30:00,66.86499786376953
2018-02-15 14:30:00,66.97000122070312
2018-02-15 15:30:00,66.83000183105469
2018-02-15 16:30:00,66.99500274658203
2018-02-15 17:30:00,67.16000366210938
2018-02-15 18:30:00,66.88999938964844
2018-02-15 19:30:00,67.12000274658203
2018-02-15 20:30:00,67.22000122070312
2018-02-16 14:30:00,67.18000030517578
2018-02-16 15:30:00,67.2300033569336
2018-02-16 16:30:00,67.55999755859375
2018-02-16 17:30:00,67.18000030517578
2018-02-16 18:30:00,67.25
2018-02-16 19:30:00,67.30999755859375
2018-02-16 20:30:00,67.0999984741211
2018-02-20 14:30:00,68.56999969482422
2018-02-20 15:30:00,69.11000061035156
2018-02-20 16:30:00,69.13999938964844
2018-02-20 17:30:00,68.80999755859375
2018-02-20 18:30:00,69.11000061035156
2018-02-20 19:30:00,69.05999755859375
2018-02-20 20:30:00,69.19000244140625
2018-02-21 14:30:00,69.52999877929688
2018-02-21 15:30:00,69.38999938964844
2018-02-21 16:30:00,68.87000274658203
2018-02-21 17:30:00,69.3499984741211
2018-02-21 18:30:00,69.63999938964844
2018-02-21 19:30:00,69.06999969482422
2018-02-21 20:30:00,68.47000122070312
2018-02-22 14:30:00,69.43000030517578
2018-02-22 15:30:00,69.51000213623047
2018-02-22 16:30:00,69.375
2018-02-22 17:30:00,68.94000244140625
2018-02-22 18:30:00,69.22000122070312
2018-02-22 19:30:00,69.0199966430664
2018-02-22 20:30:00,68.94000244140625
2018-02-23 14:30:00,68.94000244140625
2018-02-23 15:30:00,69.0199966430664
2018-02-23 16:30:00,69.0999984741211
2018-02-23 17:30:00,69.2699966430664
2018-02-23 18:30:00,69.33999633789062
2018-02-23 19:30:00,69.76000213623047
2018-02-23 20:30:00,70.02999877929688
2018-02-26 14:30:00,71.0999984741211
2018-02-26 15:30:00,71.0199966430664
2018-02-26 16:30:00,71.11000061035156
2018-02-26 17:30:00,71.19000244140625
2018-02-26 18:30:00,71.33999633789062
2018-02-26 19:30:00,71.58999633789062
2018-02-26 20:30:00,71.48999786376953
2018-02-27 14:30:00,73.0999984741211
2018-02-27 15:30:00,72.12000274658203
2018-02-27 16:30:00,71.86000061035156
2018-02-27 17:30:00,72.2300033569336
2018-02-27 18:30:00,71.91999816894531
2018-02-27 19:30:00,71.6500015258789
2018-02-27 20:30:00,71.44000244140625
2018-02-28 14:30:00,72.12999725341797
2018-02-28 15:30:00,71.69999694824219
2018-02-28 16:30:00,71.47000122070312
2018-02-28 17:30:00,72.05999755859375
2018-02-28 18:30:00,72.0199966430664
2018-02-28 19:30:00,71.80000305175781
2018-02-28 20:30:00,71.26000213623047
2018-03-01 14:30:00,71.58999633789062
2018-03-01 15:30:00,71.19999694824219
2018-03-01 16:30:00,71.3499984741211
2018-03-01 17:30:00,70.88999938964844
2018-03-01 18:30:00,70.33999633789062
2018-03-01 19:30:00,70.95999908447266
2018-03-01 20:30:00,70.79000091552734
2018-03-02 14:30:00,70.66999816894531
2018-03-02 15:30:00,71.06999969482422
2018-03-02 16:30:00,71.81999969482422
2018-03-02 17:30:00,71.43000030517578
2018-03-02 18:30:00,71.7699966430664
2018-03-02 19:30:00,71.9000015258789
2018-03-02 20:30:00,72.2300033569336
2018-03-05 14:30:00,72.2300033569336
2018-03-05 15:30:00,72.9000015258789
2018-03-05 16:30:00,72.97000122070312
2018-03-05 17:30:00,73.16000366210938
2018-03-05 18:30:00,72.88999938964844
2018-03-05 19:30:00,72.92500305175781
2018-03-05 20:30:00,72.77999877929688
2018-03-06 14:30:00,74.30999755859375
2018-03-06 15:30:00,73.20999908447266
2018-03-06 16:30:00,73.41000366210938
2018-03-06 17:30:00,73.86000061035156
2018-03-06 18:30:00,73.75
2018-03-06 19:30:00,74.0199966430664
2018-03-06 20:30:00,73.9800033569336
2018-03-07 14:30:00,73.58999633789062
2018-03-07 15:30:00,73.69000244140625
2018-03-07 16:30:00,73.12000274658203
2018-03-07 17:30:00,73.57499694824219
2018-03-07 18:30:00,73.4000015258789
2018-03-07 19:30:00,73.95999908447266
2018-03-07 20:30:00,73.93000030517578
2018-03-08 14:30:00,74.46900177001953
2018-03-08 15:30:00,74.7699966430664
2018-03-08 16:30:00,74.9800033569336
2018-03-08 17:30:00,74.7699966430664
2018-03-08 18:30:00,75.29499816894531
2018-03-08 19:30:00,75.44999694824219
2018-03-08 20:30:00,75.69000244140625
2018-03-09 14:30:00,76.62000274658203
2018-03-09 15:30:00,76.45950317382812
2018-03-09 16:30:00,76.71900177001953
2018-03-09 17:30:00,76.52999877929688
2018-03-09 18:30:00,76.47000122070312
2018-03-09 19:30:00,76.32499694824219
2018-03-09 20:30:00,76.19999694824219
2018-03-12 13:30:00,77.91999816894531
2018-03-12 14:30:00,77.19499969482422
2018-03-12 15:30:00,77.41999816894531
2018-03-12 16:30:00,77.62999725341797
2018-03-12 17:30:00,77.4000015258789
2018-03-12 18:30:00,77.25
2018-03-12 19:30:00,77.05999755859375
2018-03-13 13:30:00,76.80000305175781
2018-03-13 14:30:00,76.06999969482422
2018-03-13 15:30:00,75.80000305175781
2018-03-13 16:30:00,76.0999984741211
2018-03-13 17:30:00,76.18000030517578
2018-03-13 18:30:00,76.06009674072266
2018-03-13 19:30:00,76.12999725341797
2018-03-14 13:30:00,75.88999938964844
2018-03-14 14:30:00,75.66999816894531
2018-03-14 15:30:00,75.58000183105469
2018-03-14 16:30:00,75.56999969482422
2018-03-14 17:30:00,76.05000305175781
2018-03-14 18:30:00,75.81999969482422
2018-03-14 19:30:00,76.0
2018-03-15 13:30:00,76.26000213623047
2018-03-15 14:30:00,76.1500015258789
2018-03-15 15:30:00,75.56999969482422
2018-03-15 16:30:00,75.54000091552734
2018-03-15 17:30:00,75.5
2018-03-15 18:30:00,75.87999725341797
2018-03-15 19:30:00,75.81999969482422
2018-03-16 13:30:00,76.05000305175781
2018-03-16 14:30:00,76.16999816894531
2018-03-16 15:30:00,75.81999969482422
2018-03-16 16:30:00,75.91000366210938
2018-03-16 17:30:00,75.98999786376953
2018-03-16 18:30:00,76.08000183105469
2018-03-16 19:30:00,76.0199966430664
2018-03-19 13:30:00,75.66999816894531
2018-03-19 14:30:00,74.95999908447266
2018-03-19 15:30:00,74.53500366210938
2018-03-19 16:30:00,74.45999908447266
2018-03-19 17:30:00,74.58000183105469
2018-03-19 18:30:00,74.79000091552734
2018-03-19 19:30:00,75.01000213623047
2018-03-20 13:30:00,75.68000030517578
2018-03-20 14:30:00,75.81999969482422
2018-03-20 15:30:00,75.69000244140625
2018-03-20 16:30:00,75.44999694824219
2018-03-20 17:30:00,75.62999725341797
2018-03-20 18:30:00,75.93000030517578
2018-03-20 19:30:00,76.19000244140625
2018-03-21 13:30:00,76.61000061035156
2018-03-21 14:30:00,76.4800033569336
2018-03-21 15:30:00,76.61000061035156
2018-03-21 16:30:00,76.51000213623047
2018-03-21 17:30:00,76.1500015258789
2018-03-21 18:30:00,76.04000091552734
2018-03-21 19:30:00,75.69000244140625
2018-03-22 13:30:00,75.19000244140625
2018-03-22 14:30:00,74.31999969482422
2018-03-22 15:30:00,74.93000030517578
2018-03-22 16:30:00,75.21949768066406
2018-03-22 17:30:00,74.75
2018-03-22 18:30:00,74.33000183105469
2018-03-22 19:30:00,73.94000244140625
2018-03-23 13:30:00,73.36000061035156
2018-03-23 14:30:00,72.91000366210938
2018-03-23 15:30:00,72.7300033569336
2018-03-23 16:30:00,72.91500091552734
2018-03-23 17:30:00,72.97000122070312
2018-03-23 18:30:00,72.31999969482422
2018-03-23 19:30:00,71.87999725341797
2018-03-26 13:30:00,73.37999725341797
2018-03-26 14:30:00,73.33999633789062
2018-03-26 15:30:00,73.52999877929688
2018-03-26 16:30:00,73.70999908447266
2018-03-26 17:30:00,74.06500244140625
2018-03-26 18:30:00,74.44000244140625
2018-03-26 19:30:00,74.19999694824219
2018-03-27 13:30:00,74.43000030517578
2018-03-27 14:30:00,74.31999969482422
2018-03-27 15:30:00,74.13999938964844
2018-03-27 16:30:00,74.2300033569336
2018-03-27 17:30:00,73.29000091552734
2018-03-27 18:30:00,72.41999816894531
2018-03-27 19:30:00,72.05999755859375
2018-03-28 13:30:00,71.70999908447266
2018-03-28 14:30:00,71.30000305175781
2018-03-28 15:30:00,71.80000305175781
2018-03-28 16:30:00,71.88500213623047
2018-03-28 17:30:00,71.83999633789062
2018-03-28 18:30:00,71.69000244140625
2018-03-28 19:30:00,71.33999633789062
2018-03-29 13:30:00,71.66000366210938
2018-03-29 14:30:00,71.93000030517578
2018-03-29 15:30:00,71.87999725341797
2018-03-29 16:30:00,72.08999633789062
2018-03-29 17:30:00,72.58000183105469
2018-03-29 18:30:00,72.63999938964844
2018-03-29 19:30:00,72.25
2018-04-02 13:30:00,71.08000183105469
2018-04-02 14:30:00,70.69000244140625
2018-04-02 15:30:00,70.30000305175781
2018-04-02 16:30:00,69.80999755859375
2018-04-02 17:30:00,69.26000213623047
2018-04-02 18:30:00,69.08999633789062
2018-04-02 19:30:00,69.04000091552734
2018-04-03 13:30:00,69.62000274658203
2018-04-03 14:30:00,69.8499984741211
2018-04-03 15:30:00,69.19000244140625
2018-04-03 16:30:00,69.37999725341797
2018-04-03 17:30:00,69.30000305175781
2018-04-03 18:30:00,70.0
2018-04-03 19:30:00,69.69000244140625
2018-04-04 13:30:00,69.30000305175781
2018-04-04 14:30:00,69.4800033569336
2018-04-04 15:30:00,69.79000091552734
2018-04-04 16:30:00,69.48999786376953
2018-04-04 17:30:00,70.30999755859375
2018-04-04 18:30:00,70.79000091552734
2018-04-04 19:30:00,71.12000274658203
2018-04-05 13:30:00,70.79000091552734
2018-04-05 14:30:00,71.2300033569336
2018-04-05 15:30:00,70.62000274658203
2018-04-05 16:30:00,70.2300033569336
2018-04-05 17:30:00,70.20999908447266
2018-04-05 18:30:00,70.66999816894531
2018-04-05 19:30:00,70.69999694824219
2018-04-06 13:30:00,68.16999816894531
2018-04-06 14:30:00,67.72000122070312
2018-04-06 15:30:00,67.69000244140625
2018-04-06 16:30:00,67.80000305175781
2018-04-06 17:30:00,66.83999633789062
2018-04-06 18:30:00,66.55999755859375
2018-04-06 19:30:00,66.30000305175781
2018-04-09 13:30:00,67.5999984741211
2018-04-09 14:30:00,68.31999969482422
2018-04-09 15:30:00,68.6500015258789
2018-04-09 16:30:00,68.51000213623047
2018-04-09 17:30:00,67.81999969482422
2018-04-09 18:30:00,67.22000122070312
2018-04-09 19:30:00,66.73999786376953
2018-04-10 13:30:00,68.02999877929688
2018-04-10 14:30:00,67.79000091552734
2018-04-10 15:30:00,67.4000015258789
2018-04-10 16:30:00,67.87000274658203
2018-04-10 17:30:00,68.18000030517578
2018-04-10 18:30:00,68.23999786376953
2018-04-10 19:30:00,68.05000305175781
2018-04-11 13:30:00,68.41000366210938
2018-04-11 14:30:00,68.16999816894531
2018-04-11 15:30:00,68.33999633789062
2018-04-11 16:30:00,68.2300033569336
2018-04-11 17:30:00,68.05999755859375
2018-04-11 18:30:00,67.91999816894531
2018-04-11 19:30:00,68.01000213623047
2018-04-12 13:30:00,69.87999725341797
2018-04-12 14:30:00,69.7699966430664
2018-04-12 15:30:00,69.8499984741211
2018-04-12 16:30:00,69.44999694824219
2018-04-12 17:30:00,69.52749633789062
2018-04-12 18:30:00,69.61499786376953
2018-04-12 19:30:00,69.52999877929688
2018-04-13 13:30:00,68.6500015258789
2018-04-13 14:30:00,69.05000305175781
2018-04-13 15:30:00,69.26000213623047
2018-04-13 16:30:00,69.27999877929688
2018-04-13 17:30:00,69.06999969482422
2018-04-13 18:30:00,68.4000015258789
2018-04-13 19:30:00,68.4800033569336
2018-04-16 13:30:00,68.02999877929688
2018-04-16 14:30:00,67.83000183105469
2018-04-16 15:30:00,68.26000213623047
2018-04-16 16:30:00,68.55999755859375
2018-04-16 17:30:00,68.36000061035156
2018-04-16 18:30:00,68.19499969482422
2018-04-16 19:30:00,68.17500305175781
2018-04-17 13:30:00,70.01499938964844
2018-04-17 15:30:00,69.77999877929688
2018-04-17 16:30:00,69.77999877929688
2018-04-17 17:30:00,69.8499984741211
2018-04-17 18:30:00,69.95999908447266
2018-04-17 19:30:00,69.87999725341797
2018-04-18 13:30:00,68.58000183105469
2018-04-18 14:30:00,68.84500122070312
2018-04-18 15:30:00,68.7699966430664
2018-04-18 16:30:00,68.44000244140625
2018-04-18 17:30:00,68.38999938964844
2018-04-18 18:30:00,68.25
2018-04-18 19:30:00,68.02999877929688
2018-04-19 13:30:00,66.72570037841797
2018-04-19 14:30:00,66.62000274658203
2018-04-19 15:30:00,66.41000366210938
2018-04-19 16:30:00,66.29000091552734
2018-04-19 17:30:00,65.37999725341797
2018-04-19 18:30:00,65.0
2018-04-19 19:30:00,64.87999725341797
2018-04-20 13:30:00,64.55999755859375
2018-04-20 14:30:00,64.0
2018-04-20 15:30:00,64.16999816894531
2018-04-20 16:30:00,64.4000015258789
2018-04-20 17:30:00,64.0999984741211
2018-04-20 18:30:00,63.66999816894531
2018-04-20 19:30:00,64.13999938964844
2018-04-23 13:30:00,65.28500366210938
2018-04-23 14:30:00,65.36499786376953
2018-04-23 15:30:00,64.5199966430664
2018-04-23 16:30:00,64.26000213623047
2018-04-23 17:30:00,64.05999755859375
2018-04-23 18:30:00,63.83000183105469
2018-04-23 19:30:00,63.70000076293945
2018-04-24 13:30:00,64.74500274658203
2018-04-24 14:30:00,64.5999984741211
2018-04-24 15:30:00,63.779998779296875
2018-04-24 16:30:00,63.939998626708984
2018-04-24 17:30:00,63.7599983215332
2018-04-24 18:30:00,63.939998626708984
2018-04-24 19:30:00,64.0199966430664
2018-04-25 13:30:00,63.380001068115234
2018-04-25 14:30:00,63.474998474121094
2018-04-25 15:30:00,63.45000076293945
2018-04-25 16:30:00,63.63999938964844
2018-04-25 17:30:00,63.61000061035156
2018-04-25 18:30:00,63.5099983215332
2018-04-25 19:30:00,63.70000076293945
2018-04-26 13:30:00,65.44000244140625
2018-04-26 14:30:00,65.12999725341797
2018-04-26 15:30:00,64.91999816894531
2018-04-26 16:30:00,64.67500305175781
2018-04-26 17:30:00,64.79000091552734
2018-04-26 18:30:00,64.75
2018-04-26 19:30:00,64.72000122070312
2018-04-27 13:30:00,64.83000183105469
2018-04-27 14:30:00,65.08999633789062
2018-04-27 15:30:00,64.94999694824219
2018-04-27 16:30:00,64.97000122070312
2018-04-27 17:30:00,65.0199966430664
2018-04-27 18:30:00,64.83999633789062
2018-04-27 19:30:00,64.7699966430664
2018-04-30 13:30:00,64.9000015258789
2018-04-30 14:30:00,64.76000213623047
2018-04-30 15:30:00,64.25
2018-04-30 16:30:00,64.05000305175781
2018-04-30 17:30:00,64.37999725341797
2018-04-30 18:30:00,64.37000274658203
2018-04-30 19:30:00,64.23999786376953
2018-05-01 13:30:00,63.959999084472656
2018-05-01 14:30:00,64.13999938964844
2018-05-01 15:30:00,64.16000366210938
2018-05-01 16:30:00,63.93000030517578
2018-05-01 17:30:00,64.30999755859375
2018-05-01 18:30:00,64.25
2018-05-01 19:30:00,64.52999877929688
2018-05-02 13:30:00,64.8949966430664
2018-05-02 14:30:00,65.11000061035156
2018-05-02 15:30:00,64.87999725341797
2018-05-02 16:30:00,65.23999786376953
2018-05-02 17:30:00,65.30000305175781
2018-05-02 18:30:00,65.08999633789062
2018-05-02 19:30:00,65.12000274658203
2018-05-03 13:30:00,64.7699966430664
2018-05-03 14:30:00,64.7699966430664
2018-05-03 15:30:00,65.05000305175781
2018-05-03 16:30:00,65.66999816894531
2018-05-03 17:30:00,65.5
2018-05-03 18:30:00,65.87000274658203
2018-05-03 19:30:00,65.81999969482422
2018-05-04 13:30:00,66.16000366210938
2018-05-04 14:30:00,66.58999633789062
2018-05-04 15:30:00,66.69999694824219
2018-05-04 16:30:00,66.38999938964844
2018-05-04 17:30:00,66.9000015258789
2018-05-04 18:30:00,66.94999694824219
2018-05-04 19:30:00,66.9800033569336
2018-05-07 13:30:00,67.38490295410156
2018-05-07 14:30:00,67.52999877929688
2018-05-07 15:30:00,67.44000244140625
2018-05-07 16:30:00,67.18000030517578
2018-05-07 17:30:00,67.33000183105469
2018-05-07 18:30:00,67.1500015258789
2018-05-07 19:30:00,67.22000122070312
2018-05-08 13:30:00,66.88500213623047
2018-05-08 14:30:00,66.93000030517578
2018-05-08 15:30:00,66.81999969482422
2018-05-08 16:30:00,66.81999969482422
2018-05-08 17:30:00,67.05999755859375
2018-05-08 18:30:00,67.4000015258789
2018-05-08 19:30:00,67.63999938964844
2018-05-09 13:30:00,67.77999877929688
2018-05-09 14:30:00,67.6500015258789
2018-05-09 15:30:00,67.95999908447266
2018-05-09 16:30:00,68.12999725341797
2018-05-09 17:30:00,68.1500015258789
2018-05-09 18:30:00,68.2300033569336
2018-05-09 19:30:00,68.41999816894531
2018-05-10 13:30:00,68.86990356445312
2018-05-10 14:30:00,68.94999694824219
2018-05-10 15:30:00,69.23999786376953
2018-05-10 16:30:00,69.37999725341797
2018-05-10 17:30:00,69.61000061035156
2018-05-10 18:30:00,69.58999633789062
2018-05-10 19:30:00,69.71499633789062
2018-05-11 13:30:00,69.77999877929688
2018-05-11 14:30:00,69.43000030517578
2018-05-11 15:30:00,69.1500015258789
2018-05-11 16:30:00,69.33000183105469
2018-05-11 17:30:00,69.0999984741211
2018-05-11 18:30:00,69.11000061035156
2018-05-11 19:30:00,69.19999694824219
2018-05-14 13:30:00,71.08000183105469
2018-05-14 14:30:00,71.29000091552734
2018-05-14 15:30:00,71.58499908447266
2018-05-14 16:30:00,71.62999725341797
2018-05-14 17:30:00,71.70999908447266
2018-05-14 18:30:00,71.69999694824219
2018-05-14 19:30:00,71.44000244140625
2018-05-15 13:30:00,70.51000213623047
2018-05-15 14:30:00,70.52999877929688
2018-05-15 15:30:00,70.37000274658203
2018-05-15 16:30:00,70.2300033569336
2018-05-15 17:30:00,70.4000015258789
2018-05-15 18:30:00,70.2699966430664
2018-05-15 19:30:00,70.43000030517578
2018-05-16 13:30:00,70.37999725341797
2018-05-16 14:30:00,70.54000091552734
2018-05-16 15:30:00,70.88999938964844
2018-05-16 16:30:00,70.7249984741211
2018-05-16 17:30:00,70.91000366210938
2018-05-16 18:30:00,70.9000015258789
2018-05-16 19:30:00,70.9800033569336
2018-05-17 13:30:00,71.30999755859375
2018-05-17 14:30:00,71.5
2018-05-17 15:30:00,71.69999694824219
2018-05-17 16:30:00,71.12999725341797
2018-05-17 17:30:00,71.05000305175781
2018-05-17 18:30:00,71.4000015258789
2018-05-17 19:30:00,71.45999908447266
2018-05-18 13:30:00,71.12999725341797
2018-05-18 14:30:00,71.25
2018-05-18 15:30:00,71.06999969482422
2018-05-18 16:30:00,71.19999694824219
2018-05-18 17:30:00,71.2300033569336
2018-05-18 18:30:00,71.20999908447266
2018-05-18 19:30:00,71.22000122070312
2018-05-21 13:30:00,72.50499725341797
2018-05-21 14:30:00,72.12000274658203
2018-05-21 15:30:00,72.16999816894531
2018-05-21 16:30:00,72.12999725341797
2018-05-21 17:30:00,71.76000213623047
2018-05-21 18:30:00,72.16000366210938
2018-05-21 19:30:00,72.2699966430664
2018-05-22 13:30:00,72.125
2018-05-22 14:30:00,72.47000122070312
2018-05-22 15:30:00,72.26000213623047
2018-05-22 16:30:00,72.33000183105469
2018-05-22 17:30:00,72.45999908447266
2018-05-22 18:30:00,72.2699966430664
2018-05-22 19:30:00,71.66000366210938
2018-05-23 13:30:00,68.6500015258789
2018-05-23 14:30:00,68.80999755859375
2018-05-23 15:30:00,68.62999725341797
2018-05-23 16:30:00,68.52999877929688
2018-05-23 17:30:00,68.36499786376953
2018-05-23 18:30:00,68.58000183105469
2018-05-23 19:30:00,68.76000213623047
2018-05-24 13:30:00,68.41999816894531
2018-05-24 14:30:00,68.58999633789062
2018-05-24 15:30:00,68.76000213623047
2018-05-24 16:30:00,68.77999877929688
2018-05-24 17:30:00,68.5999984741211
2018-05-24 18:30:00,68.72000122070312
2018-05-24 19:30:00,68.73999786376953
2018-05-25 13:30:00,69.43000030517578
2018-05-25 14:30:00,69.63999938964844
2018-05-25 15:30:00,69.76000213623047
2018-05-25 16:30:00,69.80999755859375
2018-05-25 17:30:00,69.66999816894531
2018-05-25 18:30:00,69.62000274658203
2018-05-25 19:30:00,69.58999633789062
2018-05-29 13:30:00,68.94999694824219
2018-05-29 14:30:00,68.62999725341797
2018-05-29 15:30:00,68.23999786376953
2018-05-29 16:30:00,68.42500305175781
2018-05-29 17:30:00,68.37000274658203
2018-05-29 18:30:00,67.9800033569336
2018-05-29 19:30:00,68.23999786376953
2018-05-30 13:30:00,68.73999786376953
2018-05-30 14:30:00,68.44000244140625
2018-05-30 15:30:00,68.22000122070312
2018-05-30 16:30:00,68.0999984741211
2018-05-30 17:30:00,67.95999908447266
2018-05-30 18:30:00,68.0199966430664
2018-05-30 19:30:00,68.0250015258789
2018-05-31 13:30:00,67.70999908447266
2018-05-31 14:30:00,68.19999694824219
2018-05-31 15:30:00,68.29000091552734
2018-05-31 16:30:00,68.45989990234375
2018-05-31 17:30:00,68.20500183105469
2018-05-31 18:30:00,68.31999969482422
2018-05-31 19:30:00,68.08999633789062
2018-06-01 13:30:00,70.08000183105469
2018-06-01 14:30:00,70.43000030517578
2018-06-01 15:30:00,70.5999984741211
2018-06-01 16:30:00,70.50499725341797
2018-06-01 17:30:00,70.5
2018-06-01 18:30:00,70.12000274658203
2018-06-01 19:30:00,70.37000274658203
2018-06-04 13:30:00,70.125
2018-06-04 14:30:00,69.55000305175781
2018-06-04 15:30:00,69.95999908447266
2018-06-04 16:30:00,70.02999877929688
2018-06-04 17:30:00,70.06999969482422
2018-06-04 18:30:00,70.33000183105469
2018-06-04 19:30:00,70.3499984741211
2018-06-05 13:30:00,70.47000122070312
2018-06-05 14:30:00,70.58999633789062
2018-06-05 15:30:00,70.51000213623047
2018-06-05 16:30:00,70.66999816894531
2018-06-05 17:30:00,70.61000061035156
2018-06-05 18:30:00,70.5
2018-06-05 19:30:00,70.41999816894531
2018-06-06 13:30:00,70.19000244140625
2018-06-06 14:30:00,70.43000030517578
2018-06-06 15:30:00,70.3499984741211
2018-06-06 16:30:00,70.33999633789062
2018-06-06 17:30:00,70.28800201416016
2018-06-06 18:30:00,70.4800033569336
2018-06-06 19:30:00,70.62999725341797
2018-06-07 13:30:00,71.44999694824219
2018-06-07 14:30:00,71.03140258789062
2018-06-07 15:30:00,70.70999908447266
2018-06-07 16:30:00,70.36000061035156
2018-06-07 17:30:00,70.69999694824219
2018-06-07 18:30:00,70.8499984741211
2018-06-07 19:30:00,70.66999816894531
2018-06-08 13:30:00,69.48999786376953
2018-06-08 14:30:00,69.01000213623047
2018-06-08 15:30:00,69.44999694824219
2018-06-08 16:30:00,69.375
2018-06-08 17:30:00,69.2300033569336
2018-06-08 18:30:00,69.43000030517578
2018-06-08 19:30:00,69.52999877929688
2018-06-11 13:30:00,69.75
2018-06-11 14:30:00,69.58999633789062
2018-06-11 15:30:00,69.73999786376953
2018-06-11 16:30:00,69.58999633789062
2018-06-11 17:30:00,69.81999969482422
2018-06-11 18:30:00,69.94000244140625
2018-06-11 19:30:00,69.72000122070312
2018-06-12 13:30:00,69.62999725341797
2018-06-12 14:30:00,69.69999694824219
2018-06-12 15:30:00,70.12000274658203
2018-06-12 16:30:00,70.0999984741211
2018-06-12 17:30:00,69.91500091552734
2018-06-12 18:30:00,69.97000122070312
2018-06-12 19:30:00,70.0
2018-06-13 13:30:00,70.43000030517578
2018-06-13 14:30:00,70.30999755859375
2018-06-13 15:30:00,70.05999755859375
2018-06-13 16:30:00,70.19499969482422
2018-06-13 17:30:00,69.75499725341797
2018-06-13 18:30:00,69.98999786376953
2018-06-13 19:30:00,69.76000213623047
2018-06-14 13:30:00,70.44000244140625
2018-06-14 14:30:00,70.19999694824219
2018-06-14 15:30:00,70.44999694824219
2018-06-14 16:30:00,70.66000366210938
2018-06-14 17:30:00,70.48999786376953
2018-06-14 18:30:00,70.41000366210938
2018-06-14 19:30:00,70.43000030517578
2018-06-15 13:30:00,69.70999908447266
2018-06-15 14:30:00,69.8499984741211
2018-06-15 15:30:00,69.8499984741211
2018-06-15 16:30:00,69.97000122070312
2018-06-15 17:30:00,70.12000274658203
2018-06-15 18:30:00,70.04000091552734
2018-06-15 19:30:00,70.19999694824219
2018-06-18 13:30:00,68.94000244140625
2018-06-18 14:30:00,69.55999755859375
2018-06-18 15:30:00,69.54000091552734
2018-06-18 16:30:00,69.55000305175781
2018-06-18 17:30:00,69.5999984741211
2018-06-18 18:30:00,69.80000305175781
2018-06-18 19:30:00,69.72000122070312
2018-06-19 13:30:00,67.94000244140625
2018-06-19 14:30:00,68.1500015258789
2018-06-19 15:30:00,67.95500183105469
2018-06-19 16:30:00,67.79000091552734
2018-06-19 17:30:00,68.31490325927734
2018-06-19 18:30:00,68.23500061035156
2018-06-19 19:30:00,68.48999786376953
2018-06-20 13:30:00,68.86000061035156
2018-06-20 14:30:00,69.08000183105469
2018-06-20 15:30:00,69.08999633789062
2018-06-20 16:30:00,69.04000091552734
2018-06-20 17:30:00,69.05999755859375
2018-06-20 18:30:00,68.57749938964844
2018-06-20 19:30:00,68.6500015258789
2018-06-21 13:30:00,67.75
2018-06-21 14:30:00,67.5999984741211
2018-06-21 15:30:00,67.99500274658203
2018-06-21 16:30:00,67.80999755859375
2018-06-21 17:30:00,67.80999755859375
2018-06-21 18:30:00,67.63999938964844
2018-06-21 19:30:00,67.69000244140625
2018-06-22 13:30:00,67.05999755859375
2018-06-22 14:30:00,67.05000305175781
2018-06-22 15:30:00,66.81999969482422
2018-06-22 16:30:00,67.19999694824219
2018-06-22 17:30:00,67.2300033569336
2018-06-22 18:30:00,67.19000244140625
2018-06-22 19:30:00,66.75
2018-06-25 13:30:00,65.16000366210938
2018-06-25 14:30:00,64.9800033569336
2018-06-25 15:30:00,64.8499984741211
2018-06-25 16:30:00,64.98149871826172
2018-06-25 17:30:00,65.05000305175781
2018-06-25 18:30:00,64.98999786376953
2018-06-25 19:30:00,65.4800033569336
2018-06-26 13:30:00,65.97000122070312
2018-06-26 14:30:00,66.0
2018-06-26 15:30:00,66.11000061035156
2018-06-26 16:30:00,66.4800033569336
2018-06-26 17:30:00,66.16000366210938
2018-06-26 18:30:00,65.94999694824219
2018-06-26 19:30:00,65.94499969482422
2018-06-27 13:30:00,65.72000122070312
2018-06-27 14:30:00,65.63999938964844
2018-06-27 15:30:00,65.77999877929688
2018-06-27 16:30:00,65.0199966430664
2018-06-27 17:30:00,64.9000015258789
2018-06-27 18:30:00,64.91000366210938
2018-06-27 19:30:00,64.51000213623047
2018-06-28 13:30:00,64.47000122070312
2018-06-28 14:30:00,64.51000213623047
2018-06-28 15:30:00,64.3499984741211
2018-06-28 16:30:00,64.61000061035156
2018-06-28 17:30:00,64.94999694824219
2018-06-28 18:30:00,65.0199966430664
2018-06-28 19:30:00,65.13999938964844
2018-06-29 13:30:00,65.52999877929688
2018-06-29 14:30:00,65.91999816894531
2018-06-29 15:30:00,65.80999755859375
2018-06-29 16:30:00,65.58999633789062
2018-06-29 17:30:00,65.55999755859375
2018-06-29 18:30:00,65.54000091552734
2018-06-29 19:30:00,65.2699966430664
2018-07-02 13:30:00,64.95999908447266
2018-07-02 14:30:00,65.12999725341797
2018-07-02 15:30:00,64.9000015258789
2018-07-02 16:30:00,65.05000305175781
2018-07-02 17:30:00,65.27999877929688
2018-07-02 18:30:00,65.37999725341797
2018-07-02 19:30:00,65.65499877929688
2018-07-03 13:30:00,66.08000183105469
2018-07-03 14:30:00,65.94000244140625
2018-07-03 15:30:00,65.4000015258789
2018-07-03 17:00:00,64.66999816894531
2018-07-05 13:30:00,65.58000183105469
2018-07-05 14:30:00,66.13999938964844
2018-07-05 15:30:00,66.55999755859375
2018-07-05 16:30:00,66.45999908447266
2018-07-05 17:30:00,66.43000030517578
2018-07-05 18:30:00,66.52999877929688
2018-07-05 19:30:00,66.8499984741211
2018-07-06 13:30:00,66.56999969482422
2018-07-06 14:30:00,67.08000183105469
2018-07-06 15:30:00,67.33999633789062
2018-07-06 16:30:00,67.33000183105469
2018-07-06 17:30:00,67.36499786376953
2018-07-06 18:30:00,67.66000366210938
2018-07-06 19:30:00,67.5999984741211
2018-07-09 13:30:00,67.22000122070312
2018-07-09 14:30:00,67.13999938964844
2018-07-09 15:30:00,67.26000213623047
2018-07-09 16:30:00,67.34390258789062
2018-07-09 17:30:00,67.55000305175781
2018-07-09 18:30:00,67.72000122070312
2018-07-09 19:30:00,67.97000122070312
2018-07-10 13:30:00,68.1500015258789
2018-07-10 14:30:00,68.06999969482422
2018-07-10 15:30:00,68.55999755859375
2018-07-10 16:30:00,68.61000061035156
2018-07-10 17:30:00,68.73999786376953
2018-07-10 18:30:00,68.91000366210938
2018-07-10 19:30:00,69.19000244140625
2018-07-11 13:30:00,68.36000061035156
2018-07-11 14:30:00,67.61000061035156
2018-07-11 15:30:00,67.61000061035156
2018-07-11 16:30:00,67.6500015258789
2018-07-11 17:30:00,67.5199966430664
2018-07-11 18:30:00,67.30999755859375
2018-07-11 19:30:00,67.30999755859375
2018-07-12 13:30:00,68.27999877929688
2018-07-12 14:30:00,67.83000183105469
2018-07-12 15:30:00,67.93000030517578
2018-07-12 16:30:00,67.88500213623047
2018-07-12 17:30:00,67.87000274658203
2018-07-12 18:30:00,68.08999633789062
2018-07-12 19:30:00,68.2300033569336
2018-07-13 13:30:00,68.16999816894531
2018-07-13 14:30:00,68.2300033569336
2018-07-13 15:30:00,68.23999786376953
2018-07-13 16:30:00,68.16000366210938
2018-07-13 17:30:00,68.06999969482422
2018-07-13 18:30:00,67.9800033569336
2018-07-13 19:30:00,68.01000213623047
2018-07-16 13:30:00,68.13999938964844
2018-07-16 14:30:00,67.8499984741211
2018-07-16 15:30:00,68.08000183105469
2018-07-16 16:30:00,67.93000030517578
2018-07-16 17:30:00,67.8499984741211
2018-07-16 18:30:00,67.68000030517578
2018-07-16 19:30:00,67.70999908447266
2018-07-17 13:30:00,67.61000061035156
2018-07-17 14:30:00,67.68080139160156
2018-07-17 15:30:00,67.94999694824219
2018-07-17 16:30:00,68.31500244140625
2018-07-17 17:30:00,68.19000244140625
2018-07-17 18:30:00,68.19000244140625
2018-07-17 19:30:00,68.25
2018-07-18 13:30:00,69.0
2018-07-18 14:30:00,68.87999725341797
2018-07-18 15:30:00,68.91000366210938
2018-07-18 16:30:00,68.9000015258789
2018-07-18 17:30:00,68.97000122070312
2018-07-18 18:30:00,68.95500183105469
2018-07-18 19:30:00,68.75
2018-07-19 13:30:00,68.30500030517578
2018-07-19 14:30:00,68.23999786376953
2018-07-19 15:30:00,68.2300033569336
2018-07-19 16:30:00,68.31999969482422
2018-07-19 17:30:00,68.41000366210938
2018-07-19 18:30:00,68.5999984741211
2018-07-19 19:30:00,68.62999725341797
2018-07-20 13:30:00,68.70999908447266
2018-07-20 14:30:00,68.69000244140625
2018-07-20 15:30:00,68.54499816894531
2018-07-20 16:30:00,68.51000213623047
2018-07-20 17:30:00,68.47000122070312
2018-07-20 18:30:00,68.31999969482422
2018-07-20 19:30:00,68.1500015258789
2018-07-23 13:30:00,67.30000305175781
2018-07-23 14:30:00,67.79000091552734
2018-07-23 15:30:00,68.02999877929688
2018-07-23 16:30:00,68.08000183105469
2018-07-23 17:30:00,68.41999816894531
2018-07-23 18:30:00,68.44000244140625
2018-07-23 19:30:00,68.36000061035156
2018-07-24 13:30:00,68.95999908447266
2018-07-24 14:30:00,68.63999938964844
2018-07-24 15:30:00,68.33000183105469
2018-07-24 16:30:00,68.12999725341797
2018-07-24 17:30:00,67.80000305175781
2018-07-24 18:30:00,67.91000366210938
2018-07-24 19:30:00,67.72000122070312
2018-07-25 13:30:00,66.9800033569336
2018-07-25 14:30:00,66.77999877929688
2018-07-25 15:30:00,67.66999816894531
2018-07-25 16:30:00,67.5250015258789
2018-07-25 17:30:00,67.56999969482422
2018-07-25 18:30:00,67.25
2018-07-25 19:30:00,67.95999908447266
2018-07-26 13:30:00,75.55999755859375
2018-07-26 14:30:00,74.87999725341797
2018-07-26 15:30:00,75.13999938964844
2018-07-26 16:30:00,75.2300033569336
2018-07-26 17:30:00,74.84500122070312
2018-07-26 18:30:00,74.98999786376953
2018-07-26 19:30:00,74.4800033569336
2018-07-27 13:30:00,73.94999694824219
2018-07-27 14:30:00,74.0199966430664
2018-07-27 15:30:00,73.63999938964844
2018-07-27 16:30:00,73.24500274658203
2018-07-27 17:30:00,73.43000030517578
2018-07-27 18:30:00,73.56500244140625
2018-07-27 19:30:00,73.87000274658203
2018-07-30 13:30:00,73.18499755859375
2018-07-30 14:30:00,72.55000305175781
2018-07-30 15:30:00,72.33999633789062
2018-07-30 16:30:00,73.19999694824219
2018-07-30 17:30:00,73.45999908447266
2018-07-30 18:30:00,73.30999755859375
2018-07-30 19:30:00,72.88999938964844
2018-07-31 13:30:00,72.19999694824219
2018-07-31 14:30:00,72.22000122070312
2018-07-31 15:30:00,72.41999816894531
2018-07-31 16:30:00,72.33000183105469
2018-07-31 17:30:00,72.37000274658203
2018-07-31 18:30:00,72.16000366210938
2018-07-31 19:30:00,72.05999755859375
2018-08-01 13:30:00,72.13999938964844
2018-08-01 14:30:00,71.78500366210938
2018-08-01 15:30:00,71.0
2018-08-01 16:30:00,71.0250015258789
2018-08-01 17:30:00,70.94999694824219
2018-08-01 18:30:00,70.91999816894531
2018-08-01 19:30:00,71.1500015258789
2018-08-02 13:30:00,71.58000183105469
2018-08-02 14:30:00,71.4000015258789
2018-08-02 15:30:00,71.79000091552734
2018-08-02 16:30:00,71.75
2018-08-02 17:30:00,71.77999877929688
2018-08-02 18:30:00,71.58999633789062
2018-08-02 19:30:00,71.70999908447266
2018-08-03 13:30:00,71.8499984741211
2018-08-03 14:30:00,71.55999755859375
2018-08-03 15:30:00,71.59500122070312
2018-08-03 16:30:00,71.55999755859375
2018-08-03 17:30:00,71.55000305175781
2018-08-03 18:30:00,71.79499816894531
2018-08-03 19:30:00,71.87000274658203
2018-08-06 13:30:00,72.55999755859375
2018-08-06 14:30:00,72.4800033569336
2018-08-06 15:30:00,72.9000015258789
2018-08-06 16:30:00,73.0199966430664
2018-08-06 17:30:00,73.08999633789062
2018-08-06 18:30:00,73.23999786376953
2018-08-06 19:30:00,73.11000061035156
2018-08-07 13:30:00,73.1500015258789
2018-08-07 14:30:00,73.22000122070312
2018-08-07 15:30:00,73.40499877929688
2018-08-07 16:30:00,73.41000366210938
2018-08-07 17:30:00,73.52999877929688
2018-08-07 18:30:00,73.51499938964844
2018-08-07 19:30:00,73.43000030517578
2018-08-08 13:30:00,73.31999969482422
2018-08-08 14:30:00,73.3499984741211
2018-08-08 15:30:00,73.43000030517578
2018-08-08 16:30:00,73.41000366210938
2018-08-08 17:30:00,73.61000061035156
2018-08-08 18:30:00,73.5
2018-08-08 19:30:00,73.43000030517578
2018-08-09 13:30:00,73.44999694824219
2018-08-09 14:30:00,73.27999877929688
2018-08-09 15:30:00,73.47000122070312
2018-08-09 16:30:00,73.45999908447266
2018-08-09 17:30:00,73.47000122070312
2018-08-09 18:30:00,73.52999877929688
2018-08-09 19:30:00,73.44999694824219
2018-08-10 13:30:00,71.58000183105469
2018-08-10 14:30:00,71.29000091552734
2018-08-10 15:30:00,71.54000091552734
2018-08-10 16:30:00,71.2300033569336
2018-08-10 17:30:00,70.61000061035156
2018-08-10 18:30:00,71.12999725341797
2018-08-10 19:30:00,71.18000030517578
2018-08-13 13:30:00,71.52999877929688
2018-08-13 14:30:00,71.5
2018-08-13 15:30:00,71.33999633789062
2018-08-13 16:30:00,71.63500213623047
2018-08-13 17:30:00,72.13999938964844
2018-08-13 18:30:00,71.76000213623047
2018-08-13 19:30:00,71.6500015258789
2018-08-14 13:30:00,71.20999908447266
2018-08-14 14:30:00,72.12000274658203
2018-08-14 15:30:00,71.91000366210938
2018-08-14 16:30:00,71.30000305175781
2018-08-14 17:30:00,71.41000366210938
2018-08-14 18:30:00,71.2499008178711
2018-08-14 19:30:00,71.16000366210938
2018-08-15 13:30:00,70.12999725341797
2018-08-15 14:30:00,69.97000122070312
2018-08-15 15:30:00,70.27999877929688
2018-08-15 16:30:00,70.08999633789062
2018-08-15 17:30:00,70.16999816894531
2018-08-15 18:30:00,70.44000244140625
2018-08-15 19:30:00,70.61000061035156
2018-08-16 13:30:00,70.7300033569336
2018-08-16 14:30:00,70.7699966430664
2018-08-16 15:30:00,71.20999908447266
2018-08-16 16:30:00,71.01000213623047
2018-08-16 17:30:00,70.68000030517578
2018-08-16 18:30:00,70.74500274658203
2018-08-16 19:30:00,70.62000274658203
2018-08-17 13:30:00,70.48999786376953
2018-08-17 14:30:00,70.47000122070312
2018-08-17 15:30:00,70.63999938964844
2018-08-17 16:30:00,70.44000244140625
2018-08-17 17:30:00,70.94999694824219
2018-08-17 18:30:00,71.05999755859375
2018-08-17 19:30:00,71.0199966430664
2018-08-20 13:30:00,70.12999725341797
2018-08-20 14:30:00,69.91999816894531
2018-08-20 15:30:00,70.625
2018-08-20 16:30:00,70.90370178222656
2018-08-20 17:30:00,71.19999694824219
2018-08-20 18:30:00,70.94999694824219
2018-08-20 19:30:00,71.11000061035156
2018-08-21 13:30:00,72.16000366210938
2018-08-21 14:30:00,72.13999938964844
2018-08-21 15:30:00,72.38999938964844
2018-08-21 16:30:00,72.57820129394531
2018-08-21 17:30:00,72.56999969482422
2018-08-21 18:30:00,72.38999938964844
2018-08-21 19:30:00,72.41999816894531
2018-08-22 13:30:00,72.30000305175781
2018-08-22 14:30:00,73.0999984741211
2018-08-22 15:30:00,72.98999786376953
2018-08-22 16:30:00,72.94000244140625
2018-08-22 17:30:00,72.9000015258789
2018-08-22 18:30:00,72.80999755859375
2018-08-22 19:30:00,72.97000122070312
2018-08-23 13:30:00,73.48999786376953
2018-08-23 14:30:00,73.19000244140625
2018-08-23 15:30:00,73.26499938964844
2018-08-23 16:30:00,73.0999984741211
2018-08-23 17:30:00,73.19000244140625
2018-08-23 18:30:00,73.18000030517578
2018-08-23 19:30:00,73.1500015258789
2018-08-24 13:30:00,73.47000122070312
2018-08-24 14:30:00,73.5199966430664
2018-08-24 15:30:00,73.63999938964844
2018-08-24 16:30:00,73.61000061035156
2018-08-24 17:30:00,73.83000183105469
2018-08-24 18:30:00,73.73999786376953
2018-08-24 19:30:00,73.77999877929688
2018-08-27 13:30:00,75.02999877929688
2018-08-27 14:30:00,74.9000015258789
2018-08-27 15:30:00,75.125
2018-08-27 16:30:00,75.38999938964844
2018-08-27 17:30:00,75.16000366210938
2018-08-27 18:30:00,75.19499969482422
2018-08-27 19:30:00,75.25
2018-08-28 13:30:00,76.98999786376953
2018-08-28 14:30:00,76.55000305175781
2018-08-28 15:30:00,76.41999816894531
2018-08-28 16:30:00,76.62999725341797
2018-08-28 17:30:00,76.89070129394531
2018-08-28 18:30:00,77.00019836425781
2018-08-28 19:30:00,77.0
2018-08-29 13:30:00,77.12999725341797
2018-08-29 14:30:00,77.8499984741211
2018-08-29 15:30:00,77.91500091552734
2018-08-29 16:30:00,78.16000366210938
2018-08-29 17:30:00,78.48999786376953
2018-08-29 18:30:00,78.41000366210938
2018-08-29 19:30:00,78.25
2018-08-30 13:30:00,77.75
2018-08-30 14:30:00,77.47000122070312
2018-08-30 15:30:00,77.73999786376953
2018-08-30 16:30:00,77.83000183105469
2018-08-30 17:30:00,77.4800033569336
2018-08-30 18:30:00,77.12999725341797
2018-08-30 19:30:00,77.2300033569336
2018-08-31 13:30:00,77.4000015258789
2018-08-31 14:30:00,77.36000061035156
2018-08-31 15:30:00,77.49500274658203
2018-08-31 16:30:00,77.66999816894531
2018-08-31 17:30:00,77.7699966430664
2018-08-31 18:30:00,77.72000122070312
2018-08-31 19:30:00,77.80999755859375
2018-09-04 13:30:00,78.11000061035156
2018-09-04 14:30:00,78.15519714355469
2018-09-04 15:30:00,78.25
2018-09-04 16:30:00,78.30999755859375
2018-09-04 17:30:00,78.68499755859375
2018-09-04 18:30:00,78.87000274658203
2018-09-04 19:30:00,78.80999755859375
2018-09-05 13:30:00,78.26000213623047
2018-09-05 14:30:00,78.30860137939453
2018-09-05 15:30:00,78.55999755859375
2018-09-05 16:30:00,78.94999694824219
2018-09-05 17:30:00,79.06999969482422
2018-09-05 18:30:00,78.80000305175781
2018-09-05 19:30:00,78.80000305175781
2018-09-06 13:30:00,77.44000244140625
2018-09-06 14:30:00,77.3499984741211
2018-09-06 15:30:00,77.43000030517578
2018-09-06 16:30:00,77.65989685058594
2018-09-06 17:30:00,77.97000122070312
2018-09-06 18:30:00,78.06999969482422
2018-09-06 19:30:00,78.02999877929688
2018-09-07 13:30:00,77.91999816894531
2018-09-07 14:30:00,77.11000061035156
2018-09-07 15:30:00,76.62999725341797
2018-09-07 16:30:00,76.97000122070312
2018-09-07 17:30:00,77.30999755859375
2018-09-07 18:30:00,77.31999969482422
2018-09-07 19:30:00,77.2300033569336
2018-09-10 13:30:00,76.79000091552734
2018-09-10 14:30:00,76.83999633789062
2018-09-10 15:30:00,76.80999755859375
2018-09-10 16:30:00,76.72000122070312
2018-09-10 17:30:00,76.94999694824219
2018-09-10 18:30:00,76.91999816894531
2018-09-10 19:30:00,76.94000244140625
2018-09-11 13:30:00,76.56999969482422
2018-09-11 14:30:00,76.70999908447266
2018-09-11 15:30:00,76.95999908447266
2018-09-11 16:30:00,76.95999908447266
2018-09-11 17:30:00,77.06999969482422
2018-09-11 18:30:00,76.80000305175781
2018-09-11 19:30:00,76.44999694824219
2018-09-12 13:30:00,74.91000366210938
2018-09-12 14:30:00,75.43000030517578
2018-09-12 15:30:00,75.97000122070312
2018-09-12 16:30:00,75.94000244140625
2018-09-12 17:30:00,76.19999694824219
2018-09-12 18:30:00,76.0199966430664
2018-09-12 19:30:00,76.08999633789062
2018-09-13 13:30:00,76.88500213623047
2018-09-13 14:30:00,77.23999786376953
2018-09-13 15:30:00,77.68000030517578
2018-09-13 16:30:00,77.43000030517578
2018-09-13 17:30:00,77.55000305175781
2018-09-13 18:30:00,77.33999633789062
2018-09-13 19:30:00,77.33999633789062
2018-09-14 13:30:00,77.88999938964844
2018-09-14 14:30:00,77.52999877929688
2018-09-14 15:30:00,77.08999633789062
2018-09-14 16:30:00,77.29000091552734
2018-09-14 17:30:00,77.4000015258789
2018-09-14 18:30:00,77.44999694824219
2018-09-14 19:30:00,77.55999755859375
2018-09-17 13:30:00,76.83000183105469
2018-09-17 14:30:00,76.87999725341797
2018-09-17 15:30:00,76.9800033569336
2018-09-17 16:30:00,76.88999938964844
2018-09-17 17:30:00,76.99500274658203
2018-09-17 18:30:00,76.79000091552734
2018-09-17 19:30:00,76.7300033569336
2018-09-18 13:30:00,77.0999984741211
2018-09-18 14:30:00,77.44000244140625
2018-09-18 15:30:00,77.5
2018-09-18 16:30:00,77.58999633789062
2018-09-18 17:30:00,77.69000244140625
2018-09-18 18:30:00,77.6449966430664
2018-09-18 19:30:00,77.55999755859375
2018-09-19 13:30:00,77.55999755859375
2018-09-19 14:30:00,77.72000122070312
2018-09-19 15:30:00,77.70999908447266
2018-09-19 16:30:00,77.5999984741211
2018-09-19 17:30:00,77.6500015258789
2018-09-19 18:30:00,77.75
2018-09-19 19:30:00,77.66000366210938
2018-09-20 13:30:00,78.9800033569336
2018-09-20 14:30:00,78.91000366210938
2018-09-20 15:30:00,78.88999938964844
2018-09-20 16:30:00,79.08999633789062
2018-09-20 17:30:00,78.86000061035156
2018-09-20 18:30:00,79.06999969482422
2018-09-20 19:30:00,78.9800033569336
2018-09-21 13:30:00,78.63999938964844
2018-09-21 14:30:00,79.18000030517578
2018-09-21 15:30:00,79.13999938964844
2018-09-21 16:30:00,78.5
2018-09-21 17:30:00,78.75
2018-09-21 18:30:00,78.79010009765625
2018-09-21 19:30:00,78.75
2018-09-24 13:30:00,78.83000183105469
2018-09-24 14:30:00,78.77999877929688
2018-09-24 15:30:00,78.88999938964844
2018-09-24 16:30:00,78.75
2018-09-24 17:30:00,78.91999816894531
2018-09-24 18:30:00,79.1500015258789
2018-09-24 19:30:00,79.12999725341797
2018-09-25 13:30:00,79.0
2018-09-25 14:30:00,78.25
2018-09-25 15:30:00,77.88999938964844
2018-09-25 16:30:00,77.80999755859375
2018-09-25 17:30:00,77.91000366210938
2018-09-25 18:30:00,77.41999816894531
2018-09-25 19:30:00,77.36000061035156
2018-09-26 13:30:00,78.1500015258789
2018-09-26 14:30:00,78.44999694824219
2018-09-26 15:30:00,78.7699966430664
2018-09-26 16:30:00,79.08000183105469
2018-09-26 17:30:00,79.08999633789062
2018-09-26 18:30:00,79.04000091552734
2018-09-26 19:30:00,78.30999755859375
2018-09-27 13:30:00,79.45999908447266
2018-09-27 14:30:00,79.25
2018-09-27 15:30:00,79.4800033569336
2018-09-27 16:30:00,79.3499984741211
2018-09-27 17:30:00,79.75
2018-09-27 18:30:00,79.9000015258789
2018-09-27 19:30:00,79.88999938964844
2018-09-28 13:30:00,79.4800033569336
2018-09-28 14:30:00,80.2300033569336
2018-09-28 15:30:00,80.5
2018-09-28 16:30:00,80.47000122070312
2018-09-28 17:30:00,80.1500015258789
2018-09-28 18:30:00,80.08999633789062
2018-09-28 19:30:00,80.16999816894531
2018-10-01 13:30:00,80.19000244140625
2018-10-01 14:30:00,80.26000213623047
2018-10-01 15:30:00,80.29499816894531
2018-10-01 16:30:00,80.16000366210938
2018-10-01 17:30:00,79.96499633789062
2018-10-01 18:30:00,80.12000274658203
2018-10-01 19:30:00,79.95999908447266
2018-10-02 13:30:00,80.62000274658203
2018-10-02 14:30:00,80.62000274658203
2018-10-02 15:30:00,81.0999984741211
2018-10-02 16:30:00,80.75
2018-10-02 17:30:00,80.72720336914062
2018-10-02 18:30:00,80.51000213623047
2018-10-02 19:30:00,80.19999694824219
2018-10-03 13:30:00,81.91999816894531
2018-10-03 14:30:00,82.05000305175781
2018-10-03 15:30:00,83.19000244140625
2018-10-03 16:30:00,83.4800033569336
2018-10-03 17:30:00,83.13999938964844
2018-10-03 18:30:00,82.41500091552734
2018-10-03 19:30:00,82.11000061035156
2018-10-04 13:30:00,82.13999938964844
2018-10-04 14:30:00,82.38999938964844
2018-10-04 15:30:00,81.73999786376953
2018-10-04 16:30:00,81.56999969482422
2018-10-04 17:30:00,81.54000091552734
2018-10-04 18:30:00,82.05000305175781
2018-10-04 19:30:00,82.23999786376953
2018-10-05 13:30:00,80.15499877929688
2018-10-05 14:30:00,79.21700286865234
2018-10-05 15:30:00,78.33619689941406
2018-10-05 16:30:00,77.37999725341797
2018-10-05 17:30:00,78.5999984741211
2018-10-05 18:30:00,78.7300033569336
2018-10-05 19:30:00,77.9000015258789
2018-10-08 13:30:00,78.26000213623047
2018-10-08 14:30:00,77.88500213623047
2018-10-08 15:30:00,77.33000183105469
2018-10-08 16:30:00,77.08999633789062
2018-10-08 17:30:00,77.31999969482422
2018-10-08 18:30:00,77.6500015258789
2018-10-08 19:30:00,77.45999908447266
2018-10-09 13:30:00,77.80999755859375
2018-10-09 14:30:00,78.01000213623047
2018-10-09 15:30:00,77.87999725341797
2018-10-09 16:30:00,77.94000244140625
2018-10-09 17:30:00,77.58999633789062
2018-10-09 18:30:00,77.70999908447266
2018-10-09 19:30:00,77.63999938964844
2018-10-10 13:30:00,75.45999908447266
2018-10-10 14:30:00,75.91000366210938
2018-10-10 15:30:00,76.30500030517578
2018-10-10 16:30:00,76.7699966430664
2018-10-10 17:30:00,76.33000183105469
2018-10-10 18:30:00,75.70999908447266
2018-10-10 19:30:00,74.4800033569336
2018-10-11 13:30:00,75.97000122070312
2018-10-11 14:30:00,74.875
2018-10-11 15:30:00,75.5199966430664
2018-10-11 16:30:00,75.25
2018-10-11 17:30:00,74.5
2018-10-11 18:30:00,74.76000213623047
2018-10-11 19:30:00,73.98999786376953
2018-10-12 13:30:00,75.3125
2018-10-12 14:30:00,75.63999938964844
2018-10-12 15:30:00,75.27999877929688
2018-10-12 16:30:00,75.47000122070312
2018-10-12 17:30:00,75.56999969482422
2018-10-12 18:30:00,75.97000122070312
2018-10-12 19:30:00,76.12000274658203
2018-10-15 13:30:00,76.16999816894531
2018-10-15 14:30:00,76.48999786376953
2018-10-15 15:30:00,76.0999984741211
2018-10-15 16:30:00,76.0999984741211
2018-10-15 17:30:00,75.87000274658203
2018-10-15 18:30:00,75.80999755859375
2018-10-15 19:30:00,75.55000305175781
2018-10-16 13:30:00,77.05000305175781
2018-10-16 14:30:00,77.8499984741211
2018-10-16 15:30:00,77.79000091552734
2018-10-16 16:30:00,78.48500061035156
2018-10-16 17:30:00,78.79000091552734
2018-10-16 18:30:00,78.56999969482422
2018-10-16 19:30:00,78.94000244140625
2018-10-17 13:30:00,77.95999908447266
2018-10-17 14:30:00,77.8499984741211
2018-10-17 15:30:00,78.01000213623047
2018-10-17 16:30:00,78.20999908447266
2018-10-17 17:30:00,77.62000274658203
2018-10-17 18:30:00,77.77999877929688
2018-10-17 19:30:00,77.72000122070312
2018-10-18 13:30:00,76.95999908447266
2018-10-18 14:30:00,76.47000122070312
2018-10-18 15:30:00,76.33000183105469
2018-10-18 16:30:00,75.87000274658203
2018-10-18 17:30:00,76.05999755859375
2018-10-18 18:30:00,76.12000274658203
2018-10-18 19:30:00,75.91000366210938
2018-10-19 13:30:00,76.22000122070312
2018-10-19 14:30:00,75.80999755859375
2018-10-19 15:30:00,74.48500061035156
2018-10-19 16:30:00,74.5999984741211
2018-10-19 17:30:00,74.6500015258789
2018-10-19 18:30:00,74.7750015258789
2018-10-19 19:30:00,74.08999633789062
2018-10-22 13:30:00,74.55999755859375
2018-10-22 14:30:00,74.9000015258789
2018-10-22 15:30:00,74.58000183105469
2018-10-22 16:30:00,74.7300033569336
2018-10-22 17:30:00,74.86499786376953
2018-10-22 18:30:00,75.18000030517578
2018-10-22 19:30:00,74.91000366210938
2018-10-23 13:30:00,72.83999633789062
2018-10-23 14:30:00,73.69000244140625
2018-10-23 15:30:00,74.4800033569336
2018-10-23 16:30:00,74.70999908447266
2018-10-23 17:30:00,74.66000366210938
2018-10-23 18:30:00,75.11000061035156
2018-10-23 19:30:00,74.79000091552734
2018-10-24 13:30:00,72.4000015258789
2018-10-24 14:30:00,71.88999938964844
2018-10-24 15:30:00,71.94000244140625
2018-10-24 16:30:00,71.30000305175781
2018-10-24 17:30:00,71.41000366210938
2018-10-24 18:30:00,70.17500305175781
2018-10-24 19:30:00,69.01000213623047
2018-10-25 13:30:00,78.66999816894531
2018-10-25 14:30:00,78.37999725341797
2018-10-25 15:30:00,79.02999877929688
2018-10-25 16:30:00,79.66000366210938
2018-10-25 17:30:00,79.37000274658203
2018-10-25 18:30:00,79.44000244140625
2018-10-25 19:30:00,79.41000366210938
2018-10-26 13:30:00,78.0
2018-10-26 14:30:00,79.02999877929688
2018-10-26 15:30:00,79.48999786376953
2018-10-26 16:30:00,79.44999694824219
2018-10-26 17:30:00,78.94999694824219
2018-10-26 18:30:00,79.08000183105469
2018-10-26 19:30:00,78.76000213623047
2018-10-29 13:30:00,80.0199966430664
2018-10-29 14:30:00,79.68000030517578
2018-10-29 15:30:00,78.7699966430664
2018-10-29 16:30:00,79.06999969482422
2018-10-29 17:30:00,79.0199966430664
2018-10-29 18:30:00,77.77999877929688
2018-10-29 19:30:00,78.36000061035156
2018-10-30 13:30:00,79.51000213623047
2018-10-30 14:30:00,79.91000366210938
2018-10-30 15:30:00,80.19000244140625
2018-10-30 16:30:00,79.63009643554688
2018-10-30 17:30:00,79.76000213623047
2018-10-30 18:30:00,82.55000305175781
2018-10-30 19:30:00,82.06999969482422
2018-10-31 13:30:00,84.94999694824219
2018-10-31 14:30:00,84.5199966430664
2018-10-31 15:30:00,85.05500030517578
2018-10-31 16:30:00,85.66500091552734
2018-10-31 17:30:00,85.52999877929688
2018-10-31 18:30:00,85.87999725341797
2018-10-31 19:30:00,85.37000274658203
2018-11-01 13:30:00,85.30000305175781
2018-11-01 14:30:00,87.45999908447266
2018-11-01 15:30:00,86.02999877929688
2018-11-01 16:30:00,87.01000213623047
2018-11-01 17:30:00,87.41999816894531
2018-11-01 18:30:00,87.12000274658203
2018-11-01 19:30:00,86.9800033569336
2018-11-02 13:30:00,85.2300033569336
2018-11-02 14:30:00,84.9000015258789
2018-11-02 15:30:00,85.18499755859375
2018-11-02 16:30:00,85.25
2018-11-02 17:30:00,85.4000015258789
2018-11-02 18:30:00,85.19999694824219
2018-11-02 19:30:00,85.0999984741211
