Datetime,XRAY
2017-11-06 14:30:00,64.22000122070312
2017-11-06 15:30:00,63.66999816894531
2017-11-06 16:30:00,63.70000076293945
2017-11-06 17:30:00,63.47999954223633
2017-11-06 18:30:00,63.279998779296875
2017-11-06 19:30:00,63.75
2017-11-06 20:30:00,63.900001525878906
2017-11-07 14:30:00,63.95000076293945
2017-11-07 15:30:00,63.970001220703125
2017-11-07 16:30:00,63.880001068115234
2017-11-07 17:30:00,64.01000213623047
2017-11-07 18:30:00,63.9900016784668
2017-11-07 19:30:00,64.01000213623047
2017-11-07 20:30:00,64.38999938964844
2017-11-08 14:30:00,64.0999984741211
2017-11-08 15:30:00,64.21499633789062
2017-11-08 16:30:00,64.15499877929688
2017-11-08 17:30:00,64.5
2017-11-08 18:30:00,64.37000274658203
2017-11-08 19:30:00,64.37999725341797
2017-11-08 20:30:00,64.5199966430664
2017-11-09 14:30:00,64.41999816894531
2017-11-09 15:30:00,64.47000122070312
2017-11-09 16:30:00,64.51000213623047
2017-11-09 17:30:00,64.77999877929688
2017-11-09 18:30:00,65.20500183105469
2017-11-09 19:30:00,65.57499694824219
2017-11-09 20:30:00,65.56999969482422
2017-11-10 14:30:00,65.0
2017-11-10 15:30:00,65.05999755859375
2017-11-10 16:30:00,65.19999694824219
2017-11-10 17:30:00,65.27999877929688
2017-11-10 18:30:00,65.5197982788086
2017-11-10 19:30:00,65.49500274658203
2017-11-10 20:30:00,65.58000183105469
2017-11-13 14:30:00,66.12999725341797
2017-11-13 15:30:00,66.0199966430664
2017-11-13 16:30:00,65.70500183105469
2017-11-13 17:30:00,65.69000244140625
2017-11-13 18:30:00,65.70999908447266
2017-11-13 19:30:00,65.83999633789062
2017-11-13 20:30:00,65.80000305175781
2017-11-14 14:30:00,65.62999725341797
2017-11-14 15:30:00,65.66999816894531
2017-11-14 16:30:00,65.44000244140625
2017-11-14 17:30:00,65.20999908447266
2017-11-14 18:30:00,65.1500015258789
2017-11-14 19:30:00,65.16000366210938
2017-11-14 20:30:00,65.38999938964844
2017-11-15 14:30:00,66.08000183105469
2017-11-15 15:30:00,66.23999786376953
2017-11-15 16:30:00,66.70999908447266
2017-11-15 17:30:00,66.45999908447266
2017-11-15 18:30:00,66.61000061035156
2017-11-15 19:30:00,66.57499694824219
2017-11-15 20:30:00,66.62000274658203
2017-11-16 14:30:00,67.0
2017-11-16 15:30:00,67.0
2017-11-16 16:30:00,66.94999694824219
2017-11-16 17:30:00,66.91999816894531
2017-11-16 18:30:00,67.05999755859375
2017-11-16 19:30:00,67.16999816894531
2017-11-16 20:30:00,67.19999694824219
2017-11-17 14:30:00,67.1500015258789
2017-11-17 15:30:00,67.06999969482422
2017-11-17 16:30:00,67.29000091552734
2017-11-17 17:30:00,67.38999938964844
2017-11-17 18:30:00,67.51699829101562
2017-11-17 19:30:00,67.5999984741211
2017-11-17 20:30:00,67.56999969482422
2017-11-20 14:30:00,66.88999938964844
2017-11-20 15:30:00,66.66000366210938
2017-11-20 16:30:00,66.52999877929688
2017-11-20 17:30:00,66.29000091552734
2017-11-20 18:30:00,66.22000122070312
2017-11-20 19:30:00,66.48999786376953
2017-11-20 20:30:00,66.44000244140625
2017-11-21 14:30:00,66.56999969482422
2017-11-21 15:30:00,66.41500091552734
2017-11-21 16:30:00,66.78500366210938
2017-11-21 17:30:00,66.73999786376953
2017-11-21 18:30:00,66.90499877929688
2017-11-21 19:30:00,67.08000183105469
2017-11-21 20:30:00,67.0
2017-11-22 14:30:00,67.31999969482422
2017-11-22 15:30:00,67.5
2017-11-22 16:30:00,67.61000061035156
2017-11-22 17:30:00,67.66999816894531
2017-11-22 18:30:00,67.5999984741211
2017-11-22 19:30:00,67.61000061035156
2017-11-22 20:30:00,67.58999633789062
2017-11-24 14:30:00,67.41000366210938
2017-11-24 15:30:00,67.5199966430664
2017-11-24 16:30:00,67.5
2017-11-24 18:00:00,67.51000213623047
2017-11-27 14:30:00,68.06999969482422
2017-11-27 15:30:00,68.16000366210938
2017-11-27 16:30:00,68.01000213623047
2017-11-27 17:30:00,68.05999755859375
2017-11-27 18:30:00,68.0199966430664
2017-11-27 19:30:00,68.05999755859375
2017-11-27 20:30:00,68.00499725341797
2017-11-28 14:30:00,68.5199966430664
2017-11-28 15:30:00,68.30000305175781
2017-11-28 16:30:00,68.55000305175781
2017-11-28 17:30:00,68.56999969482422
2017-11-28 18:30:00,68.55999755859375
2017-11-28 19:30:00,68.56999969482422
2017-11-28 20:30:00,68.58000183105469
2017-11-29 14:30:00,67.9800033569336
2017-11-29 15:30:00,67.87000274658203
2017-11-29 16:30:00,67.9000015258789
2017-11-29 17:30:00,68.01000213623047
2017-11-29 18:30:00,68.13999938964844
2017-11-29 19:30:00,68.26000213623047
2017-11-29 20:30:00,68.36000061035156
2017-11-30 14:30:00,67.04000091552734
2017-11-30 15:30:00,67.41000366210938
2017-11-30 16:30:00,67.375
2017-11-30 17:30:00,67.34510040283203
2017-11-30 18:30:00,67.20999908447266
2017-11-30 19:30:00,67.11000061035156
2017-11-30 20:30:00,66.98999786376953
2017-12-01 14:30:00,66.70500183105469
2017-12-01 15:30:00,65.69999694824219
2017-12-01 16:30:00,66.17500305175781
2017-12-01 17:30:00,66.30999755859375
2017-12-01 18:30:00,66.16000366210938
2017-12-01 19:30:00,66.02999877929688
2017-12-01 20:30:00,66.0999984741211
2017-12-04 14:30:00,66.6500015258789
2017-12-04 15:30:00,66.30000305175781
2017-12-04 16:30:00,66.44000244140625
2017-12-04 17:30:00,66.41000366210938
2017-12-04 18:30:00,66.18000030517578
2017-12-04 19:30:00,65.91000366210938
2017-12-04 20:30:00,65.7300033569336
2017-12-05 14:30:00,65.80000305175781
2017-12-05 15:30:00,65.84500122070312
2017-12-05 16:30:00,65.86000061035156
2017-12-05 17:30:00,65.8499984741211
2017-12-05 18:30:00,66.05000305175781
2017-12-05 19:30:00,65.79000091552734
2017-12-05 20:30:00,65.62000274658203
2017-12-06 14:30:00,65.44999694824219
2017-12-06 15:30:00,65.43000030517578
2017-12-06 16:30:00,65.41999816894531
2017-12-06 17:30:00,65.38800048828125
2017-12-06 18:30:00,65.48999786376953
2017-12-06 19:30:00,65.47000122070312
2017-12-06 20:30:00,65.5199966430664
2017-12-07 14:30:00,65.16999816894531
2017-12-07 15:30:00,65.43000030517578
2017-12-07 16:30:00,65.37000274658203
2017-12-07 17:30:00,65.29000091552734
2017-12-07 18:30:00,65.20690155029297
2017-12-07 19:30:00,65.12000274658203
2017-12-07 20:30:00,64.98999786376953
2017-12-08 14:30:00,65.30999755859375
2017-12-08 15:30:00,65.08000183105469
2017-12-08 16:30:00,65.21499633789062
2017-12-08 17:30:00,64.99500274658203
2017-12-08 18:30:00,65.05999755859375
2017-12-08 19:30:00,64.9000015258789
2017-12-08 20:30:00,64.9000015258789
2017-12-11 14:30:00,64.86000061035156
2017-12-11 15:30:00,65.05999755859375
2017-12-11 16:30:00,64.81999969482422
2017-12-11 17:30:00,64.83000183105469
2017-12-11 18:30:00,64.87999725341797
2017-12-11 19:30:00,65.0999984741211
2017-12-11 20:30:00,64.98999786376953
2017-12-12 14:30:00,65.18000030517578
2017-12-12 15:30:00,65.16999816894531
2017-12-12 16:30:00,65.16000366210938
2017-12-12 17:30:00,65.38999938964844
2017-12-12 18:30:00,65.19999694824219
2017-12-12 19:30:00,65.20999908447266
2017-12-12 20:30:00,65.0
2017-12-13 14:30:00,66.22789764404297
2017-12-13 15:30:00,66.43000030517578
2017-12-13 16:30:00,66.52999877929688
2017-12-13 17:30:00,66.37000274658203
2017-12-13 18:30:00,66.48999786376953
2017-12-13 19:30:00,66.29000091552734
2017-12-13 20:30:00,66.05999755859375
2017-12-14 14:30:00,66.19490051269531
2017-12-14 15:30:00,66.16999816894531
2017-12-14 16:30:00,66.05999755859375
2017-12-14 17:30:00,65.95999908447266
2017-12-14 18:30:00,65.72000122070312
2017-12-14 19:30:00,65.61499786376953
2017-12-14 20:30:00,65.6500015258789
2017-12-15 14:30:00,66.48999786376953
2017-12-15 15:30:00,66.45999908447266
2017-12-15 16:30:00,66.51000213623047
2017-12-15 17:30:00,66.45999908447266
2017-12-15 18:30:00,66.73999786376953
2017-12-15 19:30:00,66.58000183105469
2017-12-15 20:30:00,66.4800033569336
2017-12-18 14:30:00,66.80999755859375
2017-12-18 15:30:00,66.98999786376953
2017-12-18 16:30:00,66.80999755859375
2017-12-18 17:30:00,66.83999633789062
2017-12-18 18:30:00,66.79000091552734
2017-12-18 19:30:00,66.5199966430664
2017-12-18 20:30:00,66.6500015258789
2017-12-19 14:30:00,66.73999786376953
2017-12-19 15:30:00,66.9000015258789
2017-12-19 16:30:00,66.63999938964844
2017-12-19 17:30:00,66.87000274658203
2017-12-19 18:30:00,66.83000183105469
2017-12-19 19:30:00,66.73999786376953
2017-12-19 20:30:00,66.61000061035156
2017-12-20 14:30:00,66.55999755859375
2017-12-20 15:30:00,66.2300033569336
2017-12-20 16:30:00,66.23999786376953
2017-12-20 17:30:00,66.3499984741211
2017-12-20 18:30:00,66.13999938964844
2017-12-20 19:30:00,66.26000213623047
2017-12-20 20:30:00,66.1500015258789
2017-12-21 14:30:00,66.2699966430664
2017-12-21 15:30:00,66.19999694824219
2017-12-21 16:30:00,65.97000122070312
2017-12-21 17:30:00,66.0199966430664
2017-12-21 18:30:00,65.83499908447266
2017-12-21 19:30:00,65.66999816894531
2017-12-21 20:30:00,65.5
2017-12-22 14:30:00,65.58999633789062
2017-12-22 15:30:00,65.62740325927734
2017-12-22 16:30:00,65.62000274658203
2017-12-22 17:30:00,65.58999633789062
2017-12-22 18:30:00,65.69000244140625
2017-12-22 19:30:00,65.81999969482422
2017-12-22 20:30:00,65.83000183105469
2017-12-26 14:30:00,66.55999755859375
2017-12-26 15:30:00,66.30999755859375
2017-12-26 16:30:00,66.33000183105469
2017-12-26 17:30:00,66.41500091552734
2017-12-26 18:30:00,66.36000061035156
2017-12-26 19:30:00,66.23999786376953
2017-12-26 20:30:00,66.26000213623047
2017-12-27 14:30:00,66.16000366210938
2017-12-27 15:30:00,66.05999755859375
2017-12-27 16:30:00,66.19000244140625
2017-12-27 17:30:00,66.29000091552734
2017-12-27 18:30:00,66.19999694824219
2017-12-27 19:30:00,66.19999694824219
2017-12-27 20:30:00,66.01000213623047
2017-12-28 14:30:00,65.69999694824219
2017-12-28 15:30:00,65.73999786376953
2017-12-28 16:30:00,65.91999816894531
2017-12-28 17:30:00,65.94000244140625
2017-12-28 18:30:00,66.0999984741211
2017-12-28 19:30:00,66.15499877929688
2017-12-28 20:30:00,66.43000030517578
2017-12-29 14:30:00,66.58689880371094
2017-12-29 15:30:00,66.44000244140625
2017-12-29 16:30:00,66.5
2017-12-29 17:30:00,66.43000030517578
2017-12-29 18:30:00,66.47000122070312
2017-12-29 19:30:00,66.18000030517578
2017-12-29 20:30:00,65.83999633789062
2018-01-02 14:30:00,66.87000274658203
2018-01-02 15:30:00,67.11000061035156
2018-01-02 16:30:00,66.80000305175781
2018-01-02 17:30:00,66.52999877929688
2018-01-02 18:30:00,66.83000183105469
2018-01-02 19:30:00,66.97000122070312
2018-01-02 20:30:00,67.12999725341797
2018-01-03 14:30:00,67.0199966430664
2018-01-03 15:30:00,67.01000213623047
2018-01-03 16:30:00,66.94499969482422
2018-01-03 17:30:00,66.91000366210938
2018-01-03 18:30:00,66.98040008544922
2018-01-03 19:30:00,66.93000030517578
2018-01-03 20:30:00,66.88999938964844
2018-01-04 14:30:00,67.0199966430664
2018-01-04 15:30:00,66.86000061035156
2018-01-04 16:30:00,66.91999816894531
2018-01-04 17:30:00,67.04000091552734
2018-01-04 18:30:00,66.86000061035156
2018-01-04 19:30:00,66.97000122070312
2018-01-04 20:30:00,66.91000366210938
2018-01-05 14:30:00,66.9000015258789
2018-01-05 15:30:00,67.12310028076172
2018-01-05 16:30:00,67.0999984741211
2018-01-05 17:30:00,67.25
2018-01-05 18:30:00,67.51000213623047
2018-01-05 19:30:00,67.80000305175781
2018-01-05 20:30:00,67.83000183105469
2018-01-08 14:30:00,67.88999938964844
2018-01-08 15:30:00,68.04000091552734
2018-01-08 16:30:00,68.08999633789062
2018-01-08 17:30:00,68.12000274658203
2018-01-08 18:30:00,68.05999755859375
2018-01-08 19:30:00,68.4000015258789
2018-01-08 20:30:00,68.29000091552734
2018-01-09 14:30:00,66.98519897460938
2018-01-09 15:30:00,66.44999694824219
2018-01-09 16:30:00,66.22000122070312
2018-01-09 17:30:00,65.95999908447266
2018-01-09 18:30:00,65.95999908447266
2018-01-09 19:30:00,65.75499725341797
2018-01-09 20:30:00,65.44000244140625
2018-01-10 14:30:00,63.65999984741211
2018-01-10 15:30:00,63.38999938964844
2018-01-10 16:30:00,62.91999816894531
2018-01-10 17:30:00,62.849998474121094
2018-01-10 18:30:00,62.72999954223633
2018-01-10 19:30:00,62.79999923706055
2018-01-10 20:30:00,62.75
2018-01-11 14:30:00,62.67499923706055
2018-01-11 15:30:00,62.66999816894531
2018-01-11 16:30:00,62.93000030517578
2018-01-11 17:30:00,64.01000213623047
2018-01-11 18:30:00,64.06999969482422
2018-01-11 19:30:00,64.22000122070312
2018-01-11 20:30:00,64.24500274658203
2018-01-12 14:30:00,64.59500122070312
2018-01-12 15:30:00,64.93000030517578
2018-01-12 16:30:00,65.19049835205078
2018-01-12 17:30:00,65.36000061035156
2018-01-12 18:30:00,65.75499725341797
2018-01-12 19:30:00,65.70999908447266
2018-01-12 20:30:00,65.79000091552734
2018-01-16 14:30:00,65.14099884033203
2018-01-16 15:30:00,65.73999786376953
2018-01-16 16:30:00,65.87999725341797
2018-01-16 17:30:00,65.69000244140625
2018-01-16 18:30:00,65.72000122070312
2018-01-16 19:30:00,65.77999877929688
2018-01-16 20:30:00,65.6500015258789
2018-01-17 14:30:00,62.5
2018-01-17 15:30:00,62.3849983215332
2018-01-17 16:30:00,62.459999084472656
2018-01-17 17:30:00,62.68000030517578
2018-01-17 18:30:00,62.709999084472656
2018-01-17 19:30:00,62.75
2018-01-17 20:30:00,62.63999938964844
2018-01-18 14:30:00,62.2400016784668
2018-01-18 15:30:00,62.25
2018-01-18 16:30:00,62.380001068115234
2018-01-18 17:30:00,62.33000183105469
2018-01-18 18:30:00,62.755001068115234
2018-01-18 19:30:00,62.2599983215332
2018-01-18 20:30:00,62.290000915527344
2018-01-19 14:30:00,62.22999954223633
2018-01-19 15:30:00,61.90999984741211
2018-01-19 16:30:00,62.06999969482422
2018-01-19 17:30:00,62.130001068115234
2018-01-19 18:30:00,61.939998626708984
2018-01-19 19:30:00,62.04999923706055
2018-01-19 20:30:00,61.939998626708984
2018-01-22 14:30:00,61.810001373291016
2018-01-22 15:30:00,61.35499954223633
2018-01-22 16:30:00,61.340999603271484
2018-01-22 17:30:00,61.20000076293945
2018-01-22 18:30:00,60.720001220703125
2018-01-22 19:30:00,60.720001220703125
2018-01-22 20:30:00,60.779998779296875
2018-01-23 14:30:00,60.3849983215332
2018-01-23 15:30:00,60.459999084472656
2018-01-23 16:30:00,60.369998931884766
2018-01-23 17:30:00,60.95000076293945
2018-01-23 18:30:00,61.13999938964844
2018-01-23 19:30:00,61.2400016784668
2018-01-23 20:30:00,61.16999816894531
2018-01-24 14:30:00,62.345001220703125
2018-01-24 15:30:00,62.13999938964844
2018-01-24 16:30:00,62.109901428222656
2018-01-24 17:30:00,62.290000915527344
2018-01-24 18:30:00,62.31999969482422
2018-01-24 19:30:00,62.18000030517578
2018-01-24 20:30:00,61.81999969482422
2018-01-25 14:30:00,62.189998626708984
2018-01-25 15:30:00,62.310001373291016
2018-01-25 16:30:00,62.33000183105469
2018-01-25 17:30:00,62.52519989013672
2018-01-25 18:30:00,62.939998626708984
2018-01-25 19:30:00,62.86000061035156
2018-01-25 20:30:00,62.81999969482422
2018-01-26 14:30:00,62.63999938964844
2018-01-26 15:30:00,62.584999084472656
2018-01-26 16:30:00,62.77000045776367
2018-01-26 17:30:00,62.78499984741211
2018-01-26 18:30:00,62.7599983215332
2018-01-26 19:30:00,62.75
2018-01-26 20:30:00,62.849998474121094
2018-01-29 14:30:00,62.7599983215332
2018-01-29 15:30:00,62.52000045776367
2018-01-29 16:30:00,62.64500045776367
2018-01-29 17:30:00,62.529998779296875
2018-01-29 18:30:00,62.5099983215332
2018-01-29 19:30:00,62.029998779296875
2018-01-29 20:30:00,61.959999084472656
2018-01-30 14:30:00,61.310001373291016
2018-01-30 15:30:00,61.27000045776367
2018-01-30 16:30:00,61.25
2018-01-30 17:30:00,61.25
2018-01-30 18:30:00,61.279998779296875
2018-01-30 19:30:00,61.36000061035156
2018-01-30 20:30:00,61.38999938964844
2018-01-31 14:30:00,60.959999084472656
2018-01-31 15:30:00,61.08000183105469
2018-01-31 16:30:00,60.9900016784668
2018-01-31 17:30:00,60.8650016784668
2018-01-31 18:30:00,60.59000015258789
2018-01-31 19:30:00,60.65999984741211
2018-01-31 20:30:00,60.81999969482422
2018-02-01 14:30:00,60.349998474121094
2018-02-01 15:30:00,60.439998626708984
2018-02-01 16:30:00,60.599998474121094
2018-02-01 17:30:00,60.650001525878906
2018-02-01 18:30:00,60.720001220703125
2018-02-01 19:30:00,60.790000915527344
2018-02-01 20:30:00,60.75
2018-02-02 14:30:00,60.31850051879883
2018-02-02 15:30:00,60.40999984741211
2018-02-02 16:30:00,60.560001373291016
2018-02-02 17:30:00,60.369998931884766
2018-02-02 18:30:00,60.22999954223633
2018-02-02 19:30:00,60.25
2018-02-02 20:30:00,60.06999969482422
2018-02-05 14:30:00,60.22999954223633
2018-02-05 15:30:00,60.380001068115234
2018-02-05 16:30:00,59.959999084472656
2018-02-05 17:30:00,59.790000915527344
2018-02-05 18:30:00,59.63999938964844
2018-02-05 19:30:00,59.29600143432617
2018-02-05 20:30:00,58.54999923706055
2018-02-06 14:30:00,58.18000030517578
2018-02-06 15:30:00,57.83000183105469
2018-02-06 16:30:00,58.209999084472656
2018-02-06 17:30:00,58.0
2018-02-06 18:30:00,57.939998626708984
2018-02-06 19:30:00,58.54999923706055
2018-02-06 20:30:00,58.47999954223633
2018-02-07 14:30:00,58.560001373291016
2018-02-07 15:30:00,58.970001220703125
2018-02-07 16:30:00,59.0
2018-02-07 17:30:00,58.665000915527344
2018-02-07 18:30:00,58.689998626708984
2018-02-07 19:30:00,58.77000045776367
2018-02-07 20:30:00,58.31999969482422
2018-02-08 14:30:00,58.02000045776367
2018-02-08 15:30:00,57.790000915527344
2018-02-08 16:30:00,57.77000045776367
2018-02-08 17:30:00,57.779998779296875
2018-02-08 18:30:00,57.70000076293945
2018-02-08 19:30:00,57.68000030517578
2018-02-08 20:30:00,56.849998474121094
2018-02-09 14:30:00,57.7400016784668
2018-02-09 15:30:00,57.3650016784668
2018-02-09 16:30:00,57.189998626708984
2018-02-09 17:30:00,56.709999084472656
2018-02-09 18:30:00,57.09000015258789
2018-02-09 19:30:00,56.790000915527344
2018-02-09 20:30:00,57.15999984741211
2018-02-12 14:30:00,57.11000061035156
2018-02-12 15:30:00,57.36000061035156
2018-02-12 16:30:00,57.540000915527344
2018-02-12 17:30:00,57.529998779296875
2018-02-12 18:30:00,57.52000045776367
2018-02-12 19:30:00,57.5
2018-02-12 20:30:00,57.40999984741211
2018-02-13 14:30:00,56.9900016784668
2018-02-13 15:30:00,57.040000915527344
2018-02-13 16:30:00,57.040000915527344
2018-02-13 17:30:00,57.1150016784668
2018-02-13 18:30:00,57.130001068115234
2018-02-13 19:30:00,57.11000061035156
2018-02-13 20:30:00,56.9900016784668
2018-02-14 14:30:00,57.18000030517578
2018-02-14 15:30:00,57.189998626708984
2018-02-14 16:30:00,57.119998931884766
2018-02-14 17:30:00,57.22999954223633
2018-02-14 18:30:00,57.150001525878906
2018-02-14 19:30:00,57.2400016784668
2018-02-14 20:30:00,57.18000030517578
2018-02-15 14:30:00,57.349998474121094
2018-02-15 15:30:00,57.279998779296875
2018-02-15 16:30:00,57.540000915527344
2018-02-15 17:30:00,57.68000030517578
2018-02-15 18:30:00,57.77000045776367
2018-02-15 19:30:00,57.68000030517578
2018-02-15 20:30:00,57.709999084472656
2018-02-16 14:30:00,58.34000015258789
2018-02-16 15:30:00,58.689998626708984
2018-02-16 16:30:00,58.970001220703125
2018-02-16 17:30:00,58.720001220703125
2018-02-16 18:30:00,58.529998779296875
2018-02-16 19:30:00,58.630001068115234
2018-02-16 20:30:00,58.43000030517578
2018-02-20 14:30:00,58.72999954223633
2018-02-20 15:30:00,58.6150016784668
2018-02-20 16:30:00,58.380001068115234
2018-02-20 17:30:00,58.369998931884766
2018-02-20 18:30:00,58.470001220703125
2018-02-20 19:30:00,58.16999816894531
2018-02-20 20:30:00,58.150001525878906
2018-02-21 14:30:00,58.70000076293945
2018-02-21 15:30:00,58.849998474121094
2018-02-21 16:30:00,58.73139953613281
2018-02-21 17:30:00,58.59000015258789
2018-02-21 18:30:00,58.66999816894531
2018-02-21 19:30:00,58.54999923706055
2018-02-21 20:30:00,58.04999923706055
2018-02-22 14:30:00,58.130001068115234
2018-02-22 15:30:00,58.45000076293945
2018-02-22 16:30:00,58.2400016784668
2018-02-22 17:30:00,57.84000015258789
2018-02-22 18:30:00,57.65999984741211
2018-02-22 19:30:00,57.25
2018-02-22 20:30:00,57.08000183105469
2018-02-23 14:30:00,56.66999816894531
2018-02-23 15:30:00,57.125
2018-02-23 16:30:00,57.10499954223633
2018-02-23 17:30:00,57.119998931884766
2018-02-23 18:30:00,57.185001373291016
2018-02-23 19:30:00,57.5
2018-02-23 20:30:00,57.66999816894531
2018-02-26 14:30:00,56.83000183105469
2018-02-26 15:30:00,56.97999954223633
2018-02-26 16:30:00,56.939998626708984
2018-02-26 17:30:00,56.869998931884766
2018-02-26 18:30:00,56.970001220703125
2018-02-26 19:30:00,57.11000061035156
2018-02-26 20:30:00,57.04999923706055
2018-02-27 14:30:00,57.70000076293945
2018-02-27 15:30:00,57.560001373291016
2018-02-27 16:30:00,57.720001220703125
2018-02-27 17:30:00,57.720001220703125
2018-02-27 18:30:00,57.70500183105469
2018-02-27 19:30:00,57.47999954223633
2018-02-27 20:30:00,57.34000015258789
2018-02-28 14:30:00,57.380001068115234
2018-02-28 15:30:00,56.77000045776367
2018-02-28 16:30:00,56.41999816894531
2018-02-28 17:30:00,56.63999938964844
2018-02-28 18:30:00,56.959999084472656
2018-02-28 19:30:00,56.209999084472656
2018-02-28 20:30:00,56.060001373291016
2018-03-01 14:30:00,55.540000915527344
2018-03-01 15:30:00,55.68000030517578
2018-03-01 16:30:00,56.02000045776367
2018-03-01 17:30:00,55.4900016784668
2018-03-01 18:30:00,54.970001220703125
2018-03-01 19:30:00,55.33000183105469
2018-03-01 20:30:00,55.29999923706055
2018-03-02 14:30:00,56.35499954223633
2018-03-02 15:30:00,56.66999816894531
2018-03-02 16:30:00,56.61000061035156
2018-03-02 17:30:00,56.220001220703125
2018-03-02 18:30:00,56.40999984741211
2018-03-02 19:30:00,56.869998931884766
2018-03-02 20:30:00,56.970001220703125
2018-03-05 14:30:00,54.29999923706055
2018-03-05 15:30:00,55.209999084472656
2018-03-05 16:30:00,55.27000045776367
2018-03-05 17:30:00,55.45000076293945
2018-03-05 18:30:00,55.43000030517578
2018-03-05 19:30:00,55.810001373291016
2018-03-05 20:30:00,55.86000061035156
2018-03-06 14:30:00,56.38999938964844
2018-03-06 15:30:00,56.0
2018-03-06 16:30:00,55.90999984741211
2018-03-06 17:30:00,56.150001525878906
2018-03-06 18:30:00,56.40999984741211
2018-03-06 19:30:00,56.47990036010742
2018-03-06 20:30:00,56.369998931884766
2018-03-07 14:30:00,56.5
2018-03-07 15:30:00,56.220001220703125
2018-03-07 16:30:00,56.130001068115234
2018-03-07 17:30:00,56.349998474121094
2018-03-07 18:30:00,56.185001373291016
2018-03-07 19:30:00,56.189998626708984
2018-03-07 20:30:00,56.41999816894531
2018-03-08 14:30:00,56.83000183105469
2018-03-08 15:30:00,56.959999084472656
2018-03-08 16:30:00,56.54999923706055
2018-03-08 17:30:00,56.66999816894531
2018-03-08 18:30:00,56.970001220703125
2018-03-08 19:30:00,56.95000076293945
2018-03-08 20:30:00,56.959999084472656
2018-03-09 14:30:00,57.189998626708984
2018-03-09 15:30:00,57.22999954223633
2018-03-09 16:30:00,57.47999954223633
2018-03-09 17:30:00,58.0099983215332
2018-03-09 18:30:00,57.529998779296875
2018-03-09 19:30:00,57.61000061035156
2018-03-09 20:30:00,57.68000030517578
2018-03-12 13:30:00,58.09000015258789
2018-03-12 14:30:00,57.83000183105469
2018-03-12 15:30:00,58.04999923706055
2018-03-12 16:30:00,58.05500030517578
2018-03-12 17:30:00,58.369998931884766
2018-03-12 18:30:00,58.47999954223633
2018-03-12 19:30:00,58.43000030517578
2018-03-13 13:30:00,58.709999084472656
2018-03-13 14:30:00,58.4900016784668
2018-03-13 15:30:00,58.06999969482422
2018-03-13 16:30:00,58.11000061035156
2018-03-13 17:30:00,57.810001373291016
2018-03-13 18:30:00,57.8125
2018-03-13 19:30:00,57.83000183105469
2018-03-14 13:30:00,57.810001373291016
2018-03-14 14:30:00,57.560001373291016
2018-03-14 15:30:00,57.540000915527344
2018-03-14 16:30:00,57.369998931884766
2018-03-14 17:30:00,57.38999938964844
2018-03-14 18:30:00,57.31999969482422
2018-03-14 19:30:00,57.310001373291016
2018-03-15 13:30:00,57.540000915527344
2018-03-15 14:30:00,57.560001373291016
2018-03-15 15:30:00,57.189998626708984
2018-03-15 16:30:00,57.060001373291016
2018-03-15 17:30:00,56.91999816894531
2018-03-15 18:30:00,56.95000076293945
2018-03-15 19:30:00,56.939998626708984
2018-03-16 13:30:00,56.45000076293945
2018-03-16 14:30:00,56.52000045776367
2018-03-16 15:30:00,56.5
2018-03-16 16:30:00,56.470001220703125
2018-03-16 17:30:00,56.43000030517578
2018-03-16 18:30:00,56.40999984741211
2018-03-16 19:30:00,56.33000183105469
2018-03-19 13:30:00,56.08100128173828
2018-03-19 14:30:00,55.709999084472656
2018-03-19 15:30:00,55.560001373291016
2018-03-19 16:30:00,55.380001068115234
2018-03-19 17:30:00,55.34000015258789
2018-03-19 18:30:00,55.38999938964844
2018-03-19 19:30:00,55.45000076293945
2018-03-20 13:30:00,55.150001525878906
2018-03-20 14:30:00,55.22999954223633
2018-03-20 15:30:00,55.11000061035156
2018-03-20 16:30:00,54.79999923706055
2018-03-20 17:30:00,54.76499938964844
2018-03-20 18:30:00,54.689701080322266
2018-03-20 19:30:00,54.59000015258789
2018-03-21 13:30:00,54.5
2018-03-21 14:30:00,54.59000015258789
2018-03-21 15:30:00,54.54999923706055
2018-03-21 16:30:00,54.77000045776367
2018-03-21 17:30:00,54.380001068115234
2018-03-21 18:30:00,53.97100067138672
2018-03-21 19:30:00,54.130001068115234
2018-03-22 13:30:00,53.790000915527344
2018-03-22 14:30:00,53.459999084472656
2018-03-22 15:30:00,53.54999923706055
2018-03-22 16:30:00,53.560001373291016
2018-03-22 17:30:00,53.22999954223633
2018-03-22 18:30:00,52.98500061035156
2018-03-22 19:30:00,52.66999816894531
2018-03-23 13:30:00,52.43000030517578
2018-03-23 14:30:00,52.400001525878906
2018-03-23 15:30:00,52.18000030517578
2018-03-23 16:30:00,52.27000045776367
2018-03-23 17:30:00,51.769901275634766
2018-03-23 18:30:00,50.970001220703125
2018-03-23 19:30:00,50.709999084472656
2018-03-26 13:30:00,50.77000045776367
2018-03-26 14:30:00,50.36000061035156
2018-03-26 15:30:00,50.45000076293945
2018-03-26 16:30:00,50.79999923706055
2018-03-26 17:30:00,51.040000915527344
2018-03-26 18:30:00,51.2400016784668
2018-03-26 19:30:00,51.09000015258789
2018-03-27 13:30:00,50.16999816894531
2018-03-27 14:30:00,50.439998626708984
2018-03-27 15:30:00,50.59000015258789
2018-03-27 16:30:00,50.650001525878906
2018-03-27 17:30:00,50.5
2018-03-27 18:30:00,50.208900451660156
2018-03-27 19:30:00,50.029998779296875
2018-03-28 13:30:00,50.220001220703125
2018-03-28 14:30:00,50.04999923706055
2018-03-28 15:30:00,50.2400016784668
2018-03-28 16:30:00,50.2599983215332
2018-03-28 17:30:00,50.25
2018-03-28 18:30:00,50.08000183105469
2018-03-28 19:30:00,49.939998626708984
2018-03-29 13:30:00,49.650001525878906
2018-03-29 14:30:00,49.84000015258789
2018-03-29 15:30:00,49.97999954223633
2018-03-29 16:30:00,50.11000061035156
2018-03-29 17:30:00,50.45119857788086
2018-03-29 18:30:00,50.439998626708984
2018-03-29 19:30:00,50.310001373291016
2018-04-02 13:30:00,49.779998779296875
2018-04-02 14:30:00,49.540000915527344
2018-04-02 15:30:00,49.099998474121094
2018-04-02 16:30:00,48.7400016784668
2018-04-02 17:30:00,48.310001373291016
2018-04-02 18:30:00,48.79999923706055
2018-04-02 19:30:00,49.029998779296875
2018-04-03 13:30:00,48.61000061035156
2018-04-03 14:30:00,49.279998779296875
2018-04-03 15:30:00,49.06999969482422
2018-04-03 16:30:00,49.0
2018-04-03 17:30:00,49.040000915527344
2018-04-03 18:30:00,49.904998779296875
2018-04-03 19:30:00,49.90999984741211
2018-04-04 13:30:00,50.13999938964844
2018-04-04 14:30:00,50.0
2018-04-04 15:30:00,50.349998474121094
2018-04-04 16:30:00,50.29499816894531
2018-04-04 17:30:00,50.5
2018-04-04 18:30:00,50.63999938964844
2018-04-04 19:30:00,50.529998779296875
2018-04-05 13:30:00,50.08000183105469
2018-04-05 14:30:00,50.220001220703125
2018-04-05 15:30:00,50.150001525878906
2018-04-05 16:30:00,49.81999969482422
2018-04-05 17:30:00,49.849998474121094
2018-04-05 18:30:00,50.04999923706055
2018-04-05 19:30:00,50.099998474121094
2018-04-06 13:30:00,49.529998779296875
2018-04-06 14:30:00,49.31999969482422
2018-04-06 15:30:00,49.310001373291016
2018-04-06 16:30:00,49.529998779296875
2018-04-06 17:30:00,49.08000183105469
2018-04-06 18:30:00,48.939998626708984
2018-04-06 19:30:00,49.0099983215332
2018-04-09 13:30:00,49.470001220703125
2018-04-09 14:30:00,49.720001220703125
2018-04-09 15:30:00,50.0
2018-04-09 16:30:00,49.84000015258789
2018-04-09 17:30:00,49.810001373291016
2018-04-09 18:30:00,49.70000076293945
2018-04-09 19:30:00,49.25
2018-04-10 13:30:00,49.68000030517578
2018-04-10 14:30:00,50.04999923706055
2018-04-10 15:30:00,49.91999816894531
2018-04-10 16:30:00,49.939998626708984
2018-04-10 17:30:00,49.7400016784668
2018-04-10 18:30:00,49.849998474121094
2018-04-10 19:30:00,49.7400016784668
2018-04-11 13:30:00,49.439998626708984
2018-04-11 14:30:00,49.709999084472656
2018-04-11 15:30:00,49.650001525878906
2018-04-11 16:30:00,49.470001220703125
2018-04-11 17:30:00,49.33000183105469
2018-04-11 18:30:00,49.2599983215332
2018-04-11 19:30:00,49.29899978637695
2018-04-12 13:30:00,49.38999938964844
2018-04-12 14:30:00,49.29999923706055
2018-04-12 15:30:00,49.27000045776367
2018-04-12 16:30:00,49.20000076293945
2018-04-12 17:30:00,49.130001068115234
2018-04-12 18:30:00,49.27000045776367
2018-04-12 19:30:00,49.18000030517578
2018-04-13 13:30:00,49.09000015258789
2018-04-13 14:30:00,48.935001373291016
2018-04-13 15:30:00,49.07500076293945
2018-04-13 16:30:00,49.130001068115234
2018-04-13 17:30:00,49.13999938964844
2018-04-13 18:30:00,48.880001068115234
2018-04-13 19:30:00,49.0
2018-04-16 13:30:00,49.79999923706055
2018-04-16 14:30:00,50.224998474121094
2018-04-16 15:30:00,50.13999938964844
2018-04-16 16:30:00,50.28499984741211
2018-04-16 17:30:00,50.439998626708984
2018-04-16 18:30:00,50.380001068115234
2018-04-16 19:30:00,50.20000076293945
2018-04-17 13:30:00,50.13999938964844
2018-04-17 14:30:00,50.2599983215332
2018-04-17 15:30:00,50.349998474121094
2018-04-17 16:30:00,50.275001525878906
2018-04-17 17:30:00,50.349998474121094
2018-04-17 18:30:00,50.36000061035156
2018-04-17 19:30:00,50.275001525878906
2018-04-18 13:30:00,50.27000045776367
2018-04-18 14:30:00,50.81999969482422
2018-04-18 15:30:00,50.939998626708984
2018-04-18 16:30:00,50.880001068115234
2018-04-18 17:30:00,50.900001525878906
2018-04-18 18:30:00,50.71500015258789
2018-04-18 19:30:00,50.619998931884766
2018-04-19 13:30:00,49.720001220703125
2018-04-19 14:30:00,49.720001220703125
2018-04-19 15:30:00,49.470001220703125
2018-04-19 16:30:00,49.35449981689453
2018-04-19 17:30:00,49.470001220703125
2018-04-19 18:30:00,49.66999816894531
2018-04-19 19:30:00,49.709999084472656
2018-04-20 13:30:00,49.97999954223633
2018-04-20 14:30:00,49.41999816894531
2018-04-20 15:30:00,49.56999969482422
2018-04-20 16:30:00,49.33100128173828
2018-04-20 17:30:00,49.40999984741211
2018-04-20 18:30:00,49.33000183105469
2018-04-20 19:30:00,49.349998474121094
2018-04-23 13:30:00,49.529998779296875
2018-04-23 14:30:00,49.880001068115234
2018-04-23 15:30:00,49.65999984741211
2018-04-23 16:30:00,49.654998779296875
2018-04-23 17:30:00,49.44599914550781
2018-04-23 18:30:00,49.51499938964844
2018-04-23 19:30:00,49.470001220703125
2018-04-24 13:30:00,49.73500061035156
2018-04-24 14:30:00,49.54999923706055
2018-04-24 15:30:00,49.40999984741211
2018-04-24 16:30:00,49.2400016784668
2018-04-24 17:30:00,48.66999816894531
2018-04-24 18:30:00,48.77000045776367
2018-04-24 19:30:00,48.86000061035156
2018-04-25 13:30:00,48.529998779296875
2018-04-25 14:30:00,48.79999923706055
2018-04-25 15:30:00,49.040000915527344
2018-04-25 16:30:00,48.959999084472656
2018-04-25 17:30:00,48.86000061035156
2018-04-25 18:30:00,49.189998626708984
2018-04-25 19:30:00,49.15999984741211
2018-04-26 13:30:00,49.529998779296875
2018-04-26 14:30:00,49.29999923706055
2018-04-26 15:30:00,49.29999923706055
2018-04-26 16:30:00,49.27000045776367
2018-04-26 17:30:00,49.33000183105469
2018-04-26 18:30:00,49.77000045776367
2018-04-26 19:30:00,49.65999984741211
2018-04-27 13:30:00,50.220001220703125
2018-04-27 14:30:00,50.209999084472656
2018-04-27 15:30:00,50.47999954223633
2018-04-27 16:30:00,50.369998931884766
2018-04-27 17:30:00,50.349998474121094
2018-04-27 18:30:00,50.439998626708984
2018-04-27 19:30:00,50.34000015258789
2018-04-30 13:30:00,50.439998626708984
2018-04-30 14:30:00,50.43000030517578
2018-04-30 15:30:00,50.41999816894531
2018-04-30 16:30:00,50.45500183105469
2018-04-30 17:30:00,50.43000030517578
2018-04-30 18:30:00,50.369998931884766
2018-04-30 19:30:00,50.34000015258789
2018-05-01 13:30:00,50.16999816894531
2018-05-01 14:30:00,49.81119918823242
2018-05-01 15:30:00,50.18000030517578
2018-05-01 16:30:00,50.02000045776367
2018-05-01 17:30:00,50.2400016784668
2018-05-01 18:30:00,50.529998779296875
2018-05-01 19:30:00,50.63999938964844
2018-05-02 13:30:00,50.720001220703125
2018-05-02 14:30:00,50.58000183105469
2018-05-02 15:30:00,50.599998474121094
2018-05-02 16:30:00,50.7400016784668
2018-05-02 17:30:00,50.84989929199219
2018-05-02 18:30:00,50.6349983215332
2018-05-02 19:30:00,50.595001220703125
2018-05-03 13:30:00,49.154998779296875
2018-05-03 14:30:00,48.40999984741211
2018-05-03 15:30:00,48.685001373291016
2018-05-03 16:30:00,49.25
2018-05-03 17:30:00,49.31990051269531
2018-05-03 18:30:00,49.2599983215332
2018-05-03 19:30:00,49.2400016784668
2018-05-04 13:30:00,49.29999923706055
2018-05-04 14:30:00,49.77000045776367
2018-05-04 15:30:00,49.779998779296875
2018-05-04 16:30:00,49.959999084472656
2018-05-04 17:30:00,50.38999938964844
2018-05-04 18:30:00,50.029998779296875
2018-05-04 19:30:00,50.0
2018-05-07 13:30:00,47.525001525878906
2018-05-07 14:30:00,46.57210159301758
2018-05-07 15:30:00,46.9900016784668
2018-05-07 16:30:00,47.209999084472656
2018-05-07 17:30:00,46.84700012207031
2018-05-07 18:30:00,46.86000061035156
2018-05-07 19:30:00,46.90999984741211
2018-05-08 13:30:00,46.060001373291016
2018-05-08 14:30:00,45.33000183105469
2018-05-08 15:30:00,44.939998626708984
2018-05-08 16:30:00,44.689998626708984
2018-05-08 17:30:00,44.435001373291016
2018-05-08 18:30:00,44.459999084472656
2018-05-08 19:30:00,44.47999954223633
2018-05-09 13:30:00,44.61000061035156
2018-05-09 14:30:00,44.7400016784668
2018-05-09 15:30:00,44.7599983215332
2018-05-09 16:30:00,44.75
2018-05-09 17:30:00,45.040000915527344
2018-05-09 18:30:00,44.7400016784668
2018-05-09 19:30:00,44.56999969482422
2018-05-10 13:30:00,46.15999984741211
2018-05-10 14:30:00,46.400001525878906
2018-05-10 15:30:00,46.810001373291016
2018-05-10 16:30:00,46.79999923706055
2018-05-10 17:30:00,46.56999969482422
2018-05-10 18:30:00,46.595001220703125
2018-05-10 19:30:00,46.529998779296875
2018-05-11 13:30:00,46.910099029541016
2018-05-11 14:30:00,47.15999984741211
2018-05-11 15:30:00,46.890098571777344
2018-05-11 16:30:00,47.08000183105469
2018-05-11 17:30:00,46.9900016784668
2018-05-11 18:30:00,47.13999938964844
2018-05-11 19:30:00,46.935001373291016
2018-05-14 13:30:00,47.77000045776367
2018-05-14 14:30:00,47.45000076293945
2018-05-14 15:30:00,47.560001373291016
2018-05-14 16:30:00,47.595001220703125
2018-05-14 17:30:00,47.709999084472656
2018-05-14 18:30:00,47.40999984741211
2018-05-14 19:30:00,47.52000045776367
2018-05-15 13:30:00,47.599998474121094
2018-05-15 14:30:00,47.80500030517578
2018-05-15 15:30:00,47.810001373291016
2018-05-15 16:30:00,47.75
2018-05-15 17:30:00,47.880001068115234
2018-05-15 18:30:00,47.939998626708984
2018-05-15 19:30:00,47.95000076293945
2018-05-16 13:30:00,47.959999084472656
2018-05-16 14:30:00,47.900001525878906
2018-05-16 15:30:00,48.040000915527344
2018-05-16 16:30:00,47.97999954223633
2018-05-16 17:30:00,47.97999954223633
2018-05-16 18:30:00,47.95000076293945
2018-05-16 19:30:00,47.88999938964844
2018-05-17 13:30:00,47.79499816894531
2018-05-17 14:30:00,48.060001373291016
2018-05-17 15:30:00,47.849998474121094
2018-05-17 16:30:00,47.95000076293945
2018-05-17 17:30:00,47.84000015258789
2018-05-17 18:30:00,47.93000030517578
2018-05-17 19:30:00,47.959999084472656
2018-05-18 13:30:00,47.80500030517578
2018-05-18 14:30:00,47.72999954223633
2018-05-18 15:30:00,47.849998474121094
2018-05-18 16:30:00,47.369998931884766
2018-05-18 17:30:00,47.41640090942383
2018-05-18 18:30:00,47.47999954223633
2018-05-18 19:30:00,47.5
2018-05-21 13:30:00,47.52000045776367
2018-05-21 14:30:00,47.099998474121094
2018-05-21 15:30:00,47.22999954223633
2018-05-21 16:30:00,47.209999084472656
2018-05-21 17:30:00,47.2400016784668
2018-05-21 18:30:00,47.099998474121094
2018-05-21 19:30:00,47.20000076293945
2018-05-22 13:30:00,47.499900817871094
2018-05-22 14:30:00,47.40999984741211
2018-05-22 15:30:00,47.34000015258789
2018-05-22 16:30:00,47.27000045776367
2018-05-22 17:30:00,47.290000915527344
2018-05-22 18:30:00,47.2400016784668
2018-05-22 19:30:00,47.2400016784668
2018-05-23 13:30:00,46.810001373291016
2018-05-23 14:30:00,46.540000915527344
2018-05-23 15:30:00,46.459999084472656
2018-05-23 16:30:00,46.404998779296875
2018-05-23 17:30:00,46.52000045776367
2018-05-23 18:30:00,46.439998626708984
2018-05-23 19:30:00,46.4900016784668
2018-05-24 13:30:00,45.77000045776367
2018-05-24 14:30:00,46.18000030517578
2018-05-24 15:30:00,46.18000030517578
2018-05-24 16:30:00,46.17499923706055
2018-05-24 17:30:00,46.310001373291016
2018-05-24 18:30:00,46.31999969482422
2018-05-24 19:30:00,46.20000076293945
2018-05-25 13:30:00,46.7400016784668
2018-05-25 14:30:00,46.650001525878906
2018-05-25 15:30:00,46.720001220703125
2018-05-25 16:30:00,46.720001220703125
2018-05-25 17:30:00,46.63999938964844
2018-05-25 18:30:00,46.650001525878906
2018-05-25 19:30:00,46.56999969482422
2018-05-29 13:30:00,45.43000030517578
2018-05-29 14:30:00,45.4900016784668
2018-05-29 15:30:00,45.29999923706055
2018-05-29 16:30:00,45.40999984741211
2018-05-29 17:30:00,45.36000061035156
2018-05-29 18:30:00,45.400001525878906
2018-05-29 19:30:00,45.79999923706055
2018-05-30 13:30:00,45.86000061035156
2018-05-30 14:30:00,45.84000015258789
2018-05-30 15:30:00,45.810001373291016
2018-05-30 16:30:00,45.66999816894531
2018-05-30 17:30:00,45.61000061035156
2018-05-30 18:30:00,45.619998931884766
2018-05-30 19:30:00,45.439998626708984
2018-05-31 13:30:00,44.459999084472656
2018-05-31 14:30:00,44.29999923706055
2018-05-31 15:30:00,44.2400016784668
2018-05-31 16:30:00,44.0099983215332
2018-05-31 17:30:00,44.020599365234375
2018-05-31 18:30:00,43.9900016784668
2018-05-31 19:30:00,43.810001373291016
2018-06-01 13:30:00,43.96500015258789
2018-06-01 14:30:00,43.7599983215332
2018-06-01 15:30:00,43.775001525878906
2018-06-01 16:30:00,43.93000030517578
2018-06-01 17:30:00,43.72999954223633
2018-06-01 18:30:00,43.31999969482422
2018-06-01 19:30:00,43.40999984741211
2018-06-04 13:30:00,43.275001525878906
2018-06-04 14:30:00,43.470001220703125
2018-06-04 15:30:00,43.95000076293945
2018-06-04 16:30:00,44.34000015258789
2018-06-04 17:30:00,44.057498931884766
2018-06-04 18:30:00,43.98500061035156
2018-06-04 19:30:00,43.93000030517578
2018-06-05 13:30:00,41.970001220703125
2018-06-05 14:30:00,41.73500061035156
2018-06-05 15:30:00,41.974998474121094
2018-06-05 16:30:00,42.13010025024414
2018-06-05 17:30:00,42.20000076293945
2018-06-05 18:30:00,42.400001525878906
2018-06-05 19:30:00,42.279998779296875
2018-06-06 13:30:00,42.66999816894531
2018-06-06 14:30:00,42.4900016784668
2018-06-06 15:30:00,42.650001525878906
2018-06-06 16:30:00,42.83000183105469
2018-06-06 17:30:00,43.130001068115234
2018-06-06 18:30:00,42.970001220703125
2018-06-06 19:30:00,43.0
2018-06-07 13:30:00,43.29999923706055
2018-06-07 14:30:00,43.29499816894531
2018-06-07 15:30:00,43.439998626708984
2018-06-07 16:30:00,43.22999954223633
2018-06-07 17:30:00,43.290000915527344
2018-06-07 18:30:00,43.130001068115234
2018-06-07 19:30:00,43.099998474121094
2018-06-08 13:30:00,42.88999938964844
2018-06-08 14:30:00,42.81999969482422
2018-06-08 15:30:00,42.84000015258789
2018-06-08 16:30:00,42.790000915527344
2018-06-08 17:30:00,42.84000015258789
2018-06-08 18:30:00,42.8849983215332
2018-06-08 19:30:00,42.95000076293945
2018-06-11 13:30:00,43.220001220703125
2018-06-11 14:30:00,43.22999954223633
2018-06-11 15:30:00,43.09000015258789
2018-06-11 16:30:00,43.16999816894531
2018-06-11 17:30:00,43.09000015258789
2018-06-11 18:30:00,43.540000915527344
2018-06-11 19:30:00,43.400001525878906
2018-06-12 13:30:00,43.560001373291016
2018-06-12 14:30:00,43.731998443603516
2018-06-12 15:30:00,43.900001525878906
2018-06-12 16:30:00,43.91999816894531
2018-06-12 17:30:00,43.939998626708984
2018-06-12 18:30:00,44.08000183105469
2018-06-12 19:30:00,44.189998626708984
2018-06-13 13:30:00,44.38999938964844
2018-06-13 14:30:00,44.349998474121094
2018-06-13 15:30:00,44.5099983215332
2018-06-13 16:30:00,44.46500015258789
2018-06-13 17:30:00,44.40999984741211
2018-06-13 18:30:00,44.5
2018-06-13 19:30:00,44.505001068115234
2018-06-14 13:30:00,44.75
2018-06-14 14:30:00,44.84000015258789
2018-06-14 15:30:00,45.18000030517578
2018-06-14 16:30:00,45.209999084472656
2018-06-14 17:30:00,44.8400993347168
2018-06-14 18:30:00,44.779998779296875
2018-06-14 19:30:00,44.900001525878906
2018-06-15 13:30:00,45.27000045776367
2018-06-15 14:30:00,45.34000015258789
2018-06-15 15:30:00,45.5
2018-06-15 16:30:00,44.86000061035156
2018-06-15 17:30:00,44.599998474121094
2018-06-15 18:30:00,44.849998474121094
2018-06-15 19:30:00,44.93000030517578
2018-06-18 13:30:00,45.16999816894531
2018-06-18 14:30:00,45.154998779296875
2018-06-18 15:30:00,44.97999954223633
2018-06-18 16:30:00,45.08000183105469
2018-06-18 17:30:00,45.10499954223633
2018-06-18 18:30:00,44.59000015258789
2018-06-18 19:30:00,44.720001220703125
2018-06-19 13:30:00,44.91999816894531
2018-06-19 14:30:00,44.93000030517578
2018-06-19 15:30:00,45.03499984741211
2018-06-19 16:30:00,45.029998779296875
2018-06-19 17:30:00,45.1599006652832
2018-06-19 18:30:00,45.025001525878906
2018-06-19 19:30:00,45.02000045776367
2018-06-20 13:30:00,45.400001525878906
2018-06-20 14:30:00,45.11000061035156
2018-06-20 15:30:00,45.2599983215332
2018-06-20 16:30:00,45.150001525878906
2018-06-20 17:30:00,45.15999984741211
2018-06-20 18:30:00,45.099998474121094
2018-06-20 19:30:00,45.130001068115234
2018-06-21 13:30:00,45.04999923706055
2018-06-21 14:30:00,44.97100067138672
2018-06-21 15:30:00,44.68000030517578
2018-06-21 16:30:00,44.47999954223633
2018-06-21 17:30:00,44.41999816894531
2018-06-21 18:30:00,44.54999923706055
2018-06-21 19:30:00,44.560001373291016
2018-06-22 13:30:00,44.595001220703125
2018-06-22 14:30:00,44.994998931884766
2018-06-22 15:30:00,45.0099983215332
2018-06-22 16:30:00,45.099998474121094
2018-06-22 17:30:00,44.95000076293945
2018-06-22 18:30:00,45.08000183105469
2018-06-22 19:30:00,44.939998626708984
2018-06-25 13:30:00,44.849998474121094
2018-06-25 14:30:00,44.61000061035156
2018-06-25 15:30:00,44.70000076293945
2018-06-25 16:30:00,44.61000061035156
2018-06-25 17:30:00,44.59000015258789
2018-06-25 18:30:00,44.66659927368164
2018-06-25 19:30:00,44.7400016784668
2018-06-26 13:30:00,44.529998779296875
2018-06-26 14:30:00,44.75
2018-06-26 15:30:00,44.3849983215332
2018-06-26 16:30:00,44.55500030517578
2018-06-26 17:30:00,44.599998474121094
2018-06-26 18:30:00,44.310001373291016
2018-06-26 19:30:00,44.2599983215332
2018-06-27 13:30:00,44.41999816894531
2018-06-27 14:30:00,44.400001525878906
2018-06-27 15:30:00,44.61000061035156
2018-06-27 16:30:00,44.34000015258789
2018-06-27 17:30:00,44.31999969482422
2018-06-27 18:30:00,44.13999938964844
2018-06-27 19:30:00,43.95000076293945
2018-06-28 13:30:00,43.290000915527344
2018-06-28 14:30:00,43.68000030517578
2018-06-28 15:30:00,43.45000076293945
2018-06-28 16:30:00,43.5099983215332
2018-06-28 17:30:00,43.779998779296875
2018-06-28 18:30:00,43.77000045776367
2018-06-28 19:30:00,43.63999938964844
2018-06-29 13:30:00,43.650001525878906
2018-06-29 14:30:00,43.96500015258789
2018-06-29 15:30:00,43.97999954223633
2018-06-29 16:30:00,43.95000076293945
2018-06-29 17:30:00,43.970001220703125
2018-06-29 18:30:00,43.869998931884766
2018-06-29 19:30:00,43.77000045776367
2018-07-02 13:30:00,43.43000030517578
2018-07-02 14:30:00,43.54999923706055
2018-07-02 15:30:00,43.5099983215332
2018-07-02 16:30:00,43.68000030517578
2018-07-02 17:30:00,43.98500061035156
2018-07-02 18:30:00,43.91999816894531
2018-07-02 19:30:00,44.0
2018-07-03 13:30:00,44.43000030517578
2018-07-03 14:30:00,44.630001068115234
2018-07-03 15:30:00,44.560001373291016
2018-07-03 17:00:00,44.529998779296875
2018-07-05 13:30:00,44.599998474121094
2018-07-05 14:30:00,44.66999816894531
2018-07-05 15:30:00,44.650001525878906
2018-07-05 16:30:00,44.8650016784668
2018-07-05 17:30:00,44.73500061035156
2018-07-05 18:30:00,44.88999938964844
2018-07-05 19:30:00,44.900001525878906
2018-07-06 13:30:00,45.459999084472656
2018-07-06 14:30:00,45.540000915527344
2018-07-06 15:30:00,45.66999816894531
2018-07-06 16:30:00,45.459999084472656
2018-07-06 17:30:00,45.439998626708984
2018-07-06 18:30:00,45.45000076293945
2018-07-06 19:30:00,45.369998931884766
2018-07-09 13:30:00,45.7599983215332
2018-07-09 14:30:00,45.900001525878906
2018-07-09 15:30:00,45.75
2018-07-09 16:30:00,45.68000030517578
2018-07-09 17:30:00,45.790000915527344
2018-07-09 18:30:00,45.79999923706055
2018-07-09 19:30:00,45.810001373291016
2018-07-10 13:30:00,45.619998931884766
2018-07-10 14:30:00,45.439998626708984
2018-07-10 15:30:00,45.435001373291016
2018-07-10 16:30:00,45.290000915527344
2018-07-10 17:30:00,45.40999984741211
2018-07-10 18:30:00,45.40999984741211
2018-07-10 19:30:00,45.54999923706055
2018-07-11 13:30:00,45.25
2018-07-11 14:30:00,45.029998779296875
2018-07-11 15:30:00,44.97999954223633
2018-07-11 16:30:00,45.084999084472656
2018-07-11 17:30:00,44.9900016784668
2018-07-11 18:30:00,44.959999084472656
2018-07-11 19:30:00,44.900001525878906
2018-07-12 13:30:00,45.189998626708984
2018-07-12 14:30:00,45.189998626708984
2018-07-12 15:30:00,45.16999816894531
2018-07-12 16:30:00,45.40999984741211
2018-07-12 17:30:00,45.45000076293945
2018-07-12 18:30:00,45.470001220703125
2018-07-12 19:30:00,45.40999984741211
2018-07-13 13:30:00,45.560001373291016
2018-07-13 14:30:00,45.56999969482422
2018-07-13 15:30:00,45.41999816894531
2018-07-13 16:30:00,45.5
2018-07-13 17:30:00,45.439998626708984
2018-07-13 18:30:00,45.36000061035156
2018-07-13 19:30:00,45.36000061035156
2018-07-16 13:30:00,44.81999969482422
2018-07-16 14:30:00,45.0099983215332
2018-07-16 15:30:00,45.0
2018-07-16 16:30:00,44.83000183105469
2018-07-16 17:30:00,45.04999923706055
2018-07-16 18:30:00,44.68000030517578
2018-07-16 19:30:00,44.724998474121094
2018-07-17 13:30:00,44.939998626708984
2018-07-17 14:30:00,45.060001373291016
2018-07-17 15:30:00,45.369998931884766
2018-07-17 16:30:00,45.34000015258789
2018-07-17 17:30:00,45.400001525878906
2018-07-17 18:30:00,45.56999969482422
2018-07-17 19:30:00,45.70000076293945
2018-07-18 13:30:00,44.31999969482422
2018-07-18 14:30:00,44.0901985168457
2018-07-18 15:30:00,44.11000061035156
2018-07-18 16:30:00,44.08000183105469
2018-07-18 17:30:00,44.20000076293945
2018-07-18 18:30:00,44.220001220703125
2018-07-18 19:30:00,44.22999954223633
2018-07-19 13:30:00,44.83000183105469
2018-07-19 14:30:00,45.439998626708984
2018-07-19 15:30:00,45.72999954223633
2018-07-19 16:30:00,45.54999923706055
2018-07-19 17:30:00,45.61000061035156
2018-07-19 18:30:00,45.418800354003906
2018-07-19 19:30:00,45.34000015258789
2018-07-20 13:30:00,45.31999969482422
2018-07-20 14:30:00,45.36000061035156
2018-07-20 15:30:00,45.29999923706055
2018-07-20 16:30:00,45.040000915527344
2018-07-20 17:30:00,45.150001525878906
2018-07-20 18:30:00,44.974998474121094
2018-07-20 19:30:00,45.029998779296875
2018-07-23 13:30:00,45.279998779296875
2018-07-23 14:30:00,45.70000076293945
2018-07-23 15:30:00,45.88999938964844
2018-07-23 16:30:00,45.970001220703125
2018-07-23 17:30:00,47.505001068115234
2018-07-23 18:30:00,46.56999969482422
2018-07-23 19:30:00,46.52000045776367
2018-07-24 13:30:00,46.75
2018-07-24 14:30:00,46.86000061035156
2018-07-24 15:30:00,46.96500015258789
2018-07-24 16:30:00,46.689998626708984
2018-07-24 17:30:00,46.630001068115234
2018-07-24 18:30:00,46.720001220703125
2018-07-24 19:30:00,46.720001220703125
2018-07-25 13:30:00,46.5
2018-07-25 14:30:00,46.55500030517578
2018-07-25 15:30:00,46.529998779296875
2018-07-25 16:30:00,46.400001525878906
2018-07-25 17:30:00,46.45000076293945
2018-07-25 18:30:00,46.650001525878906
2018-07-25 19:30:00,46.790000915527344
2018-07-26 13:30:00,46.779998779296875
2018-07-26 14:30:00,46.5099983215332
2018-07-26 15:30:00,46.72999954223633
2018-07-26 16:30:00,46.869998931884766
2018-07-26 17:30:00,47.0
2018-07-26 18:30:00,46.97570037841797
2018-07-26 19:30:00,46.9900016784668
2018-07-27 13:30:00,47.11000061035156
2018-07-27 14:30:00,47.119998931884766
2018-07-27 15:30:00,47.09000015258789
2018-07-27 16:30:00,47.16999816894531
2018-07-27 17:30:00,47.095001220703125
2018-07-27 18:30:00,47.25
2018-07-27 19:30:00,47.279998779296875
2018-07-30 13:30:00,47.61000061035156
2018-07-30 14:30:00,47.54999923706055
2018-07-30 15:30:00,47.525001525878906
2018-07-30 16:30:00,47.61000061035156
2018-07-30 17:30:00,47.6150016784668
2018-07-30 18:30:00,47.584999084472656
2018-07-30 19:30:00,47.70000076293945
2018-07-31 13:30:00,47.9900016784668
2018-07-31 14:30:00,48.029998779296875
2018-07-31 15:30:00,48.119998931884766
2018-07-31 16:30:00,48.099998474121094
2018-07-31 17:30:00,48.11000061035156
2018-07-31 18:30:00,48.165000915527344
2018-07-31 19:30:00,48.11000061035156
2018-08-01 13:30:00,47.13999938964844
2018-08-01 14:30:00,47.209999084472656
2018-08-01 15:30:00,47.14500045776367
2018-08-01 16:30:00,47.22999954223633
2018-08-01 17:30:00,47.209999084472656
2018-08-01 18:30:00,47.189998626708984
2018-08-01 19:30:00,47.15999984741211
2018-08-02 13:30:00,46.88999938964844
2018-08-02 14:30:00,47.02000045776367
2018-08-02 15:30:00,47.150001525878906
2018-08-02 16:30:00,47.15999984741211
2018-08-02 17:30:00,47.220001220703125
2018-08-02 18:30:00,47.20000076293945
2018-08-02 19:30:00,47.22999954223633
2018-08-03 13:30:00,47.58000183105469
2018-08-03 14:30:00,47.76499938964844
2018-08-03 15:30:00,47.88999938964844
2018-08-03 16:30:00,47.91999816894531
2018-08-03 17:30:00,47.86000061035156
2018-08-03 18:30:00,47.685001373291016
2018-08-03 19:30:00,47.720001220703125
2018-08-06 13:30:00,48.880001068115234
2018-08-06 14:30:00,48.880001068115234
2018-08-06 15:30:00,48.834999084472656
2018-08-06 16:30:00,48.41999816894531
2018-08-06 17:30:00,48.209999084472656
2018-08-06 18:30:00,48.275001525878906
2018-08-06 19:30:00,48.400001525878906
2018-08-07 13:30:00,39.500999450683594
2018-08-07 14:30:00,39.45000076293945
2018-08-07 15:30:00,39.380001068115234
2018-08-07 16:30:00,39.32500076293945
2018-08-07 17:30:00,39.5
2018-08-07 18:30:00,39.40999984741211
2018-08-07 19:30:00,39.406700134277344
2018-08-08 13:30:00,39.52750015258789
2018-08-08 14:30:00,39.96009826660156
2018-08-08 15:30:00,40.45500183105469
2018-08-08 16:30:00,40.39500045776367
2018-08-08 17:30:00,40.345001220703125
2018-08-08 18:30:00,40.334999084472656
2018-08-08 19:30:00,40.38999938964844
2018-08-09 13:30:00,40.869998931884766
2018-08-09 14:30:00,40.61000061035156
2018-08-09 15:30:00,40.650001525878906
2018-08-09 16:30:00,40.400001525878906
2018-08-09 17:30:00,40.30500030517578
2018-08-09 18:30:00,40.23500061035156
2018-08-09 19:30:00,40.119998931884766
2018-08-10 13:30:00,39.349998474121094
2018-08-10 14:30:00,39.334999084472656
2018-08-10 15:30:00,38.900001525878906
2018-08-10 16:30:00,39.16999816894531
2018-08-10 17:30:00,39.09000015258789
2018-08-10 18:30:00,39.13999938964844
2018-08-10 19:30:00,39.02000045776367
2018-08-13 13:30:00,39.54999923706055
2018-08-13 14:30:00,39.75
2018-08-13 15:30:00,39.75
2018-08-13 16:30:00,39.720001220703125
2018-08-13 17:30:00,39.72999954223633
2018-08-13 18:30:00,39.68000030517578
2018-08-13 19:30:00,39.56999969482422
2018-08-14 13:30:00,39.095001220703125
2018-08-14 14:30:00,39.29999923706055
2018-08-14 15:30:00,39.1150016784668
2018-08-14 16:30:00,39.0
2018-08-14 17:30:00,39.04999923706055
2018-08-14 18:30:00,38.939998626708984
2018-08-14 19:30:00,39.0
2018-08-15 13:30:00,38.0
2018-08-15 14:30:00,38.06999969482422
2018-08-15 15:30:00,38.15999984741211
2018-08-15 16:30:00,38.07500076293945
2018-08-15 17:30:00,37.939998626708984
2018-08-15 18:30:00,38.040000915527344
2018-08-15 19:30:00,37.970001220703125
2018-08-16 13:30:00,37.810001373291016
2018-08-16 14:30:00,38.22999954223633
2018-08-16 15:30:00,38.22999954223633
2018-08-16 16:30:00,38.130001068115234
2018-08-16 17:30:00,38.15999984741211
2018-08-16 18:30:00,38.1349983215332
2018-08-16 19:30:00,38.064998626708984
2018-08-17 13:30:00,38.150001525878906
2018-08-17 14:30:00,38.27000045776367
2018-08-17 15:30:00,38.36000061035156
2018-08-17 16:30:00,38.38999938964844
2018-08-17 17:30:00,38.689998626708984
2018-08-17 18:30:00,38.84000015258789
2018-08-17 19:30:00,38.66999816894531
2018-08-20 13:30:00,38.560001373291016
2018-08-20 14:30:00,38.5
2018-08-20 15:30:00,38.72999954223633
2018-08-20 16:30:00,38.94499969482422
2018-08-20 17:30:00,39.0
2018-08-20 18:30:00,38.95000076293945
2018-08-20 19:30:00,38.849998474121094
2018-08-21 13:30:00,38.779998779296875
2018-08-21 14:30:00,38.53499984741211
2018-08-21 15:30:00,38.810001373291016
2018-08-21 16:30:00,38.95000076293945
2018-08-21 17:30:00,38.869998931884766
2018-08-21 18:30:00,38.91999816894531
2018-08-21 19:30:00,38.959999084472656
2018-08-22 13:30:00,38.525001525878906
2018-08-22 14:30:00,38.47999954223633
2018-08-22 15:30:00,38.64250183105469
2018-08-22 16:30:00,38.599998474121094
2018-08-22 17:30:00,38.752498626708984
2018-08-22 18:30:00,38.83000183105469
2018-08-22 19:30:00,38.90999984741211
2018-08-23 13:30:00,38.400001525878906
2018-08-23 14:30:00,38.18000030517578
2018-08-23 15:30:00,38.25
2018-08-23 16:30:00,38.180999755859375
2018-08-23 17:30:00,38.23189926147461
2018-08-23 18:30:00,38.2400016784668
2018-08-23 19:30:00,38.119998931884766
2018-08-24 13:30:00,38.25
2018-08-24 14:30:00,38.494998931884766
2018-08-24 15:30:00,38.47999954223633
2018-08-24 16:30:00,38.5099983215332
2018-08-24 17:30:00,38.540000915527344
2018-08-24 18:30:00,38.529998779296875
2018-08-24 19:30:00,38.51499938964844
2018-08-27 13:30:00,38.65999984741211
2018-08-27 14:30:00,38.814998626708984
2018-08-27 15:30:00,38.744998931884766
2018-08-27 16:30:00,38.70500183105469
2018-08-27 17:30:00,38.654998779296875
2018-08-27 18:30:00,38.54999923706055
2018-08-27 19:30:00,38.529998779296875
2018-08-28 13:30:00,39.130001068115234
2018-08-28 14:30:00,39.04899978637695
2018-08-28 15:30:00,39.005001068115234
2018-08-28 16:30:00,39.029998779296875
2018-08-28 17:30:00,39.18000030517578
2018-08-28 18:30:00,39.2599983215332
2018-08-28 19:30:00,39.18000030517578
2018-08-29 13:30:00,39.5099983215332
2018-08-29 14:30:00,39.720001220703125
2018-08-29 15:30:00,39.619998931884766
2018-08-29 16:30:00,39.689998626708984
2018-08-29 17:30:00,39.630001068115234
2018-08-29 18:30:00,39.599998474121094
2018-08-29 19:30:00,39.56999969482422
2018-08-30 13:30:00,39.91999816894531
2018-08-30 14:30:00,39.86000061035156
2018-08-30 15:30:00,39.849998474121094
2018-08-30 16:30:00,39.974998474121094
2018-08-30 17:30:00,39.75
2018-08-30 18:30:00,39.58000183105469
2018-08-30 19:30:00,39.66999816894531
2018-08-31 13:30:00,39.75749969482422
2018-08-31 14:30:00,39.61000061035156
2018-08-31 15:30:00,39.70000076293945
2018-08-31 16:30:00,39.709999084472656
2018-08-31 17:30:00,39.72999954223633
2018-08-31 18:30:00,39.834999084472656
2018-08-31 19:30:00,39.90999984741211
2018-09-04 13:30:00,39.560001373291016
2018-09-04 14:30:00,39.27000045776367
2018-09-04 15:30:00,38.86000061035156
2018-09-04 16:30:00,38.470001220703125
2018-09-04 17:30:00,38.529998779296875
2018-09-04 18:30:00,38.59000015258789
2018-09-04 19:30:00,38.650001525878906
2018-09-05 13:30:00,39.5099983215332
2018-09-05 14:30:00,39.540000915527344
2018-09-05 15:30:00,39.529998779296875
2018-09-05 16:30:00,39.130001068115234
2018-09-05 17:30:00,39.25
2018-09-05 18:30:00,39.41999816894531
2018-09-05 19:30:00,39.45000076293945
2018-09-06 13:30:00,39.5
2018-09-06 14:30:00,39.439998626708984
2018-09-06 15:30:00,39.22999954223633
2018-09-06 16:30:00,39.09000015258789
2018-09-06 17:30:00,39.025001525878906
2018-09-06 18:30:00,39.040000915527344
2018-09-06 19:30:00,38.900001525878906
2018-09-07 13:30:00,38.540000915527344
2018-09-07 14:30:00,38.900001525878906
2018-09-07 15:30:00,38.58000183105469
2018-09-07 16:30:00,38.650001525878906
2018-09-07 17:30:00,38.505001068115234
2018-09-07 18:30:00,38.51499938964844
2018-09-07 19:30:00,38.540000915527344
2018-09-10 13:30:00,38.529998779296875
2018-09-10 14:30:00,38.540000915527344
2018-09-10 15:30:00,38.29999923706055
2018-09-10 16:30:00,38.314998626708984
2018-09-10 17:30:00,38.130001068115234
2018-09-10 18:30:00,38.09000015258789
2018-09-10 19:30:00,38.150001525878906
2018-09-11 13:30:00,37.58000183105469
2018-09-11 14:30:00,37.709999084472656
2018-09-11 15:30:00,37.744998931884766
2018-09-11 16:30:00,38.279998779296875
2018-09-11 17:30:00,38.5
2018-09-11 18:30:00,38.22999954223633
2018-09-11 19:30:00,38.189998626708984
2018-09-12 13:30:00,38.7599983215332
2018-09-12 14:30:00,38.76499938964844
2018-09-12 15:30:00,38.63999938964844
2018-09-12 16:30:00,38.779998779296875
2018-09-12 17:30:00,38.744998931884766
2018-09-12 18:30:00,38.79999923706055
2018-09-12 19:30:00,38.75
2018-09-13 13:30:00,38.41999816894531
2018-09-13 14:30:00,38.709999084472656
2018-09-13 15:30:00,38.72999954223633
2018-09-13 16:30:00,38.71500015258789
2018-09-13 17:30:00,38.73500061035156
2018-09-13 18:30:00,38.755001068115234
2018-09-13 19:30:00,38.72999954223633
2018-09-14 13:30:00,38.7599983215332
2018-09-14 14:30:00,38.72999954223633
2018-09-14 15:30:00,38.5
2018-09-14 16:30:00,38.529998779296875
2018-09-14 17:30:00,38.380001068115234
2018-09-14 18:30:00,38.27000045776367
2018-09-14 19:30:00,38.40999984741211
2018-09-17 13:30:00,38.64500045776367
2018-09-17 14:30:00,38.470001220703125
2018-09-17 15:30:00,38.45000076293945
2018-09-17 16:30:00,38.380001068115234
2018-09-17 17:30:00,38.290000915527344
2018-09-17 18:30:00,38.03499984741211
2018-09-17 19:30:00,38.099998474121094
2018-09-18 13:30:00,37.970001220703125
2018-09-18 14:30:00,38.029998779296875
2018-09-18 15:30:00,38.02000045776367
2018-09-18 16:30:00,38.01499938964844
2018-09-18 17:30:00,38.11000061035156
2018-09-18 18:30:00,38.2400016784668
2018-09-18 19:30:00,38.189998626708984
2018-09-19 13:30:00,38.810001373291016
2018-09-19 14:30:00,38.59000015258789
2018-09-19 15:30:00,38.540000915527344
2018-09-19 16:30:00,38.5099983215332
2018-09-19 17:30:00,38.560001373291016
2018-09-19 18:30:00,38.68000030517578
2018-09-19 19:30:00,38.6150016784668
2018-09-20 13:30:00,38.880001068115234
2018-09-20 14:30:00,38.845001220703125
2018-09-20 15:30:00,38.779998779296875
2018-09-20 16:30:00,38.810001373291016
2018-09-20 17:30:00,38.810001373291016
2018-09-20 18:30:00,38.630001068115234
2018-09-20 19:30:00,38.63999938964844
2018-09-21 13:30:00,38.630001068115234
2018-09-21 14:30:00,38.5099983215332
2018-09-21 15:30:00,38.4995002746582
2018-09-21 16:30:00,38.41999816894531
2018-09-21 17:30:00,38.279998779296875
2018-09-21 18:30:00,38.29499816894531
2018-09-21 19:30:00,38.7599983215332
2018-09-24 13:30:00,38.2400016784668
2018-09-24 14:30:00,38.45000076293945
2018-09-24 15:30:00,38.27000045776367
2018-09-24 16:30:00,38.099998474121094
2018-09-24 17:30:00,38.185001373291016
2018-09-24 18:30:00,38.22600173950195
2018-09-24 19:30:00,38.08000183105469
2018-09-25 13:30:00,37.470001220703125
2018-09-25 14:30:00,37.54999923706055
2018-09-25 15:30:00,37.369998931884766
2018-09-25 16:30:00,37.2400016784668
2018-09-25 17:30:00,37.38999938964844
2018-09-25 18:30:00,37.34000015258789
2018-09-25 19:30:00,37.45500183105469
2018-09-26 13:30:00,37.86000061035156
2018-09-26 14:30:00,38.279998779296875
2018-09-26 15:30:00,38.060001373291016
2018-09-26 16:30:00,38.5
2018-09-26 17:30:00,38.15999984741211
2018-09-26 18:30:00,38.14500045776367
2018-09-26 19:30:00,38.040000915527344
2018-09-27 13:30:00,38.47999954223633
2018-09-27 14:30:00,38.2599983215332
2018-09-27 15:30:00,37.939998626708984
2018-09-27 16:30:00,37.880001068115234
2018-09-27 17:30:00,37.893699645996094
2018-09-27 18:30:00,37.86000061035156
2018-09-27 19:30:00,37.95000076293945
2018-09-28 13:30:00,37.939998626708984
2018-09-28 14:30:00,38.05270004272461
2018-09-28 15:30:00,37.86000061035156
2018-09-28 16:30:00,37.80500030517578
2018-09-28 17:30:00,37.70320129394531
2018-09-28 18:30:00,37.689998626708984
2018-09-28 19:30:00,37.73500061035156
2018-10-01 13:30:00,38.13999938964844
2018-10-01 14:30:00,38.0099983215332
2018-10-01 15:30:00,37.91999816894531
2018-10-01 16:30:00,37.81999969482422
2018-10-01 17:30:00,37.814998626708984
2018-10-01 18:30:00,37.689998626708984
2018-10-01 19:30:00,37.689998626708984
2018-10-02 13:30:00,37.525001525878906
2018-10-02 14:30:00,37.34000015258789
2018-10-02 15:30:00,37.375
2018-10-02 16:30:00,37.5
2018-10-02 17:30:00,37.584999084472656
2018-10-02 18:30:00,37.41999816894531
2018-10-02 19:30:00,37.47999954223633
2018-10-03 13:30:00,37.65999984741211
2018-10-03 14:30:00,37.40999984741211
2018-10-03 15:30:00,37.525001525878906
2018-10-03 16:30:00,37.4900016784668
2018-10-03 17:30:00,37.345001220703125
2018-10-03 18:30:00,37.060001373291016
2018-10-03 19:30:00,37.06999969482422
2018-10-04 13:30:00,36.06999969482422
2018-10-04 14:30:00,36.255001068115234
2018-10-04 15:30:00,36.40999984741211
2018-10-04 16:30:00,36.380001068115234
2018-10-04 17:30:00,36.18000030517578
2018-10-04 18:30:00,36.119998931884766
2018-10-04 19:30:00,36.189998626708984
2018-10-05 13:30:00,36.63999938964844
2018-10-05 14:30:00,36.22999954223633
2018-10-05 15:30:00,36.04999923706055
2018-10-05 16:30:00,36.01499938964844
2018-10-05 17:30:00,36.150001525878906
2018-10-05 18:30:00,36.209999084472656
2018-10-05 19:30:00,36.33000183105469
2018-10-08 13:30:00,36.19499969482422
2018-10-08 14:30:00,36.20000076293945
2018-10-08 15:30:00,36.019798278808594
2018-10-08 16:30:00,36.09000015258789
2018-10-08 17:30:00,36.09000015258789
2018-10-08 18:30:00,36.01499938964844
2018-10-08 19:30:00,36.040000915527344
2018-10-09 13:30:00,35.8849983215332
2018-10-09 14:30:00,35.81999969482422
2018-10-09 15:30:00,35.75
2018-10-09 16:30:00,35.77000045776367
2018-10-09 17:30:00,35.709999084472656
2018-10-09 18:30:00,35.779998779296875
2018-10-09 19:30:00,35.7599983215332
2018-10-10 13:30:00,35.72999954223633
2018-10-10 14:30:00,35.9900016784668
2018-10-10 15:30:00,36.2400016784668
2018-10-10 16:30:00,36.29999923706055
2018-10-10 17:30:00,36.029998779296875
2018-10-10 18:30:00,36.28499984741211
2018-10-10 19:30:00,35.90999984741211
2018-10-11 13:30:00,35.84000015258789
2018-10-11 14:30:00,35.78499984741211
2018-10-11 15:30:00,35.91999816894531
2018-10-11 16:30:00,35.755001068115234
2018-10-11 17:30:00,35.59000015258789
2018-10-11 18:30:00,35.720001220703125
2018-10-11 19:30:00,35.689998626708984
2018-10-12 13:30:00,35.86000061035156
2018-10-12 14:30:00,36.060001373291016
2018-10-12 15:30:00,35.81999969482422
2018-10-12 16:30:00,35.6349983215332
2018-10-12 17:30:00,35.689998626708984
2018-10-12 18:30:00,35.76499938964844
2018-10-12 19:30:00,35.880001068115234
2018-10-15 13:30:00,36.25
2018-10-15 14:30:00,36.3849983215332
2018-10-15 15:30:00,36.439998626708984
2018-10-15 16:30:00,36.58000183105469
2018-10-15 17:30:00,36.505001068115234
2018-10-15 18:30:00,36.33000183105469
2018-10-15 19:30:00,36.2400016784668
2018-10-16 13:30:00,36.5
2018-10-16 14:30:00,36.599998474121094
2018-10-16 15:30:00,36.849998474121094
2018-10-16 16:30:00,36.880001068115234
2018-10-16 17:30:00,37.130001068115234
2018-10-16 18:30:00,37.05950164794922
2018-10-16 19:30:00,37.15999984741211
2018-10-17 13:30:00,37.04999923706055
2018-10-17 14:30:00,36.89500045776367
2018-10-17 15:30:00,37.224998474121094
2018-10-17 16:30:00,37.189998626708984
2018-10-17 17:30:00,37.0
2018-10-17 18:30:00,37.025001525878906
2018-10-17 19:30:00,37.06999969482422
2018-10-18 13:30:00,36.630001068115234
2018-10-18 14:30:00,36.27000045776367
2018-10-18 15:30:00,36.0099983215332
2018-10-18 16:30:00,35.810001373291016
2018-10-18 17:30:00,35.6349983215332
2018-10-18 18:30:00,35.69499969482422
2018-10-18 19:30:00,35.66999816894531
2018-10-19 13:30:00,37.97999954223633
2018-10-19 14:30:00,37.33000183105469
2018-10-19 15:30:00,37.005001068115234
2018-10-19 16:30:00,36.8849983215332
2018-10-19 17:30:00,36.61000061035156
2018-10-19 18:30:00,36.35499954223633
2018-10-19 19:30:00,36.27000045776367
2018-10-22 13:30:00,35.79999923706055
2018-10-22 14:30:00,35.9900016784668
2018-10-22 15:30:00,35.91999816894531
2018-10-22 16:30:00,36.040000915527344
2018-10-22 17:30:00,36.056800842285156
2018-10-22 18:30:00,36.06999969482422
2018-10-22 19:30:00,35.970001220703125
2018-10-23 13:30:00,35.56999969482422
2018-10-23 14:30:00,35.790000915527344
2018-10-23 15:30:00,36.03499984741211
2018-10-23 16:30:00,36.1150016784668
2018-10-23 17:30:00,36.13999938964844
2018-10-23 18:30:00,36.21500015258789
2018-10-23 19:30:00,35.959999084472656
2018-10-24 13:30:00,36.59000015258789
2018-10-24 14:30:00,36.130001068115234
2018-10-24 15:30:00,36.040000915527344
2018-10-24 16:30:00,35.849998474121094
2018-10-24 17:30:00,35.77000045776367
2018-10-24 18:30:00,35.279998779296875
2018-10-24 19:30:00,35.040000915527344
2018-10-25 13:30:00,34.779998779296875
2018-10-25 14:30:00,35.02000045776367
2018-10-25 15:30:00,35.279998779296875
2018-10-25 16:30:00,35.41630172729492
2018-10-25 17:30:00,35.43000030517578
2018-10-25 18:30:00,35.38999938964844
2018-10-25 19:30:00,35.189998626708984
2018-10-26 13:30:00,34.349998474121094
2018-10-26 14:30:00,34.91999816894531
2018-10-26 15:30:00,34.86000061035156
2018-10-26 16:30:00,34.97999954223633
2018-10-26 17:30:00,34.7599983215332
2018-10-26 18:30:00,34.369998931884766
2018-10-26 19:30:00,34.310001373291016
2018-10-29 13:30:00,35.0099983215332
2018-10-29 14:30:00,35.11000061035156
2018-10-29 15:30:00,34.68000030517578
2018-10-29 16:30:00,34.77000045776367
2018-10-29 17:30:00,34.7599983215332
2018-10-29 18:30:00,34.22050094604492
2018-10-29 19:30:00,34.310001373291016
2018-10-30 13:30:00,34.869998931884766
2018-10-30 14:30:00,35.0
2018-10-30 15:30:00,34.880001068115234
2018-10-30 16:30:00,34.41999816894531
2018-10-30 17:30:00,34.5265998840332
2018-10-30 18:30:00,34.880001068115234
2018-10-30 19:30:00,34.9900016784668
2018-10-31 13:30:00,34.61000061035156
2018-10-31 14:30:00,34.7599983215332
2018-10-31 15:30:00,34.439998626708984
2018-10-31 16:30:00,34.779998779296875
2018-10-31 17:30:00,35.0099983215332
2018-10-31 18:30:00,34.90999984741211
2018-10-31 19:30:00,34.630001068115234
2018-11-01 13:30:00,34.97999954223633
2018-11-01 14:30:00,35.099998474121094
2018-11-01 15:30:00,35.119998931884766
2018-11-01 16:30:00,35.34000015258789
2018-11-01 17:30:00,35.31999969482422
2018-11-01 18:30:00,35.249900817871094
2018-11-01 19:30:00,35.22999954223633
2018-11-02 13:30:00,34.849998474121094
2018-11-02 14:30:00,34.90999984741211
2018-11-02 15:30:00,35.04999923706055
2018-11-02 16:30:00,35.099998474121094
2018-11-02 17:30:00,35.20000076293945
2018-11-02 18:30:00,35.11000061035156
2018-11-02 19:30:00,35.02000045776367
